全国地方公共団体コード,ID,地方公共団体名,種別,所在地_全国地方公共団体コード,町字ID,所在地_連結表記,所在地_都道府県,所在地_市区町村,所在地_町字,所在地_番地以下,建物名等(方書),緯度,経度,口径,備考
332020,0100000001,岡山県倉敷市,消火栓,332020,,倉敷市西田２０１番１号,岡山県,倉敷市,,,,133.807849,34.593758,100,公設
332020,0100000002,岡山県倉敷市,消火栓,332020,,倉敷市西田２０３番１号,岡山県,倉敷市,,,,133.80873,34.594318,100,公設
332020,0100000003,岡山県倉敷市,消火栓,332020,,倉敷市西田４６番３号,岡山県,倉敷市,,,,133.814784,34.597589,75,公設
332020,0100000004,岡山県倉敷市,消火栓,332020,,倉敷市西田２８４－１,岡山県,倉敷市,,,,133.812784,34.596573,100,公設
332020,0100000005,岡山県倉敷市,消火栓,332020,,倉敷市西田２１５番３号,岡山県,倉敷市,,,,133.808064,34.595485,75,公設
332020,0100000006,岡山県倉敷市,消火栓,332020,,倉敷市西田３８２番地,岡山県,倉敷市,,,,133.810982,34.593868,75,公設
332020,0100000007,岡山県倉敷市,消火栓,332020,,倉敷市西田４８４番地,岡山県,倉敷市,,,,133.813189,34.592427,75,公設
332020,0100000008,岡山県倉敷市,消火栓,332020,,倉敷市西田７６２番１号東,岡山県,倉敷市,,,,133.815459,34.591277,75,公設
332020,0100000009,岡山県倉敷市,消火栓,332020,,倉敷市西田４２０番４号,岡山県,倉敷市,,,,133.810905,34.591615,75,公設
332020,0100000010,岡山県倉敷市,消火栓,332020,,倉敷市西田４４１番３号,岡山県,倉敷市,,,,133.813317,34.593333,75,公設
332020,0100000011,岡山県倉敷市,消火栓,332020,,倉敷市西田１５２番地,岡山県,倉敷市,,,,133.804252,34.593936,250,公設
332020,0100000012,岡山県倉敷市,消火栓,332020,,倉敷市西田１３番６号,岡山県,倉敷市,,,,133.818064,34.59733,100,公設
332020,0100000013,岡山県倉敷市,消火栓,332020,,倉敷市西田６９２番地,岡山県,倉敷市,,,,133.816271,34.596214,100,公設
332020,0100000014,岡山県倉敷市,消火栓,332020,,倉敷市西田２３５番地,岡山県,倉敷市,,,,133.810554,34.595472,100,公設
332020,0100000015,岡山県倉敷市,消火栓,332020,,倉敷市西田１５５番地,岡山県,倉敷市,,,,133.805388,34.594444,100,公設
332020,0100000016,岡山県倉敷市,消火栓,332020,,倉敷市西田２９４番３号,岡山県,倉敷市,,,,133.812097,34.597762,75,公設
332020,0100000017,岡山県倉敷市,消火栓,332020,,倉敷市西田４４５番３号,岡山県,倉敷市,,,,133.812496,34.594066,75,公設
332020,0100000018,岡山県倉敷市,消火栓,332020,,倉敷市西田４０３番１号南東,岡山県,倉敷市,,,,133.809972,34.594488,75,公設
332020,0100000019,岡山県倉敷市,消火栓,332020,,倉敷市西田５６８,岡山県,倉敷市,,,,133.808106,34.590576,250,公設
332020,0100000020,岡山県倉敷市,消火栓,332020,,倉敷市浅原７０番地８,岡山県,倉敷市,,,,133.769222,34.621717,100,公設
332020,0100000021,岡山県倉敷市,消火栓,332020,,倉敷市浅原５０－３,岡山県,倉敷市,,,,133.769198,34.620193,75,公設
332020,0100000022,岡山県倉敷市,消火栓,332020,,倉敷市浅原１６２４番地,岡山県,倉敷市,,,,133.760503,34.633404,75,公設
332020,0100000023,岡山県倉敷市,消火栓,332020,,倉敷市浅原１００２番地,岡山県,倉敷市,,,,133.761425,34.632878,150,公設
332020,0100000024,岡山県倉敷市,消火栓,332020,,倉敷市浅原８５３番地,岡山県,倉敷市,,,,133.763571,34.628986,100,公設
332020,0100000025,岡山県倉敷市,消火栓,332020,,倉敷市浅原１８５番地,岡山県,倉敷市,,,,133.764545,34.625449,75,公設
332020,0100000026,岡山県倉敷市,消火栓,332020,,倉敷市浅原８５７番地,岡山県,倉敷市,,,,133.76281,34.628656,75,公設
332020,0100000027,岡山県倉敷市,消火栓,332020,,倉敷市浅原５３４番地,岡山県,倉敷市,,,,133.770926,34.629174,75,公設
332020,0100000028,岡山県倉敷市,消火栓,332020,,倉敷市浅原１８５番５号,岡山県,倉敷市,,,,133.765196,34.625348,75,公設
332020,0100000029,岡山県倉敷市,消火栓,332020,,倉敷市浅原４００番地,岡山県,倉敷市,,,,133.770115,34.627658,150,公設
332020,0100000030,岡山県倉敷市,消火栓,332020,,倉敷市加須山１１４番１号,岡山県,倉敷市,,,,133.799834,34.592601,100,公設
332020,0100000031,岡山県倉敷市,消火栓,332020,,倉敷市加須山１８９番１号,岡山県,倉敷市,,,,133.798179,34.591258,100,公設
332020,0100000032,岡山県倉敷市,消火栓,332020,,倉敷市加須山２５４番地６,岡山県,倉敷市,,,,133.797559,34.589253,150,公設
332020,0100000033,岡山県倉敷市,消火栓,332020,,倉敷市加須山２７７番地７,岡山県,倉敷市,,,,133.799446,34.588244,150,公設
332020,0100000034,岡山県倉敷市,消火栓,332020,,倉敷市加須山４３０番１号,岡山県,倉敷市,,,,133.794313,34.586251,100,公設
332020,0100000035,岡山県倉敷市,消火栓,332020,,倉敷市加須山５１６番２号,岡山県,倉敷市,,,,133.795834,34.586399,100,公設
332020,0100000036,岡山県倉敷市,消火栓,332020,,倉敷市加須山５４７番１７号,岡山県,倉敷市,,,,133.797105,34.58657,100,公設
332020,0100000037,岡山県倉敷市,消火栓,332020,,倉敷市加須山５６７番１号,岡山県,倉敷市,,,,133.798724,34.587065,100,公設
332020,0100000038,岡山県倉敷市,消火栓,332020,,倉敷市加須山３２７番４号,岡山県,倉敷市,,,,133.796345,34.58908,75,公設
332020,0100000039,岡山県倉敷市,消火栓,332020,,倉敷市加須山２５７番４号地先,岡山県,倉敷市,,,,133.798353,34.589538,400,公設
332020,0100000040,岡山県倉敷市,消火栓,332020,,倉敷市倉敷ハイツ７番７,岡山県,倉敷市,,,,133.791332,34.58326,75,公設
332020,0100000041,岡山県倉敷市,消火栓,332020,,倉敷市加須山１０７９番地,岡山県,倉敷市,,,,133.794358,34.580818,200,公設
332020,0100000042,岡山県倉敷市,消火栓,332020,,倉敷市加須山１１１３番地先,岡山県,倉敷市,,,,133.79482,34.583167,300,公設
332020,0100000043,岡山県倉敷市,消火栓,332020,,倉敷市倉敷ハイツ７番１号,岡山県,倉敷市,,,,133.790024,34.583193,100,公設
332020,0100000044,岡山県倉敷市,消火栓,332020,,倉敷市倉敷ハイツ６番３号先,岡山県,倉敷市,,,,133.790682,34.583541,75,公設
332020,0100000045,岡山県倉敷市,消火栓,332020,,倉敷市倉敷ハイツ６番６号先,岡山県,倉敷市,,,,133.791256,34.583525,75,公設
332020,0100000046,岡山県倉敷市,消火栓,332020,,倉敷市倉敷ハイツ７番１０号先,岡山県,倉敷市,,,,133.791998,34.583014,100,公設
332020,0100000047,岡山県倉敷市,消火栓,332020,,倉敷市倉敷ハイツ１１－６,岡山県,倉敷市,,,,133.791374,34.582166,100,公設
332020,0100000048,岡山県倉敷市,消火栓,332020,,倉敷市倉敷ハイツ１１番１２号先,岡山県,倉敷市,,,,133.792778,34.582251,100,公設
332020,0100000049,岡山県倉敷市,消火栓,332020,,倉敷市倉敷ハイツ１２番１５号先,岡山県,倉敷市,,,,133.792121,34.581631,100,公設
332020,0100000050,岡山県倉敷市,消火栓,332020,,倉敷市倉敷ハイツ１４番７号地先,岡山県,倉敷市,,,,133.792046,34.580862,75,公設
332020,0100000051,岡山県倉敷市,消火栓,332020,,倉敷市倉敷ハイツ１３番２号地先,岡山県,倉敷市,,,,133.791462,34.58043,100,公設
332020,0100000052,岡山県倉敷市,消火栓,332020,,倉敷市加須山９５８,岡山県,倉敷市,,,,133.78806,34.580449,75,公設
332020,0100000053,岡山県倉敷市,消火栓,332020,,倉敷市加須山１０３１番地３地先,岡山県,倉敷市,,,,133.790162,34.579646,75,公設
332020,0100000054,岡山県倉敷市,消火栓,332020,,倉敷市加須山１０４４番地,岡山県,倉敷市,,,,133.792542,34.579189,300,公設
332020,0100000055,岡山県倉敷市,消火栓,332020,,倉敷市加須山１０５２番地先,岡山県,倉敷市,,,,133.793141,34.579718,200,公設
332020,0100000056,岡山県倉敷市,消火栓,332020,,倉敷市加須山１０５９番地先,岡山県,倉敷市,,,,133.793653,34.580357,75,公設
332020,0100000057,岡山県倉敷市,消火栓,332020,,倉敷市加須山８７５番地,岡山県,倉敷市,,,,133.791758,34.578468,300,公設
332020,0100000058,岡山県倉敷市,消火栓,332020,,倉敷市倉敷ハイツ１番２１号地先,岡山県,倉敷市,,,,133.78898,34.584513,75,公設
332020,0100000059,岡山県倉敷市,消火栓,332020,,倉敷市倉敷ハイツ１番１９号,岡山県,倉敷市,,,,133.789877,34.585021,75,公設
332020,0100000074,岡山県倉敷市,消火栓,332020,,倉敷市浅原３０９番２号,岡山県,倉敷市,,,,133.764671,34.628312,75,公設
332020,0100000075,岡山県倉敷市,消火栓,332020,,倉敷市浅原８８０番地,岡山県,倉敷市,,,,133.761693,34.63072,75,公設
332020,0100000076,岡山県倉敷市,消火栓,332020,,倉敷市浅原２７８,岡山県,倉敷市,,,,133.764235,34.627044,75,公設
332020,0100000077,岡山県倉敷市,消火栓,332020,,倉敷市浅原７７７番地,岡山県,倉敷市,,,,133.762956,34.630283,100,公設
332020,0100000078,岡山県倉敷市,消火栓,332020,,倉敷市亀山７１８番７号,岡山県,倉敷市,,,,133.803597,34.587595,100,公設
332020,0100000079,岡山県倉敷市,消火栓,332020,,倉敷市亀山７１４,岡山県,倉敷市,,,,133.803025,34.586317,150,公設
332020,0100000080,岡山県倉敷市,消火栓,332020,,倉敷市亀山７１８番６号,岡山県,倉敷市,,,,133.804178,34.586568,75,公設
332020,0100000081,岡山県倉敷市,消火栓,332020,,倉敷市亀山７２９番地１,岡山県,倉敷市,,,,133.80493,34.585324,150,公設
332020,0100000082,岡山県倉敷市,消火栓,332020,,倉敷市亀山３９９番地,岡山県,倉敷市,,,,133.800823,34.581826,100,公設
332020,0100000083,岡山県倉敷市,消火栓,332020,,倉敷市亀山７３５番４号,岡山県,倉敷市,,,,133.806745,34.584367,150,公設
332020,0100000084,岡山県倉敷市,消火栓,332020,,倉敷市亀山７８６番地先,岡山県,倉敷市,,,,133.804229,34.58923,75,公設
332020,0100000085,岡山県倉敷市,消火栓,332020,,倉敷市亀山１０４３番地６,岡山県,倉敷市,,,,133.80249,34.592628,100,公設
332020,0100000086,岡山県倉敷市,消火栓,332020,,倉敷市亀山６７０番地,岡山県,倉敷市,,,,133.800795,34.588283,100,公設
332020,0100000087,岡山県倉敷市,消火栓,332020,,倉敷市亀山５６５番４号,岡山県,倉敷市,,,,133.799957,34.586194,100,公設
332020,0100000088,岡山県倉敷市,消火栓,332020,,倉敷市亀山４４４番地,岡山県,倉敷市,,,,133.799608,34.585285,100,公設
332020,0100000089,岡山県倉敷市,消火栓,332020,,倉敷市亀山１４６番２号,岡山県,倉敷市,,,,133.800449,34.577863,100,公設
332020,0100000090,岡山県倉敷市,消火栓,332020,,倉敷市亀山８１４番地１,岡山県,倉敷市,,,,133.806664,34.586374,75,公設
332020,0100000091,岡山県倉敷市,消火栓,332020,,倉敷市亀山９８３番地先,岡山県,倉敷市,,,,133.8053,34.591147,250,公設
332020,0100000092,岡山県倉敷市,消火栓,332020,,倉敷市亀山３３３番２号,岡山県,倉敷市,,,,133.803074,34.580947,100,公設
332020,0100000093,岡山県倉敷市,消火栓,332020,,倉敷市亀山９４７番２号,岡山県,倉敷市,,,,133.808808,34.587782,150,公設
332020,0100000094,岡山県倉敷市,消火栓,332020,,倉敷市亀山８７６番２号,岡山県,倉敷市,,,,133.801445,34.589793,75,公設
332020,0100000095,岡山県倉敷市,消火栓,332020,,倉敷市亀山４７９番地６,岡山県,倉敷市,,,,133.801992,34.584259,100,公設
332020,0100000096,岡山県倉敷市,消火栓,332020,,倉敷市亀山２３２番３１号,岡山県,倉敷市,,,,133.797539,34.580862,100,公設
332020,0100000097,岡山県倉敷市,消火栓,332020,,倉敷市亀山２３２番２３号,岡山県,倉敷市,,,,133.79778,34.579918,150,公設
332020,0100000098,岡山県倉敷市,消火栓,332020,,倉敷市亀山２１６番９号,岡山県,倉敷市,,,,133.798286,34.579412,100,公設
332020,0100000099,岡山県倉敷市,消火栓,332020,,倉敷市亀山２０１番２号,岡山県,倉敷市,,,,133.800089,34.57991,100,公設
332020,0100000100,岡山県倉敷市,消火栓,332020,,倉敷市亀山７１０番地,岡山県,倉敷市,,,,133.801542,34.587094,150,公設
332020,0100000101,岡山県倉敷市,消火栓,332020,,倉敷市亀山６４１番地先,岡山県,倉敷市,,,,133.801528,34.585778,400,公設
332020,0100000102,岡山県倉敷市,消火栓,332020,,倉敷市亀山９１７番地の３地先,岡山県,倉敷市,,,,133.808079,34.586425,75,公設
332020,0100000103,岡山県倉敷市,消火栓,332020,,倉敷市亀山６２２番地地先,岡山県,倉敷市,,,,133.803758,34.584833,100,公設
332020,0100000104,岡山県倉敷市,消火栓,332020,,倉敷市亀山５９８番２号,岡山県,倉敷市,,,,133.806184,34.583705,100,公設
332020,0100000105,岡山県倉敷市,消火栓,332020,,倉敷市亀山８５０番地,岡山県,倉敷市,,,,133.805876,34.587707,75,公設
332020,0100000106,岡山県倉敷市,消火栓,332020,,倉敷市早高７２３番地,岡山県,倉敷市,,,,133.812399,34.586415,250,公設
332020,0100000107,岡山県倉敷市,消火栓,332020,,倉敷市早高７１１番地,岡山県,倉敷市,,,,133.813163,34.587675,250,公設
332020,0100000108,岡山県倉敷市,消火栓,332020,,倉敷市早高６９９番６号,岡山県,倉敷市,,,,133.813909,34.588642,250,公設
332020,0100000109,岡山県倉敷市,消火栓,332020,,倉敷市早高８８番３号,岡山県,倉敷市,,,,133.813272,34.58501,100,公設
332020,0100000110,岡山県倉敷市,消火栓,332020,,倉敷市早高２４番地,岡山県,倉敷市,,,,133.811915,34.583261,75,公設
332020,0100000111,岡山県倉敷市,消火栓,332020,,倉敷市早高６０４番地,岡山県,倉敷市,,,,133.82135,34.595883,75,公設
332020,0100000112,岡山県倉敷市,消火栓,332020,,倉敷市早高５７９番地,岡山県,倉敷市,,,,133.822198,34.593459,75,公設
332020,0100000113,岡山県倉敷市,消火栓,332020,,倉敷市早高２０８番地,岡山県,倉敷市,,,,133.816354,34.587047,75,公設
332020,0100000114,岡山県倉敷市,消火栓,332020,,倉敷市早高１７３番地,岡山県,倉敷市,,,,133.815999,34.584859,250,公設
332020,0100000115,岡山県倉敷市,消火栓,332020,,倉敷市早高５２２番３号地先,岡山県,倉敷市,,,,133.818601,34.594928,100,公設
332020,0100000116,岡山県倉敷市,消火栓,332020,,倉敷市早高５３４番地地先,岡山県,倉敷市,,,,133.820081,34.594596,100,公設
332020,0100000117,岡山県倉敷市,消火栓,332020,,倉敷市早高３４０番地,岡山県,倉敷市,,,,133.814875,34.589897,100,公設
332020,0100000118,岡山県倉敷市,消火栓,332020,,倉敷市早高５０７番地地先,岡山県,倉敷市,,,,133.817153,34.592887,100,公設
332020,0100000119,岡山県倉敷市,消火栓,332020,,倉敷市早高３７０番地地先,岡山県,倉敷市,,,,133.818498,34.589668,75,公設
332020,0100000120,岡山県倉敷市,消火栓,332020,,倉敷市早高３８２番地,岡山県,倉敷市,,,,133.817269,34.588183,75,公設
332020,0100000121,岡山県倉敷市,消火栓,332020,,倉敷市早高３５９番１号,岡山県,倉敷市,,,,133.816789,34.590714,75,公設
332020,0100000122,岡山県倉敷市,消火栓,332020,,倉敷市早高５２番６号,岡山県,倉敷市,,,,133.811932,34.585008,75,公設
332020,0100000123,岡山県倉敷市,消火栓,332020,,倉敷市早高４５７番２号,岡山県,倉敷市,,,,133.819652,34.592907,75,公設
332020,0100000124,岡山県倉敷市,消火栓,332020,,倉敷市高須賀３３３番地先,岡山県,倉敷市,,,,133.819797,34.58337,150,公設
332020,0100000125,岡山県倉敷市,消火栓,332020,,倉敷市高須賀４番２号,岡山県,倉敷市,,,,133.820157,34.593411,150,公設
332020,0100000126,岡山県倉敷市,消火栓,332020,,倉敷市高須賀３５番７号地先,岡山県,倉敷市,,,,133.820066,34.591312,150,公設
332020,0100000127,岡山県倉敷市,消火栓,332020,,倉敷市高須賀１９０番３号,岡山県,倉敷市,,,,133.819958,34.58898,150,公設
332020,0100000128,岡山県倉敷市,消火栓,332020,,倉敷市高須賀２０７番地先,岡山県,倉敷市,,,,133.819852,34.586694,150,公設
332020,0100000129,岡山県倉敷市,消火栓,332020,,倉敷市高須賀２２０番地先,岡山県,倉敷市,,,,133.819785,34.584816,150,公設
332020,0100000130,岡山県倉敷市,消火栓,332020,,倉敷市高須賀１２７番２号,岡山県,倉敷市,,,,133.822015,34.58802,75,公設
332020,0100000131,岡山県倉敷市,消火栓,332020,,倉敷市高須賀２６５番５号地先,岡山県,倉敷市,,,,133.823387,34.586319,75,公設
332020,0100000132,岡山県倉敷市,消火栓,332020,,倉敷市高須賀３００番地,岡山県,倉敷市,,,,133.821816,34.584826,75,公設
332020,0100000133,岡山県倉敷市,消火栓,332020,,倉敷市高須賀８６番１号地先,岡山県,倉敷市,,,,133.823384,34.591896,75,公設
332020,0100000134,岡山県倉敷市,消火栓,332020,,倉敷市高須賀１１３番３号,岡山県,倉敷市,,,,133.821939,34.590183,75,公設
332020,0100000135,岡山県倉敷市,消火栓,332020,,倉敷市高須賀２６８番地１号,岡山県,倉敷市,,,,133.823929,34.587084,75,公設
332020,0100000136,岡山県倉敷市,消火栓,332020,,倉敷市高須賀３８５番１号地先,岡山県,倉敷市,,,,133.819538,34.579924,150,公設
332020,0100000137,岡山県倉敷市,消火栓,332020,,倉敷市高須賀３６６番３号,岡山県,倉敷市,,,,133.819622,34.581823,150,公設
332020,0100000138,岡山県倉敷市,消火栓,332020,,倉敷市高須賀３０７番２号,岡山県,倉敷市,,,,133.821652,34.58363,75,公設
332020,0100000139,岡山県倉敷市,消火栓,332020,,倉敷市帯高７２７番地先,岡山県,倉敷市,,,,133.816411,34.583486,75,公設
332020,0100000140,岡山県倉敷市,消火栓,332020,,倉敷市帯高１６２番地先,岡山県,倉敷市,,,,133.817296,34.579448,250,公設
332020,0100000141,岡山県倉敷市,消火栓,332020,,倉敷市帯高２０７番地３,岡山県,倉敷市,,,,133.81604,34.580031,150,公設
332020,0100000142,岡山県倉敷市,消火栓,332020,,倉敷市帯高５０７番２号,岡山県,倉敷市,,,,133.814672,34.580527,150,公設
332020,0100000143,岡山県倉敷市,消火栓,332020,,倉敷市帯高５２２番地,岡山県,倉敷市,,,,133.813297,34.581063,150,公設
332020,0100000144,岡山県倉敷市,消火栓,332020,,倉敷市帯高５３５番地先,岡山県,倉敷市,,,,133.81145,34.581893,150,公設
332020,0100000145,岡山県倉敷市,消火栓,332020,,倉敷市帯高６３３番３号地先,岡山県,倉敷市,,,,133.809969,34.582692,150,公設
332020,0100000146,岡山県倉敷市,消火栓,332020,,倉敷市帯高６１３番地先,岡山県,倉敷市,,,,133.808535,34.583431,150,公設
332020,0100000147,岡山県倉敷市,消火栓,332020,,倉敷市帯高３３３番地先,岡山県,倉敷市,,,,133.810008,34.578988,100,公設
332020,0100000148,岡山県倉敷市,消火栓,332020,,倉敷市帯高３６３番地,岡山県,倉敷市,,,,133.806872,34.579498,100,公設
332020,0100000149,岡山県倉敷市,消火栓,332020,,倉敷市帯高２６０番地先,岡山県,倉敷市,,,,133.813866,34.578177,100,公設
332020,0100000150,岡山県倉敷市,消火栓,332020,,倉敷市帯高１７番地先,岡山県,倉敷市,,,,133.819372,34.577265,250,公設
332020,0100000151,岡山県倉敷市,消火栓,332020,,倉敷市帯高３９５番地先,岡山県,倉敷市,,,,133.805123,34.580637,100,公設
332020,0100000152,岡山県倉敷市,消火栓,332020,,倉敷市帯高６７番１号,岡山県,倉敷市,,,,133.816213,34.576782,100,公設
332020,0100000153,岡山県倉敷市,消火栓,332020,,倉敷市帯高１１４番３号,岡山県,倉敷市,,,,133.818624,34.575735,100,公設
332020,0100000154,岡山県倉敷市,消火栓,332020,,倉敷市帯高６７５番１号,岡山県,倉敷市,,,,133.815177,34.581727,100,公設
332020,0100000155,岡山県倉敷市,消火栓,332020,,倉敷市帯高１７０番地先,岡山県,倉敷市,,,,133.818263,34.579222,100,公設
332020,0100000156,岡山県倉敷市,消火栓,332020,,倉敷市帯高１０番２３号,岡山県,倉敷市,,,,133.819599,34.579271,75,公設
332020,0100000157,岡山県倉敷市,消火栓,332020,,倉敷市帯高５７４番地地先,岡山県,倉敷市,,,,133.80841,34.582651,75,公設
332020,0100000158,岡山県倉敷市,消火栓,332020,,倉敷市帯高２２５番地,岡山県,倉敷市,,,,133.814512,34.57948,250,公設
332020,0100000159,岡山県倉敷市,消火栓,332020,,倉敷市帯高４７２番地地先,岡山県,倉敷市,,,,133.811076,34.581002,100,公設
332020,0100000160,岡山県倉敷市,消火栓,332020,,倉敷市帯高５７２番２地先,岡山県,倉敷市,,,,133.80824,34.581568,75,公設
332020,0100000161,岡山県倉敷市,消火栓,332020,,倉敷市有城６８２番地４,岡山県,倉敷市,,,,133.7936,34.574015,100,公設
332020,0100000162,岡山県倉敷市,消火栓,332020,,倉敷市有城１０６３番７号,岡山県,倉敷市,,,,133.800848,34.575769,100,公設
332020,0100000163,岡山県倉敷市,消火栓,332020,,倉敷市有城７２２番地,岡山県,倉敷市,,,,133.797931,34.573346,250,公設
332020,0100000164,岡山県倉敷市,消火栓,332020,,倉敷市有城６４８番地,岡山県,倉敷市,,,,133.797746,34.572042,250,公設
332020,0100000165,岡山県倉敷市,消火栓,332020,,倉敷市有城５４５番地２,岡山県,倉敷市,,,,133.798466,34.571092,250,公設
332020,0100000166,岡山県倉敷市,消火栓,332020,,倉敷市有城４９８番地５,岡山県,倉敷市,,,,133.799061,34.569446,250,公設
332020,0100000167,岡山県倉敷市,消火栓,332020,,倉敷市有城３２８番地６,岡山県,倉敷市,,,,133.801801,34.573913,250,公設
332020,0100000168,岡山県倉敷市,消火栓,332020,,倉敷市有城１６２番地,岡山県,倉敷市,,,,133.80378,34.572478,250,公設
332020,0100000169,岡山県倉敷市,消火栓,332020,,倉敷市有城３５８番地,岡山県,倉敷市,,,,133.801763,34.572331,100,公設
332020,0100000170,岡山県倉敷市,消火栓,332020,,倉敷市有城４１３番地,岡山県,倉敷市,,,,133.801593,34.571285,100,公設
332020,0100000171,岡山県倉敷市,消火栓,332020,,倉敷市有城１７９番地,岡山県,倉敷市,,,,133.801914,34.570096,100,公設
332020,0100000172,岡山県倉敷市,消火栓,332020,,倉敷市有城１５７番３号,岡山県,倉敷市,,,,133.803241,34.567521,75,公設
332020,0100000173,岡山県倉敷市,消火栓,332020,,倉敷市有城５３番地,岡山県,倉敷市,,,,133.801635,34.568817,100,公設
332020,0100000174,岡山県倉敷市,消火栓,332020,,倉敷市有城１３５６番地１,岡山県,倉敷市,,,,133.791905,34.576137,250,公設
332020,0100000175,岡山県倉敷市,消火栓,332020,,倉敷市有城３１番６号,岡山県,倉敷市,,,,133.802006,34.567696,75,公設
332020,0100000176,岡山県倉敷市,消火栓,332020,,倉敷市有城１１６９番１１７号,岡山県,倉敷市,,,,133.793069,34.576302,100,公設
332020,0100000177,岡山県倉敷市,消火栓,332020,,倉敷市有城１１６９番１４３号,岡山県,倉敷市,,,,133.794282,34.576225,100,公設
332020,0100000178,岡山県倉敷市,消火栓,332020,,倉敷市有城１１６９番５４号,岡山県,倉敷市,,,,133.794937,34.577313,150,公設
332020,0100000179,岡山県倉敷市,消火栓,332020,,倉敷市有城１番１号,岡山県,倉敷市,,,,133.803166,34.566424,75,公設
332020,0100000180,岡山県倉敷市,消火栓,332020,,倉敷市有城６６２番２号,岡山県,倉敷市,,,,133.796452,34.572744,75,公設
332020,0100000181,岡山県倉敷市,消火栓,332020,,倉敷市有城６００番地,岡山県,倉敷市,,,,133.794631,34.573455,100,公設
332020,0100000182,岡山県倉敷市,消火栓,332020,,倉敷市天城台１丁目２番１８号,岡山県,倉敷市,,,,133.806749,34.570443,100,公設
332020,0100000183,岡山県倉敷市,消火栓,332020,,倉敷市天城台１丁目２番２７号地先,岡山県,倉敷市,,,,133.806589,34.569163,100,公設
332020,0100000184,岡山県倉敷市,消火栓,332020,,倉敷市天城台１丁目３番２８号地先,岡山県,倉敷市,,,,133.808154,34.570545,150,公設
332020,0100000185,岡山県倉敷市,消火栓,332020,,倉敷市天城台２丁目６番４号,岡山県,倉敷市,,,,133.808981,34.569624,150,公設
332020,0100000186,岡山県倉敷市,消火栓,332020,,倉敷市天城台２丁目２番１号地先,岡山県,倉敷市,,,,133.807346,34.569248,150,公設
332020,0100000187,岡山県倉敷市,消火栓,332020,,倉敷市天城台２丁目３番６号地先,岡山県,倉敷市,,,,133.807867,34.568729,75,公設
332020,0100000188,岡山県倉敷市,消火栓,332020,,倉敷市天城台２丁目１番１７号地先,岡山県,倉敷市,,,,133.80643,34.56801,75,公設
332020,0100000189,岡山県倉敷市,消火栓,332020,,倉敷市天城台３丁目１番２２号地先,岡山県,倉敷市,,,,133.807402,34.571634,100,公設
332020,0100000190,岡山県倉敷市,消火栓,332020,,倉敷市天城台３丁目１番７号地先,岡山県,倉敷市,,,,133.809083,34.57157,150,公設
332020,0100000191,岡山県倉敷市,消火栓,332020,,倉敷市天城台３丁目５番１５号,岡山県,倉敷市,,,,133.80996,34.571254,100,公設
332020,0100000192,岡山県倉敷市,消火栓,332020,,倉敷市天城台３丁目４－４,岡山県,倉敷市,,,,133.809787,34.570304,100,公設
332020,0100000193,岡山県倉敷市,消火栓,332020,,倉敷市天城台４丁目５番１０号,岡山県,倉敷市,,,,133.810302,34.574015,150,公設
332020,0100000194,岡山県倉敷市,消火栓,332020,,倉敷市天城台４丁目６番７号地先,岡山県,倉敷市,,,,133.809474,34.572957,150,公設
332020,0100000195,岡山県倉敷市,消火栓,332020,,倉敷市天城台４丁目４番２１号地先,岡山県,倉敷市,,,,133.810168,34.572553,100,公設
332020,0100000196,岡山県倉敷市,消火栓,332020,,倉敷市藤戸町天城１０８９番地先,岡山県,倉敷市,,,,133.80659,34.577175,75,公設
332020,0100000197,岡山県倉敷市,消火栓,332020,,倉敷市藤戸町天城９５４,岡山県,倉敷市,,,,133.805647,34.572363,200,公設
332020,0100000198,岡山県倉敷市,消火栓,332020,,倉敷市藤戸町天城８０２番１号,岡山県,倉敷市,,,,133.805689,34.568525,250,公設
332020,0100000199,岡山県倉敷市,消火栓,332020,,倉敷市藤戸町天城７３２番９号,岡山県,倉敷市,,,,133.804725,34.566709,200,公設
332020,0100000200,岡山県倉敷市,消火栓,332020,,倉敷市藤戸町天城８５０番５号,岡山県,倉敷市,,,,133.807195,34.567161,150,公設
332020,0100000201,岡山県倉敷市,消火栓,332020,,倉敷市藤戸町天城２１６０番地,岡山県,倉敷市,,,,133.81241,34.561769,100,公設
332020,0100000202,岡山県倉敷市,消火栓,332020,,倉敷市藤戸町天城１０６番地,岡山県,倉敷市,,,,133.809173,34.562542,200,公設
332020,0100000203,岡山県倉敷市,消火栓,332020,,倉敷市藤戸町天城９３番地,岡山県,倉敷市,,,,133.810431,34.561981,200,公設
332020,0100000204,岡山県倉敷市,消火栓,332020,,倉敷市藤戸町天城２１７１番地先,岡山県,倉敷市,,,,133.813576,34.561792,200,公設
332020,0100000205,岡山県倉敷市,消火栓,332020,,倉敷市藤戸町天城２０６７番１号,岡山県,倉敷市,,,,133.815052,34.56231,200,公設
332020,0100000206,岡山県倉敷市,消火栓,332020,,倉敷市藤戸町天城２０４１番２号,岡山県,倉敷市,,,,133.81563,34.563881,150,公設
332020,0100000207,岡山県倉敷市,消火栓,332020,,倉敷市藤戸町天城３００番地,岡山県,倉敷市,,,,133.811695,34.564963,100,公設
332020,0100000208,岡山県倉敷市,消火栓,332020,,倉敷市藤戸町天城２５３０番地,岡山県,倉敷市,,,,133.81695,34.565965,150,公設
332020,0100000209,岡山県倉敷市,消火栓,332020,,倉敷市藤戸町天城２５４０番地,岡山県,倉敷市,,,,133.816779,34.567142,150,公設
332020,0100000210,岡山県倉敷市,消火栓,332020,,倉敷市藤戸町天城１１９４番地,岡山県,倉敷市,,,,133.809492,34.576269,200,公設
332020,0100000211,岡山県倉敷市,消火栓,332020,,倉敷市藤戸町天城１４０３番１０号,岡山県,倉敷市,,,,133.810166,34.575383,200,公設
332020,0100000212,岡山県倉敷市,消火栓,332020,,倉敷市藤戸町天城１３９４番３号,岡山県,倉敷市,,,,133.811076,34.574221,200,公設
332020,0100000213,岡山県倉敷市,消火栓,332020,,倉敷市藤戸町天城１４５１番１号,岡山県,倉敷市,,,,133.811773,34.572861,200,公設
332020,0100000214,岡山県倉敷市,消火栓,332020,,倉敷市藤戸町天城１７３５番８号,岡山県,倉敷市,,,,133.811746,34.570256,200,公設
332020,0100000215,岡山県倉敷市,消火栓,332020,,倉敷市藤戸町天城３４９番１号先,岡山県,倉敷市,,,,133.811059,34.567137,200,公設
332020,0100000216,岡山県倉敷市,消火栓,332020,,倉敷市藤戸町天城３５５番５号,岡山県,倉敷市,,,,133.809816,34.565938,200,公設
332020,0100000217,岡山県倉敷市,消火栓,332020,,倉敷市藤戸町天城３５９番２号,岡山県,倉敷市,,,,133.809373,34.565343,200,公設
332020,0100000218,岡山県倉敷市,消火栓,332020,,倉敷市藤戸町天城６３０番２０号,岡山県,倉敷市,,,,133.807315,34.565511,100,公設
332020,0100000219,岡山県倉敷市,消火栓,332020,,倉敷市藤戸町天城２５０１番１１号,岡山県,倉敷市,,,,133.816925,34.565056,250,公設
332020,0100000220,岡山県倉敷市,消火栓,332020,,倉敷市藤戸町天城１６１番地,岡山県,倉敷市,,,,133.808555,34.563815,200,公設
332020,0100000221,岡山県倉敷市,消火栓,332020,,倉敷市藤戸町天城１９１６番９号,岡山県,倉敷市,,,,133.812423,34.56414,100,公設
332020,0100000222,岡山県倉敷市,消火栓,332020,,倉敷市藤戸町天城１０６８番地,岡山県,倉敷市,,,,133.806316,34.576061,200,公設
332020,0100000223,岡山県倉敷市,消火栓,332020,,倉敷市藤戸町天城１５２番１号,岡山県,倉敷市,,,,133.807854,34.562872,200,公設
332020,0100000224,岡山県倉敷市,消火栓,332020,,倉敷市藤戸町天城６５４番地,岡山県,倉敷市,,,,133.806235,34.564098,200,公設
332020,0100000225,岡山県倉敷市,消火栓,332020,,倉敷市藤戸町天城２４０１番７８号,岡山県,倉敷市,,,,133.81827,34.563315,75,公設
332020,0100000226,岡山県倉敷市,消火栓,332020,,倉敷市藤戸町天城２４０１番４６号,岡山県,倉敷市,,,,133.817955,34.562436,75,公設
332020,0100000227,岡山県倉敷市,消火栓,332020,,倉敷市藤戸町天城２４６５番２８号先,岡山県,倉敷市,,,,133.817163,34.56398,75,公設
332020,0100000228,岡山県倉敷市,消火栓,332020,,倉敷市藤戸町天城３３２番１０号,岡山県,倉敷市,,,,133.812687,34.567226,150,公設
332020,0100000229,岡山県倉敷市,消火栓,332020,,倉敷市藤戸町天城２５０２番地,岡山県,倉敷市,,,,133.818308,34.56483,200,公設
332020,0100000230,岡山県倉敷市,消火栓,332020,,倉敷市藤戸町天城４０７番地,岡山県,倉敷市,,,,133.811632,34.56865,100,公設
332020,0100000231,岡山県倉敷市,消火栓,332020,,倉敷市藤戸町天城４７４番１号,岡山県,倉敷市,,,,133.808707,34.5681,75,公設
332020,0100000232,岡山県倉敷市,消火栓,332020,,倉敷市藤戸町天城１１５１番２号,岡山県,倉敷市,,,,133.80827,34.577226,75,公設
332020,0100000233,岡山県倉敷市,消火栓,332020,,倉敷市藤戸町天城２３９３番１３号,岡山県,倉敷市,,,,133.81685,34.562039,150,公設
332020,0100000234,岡山県倉敷市,消火栓,332020,,倉敷市藤戸町天城２８４番地,岡山県,倉敷市,,,,133.810739,34.565177,100,公設
332020,0100000235,岡山県倉敷市,消火栓,332020,,倉敷市藤戸町天城１６０９番地,岡山県,倉敷市,,,,133.81322,34.569969,100,公設
332020,0100000236,岡山県倉敷市,消火栓,332020,,倉敷市藤戸町天城９４３番地,岡山県,倉敷市,,,,133.80587,34.570452,250,公設
332020,0100000237,岡山県倉敷市,消火栓,332020,,倉敷市藤戸町天城７３６番９号,岡山県,倉敷市,,,,133.804789,34.565378,200,公設
332020,0100000238,岡山県倉敷市,消火栓,332020,,倉敷市藤戸町天城１９５０番２号,岡山県,倉敷市,,,,133.813138,34.563305,75,公設
332020,0100000239,岡山県倉敷市,消火栓,332020,,倉敷市藤戸町天城３３０番１４号　地先,岡山県,倉敷市,,,,133.812758,34.565808,100,公設
332020,0100000240,岡山県倉敷市,消火栓,332020,,倉敷市藤戸町天城１０２１番１号,岡山県,倉敷市,,,,133.805938,34.574275,200,公設
332020,0100000241,岡山県倉敷市,消火栓,332020,,倉敷市藤戸町天城２３８５番１０号,岡山県,倉敷市,,,,133.815352,34.561662,100,公設
332020,0100000242,岡山県倉敷市,消火栓,332020,,倉敷市藤戸町天城２２７１番地先,岡山県,倉敷市,,,,133.813211,34.560824,75,公設
332020,0100000243,岡山県倉敷市,消火栓,332020,,倉敷市藤戸町藤戸８１０番地,岡山県,倉敷市,,,,133.815311,34.558057,75,公設
332020,0100000244,岡山県倉敷市,消火栓,332020,,倉敷市藤戸町藤戸６４６番地先,岡山県,倉敷市,,,,133.81603,34.556138,75,公設
332020,0100000245,岡山県倉敷市,消火栓,332020,,倉敷市藤戸町藤戸１５０１番２号,岡山県,倉敷市,,,,133.820896,34.561732,200,公設
332020,0100000246,岡山県倉敷市,消火栓,332020,,倉敷市藤戸町藤戸１４０６番地１,岡山県,倉敷市,,,,133.822417,34.560098,75,公設
332020,0100000247,岡山県倉敷市,消火栓,332020,,倉敷市藤戸町藤戸１６３２番地,岡山県,倉敷市,,,,133.82578,34.558822,100,公設
332020,0100000248,岡山県倉敷市,消火栓,332020,,倉敷市藤戸町藤戸１０６８番４号,岡山県,倉敷市,,,,133.819569,34.557285,150,公設
332020,0100000250,岡山県倉敷市,消火栓,332020,,倉敷市藤戸町藤戸１１１６番１６号,岡山県,倉敷市,,,,133.821772,34.5559,100,公設
332020,0100000251,岡山県倉敷市,消火栓,332020,,倉敷市藤戸町藤戸１１７４番地,岡山県,倉敷市,,,,133.820377,34.555602,100,公設
332020,0100000252,岡山県倉敷市,消火栓,332020,,倉敷市藤戸町藤戸１１１６番４３号,岡山県,倉敷市,,,,133.822158,34.555175,100,公設
332020,0100000253,岡山県倉敷市,消火栓,332020,,倉敷市藤戸町藤戸１１７８番４号,岡山県,倉敷市,,,,133.820557,34.554893,100,公設
332020,0100000254,岡山県倉敷市,消火栓,332020,,倉敷市藤戸町藤戸１１５１番２５号,岡山県,倉敷市,,,,133.822013,34.554393,100,公設
332020,0100000255,岡山県倉敷市,消火栓,332020,,倉敷市藤戸町藤戸１１７８番２６号,岡山県,倉敷市,,,,133.820809,34.554165,100,公設
332020,0100000256,岡山県倉敷市,消火栓,332020,,倉敷市藤戸町藤戸１１７８番５５号,岡山県,倉敷市,,,,133.819831,34.554166,100,公設
332020,0100000257,岡山県倉敷市,消火栓,332020,,倉敷市藤戸町藤戸４８番地,岡山県,倉敷市,,,,133.809646,34.560481,100,公設
332020,0100000258,岡山県倉敷市,消火栓,332020,,倉敷市藤戸町藤戸３６３番１０号前,岡山県,倉敷市,,,,133.810748,34.559864,300,公設
332020,0100000259,岡山県倉敷市,消火栓,332020,,倉敷市藤戸町藤戸３６４番２号,岡山県,倉敷市,,,,133.812135,34.559383,300,公設
332020,0100000260,岡山県倉敷市,消火栓,332020,,倉敷市藤戸町藤戸７６８番地,岡山県,倉敷市,,,,133.814098,34.559157,300,公設
332020,0100000261,岡山県倉敷市,消火栓,332020,,倉敷市藤戸町藤戸８３６番地,岡山県,倉敷市,,,,133.816023,34.559299,300,公設
332020,0100000262,岡山県倉敷市,消火栓,332020,,倉敷市藤戸町藤戸８４３番３号,岡山県,倉敷市,,,,133.818579,34.559673,150,公設
332020,0100000263,岡山県倉敷市,消火栓,332020,,倉敷市藤戸町藤戸１６１５番地,岡山県,倉敷市,,,,133.824543,34.55976,100,公設
332020,0100000264,岡山県倉敷市,消火栓,332020,,倉敷市藤戸町藤戸１６３８番地先,岡山県,倉敷市,,,,133.826087,34.55738,100,公設
332020,0100000265,岡山県倉敷市,消火栓,332020,,倉敷市藤戸町藤戸１２３９番６号,岡山県,倉敷市,,,,133.822593,34.552027,75,公設
332020,0100000266,岡山県倉敷市,消火栓,332020,,倉敷市藤戸町藤戸３番１２号,岡山県,倉敷市,,,,133.807412,34.560999,300,公設
332020,0100000267,岡山県倉敷市,消火栓,332020,,倉敷市藤戸町藤戸１３７６番地,岡山県,倉敷市,,,,133.821771,34.556956,150,公設
332020,0100000268,岡山県倉敷市,消火栓,332020,,倉敷市藤戸町藤戸３７８番地先,岡山県,倉敷市,,,,133.810957,34.558901,75,公設
332020,0100000269,岡山県倉敷市,消火栓,332020,,倉敷市藤戸町藤戸９１８番５号,岡山県,倉敷市,,,,133.818478,34.55597,150,公設
332020,0100000270,岡山県倉敷市,消火栓,332020,,倉敷市藤戸町藤戸１５３０番地,岡山県,倉敷市,,,,133.823751,34.561279,75,公設
332020,0100000271,岡山県倉敷市,消火栓,332020,,倉敷市藤戸町藤戸１４９１番２４号,岡山県,倉敷市,,,,133.822111,34.56159,100,公設
332020,0100000272,岡山県倉敷市,消火栓,332020,,倉敷市藤戸町藤戸１４９１番８３号,岡山県,倉敷市,,,,133.822711,34.562888,150,公設
332020,0100000273,岡山県倉敷市,消火栓,332020,,倉敷市藤戸町藤戸５４番地先,岡山県,倉敷市,,,,133.810116,34.559937,100,公設
332020,0100000274,岡山県倉敷市,消火栓,332020,,倉敷市藤戸町藤戸１４１２－４,岡山県,倉敷市,,,,133.821639,34.559276,150,公設
332020,0100000275,岡山県倉敷市,消火栓,332020,,倉敷市藤戸町藤戸１６４５番２号地先,岡山県,倉敷市,,,,133.824969,34.556124,100,公設
332020,0100000276,岡山県倉敷市,消火栓,332020,,倉敷市藤戸町藤戸１６７９番地　地先,岡山県,倉敷市,,,,133.824879,34.555144,100,公設
332020,0100000277,岡山県倉敷市,消火栓,332020,,倉敷市藤戸町藤戸１８２４番地,岡山県,倉敷市,,,,133.82742,34.553821,75,公設
332020,0100000278,岡山県倉敷市,消火栓,332020,,倉敷市茶屋町１８４４番地,岡山県,倉敷市,,,,133.819017,34.573123,200,公設
332020,0100000279,岡山県倉敷市,消火栓,332020,,倉敷市茶屋町１２８番地,岡山県,倉敷市,,,,133.819157,34.573917,100,公設
332020,0100000280,岡山県倉敷市,消火栓,332020,,倉敷市茶屋町１４４番１号地先,岡山県,倉敷市,,,,133.819612,34.573971,250,公設
332020,0100000281,岡山県倉敷市,消火栓,332020,,倉敷市茶屋町３３番地,岡山県,倉敷市,,,,133.819406,34.574622,100,公設
332020,0100000282,岡山県倉敷市,消火栓,332020,,倉敷市茶屋町１２１番地先,岡山県,倉敷市,,,,133.820009,34.574758,250,公設
332020,0100000283,岡山県倉敷市,消火栓,332020,,倉敷市茶屋町３８番２号地先,岡山県,倉敷市,,,,133.819685,34.57519,100,公設
332020,0100000284,岡山県倉敷市,消火栓,332020,,倉敷市茶屋町１１６番地先,岡山県,倉敷市,,,,133.82045,34.575597,100,公設
332020,0100000285,岡山県倉敷市,消火栓,332020,,倉敷市茶屋町４１番地先,岡山県,倉敷市,,,,133.81999,34.575803,250,公設
332020,0100000286,岡山県倉敷市,消火栓,332020,,倉敷市茶屋町１１２番地先,岡山県,倉敷市,,,,133.820636,34.576009,100,公設
332020,0100000287,岡山県倉敷市,消火栓,332020,,倉敷市浜ノ茶屋３１３番地３,岡山県,倉敷市,,,,133.767771,34.612686,100,公設
332020,0100000288,岡山県倉敷市,消火栓,332020,,倉敷市茶屋町１１１番地,岡山県,倉敷市,,,,133.820309,34.57642,150,公設
332020,0100000289,岡山県倉敷市,消火栓,332020,,倉敷市茶屋町１１０番地先,岡山県,倉敷市,,,,133.820834,34.576411,100,公設
332020,0100000290,岡山県倉敷市,消火栓,332020,,倉敷市茶屋町４７番１号地先,岡山県,倉敷市,,,,133.820537,34.576884,150,公設
332020,0100000291,岡山県倉敷市,消火栓,332020,,倉敷市茶屋町１６３番１号地先,岡山県,倉敷市,,,,133.821035,34.576815,100,公設
332020,0100000292,岡山県倉敷市,消火栓,332020,,倉敷市茶屋町１０２番５号地先,岡山県,倉敷市,,,,133.820756,34.577328,150,公設
332020,0100000293,岡山県倉敷市,消火栓,332020,,倉敷市茶屋町１０２番地先,岡山県,倉敷市,,,,133.82129,34.577314,100,公設
332020,0100000294,岡山県倉敷市,消火栓,332020,,倉敷市茶屋町６４番地,岡山県,倉敷市,,,,133.821107,34.578078,150,公設
332020,0100000295,岡山県倉敷市,消火栓,332020,,倉敷市茶屋町１８１番地先,岡山県,倉敷市,,,,133.821771,34.577933,150,公設
332020,0100000296,岡山県倉敷市,消火栓,332020,,倉敷市茶屋町１４２番２号地先,岡山県,倉敷市,,,,133.819827,34.573895,100,公設
332020,0100000297,岡山県倉敷市,消火栓,332020,,倉敷市茶屋町１４７番３号先,岡山県,倉敷市,,,,133.820223,34.574413,100,公設
332020,0100000298,岡山県倉敷市,消火栓,332020,,倉敷市浜ノ茶屋２４４番地先,岡山県,倉敷市,,,,133.769778,34.613066,150,公設
332020,0100000299,岡山県倉敷市,消火栓,332020,,倉敷市茶屋町１５２番２号地先,岡山県,倉敷市,,,,133.820643,34.575111,100,公設
332020,0100000300,岡山県倉敷市,消火栓,332020,,倉敷市茶屋町１５６番１地先,岡山県,倉敷市,,,,133.820981,34.575676,100,公設
332020,0100000301,岡山県倉敷市,消火栓,332020,,倉敷市茶屋町１６３番１４号,岡山県,倉敷市,,,,133.821439,34.57647,75,公設
332020,0100000302,岡山県倉敷市,消火栓,332020,,倉敷市茶屋町１６７番地先,岡山県,倉敷市,,,,133.821773,34.577017,100,公設
332020,0100000303,岡山県倉敷市,消火栓,332020,,倉敷市茶屋町１７６番地,岡山県,倉敷市,,,,133.822294,34.577806,100,公設
332020,0100000304,岡山県倉敷市,消火栓,332020,,倉敷市茶屋町１９５番地先,岡山県,倉敷市,,,,133.822527,34.5776,150,公設
332020,0100000305,岡山県倉敷市,消火栓,332020,,倉敷市茶屋町１９７番３号地先,岡山県,倉敷市,,,,133.823054,34.577395,150,公設
332020,0100000306,岡山県倉敷市,消火栓,332020,,倉敷市茶屋町２７４番地１４,岡山県,倉敷市,,,,133.823833,34.576995,150,公設
332020,0100000307,岡山県倉敷市,消火栓,332020,,倉敷市茶屋町２７１,岡山県,倉敷市,,,,133.824474,34.576735,150,公設
332020,0100000308,岡山県倉敷市,消火栓,332020,,倉敷市茶屋町３６３番地先,岡山県,倉敷市,,,,133.825043,34.576266,150,公設
332020,0100000309,岡山県倉敷市,消火栓,332020,,倉敷市浜ノ茶屋１５０番地４先,岡山県,倉敷市,,,,133.769123,34.61259,100,公設
332020,0100000310,岡山県倉敷市,消火栓,332020,,倉敷市茶屋町２８０番１０号地先,岡山県,倉敷市,,,,133.823269,34.576776,75,公設
332020,0100000311,岡山県倉敷市,消火栓,332020,,倉敷市茶屋町２７２番地,岡山県,倉敷市,,,,133.824159,34.576288,75,公設
332020,0100000312,岡山県倉敷市,消火栓,332020,,倉敷市茶屋町４８１番地,岡山県,倉敷市,,,,133.824417,34.575309,150,公設
332020,0100000313,岡山県倉敷市,消火栓,332020,,倉敷市茶屋町２７１番１号地先,岡山県,倉敷市,,,,133.825125,34.576814,150,公設
332020,0100000314,岡山県倉敷市,消火栓,332020,,倉敷市茶屋町２３３番５７号,岡山県,倉敷市,,,,133.825393,34.577887,150,公設
332020,0100000315,岡山県倉敷市,消火栓,332020,,倉敷市茶屋町１９８番１６号地先,岡山県,倉敷市,,,,133.823592,34.57845,100,公設
332020,0100000316,岡山県倉敷市,消火栓,332020,,倉敷市茶屋町２０１番地地先,岡山県,倉敷市,,,,133.822818,34.578476,100,公設
332020,0100000317,岡山県倉敷市,消火栓,332020,,倉敷市茶屋町６６番地,岡山県,倉敷市,,,,133.821336,34.578367,200,公設
332020,0100000318,岡山県倉敷市,消火栓,332020,,倉敷市茶屋町７２番地地先,岡山県,倉敷市,,,,133.821389,34.579281,250,公設
332020,0100000319,岡山県倉敷市,消火栓,332020,,倉敷市茶屋町２０３７番１号,岡山県,倉敷市,,,,133.822154,34.579202,250,公設
332020,0100000320,岡山県倉敷市,消火栓,332020,,倉敷市浜ノ茶屋３１３番地１４先,岡山県,倉敷市,,,,133.768647,34.612387,100,公設
332020,0100000321,岡山県倉敷市,消火栓,332020,,倉敷市茶屋町２０３７番地,岡山県,倉敷市,,,,133.823051,34.579209,250,公設
332020,0100000322,岡山県倉敷市,消火栓,332020,,倉敷市茶屋町１６９０番地地先,岡山県,倉敷市,,,,133.824468,34.579547,250,公設
332020,0100000323,岡山県倉敷市,消火栓,332020,,倉敷市茶屋町１６６７番地,岡山県,倉敷市,,,,133.825633,34.579808,250,公設
332020,0100000324,岡山県倉敷市,消火栓,332020,,倉敷市茶屋町１６９１番１５号,岡山県,倉敷市,,,,133.823557,34.579737,100,公設
332020,0100000325,岡山県倉敷市,消火栓,332020,,倉敷市茶屋町２０５３番６号,岡山県,倉敷市,,,,133.82371,34.580376,100,公設
332020,0100000326,岡山県倉敷市,消火栓,332020,,倉敷市茶屋町２０８０番４号,岡山県,倉敷市,,,,133.822441,34.580757,75,公設
332020,0100000327,岡山県倉敷市,消火栓,332020,,倉敷市茶屋町早沖１７１６番５号,岡山県,倉敷市,,,,133.824717,34.583218,100,公設
332020,0100000328,岡山県倉敷市,消火栓,332020,,倉敷市茶屋町早沖１６７番地,岡山県,倉敷市,,,,133.833842,34.592406,75,公設
332020,0100000329,岡山県倉敷市,消火栓,332020,,倉敷市茶屋町早沖７５４番地,岡山県,倉敷市,,,,133.8378,34.592074,75,公設
332020,0100000330,岡山県倉敷市,消火栓,332020,,倉敷市茶屋町１６００番４号,岡山県,倉敷市,,,,133.82904,34.579089,200,公設
332020,0100000331,岡山県倉敷市,消火栓,332020,,倉敷市浜ノ茶屋３１７番地２１先,岡山県,倉敷市,,,,133.768286,34.612013,75,公設
332020,0100000332,岡山県倉敷市,消火栓,332020,,倉敷市茶屋町１４８７番１０号地先,岡山県,倉敷市,,,,133.835424,34.578042,100,公設
332020,0100000333,岡山県倉敷市,消火栓,332020,,倉敷市茶屋町１４８３番１７号,岡山県,倉敷市,,,,133.83502,34.578899,100,公設
332020,0100000334,岡山県倉敷市,消火栓,332020,,倉敷市茶屋町早沖１４３１番地４６,岡山県,倉敷市,,,,133.842087,34.58093,75,公設
332020,0100000335,岡山県倉敷市,消火栓,332020,,倉敷市茶屋町４０６番地地先,岡山県,倉敷市,,,,133.829274,34.577934,100,公設
332020,0100000336,岡山県倉敷市,消火栓,332020,,倉敷市茶屋町１４５８－３,岡山県,倉敷市,,,,133.833818,34.577561,200,公設
332020,0100000337,岡山県倉敷市,消火栓,332020,,倉敷市茶屋町４７１番地先,岡山県,倉敷市,,,,133.826688,34.575778,100,公設
332020,0100000338,岡山県倉敷市,消火栓,332020,,倉敷市茶屋町１３４番２４号地先,岡山県,倉敷市,,,,133.819788,34.572862,75,公設
332020,0100000339,岡山県倉敷市,消火栓,332020,,倉敷市茶屋町１５２６番７号,岡山県,倉敷市,,,,133.832098,34.580919,100,公設
332020,0100000340,岡山県倉敷市,消火栓,332020,,倉敷市茶屋町１８００番地先,岡山県,倉敷市,,,,133.826568,34.58859,100,公設
332020,0100000341,岡山県倉敷市,消火栓,332020,,倉敷市茶屋町３２０番地先,岡山県,倉敷市,,,,133.821815,34.572531,250,公設
332020,0100000342,岡山県倉敷市,消火栓,332020,,倉敷市浜ノ茶屋２３３番５号,岡山県,倉敷市,,,,133.77132,34.614342,100,公設
332020,0100000343,岡山県倉敷市,消火栓,332020,,倉敷市茶屋町１６４３番地４,岡山県,倉敷市,,,,133.828909,34.580736,100,公設
332020,0100000344,岡山県倉敷市,消火栓,332020,,倉敷市茶屋町早沖８３番地,岡山県,倉敷市,,,,133.835437,34.595916,100,公設
332020,0100000345,岡山県倉敷市,消火栓,332020,,倉敷市茶屋町３２９番５号地先,岡山県,倉敷市,,,,133.821169,34.573625,75,公設
332020,0100000346,岡山県倉敷市,消火栓,332020,,倉敷市茶屋町１６０番２号地先,岡山県,倉敷市,,,,133.821929,34.575758,100,公設
332020,0100000347,岡山県倉敷市,消火栓,332020,,倉敷市茶屋町３５３番２４号,岡山県,倉敷市,,,,133.822759,34.575391,75,公設
332020,0100000348,岡山県倉敷市,消火栓,332020,,倉敷市茶屋町６９２番地,岡山県,倉敷市,,,,133.829665,34.574906,100,公設
332020,0100000349,岡山県倉敷市,消火栓,332020,,倉敷市茶屋町７６２番２号,岡山県,倉敷市,,,,133.831763,34.577119,100,公設
332020,0100000350,岡山県倉敷市,消火栓,332020,,倉敷市茶屋町３９０番２号地先,岡山県,倉敷市,,,,133.827384,34.578653,75,公設
332020,0100000351,岡山県倉敷市,消火栓,332020,,倉敷市茶屋町早沖４６８番６号,岡山県,倉敷市,,,,133.830442,34.581392,100,公設
332020,0100000352,岡山県倉敷市,消火栓,332020,,倉敷市茶屋町１０２５番６号,岡山県,倉敷市,,,,133.832321,34.575206,100,公設
332020,0100000353,岡山県倉敷市,消火栓,332020,,倉敷市浜ノ茶屋２０１番２号,岡山県,倉敷市,,,,133.772293,34.613682,100,公設
332020,0100000354,岡山県倉敷市,消火栓,332020,,倉敷市茶屋町９８２番地地先,岡山県,倉敷市,,,,133.829703,34.572319,100,公設
332020,0100000355,岡山県倉敷市,消火栓,332020,,倉敷市茶屋町１８２２番４号,岡山県,倉敷市,,,,133.825606,34.590079,75,公設
332020,0100000356,岡山県倉敷市,消火栓,332020,,倉敷市茶屋町１４７０番地先,岡山県,倉敷市,,,,133.832737,34.57964,100,公設
332020,0100000357,岡山県倉敷市,消火栓,332020,,倉敷市茶屋町早沖２７７番地,岡山県,倉敷市,,,,133.829788,34.589069,75,公設
332020,0100000358,岡山県倉敷市,消火栓,332020,,倉敷市茶屋町早沖６３０番地,岡山県,倉敷市,,,,133.833057,34.59074,150,公設
332020,0100000359,岡山県倉敷市,消火栓,332020,,倉敷市茶屋町早沖１１０番地,岡山県,倉敷市,,,,133.834528,34.594123,150,公設
332020,0100000360,岡山県倉敷市,消火栓,332020,,倉敷市茶屋町早沖６２８番８号,岡山県,倉敷市,,,,133.839216,34.594603,150,公設
332020,0100000361,岡山県倉敷市,消火栓,332020,,倉敷市茶屋町早沖１４１７番地,岡山県,倉敷市,,,,133.842212,34.583241,100,公設
332020,0100000362,岡山県倉敷市,消火栓,332020,,倉敷市茶屋町早沖６１８番４号,岡山県,倉敷市,,,,133.832578,34.589315,100,公設
332020,0100000363,岡山県倉敷市,消火栓,332020,,倉敷市茶屋町早沖８４５番地先,岡山県,倉敷市,,,,133.835933,34.58839,100,公設
332020,0100000364,岡山県倉敷市,消火栓,332020,,倉敷市茶屋町早沖１１５８番地先,岡山県,倉敷市,,,,133.83886,34.586652,100,公設
332020,0100000365,岡山県倉敷市,消火栓,332020,,倉敷市茶屋町早沖１５３４番１１号,岡山県,倉敷市,,,,133.839143,34.590586,75,公設
332020,0100000366,岡山県倉敷市,消火栓,332020,,倉敷市茶屋町１６４６番３号,岡山県,倉敷市,,,,133.829228,34.581747,100,公設
332020,0100000367,岡山県倉敷市,消火栓,332020,,倉敷市茶屋町２９６番地,岡山県,倉敷市,,,,133.82253,34.574325,150,公設
332020,0100000368,岡山県倉敷市,消火栓,332020,,倉敷市茶屋町１４２８－６番地地先,岡山県,倉敷市,,,,133.838128,34.576409,150,公設
332020,0100000369,岡山県倉敷市,消火栓,332020,,倉敷市茶屋町１３７８番地,岡山県,倉敷市,,,,133.839755,34.578441,150,公設
332020,0100000370,岡山県倉敷市,消火栓,332020,,倉敷市茶屋町２０６８番地７,岡山県,倉敷市,,,,133.824293,34.582092,100,公設
332020,0100000371,岡山県倉敷市,消火栓,332020,,倉敷市茶屋町１６２１番地１,岡山県,倉敷市,,,,133.826406,34.580574,200,公設
332020,0100000372,岡山県倉敷市,消火栓,332020,,倉敷市茶屋町５０９－９,岡山県,倉敷市,,,,133.825627,34.573402,250,公設
332020,0100000373,岡山県倉敷市,消火栓,332020,,倉敷市茶屋町早沖１０９７番地先,岡山県,倉敷市,,,,133.835615,34.5841,75,公設
332020,0100000374,岡山県倉敷市,消火栓,332020,,倉敷市茶屋町早沖１０５２－２番地先,岡山県,倉敷市,,,,133.834937,34.582267,75,公設
332020,0100000375,岡山県倉敷市,消火栓,332020,,倉敷市茶屋町早沖５４５番地先,岡山県,倉敷市,,,,133.830963,34.585435,200,公設
332020,0100000376,岡山県倉敷市,消火栓,332020,,倉敷市茶屋町４８６番９号,岡山県,倉敷市,,,,133.825705,34.575036,75,公設
332020,0100000377,岡山県倉敷市,消火栓,332020,,倉敷市茶屋町１８７４番１１号,岡山県,倉敷市,,,,133.820593,34.569562,75,公設
332020,0100000378,岡山県倉敷市,消火栓,332020,,倉敷市茶屋町１５３７番１０号,岡山県,倉敷市,,,,133.830628,34.580375,100,公設
332020,0100000379,岡山県倉敷市,消火栓,332020,,倉敷市茶屋町１７３３番地先,岡山県,倉敷市,,,,133.825854,34.584047,100,公設
332020,0100000380,岡山県倉敷市,消火栓,332020,,倉敷市茶屋町１７７０番地先,岡山県,倉敷市,,,,133.826567,34.586752,100,公設
332020,0100000381,岡山県倉敷市,消火栓,332020,,倉敷市茶屋町１７４７－２番地先,岡山県,倉敷市,,,,133.825367,34.582472,100,公設
332020,0100000382,岡山県倉敷市,消火栓,332020,,倉敷市茶屋町１５８２番２号,岡山県,倉敷市,,,,133.831456,34.578299,200,公設
332020,0100000383,岡山県倉敷市,消火栓,332020,,倉敷市茶屋町５１９番地先,岡山県,倉敷市,,,,133.823357,34.574158,150,公設
332020,0100000384,岡山県倉敷市,消火栓,332020,,倉敷市茶屋町１６９６－１番地先,岡山県,倉敷市,,,,133.82479,34.580631,100,公設
332020,0100000385,岡山県倉敷市,消火栓,332020,,倉敷市茶屋町１４４１－１,岡山県,倉敷市,,,,133.835653,34.577039,200,公設
332020,0100000386,岡山県倉敷市,消火栓,332020,,倉敷市茶屋町１９８０－２番地先,岡山県,倉敷市,,,,133.82122,34.56763,100,公設
332020,0100000387,岡山県倉敷市,消火栓,332020,,倉敷市茶屋町早沖４２９番地先,岡山県,倉敷市,,,,133.827015,34.584618,200,公設
332020,0100000388,岡山県倉敷市,消火栓,332020,,倉敷市茶屋町早沖３３８番地先,岡山県,倉敷市,,,,133.827593,34.587402,100,公設
332020,0100000389,岡山県倉敷市,消火栓,332020,,倉敷市茶屋町１１４１番１号,岡山県,倉敷市,,,,133.833931,34.573522,75,公設
332020,0100000390,岡山県倉敷市,消火栓,332020,,倉敷市茶屋町１４３７－１先県道上,岡山県,倉敷市,,,,133.836836,34.576702,200,公設
332020,0100000391,岡山県倉敷市,消火栓,332020,,倉敷市茶屋町１６１８番３号地先,岡山県,倉敷市,,,,133.827167,34.579536,200,公設
332020,0100000392,岡山県倉敷市,消火栓,332020,,倉敷市茶屋町６６１番２号,岡山県,倉敷市,,,,133.826684,34.5826,200,公設
332020,0100000393,岡山県倉敷市,消火栓,332020,,倉敷市茶屋町１７３０番地２５,岡山県,倉敷市,,,,133.826154,34.584986,100,公設
332020,0100000394,岡山県倉敷市,消火栓,332020,,倉敷市茶屋町８２５番地,岡山県,倉敷市,,,,133.827783,34.572796,150,公設
332020,0100000395,岡山県倉敷市,消火栓,332020,,倉敷市茶屋町９６８番１号地先,岡山県,倉敷市,,,,133.831587,34.571709,100,公設
332020,0100000396,岡山県倉敷市,消火栓,332020,,倉敷市茶屋町１２４４番２号,岡山県,倉敷市,,,,133.83351,34.571154,100,公設
332020,0100000397,岡山県倉敷市,消火栓,332020,,倉敷市茶屋町早沖７５３番地,岡山県,倉敷市,,,,133.833199,34.595986,75,公設
332020,0100000398,岡山県倉敷市,消火栓,332020,,倉敷市茶屋町早沖７６番地,岡山県,倉敷市,,,,133.835228,34.597394,75,公設
332020,0100000399,岡山県倉敷市,消火栓,332020,,倉敷市茶屋町２１４２番地,岡山県,倉敷市,,,,133.826048,34.58715,100,公設
332020,0100000400,岡山県倉敷市,消火栓,332020,,倉敷市茶屋町１８７８番１７地先,岡山県,倉敷市,,,,133.820382,34.569055,75,公設
332020,0100000401,岡山県倉敷市,消火栓,332020,,倉敷市茶屋町７２６番地地先,岡山県,倉敷市,,,,133.830641,34.578544,200,公設
332020,0100000402,岡山県倉敷市,消火栓,332020,,倉敷市茶屋町２０７７番５号,岡山県,倉敷市,,,,133.8237,34.582565,75,公設
332020,0100000403,岡山県倉敷市,消火栓,332020,,倉敷市茶屋町２０９２番４号地先,岡山県,倉敷市,,,,133.82277,34.582283,75,公設
332020,0100000404,岡山県倉敷市,消火栓,332020,,倉敷市茶屋町８５２番２号地先,岡山県,倉敷市,,,,133.8287,34.571242,75,公設
332020,0100000405,岡山県倉敷市,消火栓,332020,,倉敷市茶屋町１４７４番１号地先,岡山県,倉敷市,,,,133.833518,34.579327,75,公設
332020,0100000406,岡山県倉敷市,消火栓,332020,,倉敷市茶屋町１３３３番地地先,岡山県,倉敷市,,,,133.839449,34.575913,100,公設
332020,0100000407,岡山県倉敷市,消火栓,332020,,倉敷市茶屋町４１７番１７号,岡山県,倉敷市,,,,133.827774,34.57746,75,公設
332020,0100000408,岡山県倉敷市,消火栓,332020,,倉敷市茶屋町早沖１０１０番地地先,岡山県,倉敷市,,,,133.834139,34.580385,100,公設
332020,0100000409,岡山県倉敷市,消火栓,332020,,倉敷市茶屋町早沖１４２１番２２号地先,岡山県,倉敷市,,,,133.841905,34.582468,75,公設
332020,0100000410,岡山県倉敷市,消火栓,332020,,倉敷市茶屋町５５６番２９号,岡山県,倉敷市,,,,133.823212,34.572198,75,公設
332020,0100000411,岡山県倉敷市,消火栓,332020,,倉敷市茶屋町１９５８番６号,岡山県,倉敷市,,,,133.82126,34.570939,100,公設
332020,0100000412,岡山県倉敷市,消火栓,332020,,倉敷市茶屋町１５５４番４号地先,岡山県,倉敷市,,,,133.82976,34.57967,100,公設
332020,0100000413,岡山県倉敷市,消火栓,332020,,倉敷市茶屋町１４１１番地,岡山県,倉敷市,,,,133.836981,34.578501,75,公設
332020,0100000414,岡山県倉敷市,消火栓,332020,,倉敷市茶屋町６０７番６号,岡山県,倉敷市,,,,133.824641,34.571288,75,公設
332020,0100000415,岡山県倉敷市,消火栓,332020,,倉敷市茶屋町５７３番２号,岡山県,倉敷市,,,,133.82275,34.570904,250,公設
332020,0100000416,岡山県倉敷市,消火栓,332020,,倉敷市茶屋町早沖２９７番３号地先,岡山県,倉敷市,,,,133.831665,34.587478,150,公設
332020,0100000417,岡山県倉敷市,消火栓,332020,,倉敷市茶屋町早沖３７１番地地先,岡山県,倉敷市,,,,133.828841,34.585965,200,公設
332020,0100000418,岡山県倉敷市,消火栓,332020,,倉敷市茶屋町早沖５０４番５号地先,岡山県,倉敷市,,,,133.829985,34.583583,150,公設
332020,0100000419,岡山県倉敷市,消火栓,332020,,倉敷市茶屋町４６１番２号,岡山県,倉敷市,,,,133.825915,34.576082,75,公設
332020,0100000420,岡山県倉敷市,消火栓,332020,,倉敷市茶屋町８６４番２号地先,岡山県,倉敷市,,,,133.826008,34.571044,150,公設
332020,0100000421,岡山県倉敷市,消火栓,332020,,倉敷市茶屋町早沖１２７９番地,岡山県,倉敷市,,,,133.837459,34.581417,100,公設
332020,0100000422,岡山県倉敷市,消火栓,332020,,倉敷市茶屋町早沖１２８５番２号地先,岡山県,倉敷市,,,,133.838984,34.580941,200,公設
332020,0100000423,岡山県倉敷市,消火栓,332020,,倉敷市茶屋町早沖１３４９番地地先,岡山県,倉敷市,,,,133.840933,34.580353,200,公設
332020,0100000424,岡山県倉敷市,消火栓,332020,,倉敷市茶屋町６８０番５号,岡山県,倉敷市,,,,133.828013,34.575741,150,公設
332020,0100000425,岡山県倉敷市,消火栓,332020,,倉敷市茶屋町早沖１１４２番１０号,岡山県,倉敷市,,,,133.83656,34.586074,100,公設
332020,0100000426,岡山県倉敷市,消火栓,332020,,倉敷市茶屋町早沖１３８２番２号,岡山県,倉敷市,,,,133.839573,34.582823,200,公設
332020,0100000427,岡山県倉敷市,消火栓,332020,,倉敷市茶屋町８７３,岡山県,倉敷市,,,,133.827749,34.570311,100,公設
332020,0100000428,岡山県倉敷市,消火栓,332020,,倉敷市茶屋町１８６４番１０号,岡山県,倉敷市,,,,133.820512,34.570358,100,公設
332020,0100000429,岡山県倉敷市,消火栓,332020,,倉敷市茶屋町２１１１番８号,岡山県,倉敷市,,,,133.825215,34.584728,100,公設
332020,0100000430,岡山県倉敷市,消火栓,332020,,倉敷市茶屋町２１１２番２０号,岡山県,倉敷市,,,,133.824308,34.584837,75,公設
332020,0100000431,岡山県倉敷市,消火栓,332020,,倉敷市茶屋町６６３番５号,岡山県,倉敷市,,,,133.827917,34.574092,75,公設
332020,0100000432,岡山県倉敷市,消火栓,332020,,倉敷市茶屋町１０８８番２号,岡山県,倉敷市,,,,133.833518,34.576569,100,公設
332020,0100000433,岡山県倉敷市,消火栓,332020,,倉敷市茶屋町３１４番地,岡山県,倉敷市,,,,133.819767,34.572219,75,公設
332020,0100000434,岡山県倉敷市,消火栓,332020,,倉敷市茶屋町２１０２番地８先,岡山県,倉敷市,,,,133.824364,34.583735,75,公設
332020,0100000435,岡山県倉敷市,消火栓,332020,,倉敷市茶屋町２１０８番１号,岡山県,倉敷市,,,,133.824146,34.584537,75,公設
332020,0100000436,岡山県倉敷市,消火栓,332020,,倉敷市茶屋町早沖５８番地先,岡山県,倉敷市,,,,133.831043,34.593119,75,公設
332020,0100000437,岡山県倉敷市,消火栓,332020,,倉敷市茶屋町早沖１２３５番地,岡山県,倉敷市,,,,133.838971,34.585137,75,公設
332020,0100000438,岡山県倉敷市,消火栓,332020,,倉敷市茶屋町早沖４４５番地,岡山県,倉敷市,,,,133.828135,34.583133,100,公設
332020,0100000439,岡山県倉敷市,消火栓,332020,,倉敷市茶屋町９８６番地先,岡山県,倉敷市,,,,133.831049,34.573715,75,公設
332020,0100000440,岡山県倉敷市,消火栓,332020,,倉敷市茶屋町６８７番５号,岡山県,倉敷市,,,,133.829409,34.575972,75,公設
332020,0100000441,岡山県倉敷市,消火栓,332020,,倉敷市茶屋町４４５番地先,岡山県,倉敷市,,,,133.82616,34.577202,75,公設
332020,0100000442,岡山県倉敷市,消火栓,332020,,倉敷市茶屋町１９５８番１７号,岡山県,倉敷市,,,,133.822115,34.570204,100,公設
332020,0100000443,岡山県倉敷市,消火栓,332020,,倉敷市茶屋町２１２７－２,岡山県,倉敷市,,,,133.825646,34.585876,100,公設
332020,0100000444,岡山県倉敷市,消火栓,332020,,倉敷市茶屋町早沖９７８－２,岡山県,倉敷市,,,,133.832048,34.581922,100,公設
332020,0100000445,岡山県倉敷市,消火栓,332020,,倉敷市茶屋町２１３０－１６,岡山県,倉敷市,,,,133.824908,34.586791,100,公設
332020,0100000446,岡山県倉敷市,消火栓,332020,,倉敷市浜ノ茶屋１丁目５番１号地先,岡山県,倉敷市,,,,133.768782,34.610635,250,公設
332020,0100000447,岡山県倉敷市,消火栓,332020,,倉敷市浜ノ茶屋１丁目９番３５号,岡山県,倉敷市,,,,133.770167,34.611198,250,公設
332020,0100000448,岡山県倉敷市,消火栓,332020,,倉敷市浜ノ茶屋１丁目５番７号,岡山県,倉敷市,,,,133.770722,34.610728,250,公設
332020,0100000449,岡山県倉敷市,消火栓,332020,,倉敷市浜ノ茶屋１丁目７－１６,岡山県,倉敷市,,,,133.771597,34.61166,100,公設
332020,0100000450,岡山県倉敷市,消火栓,332020,,倉敷市浜ノ茶屋１丁目１１番３６号地先,岡山県,倉敷市,,,,133.769082,34.611933,75,公設
332020,0100000451,岡山県倉敷市,消火栓,332020,,倉敷市浜ノ茶屋１丁目１２番１３号５３,岡山県,倉敷市,,,,133.76796,34.611751,75,公設
332020,0100000452,岡山県倉敷市,消火栓,332020,,倉敷市浜ノ茶屋１丁目１２番１３号２３,岡山県,倉敷市,,,,133.767249,34.611235,75,公設
332020,0100000453,岡山県倉敷市,消火栓,332020,,倉敷市浜ノ茶屋１丁目１２番５号２,岡山県,倉敷市,,,,133.768589,34.61081,75,公設
332020,0100000454,岡山県倉敷市,消火栓,332020,,倉敷市浜ノ茶屋２丁目２番１号地先,岡山県,倉敷市,,,,133.774069,34.610697,150,公設
332020,0100000455,岡山県倉敷市,消火栓,332020,,倉敷市浜ノ茶屋２丁目２番１０号地先,岡山県,倉敷市,,,,133.773364,34.611388,150,公設
332020,0100000456,岡山県倉敷市,消火栓,332020,,倉敷市浜ノ茶屋２丁目５番２１号地先,岡山県,倉敷市,,,,133.773139,34.612683,150,公設
332020,0100000457,岡山県倉敷市,消火栓,332020,,倉敷市浜ノ茶屋２丁目８番３６号地先,岡山県,倉敷市,,,,133.771154,34.613097,75,公設
332020,0100000458,岡山県倉敷市,消火栓,332020,,倉敷市浜町１丁目１６番２８号地先,岡山県,倉敷市,,,,133.770322,34.609822,75,公設
332020,0100000459,岡山県倉敷市,消火栓,332020,,倉敷市浜町１丁目１４番１号地先,岡山県,倉敷市,,,,133.770058,34.608672,100,公設
332020,0100000460,岡山県倉敷市,消火栓,332020,,倉敷市浜町１丁目１番８号,岡山県,倉敷市,,,,133.769512,34.606256,75,公設
332020,0100000461,岡山県倉敷市,消火栓,332020,,倉敷市浜町１丁目９番２０号地先,岡山県,倉敷市,,,,133.767954,34.608407,150,公設
332020,0100000462,岡山県倉敷市,消火栓,332020,,倉敷市浜町１丁目１０番１３号,岡山県,倉敷市,,,,133.768948,34.608235,100,公設
332020,0100000463,岡山県倉敷市,消火栓,332020,,倉敷市浜町１丁目１１番３１号,岡山県,倉敷市,,,,133.769944,34.607986,150,公設
332020,0100000464,岡山県倉敷市,消火栓,332020,,倉敷市浜町１丁目１０番４６号,岡山県,倉敷市,,,,133.769433,34.607339,75,公設
332020,0100000465,岡山県倉敷市,消火栓,332020,,倉敷市浜町１丁目１０番３号,岡山県,倉敷市,,,,133.768865,34.607208,100,公設
332020,0100000466,岡山県倉敷市,消火栓,332020,,倉敷市浜町１丁目１２番３３号,岡山県,倉敷市,,,,133.768118,34.608966,75,公設
332020,0100000467,岡山県倉敷市,消火栓,332020,,倉敷市浜町２丁目７番２１地先,岡山県,倉敷市,,,,133.772285,34.609217,100,公設
332020,0100000468,岡山県倉敷市,消火栓,332020,,倉敷市浜町２丁目７番３号,岡山県,倉敷市,,,,133.771791,34.608408,75,公設
332020,0100000469,岡山県倉敷市,消火栓,332020,,倉敷市浜町２丁目９番２号地先,岡山県,倉敷市,,,,133.770727,34.609199,250,公設
332020,0100000470,岡山県倉敷市,消火栓,332020,,倉敷市浜町２丁目４番１号地先,岡山県,倉敷市,,,,133.770743,34.608091,250,公設
332020,0100000471,岡山県倉敷市,消火栓,332020,,倉敷市浜町２丁目２番３号,岡山県,倉敷市,,,,133.770904,34.606825,250,公設
332020,0100000472,岡山県倉敷市,消火栓,332020,,倉敷市浜町２丁目１番７号地先,岡山県,倉敷市,,,,133.770922,34.606383,250,公設
332020,0100000473,岡山県倉敷市,消火栓,332020,,倉敷市浜町２丁目６番４４号地先,岡山県,倉敷市,,,,133.774808,34.608586,150,公設
332020,0100000474,岡山県倉敷市,消火栓,332020,,倉敷市浜町２丁目５番５号,岡山県,倉敷市,,,,133.772985,34.607232,75,公設
332020,0100000475,岡山県倉敷市,消火栓,332020,,倉敷市浜町２丁目１１番１３号地先,岡山県,倉敷市,,,,133.772577,34.610435,75,公設
332020,0100000476,岡山県倉敷市,消火栓,332020,,倉敷市浜町２丁目６番２４地先,岡山県,倉敷市,,,,133.773501,34.609263,75,公設
332020,0100000478,岡山県倉敷市,消火栓,332020,,倉敷市日ノ出町１丁目１０番４２地先,岡山県,倉敷市,,,,133.768531,34.605705,150,公設
332020,0100000479,岡山県倉敷市,消火栓,332020,,倉敷市日ノ出町１丁目８番１号,岡山県,倉敷市,,,,133.768241,34.604828,150,公設
332020,0100000480,岡山県倉敷市,消火栓,332020,,倉敷市日ノ出町１丁目１番２４号,岡山県,倉敷市,,,,133.76791,34.603855,150,公設
332020,0100000481,岡山県倉敷市,消火栓,332020,,倉敷市日ノ出町１丁目７番１７号,岡山県,倉敷市,,,,133.767373,34.605129,75,公設
332020,0100000482,岡山県倉敷市,消火栓,332020,,倉敷市日ノ出町１丁目６番１７号,岡山県,倉敷市,,,,133.769346,34.605583,100,公設
332020,0100000483,岡山県倉敷市,消火栓,332020,,倉敷市日ノ出町１丁目６番２６地先,岡山県,倉敷市,,,,133.769289,34.604818,75,公設
332020,0100000484,岡山県倉敷市,消火栓,332020,,倉敷市日ノ出町２丁目５番１６地先,岡山県,倉敷市,,,,133.766637,34.609756,250,公設
332020,0100000485,岡山県倉敷市,消火栓,332020,,倉敷市日ノ出町２丁目７番９号,岡山県,倉敷市,,,,133.764702,34.608896,250,公設
332020,0100000486,岡山県倉敷市,消火栓,332020,,倉敷市日ノ出町２丁目２番３７地先,岡山県,倉敷市,,,,133.767365,34.606659,75,公設
332020,0100000487,岡山県倉敷市,消火栓,332020,,倉敷市日ノ出町２丁目４番１号,岡山県,倉敷市,,,,133.766622,34.608619,75,公設
332020,0100000488,岡山県倉敷市,消火栓,332020,,倉敷市日ノ出町２丁目４番１０地先,岡山県,倉敷市,,,,133.765722,34.607886,150,公設
332020,0100000489,岡山県倉敷市,消火栓,332020,,倉敷市北浜町３番地,岡山県,倉敷市,,,,133.764036,34.606219,400,公設
332020,0100000490,岡山県倉敷市,消火栓,332020,,倉敷市北浜町２番７号,岡山県,倉敷市,,,,133.763378,34.605913,200,公設
332020,0100000491,岡山県倉敷市,消火栓,332020,,倉敷市北浜町６番１地先,岡山県,倉敷市,,,,133.762655,34.607904,400,公設
332020,0100000492,岡山県倉敷市,消火栓,332020,,倉敷市北浜町１番地,岡山県,倉敷市,,,,133.764118,34.604844,100,公設
332020,0100000493,岡山県倉敷市,消火栓,332020,,倉敷市北浜町１番地先,岡山県,倉敷市,,,,133.763217,34.604794,100,公設
332020,0100000494,岡山県倉敷市,消火栓,332020,,倉敷市北浜町８番７１号,岡山県,倉敷市,,,,133.761198,34.60921,150,公設
332020,0100000495,岡山県倉敷市,消火栓,332020,,倉敷市北浜町４番１の１８,岡山県,倉敷市,,,,133.765522,34.606689,75,公設
332020,0100000496,岡山県倉敷市,消火栓,332020,,倉敷市北浜町６番１地先,岡山県,倉敷市,,,,133.764594,34.607413,100,公設
332020,0100000497,岡山県倉敷市,消火栓,332020,,倉敷市北浜町８番６６号,岡山県,倉敷市,,,,133.761206,34.609526,100,公設
332020,0100000498,岡山県倉敷市,消火栓,332020,,倉敷市寿町３番１号,岡山県,倉敷市,,,,133.76736,34.603673,400,公設
332020,0100000499,岡山県倉敷市,消火栓,332020,,倉敷市寿町４番地３先,岡山県,倉敷市,,,,133.766305,34.603984,150,公設
332020,0100000500,岡山県倉敷市,消火栓,332020,,倉敷市寿町４番地２０先,岡山県,倉敷市,,,,133.766602,34.60422,75,公設
332020,0100000501,岡山県倉敷市,消火栓,332020,,倉敷市寿町８番２号,岡山県,倉敷市,,,,133.766319,34.604644,75,公設
332020,0100000502,岡山県倉敷市,消火栓,332020,,倉敷市寿町１３番地,岡山県,倉敷市,,,,133.764763,34.602589,150,公設
332020,0100000503,岡山県倉敷市,消火栓,332020,,倉敷市寿町９番６号,岡山県,倉敷市,,,,133.765515,34.604423,400,公設
332020,0100000504,岡山県倉敷市,消火栓,332020,,倉敷市寿町１３番地,岡山県,倉敷市,,,,133.766044,34.603116,100,公設
332020,0100000505,岡山県倉敷市,消火栓,332020,,倉敷市寿町７番地２８号地先,岡山県,倉敷市,,,,133.766573,34.605414,150,公設
332020,0100000506,岡山県倉敷市,消火栓,332020,,倉敷市幸町７番４号,岡山県,倉敷市,,,,133.773028,34.606897,75,公設
332020,0100000507,岡山県倉敷市,消火栓,332020,,倉敷市幸町６番５号地先,岡山県,倉敷市,,,,133.773609,34.605797,250,公設
332020,0100000508,岡山県倉敷市,消火栓,332020,,倉敷市幸町９番１０号,岡山県,倉敷市,,,,133.775015,34.606909,75,公設
332020,0100000509,岡山県倉敷市,消火栓,332020,,倉敷市幸町２番３０号地先,岡山県,倉敷市,,,,133.772685,34.603421,250,公設
332020,0100000510,岡山県倉敷市,消火栓,332020,,倉敷市幸町３番３３号地先,岡山県,倉敷市,,,,133.772758,34.602115,250,公設
332020,0100000511,岡山県倉敷市,消火栓,332020,,倉敷市幸町４番４８号,岡山県,倉敷市,,,,133.773608,34.604196,150,公設
332020,0100000512,岡山県倉敷市,消火栓,332020,,倉敷市幸町４番３４号地先,岡山県,倉敷市,,,,133.773852,34.602895,150,公設
332020,0100000513,岡山県倉敷市,消火栓,332020,,倉敷市幸町１４番２２号地先,岡山県,倉敷市,,,,133.776842,34.604159,100,公設
332020,0100000514,岡山県倉敷市,消火栓,332020,,倉敷市幸町１１番２０号,岡山県,倉敷市,,,,133.776048,34.603796,75,公設
332020,0100000515,岡山県倉敷市,消火栓,332020,,倉敷市西坂１４８０番１９３号,岡山県,倉敷市,,,,133.776277,34.63366,100,公設
332020,0100000516,岡山県倉敷市,消火栓,332020,,倉敷市幸町１２番２２号地先,岡山県,倉敷市,,,,133.776951,34.603206,100,公設
332020,0100000517,岡山県倉敷市,消火栓,332020,,倉敷市幸町６番１０号地先,岡山県,倉敷市,,,,133.774515,34.605301,100,公設
332020,0100000518,岡山県倉敷市,消火栓,332020,,倉敷市幸町４番１９号地先,岡山県,倉敷市,,,,133.774435,34.603519,75,公設
332020,0100000519,岡山県倉敷市,消火栓,332020,,倉敷市幸町１１番５号,岡山県,倉敷市,,,,133.775153,34.604402,75,公設
332020,0100000520,岡山県倉敷市,消火栓,332020,,倉敷市西坂１４８０番１５７号,岡山県,倉敷市,,,,133.776952,34.633901,75,公設
332020,0100000521,岡山県倉敷市,消火栓,332020,,倉敷市西坂１４８０番１７９号,岡山県,倉敷市,,,,133.776406,34.63283,100,公設
332020,0100000522,岡山県倉敷市,消火栓,332020,,倉敷市西坂１４８０番１４７号,岡山県,倉敷市,,,,133.777153,34.633093,75,公設
332020,0100000523,岡山県倉敷市,消火栓,332020,,倉敷市西坂１４８０番地１２７,岡山県,倉敷市,,,,133.776022,34.632224,150,公設
332020,0100000524,岡山県倉敷市,消火栓,332020,,倉敷市西坂１４８０番９９号,岡山県,倉敷市,,,,133.776848,34.632554,100,公設
332020,0100000525,岡山県倉敷市,消火栓,332020,,倉敷市西坂１４８０番６２号,岡山県,倉敷市,,,,133.777478,34.632763,100,公設
332020,0100000526,岡山県倉敷市,消火栓,332020,,倉敷市西坂１４８０番地１７,岡山県,倉敷市,,,,133.775991,34.631311,150,公設
332020,0100000527,岡山県倉敷市,消火栓,332020,,倉敷市西坂１４８０番１９号,岡山県,倉敷市,,,,133.776378,34.631447,100,公設
332020,0100000528,岡山県倉敷市,消火栓,332020,,倉敷市西坂１４８０番３７号,岡山県,倉敷市,,,,133.777147,34.631539,100,公設
332020,0100000529,岡山県倉敷市,消火栓,332020,,倉敷市西坂１４８０番４２号,岡山県,倉敷市,,,,133.778054,34.631656,75,公設
332020,0100000530,岡山県倉敷市,消火栓,332020,,倉敷市西坂７０７番８号,岡山県,倉敷市,,,,133.774796,34.62201,100,公設
332020,0100000531,岡山県倉敷市,消火栓,332020,,倉敷市西坂１３７番２号,岡山県,倉敷市,,,,133.774486,34.62061,100,公設
332020,0100000532,岡山県倉敷市,消火栓,332020,,倉敷市西坂７４７番４号,岡山県,倉敷市,,,,133.775284,34.623459,100,公設
332020,0100000533,岡山県倉敷市,消火栓,332020,,倉敷市西坂１１１０番地地先,岡山県,倉敷市,,,,133.775148,34.629762,100,公設
332020,0100000534,岡山県倉敷市,消火栓,332020,,倉敷市西坂１５８６番５号,岡山県,倉敷市,,,,133.776529,34.629967,200,公設
332020,0100000535,岡山県倉敷市,消火栓,332020,,倉敷市西坂１６５４番２号,岡山県,倉敷市,,,,133.779106,34.63038,200,公設
332020,0100000536,岡山県倉敷市,消火栓,332020,,倉敷市西坂１７１７番１号,岡山県,倉敷市,,,,133.776044,34.625749,200,公設
332020,0100000537,岡山県倉敷市,消火栓,332020,,倉敷市西坂２２５５－１,岡山県,倉敷市,,,,133.778611,34.629761,100,公設
332020,0100000538,岡山県倉敷市,消火栓,332020,,倉敷市西坂１６６９番３号,岡山県,倉敷市,,,,133.77768,34.628338,100,公設
332020,0100000539,岡山県倉敷市,消火栓,332020,,倉敷市西坂１７５４番地,岡山県,倉敷市,,,,133.778037,34.626923,150,公設
332020,0100000540,岡山県倉敷市,消火栓,332020,,倉敷市西坂１３７４番７６号,岡山県,倉敷市,,,,133.773936,34.641622,150,公設
332020,0100000541,岡山県倉敷市,消火栓,332020,,倉敷市西坂１３７４番１６６号,岡山県,倉敷市,,,,133.774269,34.643232,100,公設
332020,0100000542,岡山県倉敷市,消火栓,332020,,倉敷市西坂１３４２番１７号,岡山県,倉敷市,,,,133.768756,34.639697,250,公設
332020,0100000543,岡山県倉敷市,消火栓,332020,,倉敷市西坂１３４２番８４号,岡山県,倉敷市,,,,133.769838,34.638031,100,公設
332020,0100000544,岡山県倉敷市,消火栓,332020,,倉敷市西坂１３４２番１６１号,岡山県,倉敷市,,,,133.770638,34.638877,150,公設
332020,0100000545,岡山県倉敷市,消火栓,332020,,倉敷市西坂１３４２番１５１号,岡山県,倉敷市,,,,133.771781,34.637873,100,公設
332020,0100000546,岡山県倉敷市,消火栓,332020,,倉敷市西坂１３４２番３７３号,岡山県,倉敷市,,,,133.772083,34.639182,150,公設
332020,0100000547,岡山県倉敷市,消火栓,332020,,倉敷市西坂１３４２番地４０２,岡山県,倉敷市,,,,133.772568,34.64076,150,公設
332020,0100000548,岡山県倉敷市,消火栓,332020,,倉敷市西坂１４０４番地,岡山県,倉敷市,,,,133.774707,34.639838,200,公設
332020,0100000549,岡山県倉敷市,消火栓,332020,,倉敷市西坂１７６８番２号,岡山県,倉敷市,,,,133.778491,34.625317,100,公設
332020,0100000550,岡山県倉敷市,消火栓,332020,,倉敷市西坂１０６４番地,岡山県,倉敷市,,,,133.773625,34.630913,75,公設
332020,0100000551,岡山県倉敷市,消火栓,332020,,倉敷市西坂１６９５番地,岡山県,倉敷市,,,,133.775488,34.6281,100,公設
332020,0100000552,岡山県倉敷市,消火栓,332020,,倉敷市西坂１９０７番地,岡山県,倉敷市,,,,133.780062,34.61883,75,公設
332020,0100000553,岡山県倉敷市,消火栓,332020,,倉敷市西坂８８７番５号,岡山県,倉敷市,,,,133.772154,34.627615,75,公設
332020,0100000554,岡山県倉敷市,消火栓,332020,,倉敷市西坂１７１１番３号,岡山県,倉敷市,,,,133.775653,34.627,100,公設
332020,0100000555,岡山県倉敷市,消火栓,332020,,倉敷市西坂１８０１番４号,岡山県,倉敷市,,,,133.778694,34.624551,100,公設
332020,0100000556,岡山県倉敷市,消火栓,332020,,倉敷市西坂２１番１号,岡山県,倉敷市,,,,133.777241,34.618885,150,公設
332020,0100000557,岡山県倉敷市,消火栓,332020,,倉敷市西坂１４８０番２０１号,岡山県,倉敷市,,,,133.775817,34.632507,100,公設
332020,0100000558,岡山県倉敷市,消火栓,332020,,倉敷市西坂１０９４番地,岡山県,倉敷市,,,,133.773302,34.62934,100,公設
332020,0100000559,岡山県倉敷市,消火栓,332020,,倉敷市昭和１丁目２番３１号,岡山県,倉敷市,,,,133.771104,34.604937,250,公設
332020,0100000561,岡山県倉敷市,消火栓,332020,,倉敷市昭和２丁目１番４８地先,岡山県,倉敷市,,,,133.771212,34.601996,100,公設
332020,0100000562,岡山県倉敷市,消火栓,332020,,倉敷市昭和２丁目１番１６地先,岡山県,倉敷市,,,,133.770372,34.603465,125,公設
332020,0100000563,岡山県倉敷市,消火栓,332020,,倉敷市昭和２丁目１番２８地先,岡山県,倉敷市,,,,133.771099,34.603927,75,公設
332020,0100000564,岡山県倉敷市,消火栓,332020,,倉敷市昭和２丁目４番１５地先,岡山県,倉敷市,,,,133.772399,34.604921,250,公設
332020,0100000565,岡山県倉敷市,消火栓,332020,,倉敷市昭和２丁目２番１号,岡山県,倉敷市,,,,133.771152,34.603043,100,公設
332020,0100000566,岡山県倉敷市,消火栓,332020,,倉敷市美和１丁目１３番９号,岡山県,倉敷市,,,,133.777861,34.600717,150,公設
332020,0100000567,岡山県倉敷市,消火栓,332020,,倉敷市美和１丁目１４番２０号,岡山県,倉敷市,,,,133.777774,34.601173,150,公設
332020,0100000568,岡山県倉敷市,消火栓,332020,,倉敷市美和１丁目１１番２５号地先,岡山県,倉敷市,,,,133.775862,34.599518,250,公設
332020,0100000569,岡山県倉敷市,消火栓,332020,,倉敷市美和１丁目５番３号地先,岡山県,倉敷市,,,,133.77543,34.600215,75,公設
332020,0100000570,岡山県倉敷市,消火栓,332020,,倉敷市美和１丁目２番１号,岡山県,倉敷市,,,,133.774155,34.601038,250,公設
332020,0100000571,岡山県倉敷市,消火栓,332020,,倉敷市美和１丁目１４番１４号,岡山県,倉敷市,,,,133.777112,34.602003,100,公設
332020,0100000572,岡山県倉敷市,消火栓,332020,,倉敷市美和１丁目２番２５号地先,岡山県,倉敷市,,,,133.774397,34.600416,250,公設
332020,0100000573,岡山県倉敷市,消火栓,332020,,倉敷市美和１丁目４番１９号地先,岡山県,倉敷市,,,,133.774697,34.59962,250,公設
332020,0100000574,岡山県倉敷市,消火栓,332020,,倉敷市美和１丁目８番１５号,岡山県,倉敷市,,,,133.777204,34.600688,100,公設
332020,0100000575,岡山県倉敷市,消火栓,332020,,倉敷市美和１丁目８番２５号地先,岡山県,倉敷市,,,,133.776155,34.600654,100,公設
332020,0100000576,岡山県倉敷市,消火栓,332020,,倉敷市美和２丁目１４番４号,岡山県,倉敷市,,,,133.777365,34.599362,300,公設
332020,0100000577,岡山県倉敷市,消火栓,332020,,倉敷市美和２丁目１番１１号地先,岡山県,倉敷市,,,,133.774842,34.59893,150,公設
332020,0100000578,岡山県倉敷市,消火栓,332020,,倉敷市美和２丁目２番１９号地先,岡山県,倉敷市,,,,133.775261,34.597817,150,公設
332020,0100000579,岡山県倉敷市,消火栓,332020,,倉敷市美和２丁目７番１７号地先,岡山県,倉敷市,,,,133.775607,34.598405,75,公設
332020,0100000580,岡山県倉敷市,消火栓,332020,,倉敷市美和２丁目７番１０号地先,岡山県,倉敷市,,,,133.776009,34.598663,75,公設
332020,0100000581,岡山県倉敷市,消火栓,332020,,倉敷市美和２丁目１０番５号地先,岡山県,倉敷市,,,,133.776713,34.598588,75,公設
332020,0100000582,岡山県倉敷市,消火栓,332020,,倉敷市美和２丁目８番２号,岡山県,倉敷市,,,,133.777718,34.597955,75,公設
332020,0100000583,岡山県倉敷市,消火栓,332020,,倉敷市鶴形１丁目３番８号,岡山県,倉敷市,,,,133.770015,34.601859,150,公設
332020,0100000584,岡山県倉敷市,消火栓,332020,,倉敷市鶴形１丁目２番５号,岡山県,倉敷市,,,,133.769577,34.60137,75,公設
332020,0100000585,岡山県倉敷市,消火栓,332020,,倉敷市鶴形１丁目５番１号,岡山県,倉敷市,,,,133.769976,34.60084,150,公設
332020,0100000586,岡山県倉敷市,消火栓,332020,,倉敷市鶴形１丁目２番２０号,岡山県,倉敷市,,,,133.769592,34.600749,100,公設
332020,0100000587,岡山県倉敷市,消火栓,332020,,倉敷市鶴形１丁目４番１７号,岡山県,倉敷市,,,,133.771129,34.600885,150,公設
332020,0100000588,岡山県倉敷市,消火栓,332020,,倉敷市鶴形１丁目７番１号,岡山県,倉敷市,,,,133.771298,34.600814,100,公設
332020,0100000589,岡山県倉敷市,消火栓,332020,,倉敷市鶴形１丁目４番２２号,岡山県,倉敷市,,,,133.771315,34.601394,150,公設
332020,0100000590,岡山県倉敷市,消火栓,332020,,倉敷市鶴形１丁目９番７号,岡山県,倉敷市,,,,133.772502,34.601443,150,公設
332020,0100000591,岡山県倉敷市,消火栓,332020,,倉敷市鶴形１丁目７番６号,岡山県,倉敷市,,,,133.772187,34.600862,100,公設
332020,0100000592,岡山県倉敷市,消火栓,332020,,倉敷市鶴形１丁目６番１３号,岡山県,倉敷市,,,,133.772761,34.600347,75,公設
332020,0100000593,岡山県倉敷市,消火栓,332020,,倉敷市鶴形１丁目７番３０号,岡山県,倉敷市,,,,133.771483,34.600297,75,公設
332020,0100000594,岡山県倉敷市,消火栓,332020,,倉敷市鶴形１丁目１３番５号,岡山県,倉敷市,,,,133.773595,34.6004,75,公設
332020,0100000595,岡山県倉敷市,消火栓,332020,,倉敷市鶴形１丁目５番６号,岡山県,倉敷市,,,,133.770642,34.600799,100,公設
332020,0100000596,岡山県倉敷市,消火栓,332020,,倉敷市鶴形１丁目１２番７号,岡山県,倉敷市,,,,133.773336,34.600908,100,公設
332020,0100000597,岡山県倉敷市,消火栓,332020,,倉敷市鶴形２丁目５番３３号,岡山県,倉敷市,,,,133.770445,34.600022,150,公設
332020,0100000598,岡山県倉敷市,消火栓,332020,,倉敷市鶴形２丁目６番４号,岡山県,倉敷市,,,,133.771289,34.600031,100,公設
332020,0100000599,岡山県倉敷市,消火栓,332020,,倉敷市鶴形２丁目６番９号,岡山県,倉敷市,,,,133.77193,34.599919,150,公設
332020,0100000600,岡山県倉敷市,消火栓,332020,,倉敷市鶴形２丁目７番１号,岡山県,倉敷市,,,,133.772898,34.599784,100,公設
332020,0100000601,岡山県倉敷市,消火栓,332020,,倉敷市鶴形２丁目８番６号地先,岡山県,倉敷市,,,,133.773946,34.599709,150,公設
332020,0100000602,岡山県倉敷市,消火栓,332020,,倉敷市鶴形２丁目２番２１号,岡山県,倉敷市,,,,133.770472,34.599041,150,公設
332020,0100000603,岡山県倉敷市,消火栓,332020,,倉敷市鶴形２丁目５番１３号,岡山県,倉敷市,,,,133.771284,34.598629,100,公設
332020,0100000604,岡山県倉敷市,消火栓,332020,,倉敷市鶴形２丁目９番８号,岡山県,倉敷市,,,,133.772956,34.598892,100,公設
332020,0100000605,岡山県倉敷市,消火栓,332020,,倉敷市阿知１丁目４番１０,岡山県,倉敷市,,,,133.768579,34.602444,200,公設
332020,0100000606,岡山県倉敷市,消火栓,332020,,倉敷市阿知１丁目４番３,岡山県,倉敷市,,,,133.768156,34.603121,250,公設
332020,0100000607,岡山県倉敷市,消火栓,332020,,倉敷市阿知１丁目６番３号,岡山県,倉敷市,,,,133.767131,34.602436,200,公設
332020,0100000608,岡山県倉敷市,消火栓,332020,,倉敷市阿知１丁目４－１７,岡山県,倉敷市,,,,133.768224,34.602609,100,公設
332020,0100000609,岡山県倉敷市,消火栓,332020,,倉敷市阿知１丁目６番,岡山県,倉敷市,,,,133.767859,34.60191,200,公設
332020,0100000610,岡山県倉敷市,消火栓,332020,,倉敷市阿知１丁目１番１号,岡山県,倉敷市,,,,133.766355,34.601738,75,公設
332020,0100000611,岡山県倉敷市,消火栓,332020,,倉敷市阿知１丁目１４番１１号,岡山県,倉敷市,,,,133.765007,34.600249,100,公設
332020,0100000612,岡山県倉敷市,消火栓,332020,,倉敷市阿知１丁目１５番２１号,岡山県,倉敷市,,,,133.764411,34.599538,100,公設
332020,0100000613,岡山県倉敷市,消火栓,332020,,倉敷市阿知１丁目１４番３号,岡山県,倉敷市,,,,133.765017,34.600788,250,公設
332020,0100000614,岡山県倉敷市,消火栓,332020,,倉敷市阿知１丁目７番２号,岡山県,倉敷市,,,,133.766869,34.601251,300,公設
332020,0100000615,岡山県倉敷市,消火栓,332020,,倉敷市阿知１丁目７番２号,岡山県,倉敷市,,,,133.76624,34.601341,150,公設
332020,0100000616,岡山県倉敷市,消火栓,332020,,倉敷市阿知１丁目７番２号,岡山県,倉敷市,,,,133.766575,34.60096,300,公設
332020,0100000617,岡山県倉敷市,消火栓,332020,,倉敷市阿知１丁目７番２号,岡山県,倉敷市,,,,133.765789,34.601213,150,公設
332020,0100000618,岡山県倉敷市,消火栓,332020,,倉敷市阿知１丁目７番２号,岡山県,倉敷市,,,,133.766112,34.600712,250,公設
332020,0100000619,岡山県倉敷市,消火栓,332020,,倉敷市阿知１丁目１４番８号,岡山県,倉敷市,,,,133.765598,34.600359,250,公設
332020,0100000620,岡山県倉敷市,消火栓,332020,,倉敷市阿知１丁目１６番３号,岡山県,倉敷市,,,,133.764422,34.600185,100,公設
332020,0100000621,岡山県倉敷市,消火栓,332020,,倉敷市阿知２丁目４番１号,岡山県,倉敷市,,,,133.768481,34.602067,150,公設
332020,0100000623,岡山県倉敷市,消火栓,332020,,倉敷市阿知２丁目４番２５号,岡山県,倉敷市,,,,133.768193,34.601626,150,公設
332020,0100000624,岡山県倉敷市,消火栓,332020,,倉敷市阿知２丁目５番６号,岡山県,倉敷市,,,,133.768963,34.601703,150,公設
332020,0100000625,岡山県倉敷市,消火栓,332020,,倉敷市阿知２丁目１番１７号,岡山県,倉敷市,,,,133.766903,34.600812,150,公設
332020,0100000626,岡山県倉敷市,消火栓,332020,,倉敷市阿知２丁目３番２７号,岡山県,倉敷市,,,,133.767445,34.601275,75,公設
332020,0100000627,岡山県倉敷市,消火栓,332020,,倉敷市阿知２丁目１０番２２号,岡山県,倉敷市,,,,133.767953,34.599332,200,公設
332020,0100000628,岡山県倉敷市,消火栓,332020,,倉敷市阿知２丁目３番２１号,岡山県,倉敷市,,,,133.767661,34.600782,150,公設
332020,0100000629,岡山県倉敷市,消火栓,332020,,倉敷市阿知２丁目６番１号,岡山県,倉敷市,,,,133.76821,34.600717,200,公設
332020,0100000630,岡山県倉敷市,消火栓,332020,,倉敷市阿知２丁目５番２１号,岡山県,倉敷市,,,,133.768678,34.600787,150,公設
332020,0100000631,岡山県倉敷市,消火栓,332020,,倉敷市阿知２丁目５番１９号,岡山県,倉敷市,,,,133.768981,34.601088,150,公設
332020,0100000632,岡山県倉敷市,消火栓,332020,,倉敷市阿知２丁目８番１号,岡山県,倉敷市,,,,133.76724,34.60026,200,公設
332020,0100000633,岡山県倉敷市,消火栓,332020,,倉敷市阿知２丁目１０番１６号,岡山県,倉敷市,,,,133.768389,34.598958,100,公設
332020,0100000634,岡山県倉敷市,消火栓,332020,,倉敷市阿知２丁目７番１７号,岡山県,倉敷市,,,,133.768284,34.599901,200,公設
332020,0100000635,岡山県倉敷市,消火栓,332020,,倉敷市阿知２丁目６番６号,岡山県,倉敷市,,,,133.768991,34.600218,150,公設
332020,0100000636,岡山県倉敷市,消火栓,332020,,倉敷市阿知２丁目１７番１号,岡山県,倉敷市,,,,133.768895,34.599536,200,公設
332020,0100000637,岡山県倉敷市,消火栓,332020,,倉敷市阿知２丁目１３番６号,岡山県,倉敷市,,,,133.769646,34.599551,75,公設
332020,0100000638,岡山県倉敷市,消火栓,332020,,倉敷市阿知２丁目１５番７号,岡山県,倉敷市,,,,133.77003,34.599819,75,公設
332020,0100000639,岡山県倉敷市,消火栓,332020,,倉敷市阿知２丁目２２番１号,岡山県,倉敷市,,,,133.769345,34.597301,150,公設
332020,0100000640,岡山県倉敷市,消火栓,332020,,倉敷市阿知２丁目１９番３０号,岡山県,倉敷市,,,,133.768846,34.598125,200,公設
332020,0100000642,岡山県倉敷市,消火栓,332020,,倉敷市阿知２丁目１６番３７号,岡山県,倉敷市,,,,133.770276,34.598224,200,公設
332020,0100000643,岡山県倉敷市,消火栓,332020,,倉敷市阿知２丁目２５番４３号,岡山県,倉敷市,,,,133.770342,34.597692,200,公設
332020,0100000644,岡山県倉敷市,消火栓,332020,,倉敷市阿知２丁目２５番３３号,岡山県,倉敷市,,,,133.771067,34.597146,200,公設
332020,0100000645,岡山県倉敷市,消火栓,332020,,倉敷市阿知３丁目４番１２号,岡山県,倉敷市,,,,133.766049,34.600245,125,公設
332020,0100000646,岡山県倉敷市,消火栓,332020,,倉敷市阿知３丁目１０番３３号,岡山県,倉敷市,,,,133.764449,34.599145,150,公設
332020,0100000647,岡山県倉敷市,消火栓,332020,,倉敷市阿知３丁目１０番４８号,岡山県,倉敷市,,,,133.766025,34.59917,75,公設
332020,0100000648,岡山県倉敷市,消火栓,332020,,倉敷市阿知３丁目８－５,岡山県,倉敷市,,,,133.766772,34.599535,150,公設
332020,0100000650,岡山県倉敷市,消火栓,332020,,倉敷市阿知３丁目１２番２号,岡山県,倉敷市,,,,133.766857,34.598579,150,公設
332020,0100000651,岡山県倉敷市,消火栓,332020,,倉敷市阿知３丁目１２番２３号,岡山県,倉敷市,,,,133.76589,34.598152,75,公設
332020,0100000652,岡山県倉敷市,消火栓,332020,,倉敷市阿知３丁目１８番地１８,岡山県,倉敷市,,,,133.766877,34.597635,150,公設
332020,0100000653,岡山県倉敷市,消火栓,332020,,倉敷市阿知３丁目１５番１０号,岡山県,倉敷市,,,,133.767763,34.59795,100,公設
332020,0100000654,岡山県倉敷市,消火栓,332020,,倉敷市阿知３丁目１５番１８号,岡山県,倉敷市,,,,133.768376,34.598178,75,公設
332020,0100000655,岡山県倉敷市,消火栓,332020,,倉敷市阿知３丁目１８番６号,岡山県,倉敷市,,,,133.767582,34.597082,150,公設
332020,0100000656,岡山県倉敷市,消火栓,332020,,倉敷市阿知３丁目２０番１８号,岡山県,倉敷市,,,,133.768434,34.597231,150,公設
332020,0100000657,岡山県倉敷市,消火栓,332020,,倉敷市阿知３丁目２１番３０号,岡山県,倉敷市,,,,133.769111,34.597377,350,公設
332020,0100000658,岡山県倉敷市,消火栓,332020,,倉敷市阿知３丁目１４番１号,岡山県,倉敷市,,,,133.768228,34.598661,350,公設
332020,0100000659,岡山県倉敷市,消火栓,332020,,倉敷市阿知３丁目９番３号,岡山県,倉敷市,,,,133.767431,34.599726,350,公設
332020,0100000660,岡山県倉敷市,消火栓,332020,,倉敷市阿知３丁目２番３号,岡山県,倉敷市,,,,133.766858,34.600441,350,公設
332020,0100000661,岡山県倉敷市,消火栓,332020,,倉敷市阿知３丁目２１番９号,岡山県,倉敷市,,,,133.769257,34.596808,350,公設
332020,0100000663,岡山県倉敷市,消火栓,332020,,倉敷市阿知３丁目１０番１０号,岡山県,倉敷市,,,,133.766375,34.598798,75,公設
332020,0100000664,岡山県倉敷市,消火栓,332020,,倉敷市川西町１３番９号,岡山県,倉敷市,,,,133.762071,34.598469,250,公設
332020,0100000665,岡山県倉敷市,消火栓,332020,,倉敷市川西町１１番１８号,岡山県,倉敷市,,,,133.762924,34.598277,250,公設
332020,0100000666,岡山県倉敷市,消火栓,332020,,倉敷市川西町１番１０号,岡山県,倉敷市,,,,133.763843,34.598904,100,公設
332020,0100000667,岡山県倉敷市,消火栓,332020,,倉敷市川西町１４番７号,岡山県,倉敷市,,,,133.763478,34.597995,100,公設
332020,0100000668,岡山県倉敷市,消火栓,332020,,倉敷市川西町８番１１号,岡山県,倉敷市,,,,133.764373,34.598152,150,公設
332020,0100000669,岡山県倉敷市,消火栓,332020,,倉敷市川西町１６,岡山県,倉敷市,,,,133.763311,34.597414,150,公設
332020,0100000670,岡山県倉敷市,消火栓,332020,,倉敷市川西町１６番３０号,岡山県,倉敷市,,,,133.764265,34.597328,150,公設
332020,0100000671,岡山県倉敷市,消火栓,332020,,倉敷市川西町１８番２４,岡山県,倉敷市,,,,133.765149,34.597241,150,公設
332020,0100000672,岡山県倉敷市,消火栓,332020,,倉敷市川西町２０番１５号,岡山県,倉敷市,,,,133.765815,34.597024,75,公設
332020,0100000673,岡山県倉敷市,消火栓,332020,,倉敷市西岡１６３５番１号,岡山県,倉敷市,,,,133.76567,34.618487,75,公設
332020,0100000674,岡山県倉敷市,消火栓,332020,,倉敷市川西町７番３７号,岡山県,倉敷市,,,,133.765434,34.597755,100,公設
332020,0100000675,岡山県倉敷市,消火栓,332020,,倉敷市川西町２０番１号,岡山県,倉敷市,,,,133.766691,34.596814,150,公設
332020,0100000676,岡山県倉敷市,消火栓,332020,,倉敷市川西町１番１号,岡山県,倉敷市,,,,133.763535,34.599399,250,公設
332020,0100000677,岡山県倉敷市,消火栓,332020,,倉敷市西岡１２８３番２号,岡山県,倉敷市,,,,133.766743,34.617856,75,公設
332020,0100000678,岡山県倉敷市,消火栓,332020,,倉敷市西岡１６５３番７号,岡山県,倉敷市,,,,133.767806,34.617358,400,公設
332020,0100000679,岡山県倉敷市,消火栓,332020,,倉敷市西岡１６６７番地,岡山県,倉敷市,,,,133.769932,34.618583,150,公設
332020,0100000680,岡山県倉敷市,消火栓,332020,,倉敷市西岡１６７２番地,岡山県,倉敷市,,,,133.771315,34.618915,400,公設
332020,0100000681,岡山県倉敷市,消火栓,332020,,倉敷市西岡１２１５番地,岡山県,倉敷市,,,,133.773599,34.619734,400,公設
332020,0100000682,岡山県倉敷市,消火栓,332020,,倉敷市西岡１０８０番地,岡山県,倉敷市,,,,133.766571,34.615932,100,公設
332020,0100000683,岡山県倉敷市,消火栓,332020,,倉敷市西岡１２５６番１号,岡山県,倉敷市,,,,133.770171,34.617107,150,公設
332020,0100000684,岡山県倉敷市,消火栓,332020,,倉敷市西岡１３０６番地,岡山県,倉敷市,,,,133.763351,34.617799,150,公設
332020,0100000685,岡山県倉敷市,消火栓,332020,,倉敷市西岡１２３２番地２３,岡山県,倉敷市,,,,133.771114,34.617977,75,公設
332020,0100000686,岡山県倉敷市,消火栓,332020,,倉敷市西岡１０１１番３１号,岡山県,倉敷市,,,,133.763635,34.615097,250,公設
332020,0100000687,岡山県倉敷市,消火栓,332020,,倉敷市西岡１３０９番地,岡山県,倉敷市,,,,133.763674,34.616506,400,公設
332020,0100000688,岡山県倉敷市,消火栓,332020,,倉敷市西岡２５７番７号,岡山県,倉敷市,,,,133.770186,34.614762,150,公設
332020,0100000689,岡山県倉敷市,消火栓,332020,,倉敷市西岡１７３０番１号,岡山県,倉敷市,,,,133.768847,34.618674,75,公設
332020,0100000690,岡山県倉敷市,消火栓,332020,,倉敷市西岡２８３番３号,岡山県,倉敷市,,,,133.768555,34.614054,100,公設
332020,0100000691,岡山県倉敷市,消火栓,332020,,倉敷市西岡１８２２番１号,岡山県,倉敷市,,,,133.767846,34.620589,100,公設
332020,0100000692,岡山県倉敷市,消火栓,332020,,倉敷市西岡１９７４番３号,岡山県,倉敷市,,,,133.762553,34.619573,75,公設
332020,0100000693,岡山県倉敷市,消火栓,332020,,倉敷市西岡２６９番４号,岡山県,倉敷市,,,,133.76766,34.614882,100,公設
332020,0100000694,岡山県倉敷市,消火栓,332020,,倉敷市西岡１００４番地１,岡山県,倉敷市,,,,133.763792,34.616145,250,公設
332020,0100000695,岡山県倉敷市,消火栓,332020,,倉敷市西岡１１０１番地,岡山県,倉敷市,,,,133.768644,34.61681,75,公設
332020,0100000696,岡山県倉敷市,消火栓,332020,,倉敷市老松町１丁目１番５１号,岡山県,倉敷市,,,,133.761102,34.598768,100,公設
332020,0100000697,岡山県倉敷市,消火栓,332020,,倉敷市老松町１丁目５番４１,岡山県,倉敷市,,,,133.758375,34.598455,100,公設
332020,0100000698,岡山県倉敷市,消火栓,332020,,倉敷市老松町１丁目１番７号,岡山県,倉敷市,,,,133.758973,34.597626,150,公設
332020,0100000699,岡山県倉敷市,消火栓,332020,,倉敷市老松町１丁目６番３号,岡山県,倉敷市,,,,133.757229,34.597873,100,公設
332020,0100000700,岡山県倉敷市,消火栓,332020,,倉敷市老松町１丁目５番１号,岡山県,倉敷市,,,,133.758101,34.59768,100,公設
332020,0100000701,岡山県倉敷市,消火栓,332020,,倉敷市老松町１丁目２番１１号,岡山県,倉敷市,,,,133.757506,34.597137,150,公設
332020,0100000702,岡山県倉敷市,消火栓,332020,,倉敷市老松町１丁目８番３２号,岡山県,倉敷市,,,,133.755254,34.596587,150,公設
332020,0100000703,岡山県倉敷市,消火栓,332020,,倉敷市老松町１丁目１番３５号,岡山県,倉敷市,,,,133.759373,34.598792,300,公設
332020,0100000704,岡山県倉敷市,消火栓,332020,,倉敷市老松町２丁目２番１号,岡山県,倉敷市,,,,133.762023,34.597556,75,公設
332020,0100000705,岡山県倉敷市,消火栓,332020,,倉敷市老松町２丁目１２番８号,岡山県,倉敷市,,,,133.758547,34.595022,100,公設
332020,0100000706,岡山県倉敷市,消火栓,332020,,倉敷市老松町２丁目６番２２号,岡山県,倉敷市,,,,133.760443,34.596818,250,公設
332020,0100000707,岡山県倉敷市,消火栓,332020,,倉敷市老松町２丁目１３番１８号,岡山県,倉敷市,,,,133.75755,34.595429,100,公設
332020,0100000708,岡山県倉敷市,消火栓,332020,,倉敷市老松町２丁目７番２号,岡山県,倉敷市,,,,133.760583,34.596472,100,公設
332020,0100000709,岡山県倉敷市,消火栓,332020,,倉敷市老松町３丁目１０番３０号地先,岡山県,倉敷市,,,,133.760128,34.596018,100,公設
332020,0100000710,岡山県倉敷市,消火栓,332020,,倉敷市老松町３丁目９番２７号地先,岡山県,倉敷市,,,,133.761478,34.596997,100,公設
332020,0100000711,岡山県倉敷市,消火栓,332020,,倉敷市老松町３丁目７番１０号地先,岡山県,倉敷市,,,,133.761343,34.595847,75,公設
332020,0100000712,岡山県倉敷市,消火栓,332020,,倉敷市老松町３丁目１３番２５号地先,岡山県,倉敷市,,,,133.760844,34.59462,100,公設
332020,0100000713,岡山県倉敷市,消火栓,332020,,倉敷市老松町３丁目６番２７号地先,岡山県,倉敷市,,,,133.762049,34.595149,75,公設
332020,0100000714,岡山県倉敷市,消火栓,332020,,倉敷市老松町３丁目４番１３号地先,岡山県,倉敷市,,,,133.762936,34.596215,75,公設
332020,0100000715,岡山県倉敷市,消火栓,332020,,倉敷市老松町３丁目５番２３号,岡山県,倉敷市,,,,133.763092,34.594884,75,公設
332020,0100000716,岡山県倉敷市,消火栓,332020,,倉敷市老松町３丁目１６番１３号,岡山県,倉敷市,,,,133.764207,34.594962,150,公設
332020,0100000717,岡山県倉敷市,消火栓,332020,,倉敷市老松町３丁目１６番２３号,岡山県,倉敷市,,,,133.764211,34.593995,150,公設
332020,0100000718,岡山県倉敷市,消火栓,332020,,倉敷市老松町３丁目１４番２２号,岡山県,倉敷市,,,,133.762747,34.593847,100,公設
332020,0100000719,岡山県倉敷市,消火栓,332020,,倉敷市老松町４丁目９番１８号,岡山県,倉敷市,,,,133.758882,34.594262,100,公設
332020,0100000720,岡山県倉敷市,消火栓,332020,,倉敷市老松町４丁目４番７号,岡山県,倉敷市,,,,133.761083,34.593544,75,公設
332020,0100000721,岡山県倉敷市,消火栓,332020,,倉敷市老松町４丁目１１番２９号,岡山県,倉敷市,,,,133.761969,34.592307,100,公設
332020,0100000722,岡山県倉敷市,消火栓,332020,,倉敷市老松町４丁目１２番５０号,岡山県,倉敷市,,,,133.76275,34.592262,100,公設
332020,0100000723,岡山県倉敷市,消火栓,332020,,倉敷市老松町４丁目１２３５,岡山県,倉敷市,,,,133.761702,34.591507,100,公設
332020,0100000724,岡山県倉敷市,消火栓,332020,,倉敷市老松町４丁目１３番９号,岡山県,倉敷市,,,,133.760122,34.591932,100,公設
332020,0100000725,岡山県倉敷市,消火栓,332020,,倉敷市老松町４丁目８番２３号,岡山県,倉敷市,,,,133.757753,34.593846,150,公設
332020,0100000726,岡山県倉敷市,消火栓,332020,,倉敷市老松町５丁目１番１７号,岡山県,倉敷市,,,,133.757427,34.594256,150,公設
332020,0100000727,岡山県倉敷市,消火栓,332020,,倉敷市老松町５丁目３番７６号,岡山県,倉敷市,,,,133.756499,34.593608,200,公設
332020,0100000728,岡山県倉敷市,消火栓,332020,,倉敷市老松町５丁目２番９号,岡山県,倉敷市,,,,133.755529,34.593186,150,公設
332020,0100000729,岡山県倉敷市,消火栓,332020,,倉敷市老松町５丁目４番４８号,岡山県,倉敷市,,,,133.754567,34.592514,200,公設
332020,0100000730,岡山県倉敷市,消火栓,332020,,倉敷市老松町５丁目６２９番２号,岡山県,倉敷市,,,,133.75347,34.592073,250,公設
332020,0100000731,岡山県倉敷市,消火栓,332020,,倉敷市老松町５丁目５９３番６号,岡山県,倉敷市,,,,133.755752,34.59606,100,公設
332020,0100000732,岡山県倉敷市,消火栓,332020,,倉敷市老松町５丁目６２９番１号,岡山県,倉敷市,,,,133.753091,34.592773,250,公設
332020,0100000733,岡山県倉敷市,消火栓,332020,,倉敷市老松町５丁目３番６２号,岡山県,倉敷市,,,,133.755909,34.59327,200,公設
332020,0100000734,岡山県倉敷市,消火栓,332020,,倉敷市老松町５丁目６１３番２号,岡山県,倉敷市,,,,133.754304,34.59367,75,公設
332020,0100000735,岡山県倉敷市,消火栓,332020,,倉敷市稲荷町４番３９号,岡山県,倉敷市,,,,133.764322,34.596297,150,公設
332020,0100000736,岡山県倉敷市,消火栓,332020,,倉敷市稲荷町３番１０号,岡山県,倉敷市,,,,133.765467,34.595836,100,公設
332020,0100000737,岡山県倉敷市,消火栓,332020,,倉敷市稲荷町４番１７号,岡山県,倉敷市,,,,133.765207,34.59527,75,公設
332020,0100000738,岡山県倉敷市,消火栓,332020,,倉敷市稲荷町７番２４号,岡山県,倉敷市,,,,133.766188,34.595501,75,公設
332020,0100000739,岡山県倉敷市,消火栓,332020,,倉敷市稲荷町７番１号,岡山県,倉敷市,,,,133.767134,34.595634,150,公設
332020,0100000740,岡山県倉敷市,消火栓,332020,,倉敷市稲荷町８番１号,岡山県,倉敷市,,,,133.767431,34.594952,150,公設
332020,0100000741,岡山県倉敷市,消火栓,332020,,倉敷市稲荷町９番１７号,岡山県,倉敷市,,,,133.765783,34.593871,100,公設
332020,0100000742,岡山県倉敷市,消火栓,332020,,倉敷市稲荷町８番８号,岡山県,倉敷市,,,,133.767617,34.594235,150,公設
332020,0100000743,岡山県倉敷市,消火栓,332020,,倉敷市稲荷町９番１号,岡山県,倉敷市,,,,133.766365,34.594822,75,公設
332020,0100000744,岡山県倉敷市,消火栓,332020,,倉敷市稲荷町１番２２号,岡山県,倉敷市,,,,133.766031,34.596146,75,公設
332020,0100000745,岡山県倉敷市,消火栓,332020,,倉敷市稲荷町１０番１０号,岡山県,倉敷市,,,,133.764481,34.593458,300,公設
332020,0100000746,岡山県倉敷市,消火栓,332020,,倉敷市南町１－３３,岡山県,倉敷市,,,,133.766606,34.59396,150,公設
332020,0100000747,岡山県倉敷市,消火栓,332020,,倉敷市南町１番１８号,岡山県,倉敷市,,,,133.766725,34.593268,75,公設
332020,0100000748,岡山県倉敷市,消火栓,332020,,倉敷市南町４－３８,岡山県,倉敷市,,,,133.767678,34.593475,75,公設
332020,0100000749,岡山県倉敷市,消火栓,332020,,倉敷市南町２番１２号,岡山県,倉敷市,,,,133.765911,34.592948,75,公設
332020,0100000750,岡山県倉敷市,消火栓,332020,,倉敷市南町１番４号,岡山県,倉敷市,,,,133.767941,34.592967,100,公設
332020,0100000751,岡山県倉敷市,消火栓,332020,,倉敷市南町７番１０号,岡山県,倉敷市,,,,133.764585,34.592645,75,公設
332020,0100000752,岡山県倉敷市,消火栓,332020,,倉敷市南町１０－２６番,岡山県,倉敷市,,,,133.764168,34.592281,300,公設
332020,0100000753,岡山県倉敷市,消火栓,332020,,倉敷市南町８番２０号,岡山県,倉敷市,,,,133.765388,34.592129,75,公設
332020,0100000754,岡山県倉敷市,消火栓,332020,,倉敷市中央１丁目１番１号,岡山県,倉敷市,,,,133.769508,34.596712,300,公設
332020,0100000755,岡山県倉敷市,消火栓,332020,,倉敷市中央１丁目１番９号,岡山県,倉敷市,,,,133.770373,34.596643,150,公設
332020,0100000756,岡山県倉敷市,消火栓,332020,,倉敷市中央１丁目３番１８号,岡山県,倉敷市,,,,133.770941,34.596455,75,公設
332020,0100000757,岡山県倉敷市,消火栓,332020,,倉敷市中央１丁目６番１号,岡山県,倉敷市,,,,133.76954,34.595358,300,公設
332020,0100000758,岡山県倉敷市,消火栓,332020,,倉敷市中央１丁目４番８号,岡山県,倉敷市,,,,133.771704,34.59569,150,公設
332020,0100000759,岡山県倉敷市,消火栓,332020,,倉敷市中央１丁目６番１２号,岡山県,倉敷市,,,,133.770356,34.594839,75,公設
332020,0100000760,岡山県倉敷市,消火栓,332020,,倉敷市中央１丁目１０番８号,岡山県,倉敷市,,,,133.771495,34.594851,150,公設
332020,0100000761,岡山県倉敷市,消火栓,332020,,倉敷市中央１丁目１４番１号,岡山県,倉敷市,,,,133.769702,34.594204,500,公設
332020,0100000762,岡山県倉敷市,消火栓,332020,,倉敷市中央１丁目８番９号,岡山県,倉敷市,,,,133.770373,34.594248,150,公設
332020,0100000763,岡山県倉敷市,消火栓,332020,,倉敷市中央１丁目１１番９号,岡山県,倉敷市,,,,133.771434,34.594291,75,公設
332020,0100000764,岡山県倉敷市,消火栓,332020,,倉敷市中央１丁目１１番９号,岡山県,倉敷市,,,,133.771458,34.594267,150,公設
332020,0100000765,岡山県倉敷市,消火栓,332020,,倉敷市中央１丁目１４番３２号,岡山県,倉敷市,,,,133.769882,34.59358,350,公設
332020,0100000766,岡山県倉敷市,消火栓,332020,,倉敷市中央１丁目１５番地,岡山県,倉敷市,,,,133.770215,34.592791,350,公設
332020,0100000767,岡山県倉敷市,消火栓,332020,,倉敷市中央１丁目１８番１号,岡山県,倉敷市,,,,133.77173,34.593231,150,公設
332020,0100000768,岡山県倉敷市,消火栓,332020,,倉敷市中央１丁目１５番１４号,岡山県,倉敷市,,,,133.770429,34.592185,350,公設
332020,0100000769,岡山県倉敷市,消火栓,332020,,倉敷市中央１丁目２０番２号,岡山県,倉敷市,,,,133.771982,34.592014,100,公設
332020,0100000770,岡山県倉敷市,消火栓,332020,,倉敷市中央１丁目２０番１２号,岡山県,倉敷市,,,,133.77233,34.590879,150,公設
332020,0100000771,岡山県倉敷市,消火栓,332020,,倉敷市中央１丁目２２番２１号,岡山県,倉敷市,,,,133.771023,34.590521,350,公設
332020,0100000772,岡山県倉敷市,消火栓,332020,,倉敷市中央１丁目２５番２９号,岡山県,倉敷市,,,,133.771318,34.589653,350,公設
332020,0100000773,岡山県倉敷市,消火栓,332020,,倉敷市中央１丁目２６番１６号,岡山県,倉敷市,,,,133.772621,34.589067,150,公設
332020,0100000774,岡山県倉敷市,消火栓,332020,,倉敷市中央１丁目２７番２０号,岡山県,倉敷市,,,,133.77355,34.587434,150,公設
332020,0100000775,岡山県倉敷市,消火栓,332020,,倉敷市中央１丁目２４番２３号,岡山県,倉敷市,,,,133.77231,34.58965,75,公設
332020,0100000776,岡山県倉敷市,消火栓,332020,,倉敷市中央１丁目１３番１号,岡山県,倉敷市,,,,133.770315,34.594149,75,公設
332020,0100000777,岡山県倉敷市,消火栓,332020,,倉敷市中央２丁目２番２５号,岡山県,倉敷市,,,,133.768108,34.596518,100,公設
332020,0100000778,岡山県倉敷市,消火栓,332020,,倉敷市中央２丁目１番２１号,岡山県,倉敷市,,,,133.769006,34.596662,100,公設
332020,0100000779,岡山県倉敷市,消火栓,332020,,倉敷市中央２丁目４番１号,岡山県,倉敷市,,,,133.767692,34.5961,100,公設
332020,0100000780,岡山県倉敷市,消火栓,332020,,倉敷市中央２丁目１番１０号,岡山県,倉敷市,,,,133.768857,34.596,75,公設
332020,0100000781,岡山県倉敷市,消火栓,332020,,倉敷市中央２丁目９番１２号,岡山県,倉敷市,,,,133.767819,34.594883,75,公設
332020,0100000782,岡山県倉敷市,消火栓,332020,,倉敷市中央２丁目６番１号,岡山県,倉敷市,,,,133.769351,34.595443,350,公設
332020,0100000783,岡山県倉敷市,消火栓,332020,,倉敷市中央２丁目１２番１号,岡山県,倉敷市,,,,133.768667,34.594236,300,公設
332020,0100000784,岡山県倉敷市,消火栓,332020,,倉敷市中央２丁目１３番１号,岡山県,倉敷市,,,,133.769363,34.594216,150,公設
332020,0100000785,岡山県倉敷市,消火栓,332020,,倉敷市中央２丁目１７番１号,岡山県,倉敷市,,,,133.768884,34.593561,100,公設
332020,0100000786,岡山県倉敷市,消火栓,332020,,倉敷市中央２丁目１６番６号,岡山県,倉敷市,,,,133.769386,34.593099,100,公設
332020,0100000788,岡山県倉敷市,消火栓,332020,,倉敷市中央２丁目５番１１号,岡山県,倉敷市,,,,133.767629,34.595702,75,公設
332020,0100000789,岡山県倉敷市,消火栓,332020,,倉敷市中央２丁目１５番２号,岡山県,倉敷市,,,,133.769683,34.59357,100,公設
332020,0100000790,岡山県倉敷市,消火栓,332020,,倉敷市本町１２番１号,岡山県,倉敷市,,,,133.772877,34.597735,75,公設
332020,0100000791,岡山県倉敷市,消火栓,332020,,倉敷市本町１２番１号,岡山県,倉敷市,,,,133.773425,34.597085,75,公設
332020,0100000792,岡山県倉敷市,消火栓,332020,,倉敷市本町１番５０号,岡山県,倉敷市,,,,133.771691,34.597317,100,公設
332020,0100000793,岡山県倉敷市,消火栓,332020,,倉敷市本町２番２１号,岡山県,倉敷市,,,,133.771652,34.596817,200,公設
332020,0100000794,岡山県倉敷市,消火栓,332020,,倉敷市本町１番３２号,岡山県,倉敷市,,,,133.772601,34.596344,200,公設
332020,0100000795,岡山県倉敷市,消火栓,332020,,倉敷市本町１１番地３１号,岡山県,倉敷市,,,,133.773817,34.596375,100,公設
332020,0100000796,岡山県倉敷市,消火栓,332020,,倉敷市本町１１番２１号,岡山県,倉敷市,,,,133.774882,34.596529,100,公設
332020,0100000797,岡山県倉敷市,消火栓,332020,,倉敷市本町１３番２２号,岡山県,倉敷市,,,,133.775416,34.597105,150,公設
332020,0100000798,岡山県倉敷市,消火栓,332020,,倉敷市本町８番２２号,岡山県,倉敷市,,,,133.773524,34.595502,75,公設
332020,0100000799,岡山県倉敷市,消火栓,332020,,倉敷市祐安１３７３番地２地先,岡山県,倉敷市,,,,133.755343,34.616738,400,公設
332020,0100000800,岡山県倉敷市,消火栓,332020,,倉敷市本町９番２４号,岡山県,倉敷市,,,,133.77456,34.59537,75,公設
332020,0100000801,岡山県倉敷市,消火栓,332020,,倉敷市本町１５番１０号,岡山県,倉敷市,,,,133.775663,34.596315,150,公設
332020,0100000802,岡山県倉敷市,消火栓,332020,,倉敷市本町５番２９号,岡山県,倉敷市,,,,133.771815,34.594973,150,公設
332020,0100000803,岡山県倉敷市,消火栓,332020,,倉敷市本町９番１６号,岡山県,倉敷市,,,,133.774651,34.595828,150,公設
332020,0100000804,岡山県倉敷市,消火栓,332020,,倉敷市本町７番２号,岡山県,倉敷市,,,,133.77473,34.594495,150,公設
332020,0100000805,岡山県倉敷市,消火栓,332020,,倉敷市本町１６番１２号,岡山県,倉敷市,,,,133.776183,34.594738,100,公設
332020,0100000806,岡山県倉敷市,消火栓,332020,,倉敷市本町４番１３号,岡山県,倉敷市,,,,133.772476,34.595275,200,公設
332020,0100000807,岡山県倉敷市,消火栓,332020,,倉敷市本町１番４６号,岡山県,倉敷市,,,,133.772098,34.59714,100,公設
332020,0100000808,岡山県倉敷市,消火栓,332020,,倉敷市祐安１４２１番地,岡山県,倉敷市,,,,133.75606,34.618017,75,公設
332020,0100000809,岡山県倉敷市,消火栓,332020,,倉敷市祐安９２４番地先,岡山県,倉敷市,,,,133.757637,34.616986,400,公設
332020,0100000810,岡山県倉敷市,消火栓,332020,,倉敷市祐安１３４２番地１地先,岡山県,倉敷市,,,,133.759339,34.616793,400,公設
332020,0100000811,岡山県倉敷市,消火栓,332020,,倉敷市祐安１４８０番地,岡山県,倉敷市,,,,133.758585,34.618109,75,公設
332020,0100000812,岡山県倉敷市,消火栓,332020,,倉敷市東町１番７号,岡山県,倉敷市,,,,133.776085,34.597814,75,公設
332020,0100000813,岡山県倉敷市,消火栓,332020,,倉敷市東町２番９号,岡山県,倉敷市,,,,133.776356,34.597138,100,公設
332020,0100000814,岡山県倉敷市,消火栓,332020,,倉敷市東町５－１６,岡山県,倉敷市,,,,133.777334,34.597115,100,公設
332020,0100000815,岡山県倉敷市,消火栓,332020,,倉敷市東町３番３１号,岡山県,倉敷市,,,,133.776306,34.596239,75,公設
332020,0100000816,岡山県倉敷市,消火栓,332020,,倉敷市東町４番２１号,岡山県,倉敷市,,,,133.777509,34.596357,75,公設
332020,0100000817,岡山県倉敷市,消火栓,332020,,倉敷市東町１１番２１号,岡山県,倉敷市,,,,133.778569,34.59528,75,公設
332020,0100000818,岡山県倉敷市,消火栓,332020,,倉敷市東町４番３１号,岡山県,倉敷市,,,,133.776285,34.59631,75,公設
332020,0100000819,岡山県倉敷市,消火栓,332020,,倉敷市船倉町１２５３番１号,岡山県,倉敷市,,,,133.771882,34.594181,100,公設
332020,0100000820,岡山県倉敷市,消火栓,332020,,倉敷市船倉町１２５０番地,岡山県,倉敷市,,,,133.772673,34.594267,100,公設
332020,0100000821,岡山県倉敷市,消火栓,332020,,倉敷市船倉町１２２５番地,岡山県,倉敷市,,,,133.77364,34.594275,100,公設
332020,0100000822,岡山県倉敷市,消火栓,332020,,倉敷市船倉町１２２７番６号,岡山県,倉敷市,,,,133.772657,34.59395,75,公設
332020,0100000823,岡山県倉敷市,消火栓,332020,,倉敷市船倉町１２２９番地,岡山県,倉敷市,,,,133.773282,34.593619,75,公設
332020,0100000824,岡山県倉敷市,消火栓,332020,,倉敷市船倉町１２５８番地,岡山県,倉敷市,,,,133.772095,34.593532,75,公設
332020,0100000825,岡山県倉敷市,消火栓,332020,,倉敷市船倉町１２４１番地,岡山県,倉敷市,,,,133.772652,34.593579,75,公設
332020,0100000826,岡山県倉敷市,消火栓,332020,,倉敷市船倉町１２６０番地,岡山県,倉敷市,,,,133.772009,34.593132,100,公設
332020,0100000827,岡山県倉敷市,消火栓,332020,,倉敷市船倉町１２７１番地,岡山県,倉敷市,,,,133.772264,34.592274,100,公設
332020,0100000828,岡山県倉敷市,消火栓,332020,,倉敷市船倉町１２６８番４号,岡山県,倉敷市,,,,133.772935,34.592385,75,公設
332020,0100000829,岡山県倉敷市,消火栓,332020,,倉敷市船倉町１２７５番４号,岡山県,倉敷市,,,,133.772598,34.590886,100,公設
332020,0100000830,岡山県倉敷市,消火栓,332020,,倉敷市船倉町１６７２番地,岡山県,倉敷市,,,,133.773653,34.593776,75,公設
332020,0100000831,岡山県倉敷市,消火栓,332020,,倉敷市船倉町１２５９番地,岡山県,倉敷市,,,,133.772494,34.593268,75,公設
332020,0100000832,岡山県倉敷市,消火栓,332020,,倉敷市船倉町１２９０番地,岡山県,倉敷市,,,,133.773708,34.589926,75,公設
332020,0100000833,岡山県倉敷市,消火栓,332020,,倉敷市新田２４０５－８１,岡山県,倉敷市,,,,133.777128,34.585679,150,公設
332020,0100000834,岡山県倉敷市,消火栓,332020,,倉敷市新田２４０５番２１号,岡山県,倉敷市,,,,133.775778,34.585295,75,公設
332020,0100000835,岡山県倉敷市,消火栓,332020,,倉敷市新田２４０５番５９号,岡山県,倉敷市,,,,133.77553,34.586027,150,公設
332020,0100000836,岡山県倉敷市,消火栓,332020,,倉敷市新田２４０５－１１,岡山県,倉敷市,,,,133.775085,34.585523,75,公設
332020,0100000837,岡山県倉敷市,消火栓,332020,,倉敷市新田２７９６番５号,岡山県,倉敷市,,,,133.778324,34.575311,100,公設
332020,0100000838,岡山県倉敷市,消火栓,332020,,倉敷市新田２５５９番地,岡山県,倉敷市,,,,133.773998,34.578939,300,公設
332020,0100000839,岡山県倉敷市,消火栓,332020,,倉敷市新田２８６７番地,岡山県,倉敷市,,,,133.776123,34.579458,300,公設
332020,0100000840,岡山県倉敷市,消火栓,332020,,倉敷市新田３０２１番２号,岡山県,倉敷市,,,,133.777404,34.579794,200,公設
332020,0100000841,岡山県倉敷市,消火栓,332020,,倉敷市新田３０１０番３号,岡山県,倉敷市,,,,133.778025,34.579925,300,公設
332020,0100000842,岡山県倉敷市,消火栓,332020,,倉敷市新田３０４３番２号,岡山県,倉敷市,,,,133.779448,34.580277,300,公設
332020,0100000843,岡山県倉敷市,消火栓,332020,,倉敷市新田２５８０番１号,岡山県,倉敷市,,,,133.775088,34.578044,150,公設
332020,0100000844,岡山県倉敷市,消火栓,332020,,倉敷市新田３０８５番地５,岡山県,倉敷市,,,,133.778427,34.577625,150,公設
332020,0100000845,岡山県倉敷市,消火栓,332020,,倉敷市新田２６５５－１,岡山県,倉敷市,,,,133.774301,34.574265,100,公設
332020,0100000847,岡山県倉敷市,消火栓,332020,,倉敷市新田２３４４番１号,岡山県,倉敷市,,,,133.783024,34.581899,300,公設
332020,0100000848,岡山県倉敷市,消火栓,332020,,倉敷市新田３０５４番４号,岡山県,倉敷市,,,,133.780637,34.580576,300,公設
332020,0100000849,岡山県倉敷市,消火栓,332020,,倉敷市新田２３８１番地,岡山県,倉敷市,,,,133.781997,34.580978,300,公設
332020,0100000850,岡山県倉敷市,消火栓,332020,,倉敷市新田３０６０,岡山県,倉敷市,,,,133.781525,34.5793,75,公設
332020,0100000851,岡山県倉敷市,消火栓,332020,,倉敷市新田３２７０番地,岡山県,倉敷市,,,,133.781213,34.577914,150,公設
332020,0100000852,岡山県倉敷市,消火栓,332020,,倉敷市新田２２１９番地,岡山県,倉敷市,,,,133.784181,34.581363,300,公設
332020,0100000853,岡山県倉敷市,消火栓,332020,,倉敷市新田３２５５番１２号,岡山県,倉敷市,,,,133.781714,34.575862,150,公設
332020,0100000854,岡山県倉敷市,消火栓,332020,,倉敷市新田１３５８番地,岡山県,倉敷市,,,,133.777092,34.586657,75,公設
332020,0100000855,岡山県倉敷市,消火栓,332020,,倉敷市新田１３４８番２号,岡山県,倉敷市,,,,133.778508,34.585491,75,公設
332020,0100000856,岡山県倉敷市,消火栓,332020,,倉敷市新田２４７４番地,岡山県,倉敷市,,,,133.773676,34.583084,100,公設
332020,0100000857,岡山県倉敷市,消火栓,332020,,倉敷市新田２３０３番地,岡山県,倉敷市,,,,133.781545,34.58371,100,公設
332020,0100000858,岡山県倉敷市,消火栓,332020,,倉敷市新田２３２２番地,岡山県,倉敷市,,,,133.780534,34.583805,75,公設
332020,0100000859,岡山県倉敷市,消火栓,332020,,倉敷市新田２９４０番１号,岡山県,倉敷市,,,,133.776559,34.581924,200,公設
332020,0100000860,岡山県倉敷市,消火栓,332020,,倉敷市新田２４６４番地,岡山県,倉敷市,,,,133.774979,34.584405,200,公設
332020,0100000861,岡山県倉敷市,消火栓,332020,,倉敷市新田２３８６番１７号,岡山県,倉敷市,,,,133.781331,34.582177,100,公設
332020,0100000862,岡山県倉敷市,消火栓,332020,,倉敷市新田２６８９番地,岡山県,倉敷市,,,,133.773535,34.570181,150,公設
332020,0100000863,岡山県倉敷市,消火栓,332020,,倉敷市新田２６８８番４号,岡山県,倉敷市,,,,133.773309,34.571528,150,公設
332020,0100000864,岡山県倉敷市,消火栓,332020,,倉敷市新田１２９４番２号,岡山県,倉敷市,,,,133.774223,34.588622,75,公設
332020,0100000865,岡山県倉敷市,消火栓,332020,,倉敷市新田２９３３番５号,岡山県,倉敷市,,,,133.77634,34.583355,100,公設
332020,0100000866,岡山県倉敷市,消火栓,332020,,倉敷市新田３１３９番２号,岡山県,倉敷市,,,,133.78006,34.575594,75,公設
332020,0100000867,岡山県倉敷市,消火栓,332020,,倉敷市新田２８６９番２号,岡山県,倉敷市,,,,133.776905,34.580816,100,公設
332020,0100000868,岡山県倉敷市,消火栓,332020,,倉敷市新田２９０２番２号,岡山県,倉敷市,,,,133.774951,34.581836,100,公設
332020,0100000869,岡山県倉敷市,消火栓,332020,,倉敷市新田２４０３番６号,岡山県,倉敷市,,,,133.779145,34.584117,100,公設
332020,0100000870,岡山県倉敷市,消火栓,332020,,倉敷市新田２７２９番地,岡山県,倉敷市,,,,133.777955,34.572605,75,公設
332020,0100000871,岡山県倉敷市,消火栓,332020,,倉敷市新田２７２３番３号,岡山県,倉敷市,,,,133.780197,34.571791,100,公設
332020,0100000872,岡山県倉敷市,消火栓,332020,,倉敷市新田２９５２番１５号,岡山県,倉敷市,,,,133.777042,34.583633,100,公設
332020,0100000873,岡山県倉敷市,消火栓,332020,,倉敷市新田２４８９番地地先,岡山県,倉敷市,,,,133.772625,34.581727,100,公設
332020,0100000874,岡山県倉敷市,消火栓,332020,,倉敷市新田２４６５番地地先,岡山県,倉敷市,,,,133.775003,34.583113,100,公設
332020,0100000875,岡山県倉敷市,消火栓,332020,,倉敷市新田２４２２番２号,岡山県,倉敷市,,,,133.776136,34.584779,150,公設
332020,0100000876,岡山県倉敷市,消火栓,332020,,倉敷市新田３２０７番１号,岡山県,倉敷市,,,,133.780453,34.57447,100,公設
332020,0100000877,岡山県倉敷市,消火栓,332020,,倉敷市新田２４１４番１４号,岡山県,倉敷市,,,,133.778153,34.584105,100,公設
332020,0100000878,岡山県倉敷市,消火栓,332020,,倉敷市新田２７４３番地地先,岡山県,倉敷市,,,,133.776204,34.571808,100,公設
332020,0100000879,岡山県倉敷市,消火栓,332020,,倉敷市新田２６６８番３号,岡山県,倉敷市,,,,133.775826,34.573318,150,公設
332020,0100000880,岡山県倉敷市,消火栓,332020,,倉敷市新田２６０１番地,岡山県,倉敷市,,,,133.772898,34.577485,100,公設
332020,0100000881,岡山県倉敷市,消火栓,332020,,倉敷市新田２８１７番地　地先,岡山県,倉敷市,,,,133.775189,34.576418,150,公設
332020,0100000882,岡山県倉敷市,消火栓,332020,,倉敷市新田２６０５番４号,岡山県,倉敷市,,,,133.772723,34.575349,100,公設
332020,0100000883,岡山県倉敷市,消火栓,332020,,倉敷市新田２６７２番地,岡山県,倉敷市,,,,133.774702,34.573119,75,公設
332020,0100000884,岡山県倉敷市,消火栓,332020,,倉敷市新田２２９４番地７,岡山県,倉敷市,,,,133.779573,34.584292,150,公設
332020,0100000885,岡山県倉敷市,消火栓,332020,,倉敷市新田２９６７番１号,岡山県,倉敷市,,,,133.778148,34.582604,100,公設
332020,0100000886,岡山県倉敷市,消火栓,332020,,倉敷市新田２３０４番地,岡山県,倉敷市,,,,133.782708,34.583979,75,公設
332020,0100000887,岡山県倉敷市,消火栓,332020,,倉敷市新田３１５３番２号地先,岡山県,倉敷市,,,,133.778881,34.574113,100,公設
332020,0100000888,岡山県倉敷市,消火栓,332020,,倉敷市新田２９８２番地５地先,岡山県,倉敷市,,,,133.779053,34.581353,100,公設
332020,0100000889,岡山県倉敷市,消火栓,332020,,倉敷市田ノ上６４６番３号地先,岡山県,倉敷市,,,,133.755412,34.591201,75,公設
332020,0100000890,岡山県倉敷市,消火栓,332020,,倉敷市田ノ上７０９番地,岡山県,倉敷市,,,,133.757988,34.591475,150,公設
332020,0100000891,岡山県倉敷市,消火栓,332020,,倉敷市田ノ上８７３番９号,岡山県,倉敷市,,,,133.75493,34.589751,100,公設
332020,0100000892,岡山県倉敷市,消火栓,332020,,倉敷市田ノ上８８９番地,岡山県,倉敷市,,,,133.756051,34.589761,100,公設
332020,0100000893,岡山県倉敷市,消火栓,332020,,倉敷市田ノ上９４８番１号,岡山県,倉敷市,,,,133.756438,34.58819,75,公設
332020,0100000894,岡山県倉敷市,消火栓,332020,,倉敷市田ノ上８９６番３号,岡山県,倉敷市,,,,133.756585,34.589339,250,公設
332020,0100000895,岡山県倉敷市,消火栓,332020,,倉敷市田ノ上８２０番地,岡山県,倉敷市,,,,133.758011,34.589802,250,公設
332020,0100000896,岡山県倉敷市,消火栓,332020,,倉敷市田ノ上７４２番１５号,岡山県,倉敷市,,,,133.759432,34.59002,250,公設
332020,0100000898,岡山県倉敷市,消火栓,332020,,倉敷市田ノ上１１１９番地,岡山県,倉敷市,,,,133.759325,34.588365,100,公設
332020,0100000899,岡山県倉敷市,消火栓,332020,,倉敷市田ノ上１１０３番１号,岡山県,倉敷市,,,,133.758225,34.588546,200,公設
332020,0100000900,岡山県倉敷市,消火栓,332020,,倉敷市田ノ上１０６６番４号,岡山県,倉敷市,,,,133.757533,34.586798,150,公設
332020,0100000901,岡山県倉敷市,消火栓,332020,,倉敷市田ノ上６７０番地,岡山県,倉敷市,,,,133.756674,34.591295,75,公設
332020,0100000902,岡山県倉敷市,消火栓,332020,,倉敷市田ノ上１０９０番９号,岡山県,倉敷市,,,,133.759368,34.586461,100,公設
332020,0100000903,岡山県倉敷市,消火栓,332020,,倉敷市田ノ上９５３番１号地先,岡山県,倉敷市,,,,133.755687,34.587633,100,公設
332020,0100000904,岡山県倉敷市,消火栓,332020,,倉敷市田ノ上１１２５番１号地先,岡山県,倉敷市,,,,133.759532,34.587695,150,公設
332020,0100000905,岡山県倉敷市,消火栓,332020,,倉敷市田ノ上新町１５番６号,岡山県,倉敷市,,,,133.756757,34.58547,100,公設
332020,0100000906,岡山県倉敷市,消火栓,332020,,倉敷市白楽町７９番地,岡山県,倉敷市,,,,133.764188,34.590316,200,公設
332020,0100000907,岡山県倉敷市,消火栓,332020,,倉敷市白楽町１０６－４,岡山県,倉敷市,,,,133.763489,34.588737,100,公設
332020,0100000908,岡山県倉敷市,消火栓,332020,,倉敷市白楽町２５０,岡山県,倉敷市,,,,133.764519,34.588765,100,公設
332020,0100000909,岡山県倉敷市,消火栓,332020,,倉敷市白楽町１１１－３,岡山県,倉敷市,,,,133.763718,34.587809,100,公設
332020,0100000910,岡山県倉敷市,消火栓,332020,,倉敷市白楽町１９６番１０号,岡山県,倉敷市,,,,133.762291,34.586988,200,公設
332020,0100000911,岡山県倉敷市,消火栓,332020,,倉敷市白楽町６０５番３号,岡山県,倉敷市,,,,133.76563,34.590425,75,公設
332020,0100000912,岡山県倉敷市,消火栓,332020,,倉敷市白楽町６８８－４,岡山県,倉敷市,,,,133.766598,34.591461,75,公設
332020,0100000913,岡山県倉敷市,消火栓,332020,,倉敷市白楽町７０５,岡山県,倉敷市,,,,133.767811,34.59182,75,公設
332020,0100000914,岡山県倉敷市,消火栓,332020,,倉敷市白楽町６２３番地,岡山県,倉敷市,,,,133.766814,34.590365,75,公設
332020,0100000915,岡山県倉敷市,消火栓,332020,,倉敷市白楽町７１１,岡山県,倉敷市,,,,133.76759,34.590838,75,公設
332020,0100000916,岡山県倉敷市,消火栓,332020,,倉敷市白楽町５４９－５,岡山県,倉敷市,,,,133.768121,34.588968,100,公設
332020,0100000917,岡山県倉敷市,消火栓,332020,,倉敷市白楽町１５４番５号,岡山県,倉敷市,,,,133.761156,34.590204,250,公設
332020,0100000918,岡山県倉敷市,消火栓,332020,,倉敷市白楽町３８４－１,岡山県,倉敷市,,,,133.770721,34.5855,350,公設
332020,0100000919,岡山県倉敷市,消火栓,332020,,倉敷市白楽町４２４番地,岡山県,倉敷市,,,,133.772318,34.585772,250,公設
332020,0100000920,岡山県倉敷市,消火栓,332020,,倉敷市白楽町３０６番地,岡山県,倉敷市,,,,133.766538,34.58654,75,公設
332020,0100000921,岡山県倉敷市,消火栓,332020,,倉敷市白楽町４７８番１号,岡山県,倉敷市,,,,133.77132,34.589094,350,公設
332020,0100000922,岡山県倉敷市,消火栓,332020,,倉敷市白楽町３９９番１号,岡山県,倉敷市,,,,133.770985,34.588189,150,公設
332020,0100000923,岡山県倉敷市,消火栓,332020,,倉敷市白楽町４０８番３号,岡山県,倉敷市,,,,133.771035,34.587347,350,公設
332020,0100000924,岡山県倉敷市,消火栓,332020,,倉敷市白楽町３８５番１号,岡山県,倉敷市,,,,133.770675,34.586355,150,公設
332020,0100000925,岡山県倉敷市,消火栓,332020,,倉敷市白楽町３１５番４号,岡山県,倉敷市,,,,133.765238,34.5865,100,公設
332020,0100000926,岡山県倉敷市,消火栓,332020,,倉敷市白楽町６４３番地,岡山県,倉敷市,,,,133.764714,34.591012,75,公設
332020,0100000927,岡山県倉敷市,消火栓,332020,,倉敷市白楽町３０２番地,岡山県,倉敷市,,,,133.76791,34.58661,100,公設
332020,0100000928,岡山県倉敷市,消火栓,332020,,倉敷市白楽町２８６番１号,岡山県,倉敷市,,,,133.766387,34.588811,100,公設
332020,0100000929,岡山県倉敷市,消火栓,332020,,倉敷市白楽町１４３番６号,岡山県,倉敷市,,,,133.763142,34.590434,250,公設
332020,0100000930,岡山県倉敷市,消火栓,332020,,倉敷市白楽町５２６,岡山県,倉敷市,,,,133.770057,34.589423,100,公設
332020,0100000931,岡山県倉敷市,消火栓,332020,,倉敷市白楽町５９３番１号,岡山県,倉敷市,,,,133.766142,34.58896,100,公設
332020,0100000932,岡山県倉敷市,消火栓,332020,,倉敷市白楽町３５５番地,岡山県,倉敷市,,,,133.76823,34.588258,100,公設
332020,0100000933,岡山県倉敷市,消火栓,332020,,倉敷市白楽町２００番２号,岡山県,倉敷市,,,,133.761153,34.587358,100,公設
332020,0100000934,岡山県倉敷市,消火栓,332020,,倉敷市白楽町１２０番１号,岡山県,倉敷市,,,,133.761945,34.588723,150,公設
332020,0100000935,岡山県倉敷市,消火栓,332020,,倉敷市白楽町１２０－１,岡山県,倉敷市,,,,133.762201,34.588613,150,公設
332020,0100000936,岡山県倉敷市,消火栓,332020,,倉敷市白楽町３２４－１３,岡山県,倉敷市,,,,133.766382,34.585968,75,公設
332020,0100000937,岡山県倉敷市,消火栓,332020,,倉敷市白楽町５４０番１号東側交差点,岡山県,倉敷市,,,,133.769026,34.589261,100,公設
332020,0100000938,岡山県倉敷市,消火栓,332020,,倉敷市八軒屋６７番地,岡山県,倉敷市,,,,133.785984,34.573339,250,公設
332020,0100000939,岡山県倉敷市,消火栓,332020,,倉敷市八軒屋１７４番４号,岡山県,倉敷市,,,,133.787081,34.574642,300,公設
332020,0100000940,岡山県倉敷市,消火栓,332020,,倉敷市八軒屋５４番９号,岡山県,倉敷市,,,,133.783053,34.572601,300,公設
332020,0100000941,岡山県倉敷市,消火栓,332020,,倉敷市八軒屋１３９番６号,岡山県,倉敷市,,,,133.784121,34.574868,150,公設
332020,0100000942,岡山県倉敷市,消火栓,332020,,倉敷市八軒屋２２９番６号,岡山県,倉敷市,,,,133.788893,34.576253,300,公設
332020,0100000943,岡山県倉敷市,消火栓,332020,,倉敷市八軒屋２７５番地　地先,岡山県,倉敷市,,,,133.789936,34.577161,300,公設
332020,0100000944,岡山県倉敷市,消火栓,332020,,倉敷市福島４０３－１,岡山県,倉敷市,,,,133.782957,34.608027,100,公設
332020,0100000945,岡山県倉敷市,消火栓,332020,,倉敷市福島７４番４号,岡山県,倉敷市,,,,133.784427,34.608309,100,公設
332020,0100000946,岡山県倉敷市,消火栓,332020,,倉敷市福島１３８－５,岡山県,倉敷市,,,,133.785828,34.608593,100,公設
332020,0100000947,岡山県倉敷市,消火栓,332020,,倉敷市福島４１０番地,岡山県,倉敷市,,,,133.784196,34.607112,100,公設
332020,0100000948,岡山県倉敷市,消火栓,332020,,倉敷市福島９７番地,岡山県,倉敷市,,,,133.786053,34.607327,100,公設
332020,0100000949,岡山県倉敷市,消火栓,332020,,倉敷市福島３６６番地,岡山県,倉敷市,,,,133.7859,34.606375,100,公設
332020,0100000950,岡山県倉敷市,消火栓,332020,,倉敷市福島３５２番地,岡山県,倉敷市,,,,133.786818,34.606529,100,公設
332020,0100000951,岡山県倉敷市,消火栓,332020,,倉敷市福島４７８番地,岡山県,倉敷市,,,,133.785012,34.605075,300,公設
332020,0100000952,岡山県倉敷市,消火栓,332020,,倉敷市福島５８２番４号,岡山県,倉敷市,,,,133.783522,34.603264,300,公設
332020,0100000953,岡山県倉敷市,消火栓,332020,,倉敷市福島５６７番４号,岡山県,倉敷市,,,,133.782819,34.601671,300,公設
332020,0100000954,岡山県倉敷市,消火栓,332020,,倉敷市福島２６２番１４号,岡山県,倉敷市,,,,133.787087,34.607819,100,公設
332020,0100000955,岡山県倉敷市,消火栓,332020,,倉敷市福島２５５番１１号,岡山県,倉敷市,,,,133.787563,34.608359,100,公設
332020,0100000956,岡山県倉敷市,消火栓,332020,,倉敷市福島１２番５号,岡山県,倉敷市,,,,133.785854,34.611783,75,公設
332020,0100000957,岡山県倉敷市,消火栓,332020,,倉敷市福島７７番６号,岡山県,倉敷市,,,,133.784132,34.607865,75,公設
332020,0100000958,岡山県倉敷市,消火栓,332020,,倉敷市福島７１９番４号,岡山県,倉敷市,,,,133.787338,34.598594,100,公設
332020,0100000959,岡山県倉敷市,消火栓,332020,,倉敷市福島８番２１号,岡山県,倉敷市,,,,133.784447,34.611519,75,公設
332020,0100000960,岡山県倉敷市,消火栓,332020,,倉敷市福島２００番６６号,岡山県,倉敷市,,,,133.786634,34.609702,150,公設
332020,0100000961,岡山県倉敷市,消火栓,332020,,倉敷市福島２００番８１号,岡山県,倉敷市,,,,133.788045,34.610122,150,公設
332020,0100000962,岡山県倉敷市,消火栓,332020,,倉敷市福島６８５番７号,岡山県,倉敷市,,,,133.782908,34.600747,75,公設
332020,0100000963,岡山県倉敷市,消火栓,332020,,倉敷市福島６３５番２０号地先,岡山県,倉敷市,,,,133.781274,34.604103,100,公設
332020,0100000964,岡山県倉敷市,消火栓,332020,,倉敷市福島３１番７号,岡山県,倉敷市,,,,133.785355,34.610534,250,公設
332020,0100000965,岡山県倉敷市,消火栓,332020,,倉敷市福島１５番３号,岡山県,倉敷市,,,,133.786343,34.612323,75,公設
332020,0100000966,岡山県倉敷市,消火栓,332020,,倉敷市福島７７１番地,岡山県,倉敷市,,,,133.788786,34.597149,200,公設
332020,0100000967,岡山県倉敷市,消火栓,332020,,倉敷市福島５８８番８号,岡山県,倉敷市,,,,133.78423,34.604415,100,公設
332020,0100000968,岡山県倉敷市,消火栓,332020,,倉敷市福島４１０番地,岡山県,倉敷市,,,,133.783579,34.605811,150,公設
332020,0100000969,岡山県倉敷市,消火栓,332020,,倉敷市福島７２９番４号,岡山県,倉敷市,,,,133.787239,34.597492,100,公設
332020,0100000970,岡山県倉敷市,消火栓,332020,,倉敷市福島６９０番７号,岡山県,倉敷市,,,,133.781695,34.601339,100,公設
332020,0100000971,岡山県倉敷市,消火栓,332020,,倉敷市福島６５１番１号,岡山県,倉敷市,,,,133.781772,34.603352,150,公設
332020,0100000972,岡山県倉敷市,消火栓,332020,,倉敷市福島４９６番７号地先,岡山県,倉敷市,,,,133.786253,34.604464,100,公設
332020,0100000973,岡山県倉敷市,消火栓,332020,,倉敷市福島６９２－１３,岡山県,倉敷市,,,,133.785019,34.600184,200,公設
332020,0100000974,岡山県倉敷市,消火栓,332020,,倉敷市福島５１５番５号,岡山県,倉敷市,,,,133.785375,34.601278,100,公設
332020,0100000975,岡山県倉敷市,消火栓,332020,,倉敷市福島２５番４号,岡山県,倉敷市,,,,133.786104,34.610827,100,公設
332020,0100000976,岡山県倉敷市,消火栓,332020,,倉敷市福島６６番２１号,岡山県,倉敷市,,,,133.783392,34.609085,75,公設
332020,0100000977,岡山県倉敷市,消火栓,332020,,倉敷市福島６１番地,岡山県,倉敷市,,,,133.783476,34.609498,75,公設
332020,0100000978,岡山県倉敷市,消火栓,332020,,倉敷市福島２４２番９号,岡山県,倉敷市,,,,133.788442,34.607603,300,公設
332020,0100000979,岡山県倉敷市,消火栓,332020,,倉敷市福島６５６番地地先,岡山県,倉敷市,,,,133.78086,34.602567,75,公設
332020,0100000980,岡山県倉敷市,消火栓,332020,,倉敷市福島７４６番１号,岡山県,倉敷市,,,,133.785988,34.599413,100,公設
332020,0100000981,岡山県倉敷市,消火栓,332020,,倉敷市福島５２７番１４号,岡山県,倉敷市,,,,133.784635,34.603325,100,公設
332020,0100000982,岡山県倉敷市,消火栓,332020,,倉敷市福島５９７番地１号,岡山県,倉敷市,,,,133.78288,34.604482,100,公設
332020,0100000983,岡山県倉敷市,消火栓,332020,,倉敷市羽島１０００番地１０６号先,岡山県,倉敷市,,,,133.779084,34.597791,75,公設
332020,0100000984,岡山県倉敷市,消火栓,332020,,倉敷市羽島１０００－９８,岡山県,倉敷市,,,,133.780467,34.597396,75,公設
332020,0100000985,岡山県倉敷市,消火栓,332020,,倉敷市羽島６６６－１,岡山県,倉敷市,,,,133.77917,34.596354,75,公設
332020,0100000986,岡山県倉敷市,消火栓,332020,,倉敷市羽島７１３－２,岡山県,倉敷市,,,,133.780464,34.596425,75,公設
332020,0100000987,岡山県倉敷市,消火栓,332020,,倉敷市羽島７１３－２,岡山県,倉敷市,,,,133.780654,34.59635,200,公設
332020,0100000988,岡山県倉敷市,消火栓,332020,,倉敷市羽島９２３,岡山県,倉敷市,,,,133.781526,34.597347,75,公設
332020,0100000989,岡山県倉敷市,消火栓,332020,,倉敷市羽島７２２,岡山県,倉敷市,,,,133.782191,34.596366,400,公設
332020,0100000990,岡山県倉敷市,消火栓,332020,,倉敷市羽島５８９－３,岡山県,倉敷市,,,,133.79394,34.593994,300,公設
332020,0100000991,岡山県倉敷市,消火栓,332020,,倉敷市羽島６５－７,岡山県,倉敷市,,,,133.790531,34.594171,150,公設
332020,0100000992,岡山県倉敷市,消火栓,332020,,倉敷市羽島８７７－１,岡山県,倉敷市,,,,133.778505,34.599885,300,公設
332020,0100000993,岡山県倉敷市,消火栓,332020,,倉敷市羽島１０００番地７２号先,岡山県,倉敷市,,,,133.781361,34.59938,150,公設
332020,0100000994,岡山県倉敷市,消火栓,332020,,倉敷市羽島８７０－１,岡山県,倉敷市,,,,133.781961,34.599843,300,公設
332020,0100000995,岡山県倉敷市,消火栓,332020,,倉敷市羽島１０００番地７８号先,岡山県,倉敷市,,,,133.781018,34.598658,150,公設
332020,0100000996,岡山県倉敷市,消火栓,332020,,倉敷市羽島１０００番地１３０号先,岡山県,倉敷市,,,,133.780035,34.598195,75,公設
332020,0100000997,岡山県倉敷市,消火栓,332020,,倉敷市羽島８３８－６,岡山県,倉敷市,,,,133.783195,34.598154,75,公設
332020,0100000998,岡山県倉敷市,消火栓,332020,,倉敷市羽島７５８番地先,岡山県,倉敷市,,,,133.784375,34.59748,75,公設
332020,0100000999,岡山県倉敷市,消火栓,332020,,倉敷市羽島７９０番地先,岡山県,倉敷市,,,,133.78581,34.596969,75,公設
332020,0100001000,岡山県倉敷市,消火栓,332020,,倉敷市羽島２５１番地７号先,岡山県,倉敷市,,,,133.784214,34.59636,200,公設
332020,0100001001,岡山県倉敷市,消火栓,332020,,倉敷市羽島２４４－６,岡山県,倉敷市,,,,133.785659,34.596344,400,公設
332020,0100001002,岡山県倉敷市,消火栓,332020,,倉敷市羽島２１４－１,岡山県,倉敷市,,,,133.786864,34.596325,400,公設
332020,0100001003,岡山県倉敷市,消火栓,332020,,倉敷市羽島３７５－８８,岡山県,倉敷市,,,,133.785522,34.595114,150,公設
332020,0100001004,岡山県倉敷市,消火栓,332020,,倉敷市羽島１９９,岡山県,倉敷市,,,,133.788367,34.595986,100,公設
332020,0100001005,岡山県倉敷市,消火栓,332020,,倉敷市羽島１４６番地１号先,岡山県,倉敷市,,,,133.788082,34.594633,100,公設
332020,0100001006,岡山県倉敷市,消火栓,332020,,倉敷市羽島３７５－２３,岡山県,倉敷市,,,,133.786066,34.594357,150,公設
332020,0100001007,岡山県倉敷市,消火栓,332020,,倉敷市羽島３７５－１８,岡山県,倉敷市,,,,133.786546,34.593636,100,公設
332020,0100001008,岡山県倉敷市,消火栓,332020,,倉敷市羽島４３２－１１,岡山県,倉敷市,,,,133.787141,34.592,100,公設
332020,0100001009,岡山県倉敷市,消火栓,332020,,倉敷市羽島４３２－２５,岡山県,倉敷市,,,,133.787167,34.591187,100,公設
332020,0100001010,岡山県倉敷市,消火栓,332020,,倉敷市羽島４３２番地２９,岡山県,倉敷市,,,,133.787779,34.590731,350,公設
332020,0100001011,岡山県倉敷市,消火栓,332020,,倉敷市羽島２７４－１,岡山県,倉敷市,,,,133.78344,34.59496,75,公設
332020,0100001012,岡山県倉敷市,消火栓,332020,,倉敷市羽島６４８－１４,岡山県,倉敷市,,,,133.779992,34.595022,100,公設
332020,0100001013,岡山県倉敷市,消火栓,332020,,倉敷市羽島１９１番８号,岡山県,倉敷市,,,,133.790452,34.595776,75,公設
332020,0100001014,岡山県倉敷市,消火栓,332020,,倉敷市羽島２９６番地３号先,岡山県,倉敷市,,,,133.784636,34.593287,75,公設
332020,0100001015,岡山県倉敷市,消火栓,332020,,倉敷市羽島３９１－６,岡山県,倉敷市,,,,133.790914,34.592406,150,公設
332020,0100001016,岡山県倉敷市,消火栓,332020,,倉敷市羽島７１番地５号先,岡山県,倉敷市,,,,133.789451,34.592671,75,公設
332020,0100001017,岡山県倉敷市,消火栓,332020,,倉敷市羽島５４６番地１号先,岡山県,倉敷市,,,,133.78309,34.593731,75,公設
332020,0100001018,岡山県倉敷市,消火栓,332020,,倉敷市羽島６９２番９号,岡山県,倉敷市,,,,133.778254,34.597154,200,公設
332020,0100001019,岡山県倉敷市,消火栓,332020,,倉敷市羽島５３１－１,岡山県,倉敷市,,,,133.781997,34.591008,150,公設
332020,0100001020,岡山県倉敷市,消火栓,332020,,倉敷市羽島７９７番１号,岡山県,倉敷市,,,,133.783529,34.599854,100,公設
332020,0100001021,岡山県倉敷市,消火栓,332020,,倉敷市羽島８４９番２号,岡山県,倉敷市,,,,133.783173,34.599072,75,公設
332020,0100001022,岡山県倉敷市,消火栓,332020,,倉敷市羽島９５番地の１１地先,岡山県,倉敷市,,,,133.788554,34.592418,150,公設
332020,0100001023,岡山県倉敷市,消火栓,332020,,倉敷市向山２１３２番地先,岡山県,倉敷市,,,,133.783275,34.589085,75,公設
332020,0100001024,岡山県倉敷市,消火栓,332020,,倉敷市向山１７８３番１地先,岡山県,倉敷市,,,,133.77754,34.593504,75,公設
332020,0100001025,岡山県倉敷市,消火栓,332020,,倉敷市向山１４４９番６地先,岡山県,倉敷市,,,,133.777422,34.59089,75,公設
332020,0100001026,岡山県倉敷市,消火栓,332020,,倉敷市向山１９４０番１地先,岡山県,倉敷市,,,,133.779624,34.591837,100,公設
332020,0100001027,岡山県倉敷市,消火栓,332020,,倉敷市向山２０９５番地,岡山県,倉敷市,,,,133.780522,34.59018,75,公設
332020,0100001028,岡山県倉敷市,消火栓,332020,,倉敷市向山１５３７番１地先,岡山県,倉敷市,,,,133.774827,34.592225,75,公設
332020,0100001029,岡山県倉敷市,消火栓,332020,,倉敷市青江７５１番地３先,岡山県,倉敷市,,,,133.759709,34.611341,100,公設
332020,0100001030,岡山県倉敷市,消火栓,332020,,倉敷市青江８３９番地１,岡山県,倉敷市,,,,133.756038,34.614488,100,公設
332020,0100001031,岡山県倉敷市,消火栓,332020,,倉敷市青江８０９番地９先,岡山県,倉敷市,,,,133.757439,34.614036,100,公設
332020,0100001032,岡山県倉敷市,消火栓,332020,,倉敷市青江８０２番地先,岡山県,倉敷市,,,,133.759278,34.613162,100,公設
332020,0100001033,岡山県倉敷市,消火栓,332020,,倉敷市青江８１９,岡山県,倉敷市,,,,133.758399,34.612337,75,公設
332020,0100001034,岡山県倉敷市,消火栓,332020,,倉敷市青江８２２番地先,岡山県,倉敷市,,,,133.758341,34.611839,100,公設
332020,0100001035,岡山県倉敷市,消火栓,332020,,倉敷市青江７５４番地先,岡山県,倉敷市,,,,133.759622,34.611898,100,公設
332020,0100001036,岡山県倉敷市,消火栓,332020,,倉敷市青江８０９番２４地先,岡山県,倉敷市,,,,133.757903,34.613134,100,公設
332020,0100001037,岡山県倉敷市,消火栓,332020,,倉敷市青江７番地１先,岡山県,倉敷市,,,,133.760374,34.610324,200,公設
332020,0100001038,岡山県倉敷市,消火栓,332020,,倉敷市青江６番地１６先,岡山県,倉敷市,,,,133.75975,34.610065,200,公設
332020,0100001039,岡山県倉敷市,消火栓,332020,,倉敷市青江８４７番地３先,岡山県,倉敷市,,,,133.756911,34.613076,75,公設
332020,0100001040,岡山県倉敷市,消火栓,332020,,倉敷市青江８５９番５号,岡山県,倉敷市,,,,133.755539,34.614917,100,公設
332020,0100001041,岡山県倉敷市,消火栓,332020,,倉敷市青江９０１番地７先,岡山県,倉敷市,,,,133.756876,34.615359,100,公設
332020,0100001042,岡山県倉敷市,消火栓,332020,,倉敷市青江８９９番地５先,岡山県,倉敷市,,,,133.757333,34.615316,100,公設
332020,0100001043,岡山県倉敷市,消火栓,332020,,倉敷市青江３番地４先,岡山県,倉敷市,,,,133.75962,34.610041,75,公設
332020,0100001044,岡山県倉敷市,消火栓,332020,,倉敷市青江８５８番地１３先,岡山県,倉敷市,,,,133.755618,34.614645,400,公設
332020,0100001045,岡山県倉敷市,消火栓,332020,,倉敷市青江３番２号,岡山県,倉敷市,,,,133.758763,34.610708,75,公設
332020,0100001046,岡山県倉敷市,消火栓,332020,,倉敷市二日市９３番１号,岡山県,倉敷市,,,,133.791961,34.594678,100,公設
332020,0100001047,岡山県倉敷市,消火栓,332020,,倉敷市二日市２５番地,岡山県,倉敷市,,,,133.790999,34.594433,400,公設
332020,0100001048,岡山県倉敷市,消火栓,332020,,倉敷市二日市４４９番地,岡山県,倉敷市,,,,133.792391,34.588915,100,公設
332020,0100001049,岡山県倉敷市,消火栓,332020,,倉敷市二日市４７８番１号,岡山県,倉敷市,,,,133.792021,34.603215,75,公設
332020,0100001050,岡山県倉敷市,消火栓,332020,,倉敷市二日市３５２番８号,岡山県,倉敷市,,,,133.793199,34.591702,75,公設
332020,0100001051,岡山県倉敷市,消火栓,332020,,倉敷市二日市５５１番地,岡山県,倉敷市,,,,133.791276,34.587843,75,公設
332020,0100001052,岡山県倉敷市,消火栓,332020,,倉敷市二日市７２６番１号,岡山県,倉敷市,,,,133.788634,34.585619,75,公設
332020,0100001053,岡山県倉敷市,消火栓,332020,,倉敷市二日市４２４番地,岡山県,倉敷市,,,,133.791419,34.590568,150,公設
332020,0100001054,岡山県倉敷市,消火栓,332020,,倉敷市二日市３５９番１７号,岡山県,倉敷市,,,,133.792292,34.593087,100,公設
332020,0100001055,岡山県倉敷市,消火栓,332020,,倉敷市二日市６０番地,岡山県,倉敷市,,,,133.792172,34.596202,150,公設
332020,0100001056,岡山県倉敷市,消火栓,332020,,倉敷市二日市３０２番３号,岡山県,倉敷市,,,,133.79487,34.591162,400,公設
332020,0100001057,岡山県倉敷市,消火栓,332020,,倉敷市二日市３２９番地,岡山県,倉敷市,,,,133.796038,34.58985,350,公設
332020,0100001058,岡山県倉敷市,消火栓,332020,,倉敷市二日市３３４番地,岡山県,倉敷市,,,,133.79537,34.589524,75,公設
332020,0100001059,岡山県倉敷市,消火栓,332020,,倉敷市二日市２３５番４号,岡山県,倉敷市,,,,133.797035,34.592167,100,公設
332020,0100001060,岡山県倉敷市,消火栓,332020,,倉敷市二日市３２３番地３,岡山県,倉敷市,,,,133.795334,34.590666,150,公設
332020,0100001061,岡山県倉敷市,消火栓,332020,,倉敷市黒崎６２５,岡山県,倉敷市,,,,133.789951,34.608881,300,公設
332020,0100001062,岡山県倉敷市,消火栓,332020,,倉敷市黒崎６７１番１号,岡山県,倉敷市,,,,133.791221,34.609241,300,公設
332020,0100001063,岡山県倉敷市,消火栓,332020,,倉敷市黒崎６８２番３号,岡山県,倉敷市,,,,133.792393,34.608348,200,公設
332020,0100001064,岡山県倉敷市,消火栓,332020,,倉敷市黒崎７５０番地,岡山県,倉敷市,,,,133.792394,34.607175,200,公設
332020,0100001065,岡山県倉敷市,消火栓,332020,,倉敷市黒崎７２７番地,岡山県,倉敷市,,,,133.791329,34.60731,75,公設
332020,0100001066,岡山県倉敷市,消火栓,332020,,倉敷市黒崎６０５番６号,岡山県,倉敷市,,,,133.788999,34.60671,75,公設
332020,0100001067,岡山県倉敷市,消火栓,332020,,倉敷市黒崎２８４番地１７,岡山県,倉敷市,,,,133.789531,34.605717,75,公設
332020,0100001068,岡山県倉敷市,消火栓,332020,,倉敷市黒崎３４９番地,岡山県,倉敷市,,,,133.79336,34.602451,100,公設
332020,0100001069,岡山県倉敷市,消火栓,332020,,倉敷市黒崎２８７番７号,岡山県,倉敷市,,,,133.790061,34.605961,75,公設
332020,0100001070,岡山県倉敷市,消火栓,332020,,倉敷市黒崎２９６番４号,岡山県,倉敷市,,,,133.791006,34.606234,75,公設
332020,0100001071,岡山県倉敷市,消火栓,332020,,倉敷市黒崎７１９番１号,岡山県,倉敷市,,,,133.790486,34.607083,75,公設
332020,0100001073,岡山県倉敷市,消火栓,332020,,倉敷市黒崎４１７番地,岡山県,倉敷市,,,,133.794547,34.603124,100,公設
332020,0100001074,岡山県倉敷市,消火栓,332020,,倉敷市黒崎４番３号,岡山県,倉敷市,,,,133.787877,34.606009,100,公設
332020,0100001075,岡山県倉敷市,消火栓,332020,,倉敷市黒崎２５番４号,岡山県,倉敷市,,,,133.786809,34.603982,100,公設
332020,0100001076,岡山県倉敷市,消火栓,332020,,倉敷市黒崎４７９番５号,岡山県,倉敷市,,,,133.793318,34.605504,200,公設
332020,0100001077,岡山県倉敷市,消火栓,332020,,倉敷市黒崎４番１号,岡山県,倉敷市,,,,133.787523,34.604915,150,公設
332020,0100001078,岡山県倉敷市,消火栓,332020,,倉敷市黒崎６５番３号,岡山県,倉敷市,,,,133.785976,34.602432,100,公設
332020,0100001079,岡山県倉敷市,消火栓,332020,,倉敷市黒崎７２番１号,岡山県,倉敷市,,,,133.785834,34.601716,150,公設
332020,0100001080,岡山県倉敷市,消火栓,332020,,倉敷市黒崎２５番地１地先,岡山県,倉敷市,,,,133.786742,34.603431,150,公設
332020,0100001081,岡山県倉敷市,消火栓,332020,,倉敷市四十瀬３番５号,岡山県,倉敷市,,,,133.747967,34.59272,400,公設
332020,0100001082,岡山県倉敷市,消火栓,332020,,倉敷市四十瀬４番１号　地先南,岡山県,倉敷市,,,,133.747551,34.591517,400,公設
332020,0100001083,岡山県倉敷市,消火栓,332020,,倉敷市四十瀬４９番１号　地先南西角,岡山県,倉敷市,,,,133.748524,34.590754,75,公設
332020,0100001084,岡山県倉敷市,消火栓,332020,,倉敷市四十瀬１１８番１号　地先北,岡山県,倉敷市,,,,133.74951,34.589697,150,公設
332020,0100001085,岡山県倉敷市,消火栓,332020,,倉敷市四十瀬３１７番３号　地先北東,岡山県,倉敷市,,,,133.747881,34.588757,150,公設
332020,0100001086,岡山県倉敷市,消火栓,332020,,倉敷市四十瀬３３１番地,岡山県,倉敷市,,,,133.74708,34.58855,400,公設
332020,0100001087,岡山県倉敷市,消火栓,332020,,倉敷市四十瀬３３１番地先,岡山県,倉敷市,,,,133.747135,34.588323,400,公設
332020,0100001088,岡山県倉敷市,消火栓,332020,,倉敷市四十瀬２４３番地先南東,岡山県,倉敷市,,,,133.748917,34.588354,75,公設
332020,0100001089,岡山県倉敷市,消火栓,332020,,倉敷市四十瀬２６７番地先東,岡山県,倉敷市,,,,133.748798,34.587273,100,公設
332020,0100001090,岡山県倉敷市,消火栓,332020,,倉敷市四十瀬２０９番地,岡山県,倉敷市,,,,133.749506,34.587239,100,公設
332020,0100001091,岡山県倉敷市,消火栓,332020,,倉敷市四十瀬５１７番１６号地先東,岡山県,倉敷市,,,,133.753337,34.581017,100,公設
332020,0100001092,岡山県倉敷市,消火栓,332020,,倉敷市四十瀬２０１番地先北西角,岡山県,倉敷市,,,,133.749003,34.586321,250,公設
332020,0100001093,岡山県倉敷市,消火栓,332020,,倉敷市四十瀬３４８番４号　地先北西角,岡山県,倉敷市,,,,133.747585,34.586048,250,公設
332020,0100001094,岡山県倉敷市,消火栓,332020,,倉敷市四十瀬３７９番６号　地先東,岡山県,倉敷市,,,,133.74942,34.584134,75,公設
332020,0100001095,岡山県倉敷市,消火栓,332020,,倉敷市四十瀬４６０番地先南西角,岡山県,倉敷市,,,,133.749808,34.582656,100,公設
332020,0100001096,岡山県倉敷市,消火栓,332020,,倉敷市四十瀬５２１番４号　地先北東,岡山県,倉敷市,,,,133.754806,34.581466,75,公設
332020,0100001097,岡山県倉敷市,消火栓,332020,,倉敷市四十瀬５３２番８号　地先南東,岡山県,倉敷市,,,,133.754452,34.580179,75,公設
332020,0100001098,岡山県倉敷市,消火栓,332020,,倉敷市四十瀬３３５番１号地先西,岡山県,倉敷市,,,,133.7465,34.585856,250,公設
332020,0100001099,岡山県倉敷市,消火栓,332020,,倉敷市四十瀬２３１番１０号　地先南東,岡山県,倉敷市,,,,133.749386,34.583438,100,公設
332020,0100001100,岡山県倉敷市,消火栓,332020,,倉敷市四十瀬４９１番２号　地先西,岡山県,倉敷市,,,,133.751001,34.580612,100,公設
332020,0100001101,岡山県倉敷市,消火栓,332020,,倉敷市四十瀬５５１番３号　地先北,岡山県,倉敷市,,,,133.753942,34.579304,100,公設
332020,0100001102,岡山県倉敷市,消火栓,332020,,倉敷市四十瀬１９７番２号　地先,岡山県,倉敷市,,,,133.749127,34.585127,75,公設
332020,0100001103,岡山県倉敷市,消火栓,332020,,倉敷市四十瀬３番３６号,岡山県,倉敷市,,,,133.745984,34.592638,100,公設
332020,0100001104,岡山県倉敷市,消火栓,332020,,倉敷市沖１６番２１号地先,岡山県,倉敷市,,,,133.750569,34.591536,75,公設
332020,0100001105,岡山県倉敷市,消火栓,332020,,倉敷市沖１８番５号,岡山県,倉敷市,,,,133.750399,34.590348,100,公設
332020,0100001106,岡山県倉敷市,消火栓,332020,,倉敷市沖５２番１号,岡山県,倉敷市,,,,133.75207,34.591113,150,公設
332020,0100001107,岡山県倉敷市,消火栓,332020,,倉敷市沖４９番３号,岡山県,倉敷市,,,,133.751738,34.589947,100,公設
332020,0100001108,岡山県倉敷市,消火栓,332020,,倉敷市沖１２８番地,岡山県,倉敷市,,,,133.751966,34.588268,75,公設
332020,0100001109,岡山県倉敷市,消火栓,332020,,倉敷市沖１９０番地,岡山県,倉敷市,,,,133.752979,34.588231,75,公設
332020,0100001110,岡山県倉敷市,消火栓,332020,,倉敷市沖２６７番１号,岡山県,倉敷市,,,,133.754917,34.588634,250,公設
332020,0100001111,岡山県倉敷市,消火栓,332020,,倉敷市沖２３４番２号地先,岡山県,倉敷市,,,,133.753592,34.587888,250,公設
332020,0100001112,岡山県倉敷市,消火栓,332020,,倉敷市沖１９４番１号,岡山県,倉敷市,,,,133.752223,34.587614,250,公設
332020,0100001113,岡山県倉敷市,消火栓,332020,,倉敷市沖２番２６号,岡山県,倉敷市,,,,133.753833,34.586019,200,公設
332020,0100001114,岡山県倉敷市,消火栓,332020,,倉敷市沖５３０番地先南東,岡山県,倉敷市,,,,133.755578,34.580149,200,公設
332020,0100001115,岡山県倉敷市,消火栓,332020,,倉敷市沖３４３番地,岡山県,倉敷市,,,,133.750681,34.587011,250,公設
332020,0100001116,岡山県倉敷市,消火栓,332020,,倉敷市沖９２番１号,岡山県,倉敷市,,,,133.753669,34.590754,150,公設
332020,0100001117,岡山県倉敷市,消火栓,332020,,倉敷市沖７３番４号,岡山県,倉敷市,,,,133.7538,34.59132,250,公設
332020,0100001118,岡山県倉敷市,消火栓,332020,,倉敷市沖８３番１２号,岡山県,倉敷市,,,,133.75438,34.590034,250,公設
332020,0100001119,岡山県倉敷市,消火栓,332020,,倉敷市沖２７９番１号,岡山県,倉敷市,,,,133.754685,34.58732,250,公設
332020,0100001120,岡山県倉敷市,消火栓,332020,,倉敷市沖４３２番４号,岡山県,倉敷市,,,,133.755171,34.586301,100,公設
332020,0100001121,岡山県倉敷市,消火栓,332020,,倉敷市沖１５７番４号地先,岡山県,倉敷市,,,,133.750515,34.588383,100,公設
332020,0100001122,岡山県倉敷市,消火栓,332020,,倉敷市沖２６４番地の１３先,岡山県,倉敷市,,,,133.754473,34.588693,150,公設
332020,0100001123,岡山県倉敷市,消火栓,332020,,倉敷市沖新町１４番３号　地先東,岡山県,倉敷市,,,,133.751369,34.585823,75,公設
332020,0100001124,岡山県倉敷市,消火栓,332020,,倉敷市沖新町３２番１５号　地先南,岡山県,倉敷市,,,,133.752636,34.58415,150,公設
332020,0100001125,岡山県倉敷市,消火栓,332020,,倉敷市沖新町９２－１,岡山県,倉敷市,,,,133.755492,34.584478,150,公設
332020,0100001126,岡山県倉敷市,消火栓,332020,,倉敷市沖新町６３番６号　地先東,岡山県,倉敷市,,,,133.755287,34.582717,200,公設
332020,0100001127,岡山県倉敷市,消火栓,332020,,倉敷市沖新町１０１番２５号　地先北,岡山県,倉敷市,,,,133.756314,34.582888,75,公設
332020,0100001128,岡山県倉敷市,消火栓,332020,,倉敷市沖新町６８番１号　地先北西,岡山県,倉敷市,,,,133.753124,34.582891,100,公設
332020,0100001129,岡山県倉敷市,消火栓,332020,,倉敷市沖新町６１番８号　地先北西,岡山県,倉敷市,,,,133.754328,34.583468,75,公設
332020,0100001130,岡山県倉敷市,消火栓,332020,,倉敷市沖新町４０番３号　地先北東,岡山県,倉敷市,,,,133.754921,34.585627,200,公設
332020,0100001131,岡山県倉敷市,消火栓,332020,,倉敷市沖新町７番７　地先南西,岡山県,倉敷市,,,,133.752667,34.585331,75,公設
332020,0100001132,岡山県倉敷市,消火栓,332020,,倉敷市沖新町８３番１号　地先北,岡山県,倉敷市,,,,133.755826,34.581595,150,公設
332020,0100001133,岡山県倉敷市,消火栓,332020,,倉敷市上富井３番７７号　地先北,岡山県,倉敷市,,,,133.744316,34.585607,400,公設
332020,0100001134,岡山県倉敷市,消火栓,332020,,倉敷市上富井５４８,岡山県,倉敷市,,,,133.745845,34.57967,75,公設
332020,0100001135,岡山県倉敷市,消火栓,332020,,倉敷市上富井３９番３号,岡山県,倉敷市,,,,133.747611,34.584404,200,公設
332020,0100001136,岡山県倉敷市,消火栓,332020,,倉敷市上富井９２番１号　地先北,岡山県,倉敷市,,,,133.746279,34.5829,75,公設
332020,0100001137,岡山県倉敷市,消火栓,332020,,倉敷市上富井５８番地,岡山県,倉敷市,,,,133.745537,34.582292,200,公設
332020,0100001138,岡山県倉敷市,消火栓,332020,,倉敷市上富井１７８番１号　地先北,岡山県,倉敷市,,,,133.747479,34.582493,200,公設
332020,0100001139,岡山県倉敷市,消火栓,332020,,倉敷市上富井２９７番８号　地先北西,岡山県,倉敷市,,,,133.748193,34.581929,100,公設
332020,0100001140,岡山県倉敷市,消火栓,332020,,倉敷市上富井１３５番４号　地先東,岡山県,倉敷市,,,,133.74663,34.580506,200,公設
332020,0100001141,岡山県倉敷市,消火栓,332020,,倉敷市上富井５８２番５号　地先東,岡山県,倉敷市,,,,133.746994,34.578635,200,公設
332020,0100001142,岡山県倉敷市,消火栓,332020,,倉敷市上富井５０９番４号　地先東,岡山県,倉敷市,,,,133.745082,34.580727,200,公設
332020,0100001143,岡山県倉敷市,消火栓,332020,,倉敷市上富井５２２番３２号　地先北,岡山県,倉敷市,,,,133.743454,34.579903,100,公設
332020,0100001144,岡山県倉敷市,消火栓,332020,,倉敷市上富井６２８番１５６号　地先北東,岡山県,倉敷市,,,,133.744071,34.577336,200,公設
332020,0100001145,岡山県倉敷市,消火栓,332020,,倉敷市上富井６２８番９９号　地先東,岡山県,倉敷市,,,,133.743281,34.57745,100,公設
332020,0100001146,岡山県倉敷市,消火栓,332020,,倉敷市上富井６２８番１７８号　地先東,岡山県,倉敷市,,,,133.743472,34.575871,100,公設
332020,0100001147,岡山県倉敷市,消火栓,332020,,倉敷市上富井２１８番８号　地先西,岡山県,倉敷市,,,,133.748211,34.583743,100,公設
332020,0100001148,岡山県倉敷市,消火栓,332020,,倉敷市上富井６０６番１号地先,岡山県,倉敷市,,,,133.744836,34.578663,100,公設
332020,0100001149,岡山県倉敷市,消火栓,332020,,倉敷市上富井２５２番３号,岡山県,倉敷市,,,,133.750775,34.58095,100,公設
332020,0100001150,岡山県倉敷市,消火栓,332020,,倉敷市上富井４８９番１号　地先東,岡山県,倉敷市,,,,133.74829,34.579586,75,公設
332020,0100001151,岡山県倉敷市,消火栓,332020,,倉敷市上富井３０２番３号　地先東,岡山県,倉敷市,,,,133.74972,34.579659,75,公設
332020,0100001152,岡山県倉敷市,消火栓,332020,,倉敷市上富井５９３番２号　地先南,岡山県,倉敷市,,,,133.746253,34.576906,75,公設
332020,0100001153,岡山県倉敷市,消火栓,332020,,倉敷市上富井３００番１号　地先東,岡山県,倉敷市,,,,133.74923,34.580988,100,公設
332020,0100001154,岡山県倉敷市,消火栓,332020,,倉敷市西富井６３６番地　地先西,岡山県,倉敷市,,,,133.742484,34.575493,150,公設
332020,0100001155,岡山県倉敷市,消火栓,332020,,倉敷市上富井３３１番３号,岡山県,倉敷市,,,,133.744687,34.5866,100,公設
332020,0100001156,岡山県倉敷市,消火栓,332020,,倉敷市上富井６２８－２０６,岡山県,倉敷市,,,,133.744376,34.575924,200,公設
332020,0100001157,岡山県倉敷市,消火栓,332020,,倉敷市上富井５２２番９８号　地先東,岡山県,倉敷市,,,,133.743083,34.579097,100,公設
332020,0100001158,岡山県倉敷市,消火栓,332020,,倉敷市上富井３１３番１号　地先北西,岡山県,倉敷市,,,,133.748338,34.580548,75,公設
332020,0100001159,岡山県倉敷市,消火栓,332020,,倉敷市東富井３５６番４号　地先北,岡山県,倉敷市,,,,133.750675,34.57905,100,公設
332020,0100001160,岡山県倉敷市,消火栓,332020,,倉敷市上富井３－１３３,岡山県,倉敷市,,,,133.74512,34.585566,100,公設
332020,0100001161,岡山県倉敷市,消火栓,332020,,倉敷市上富井３－１,岡山県,倉敷市,,,,133.745015,34.584275,100,公設
332020,0100001162,岡山県倉敷市,消火栓,332020,,倉敷市東富井７８４番地,岡山県,倉敷市,,,,133.75189,34.579383,100,公設
332020,0100001163,岡山県倉敷市,消火栓,332020,,倉敷市東富井７３０番６号,岡山県,倉敷市,,,,133.751242,34.576957,200,公設
332020,0100001164,岡山県倉敷市,消火栓,332020,,倉敷市東富井８９７番地,岡山県,倉敷市,,,,133.752671,34.577821,200,公設
332020,0100001165,岡山県倉敷市,消火栓,332020,,倉敷市東富井７５２番地,岡山県,倉敷市,,,,133.753413,34.577923,100,公設
332020,0100001166,岡山県倉敷市,消火栓,332020,,倉敷市東富井７９０番２号,岡山県,倉敷市,,,,133.754064,34.578211,100,公設
332020,0100001167,岡山県倉敷市,消火栓,332020,,倉敷市東富井８２２番３号,岡山県,倉敷市,,,,133.756,34.577133,75,公設
332020,0100001168,岡山県倉敷市,消火栓,332020,,倉敷市東富井８６２番１号,岡山県,倉敷市,,,,133.755753,34.576617,200,公設
332020,0100001169,岡山県倉敷市,消火栓,332020,,倉敷市東富井８８１番３号,岡山県,倉敷市,,,,133.755075,34.575514,200,公設
332020,0100001170,岡山県倉敷市,消火栓,332020,,倉敷市東富井９６２番１号,岡山県,倉敷市,,,,133.754365,34.574446,200,公設
332020,0100001171,岡山県倉敷市,消火栓,332020,,倉敷市東富井９８７番地,岡山県,倉敷市,,,,133.753253,34.572738,200,公設
332020,0100001172,岡山県倉敷市,消火栓,332020,,倉敷市東富井８８９番３号,岡山県,倉敷市,,,,133.753523,34.576693,100,公設
332020,0100001173,岡山県倉敷市,消火栓,332020,,倉敷市東富井８０３番１号,岡山県,倉敷市,,,,133.755712,34.578828,200,公設
332020,0100001174,岡山県倉敷市,消火栓,332020,,倉敷市東富井３４２番９号,岡山県,倉敷市,,,,133.748873,34.578205,100,公設
332020,0100001175,岡山県倉敷市,消火栓,332020,,倉敷市東富井４２０番１号,岡山県,倉敷市,,,,133.749631,34.576941,75,公設
332020,0100001176,岡山県倉敷市,消火栓,332020,,倉敷市東富井９３６番５号,岡山県,倉敷市,,,,133.753753,34.575037,100,公設
332020,0100001177,岡山県倉敷市,消火栓,332020,,倉敷市東富井８７７番３号,岡山県,倉敷市,,,,133.756132,34.575164,100,公設
332020,0100001178,岡山県倉敷市,消火栓,332020,,倉敷市東富井８７６番１号,岡山県,倉敷市,,,,133.756598,34.575013,100,公設
332020,0100001179,岡山県倉敷市,消火栓,332020,,倉敷市東富井１１２４番１号,岡山県,倉敷市,,,,133.751805,34.574574,75,公設
332020,0100001180,岡山県倉敷市,消火栓,332020,,倉敷市東富井１１３１番１６号地先,岡山県,倉敷市,,,,133.751383,34.576513,100,公設
332020,0100001181,岡山県倉敷市,消火栓,332020,,倉敷市東富井９２１番地,岡山県,倉敷市,,,,133.752725,34.575505,100,公設
332020,0100001182,岡山県倉敷市,消火栓,332020,,倉敷市西富井１２０９番４号,岡山県,倉敷市,,,,133.748551,34.573118,200,公設
332020,0100001183,岡山県倉敷市,消火栓,332020,,倉敷市西富井６３６番７１号,岡山県,倉敷市,,,,133.743635,34.574601,100,公設
332020,0100001184,岡山県倉敷市,消火栓,332020,,倉敷市西富井６３６番地,岡山県,倉敷市,,,,133.743556,34.573549,400,公設
332020,0100001185,岡山県倉敷市,消火栓,332020,,倉敷市西富井１３８７番地,岡山県,倉敷市,,,,133.744499,34.573626,200,公設
332020,0100001186,岡山県倉敷市,消火栓,332020,,倉敷市西富井６４５番１号,岡山県,倉敷市,,,,133.74526,34.575534,75,公設
332020,0100001187,岡山県倉敷市,消火栓,332020,,倉敷市西富井１２９４番４号,岡山県,倉敷市,,,,133.74583,34.57365,100,公設
332020,0100001188,岡山県倉敷市,消火栓,332020,,倉敷市西富井１１９４番地,岡山県,倉敷市,,,,133.748161,34.574268,200,公設
332020,0100001189,岡山県倉敷市,消火栓,332020,,倉敷市西富井６８６番９号,岡山県,倉敷市,,,,133.747668,34.576097,100,公設
332020,0100001190,岡山県倉敷市,消火栓,332020,,倉敷市西富井１１４９番１号,岡山県,倉敷市,,,,133.748885,34.575244,200,公設
332020,0100001191,岡山県倉敷市,消火栓,332020,,倉敷市西富井１１７０番６号,岡山県,倉敷市,,,,133.750652,34.573478,75,公設
332020,0100001192,岡山県倉敷市,消火栓,332020,,倉敷市西富井１０７４番２２号,岡山県,倉敷市,,,,133.752345,34.57141,200,公設
332020,0100001193,岡山県倉敷市,消火栓,332020,,倉敷市西富井６２９番５２号,岡山県,倉敷市,,,,133.744746,34.575066,75,公設
332020,0100001194,岡山県倉敷市,消火栓,332020,,倉敷市西富井１３２８番１号,岡山県,倉敷市,,,,133.748354,34.572445,200,公設
332020,0100001195,岡山県倉敷市,消火栓,332020,,倉敷市西富井１２５１番５号,岡山県,倉敷市,,,,133.748115,34.571195,200,公設
332020,0100001196,岡山県倉敷市,消火栓,332020,,倉敷市西富井６７７番１１号,岡山県,倉敷市,,,,133.746275,34.575382,200,公設
332020,0100001197,岡山県倉敷市,消火栓,332020,,倉敷市西富井１３４２番５号,岡山県,倉敷市,,,,133.746778,34.571175,400,公設
332020,0100001198,岡山県倉敷市,消火栓,332020,,倉敷市西富井１１０１番５号,岡山県,倉敷市,,,,133.752525,34.573841,150,公設
332020,0100001199,岡山県倉敷市,消火栓,332020,,倉敷市西富井１０９３番７号,岡山県,倉敷市,,,,133.752085,34.572248,100,公設
332020,0100001200,岡山県倉敷市,消火栓,332020,,倉敷市西富井１３６６番１号地先,岡山県,倉敷市,,,,133.745167,34.572367,75,公設
332020,0100001201,岡山県倉敷市,消火栓,332020,,倉敷市西富井１１４２番１１号,岡山県,倉敷市,,,,133.750378,34.575154,75,公設
332020,0100001202,岡山県倉敷市,消火栓,332020,,倉敷市西富井６４３番４号,岡山県,倉敷市,,,,133.745468,34.574692,100,公設
332020,0100001203,岡山県倉敷市,消火栓,332020,,倉敷市西富井１３５７番１１号,岡山県,倉敷市,,,,133.74615,34.572107,75,公設
332020,0100001204,岡山県倉敷市,消火栓,332020,,倉敷市西富井１２１３番７号地先,岡山県,倉敷市,,,,133.74979,34.572799,100,公設
332020,0100001205,岡山県倉敷市,消火栓,332020,,倉敷市福井４００番７号,岡山県,倉敷市,,,,133.743011,34.56933,75,公設
332020,0100001206,岡山県倉敷市,消火栓,332020,,倉敷市福井４００番地,岡山県,倉敷市,,,,133.744493,34.569028,75,公設
332020,0100001207,岡山県倉敷市,消火栓,332020,,倉敷市福井４００番８３号,岡山県,倉敷市,,,,133.744319,34.569835,75,公設
332020,0100001208,岡山県倉敷市,消火栓,332020,,倉敷市福井４００番６０号,岡山県,倉敷市,,,,133.744265,34.570534,100,公設
332020,0100001209,岡山県倉敷市,消火栓,332020,,倉敷市福井４００番５９号,岡山県,倉敷市,,,,133.744452,34.570357,75,公設
332020,0100001210,岡山県倉敷市,消火栓,332020,,倉敷市福井４４５番２号,岡山県,倉敷市,,,,133.745235,34.570713,75,公設
332020,0100001211,岡山県倉敷市,消火栓,332020,,倉敷市福井４００番６９号,岡山県,倉敷市,,,,133.744999,34.56953,75,公設
332020,0100001212,岡山県倉敷市,消火栓,332020,,倉敷市福井３１５番地,岡山県,倉敷市,,,,133.74648,34.569226,75,公設
332020,0100001213,岡山県倉敷市,消火栓,332020,,倉敷市福井３２３番地,岡山県,倉敷市,,,,133.747468,34.569496,400,公設
332020,0100001214,岡山県倉敷市,消火栓,332020,,倉敷市福井３００番３号,岡山県,倉敷市,,,,133.747994,34.566982,350,公設
332020,0100001215,岡山県倉敷市,消火栓,332020,,倉敷市福井３８６番地,岡山県,倉敷市,,,,133.746758,34.56534,350,公設
332020,0100001216,岡山県倉敷市,消火栓,332020,,倉敷市福井２５４番地,岡山県,倉敷市,,,,133.750487,34.568718,200,公設
332020,0100001217,岡山県倉敷市,消火栓,332020,,倉敷市福井６９番８号,岡山県,倉敷市,,,,133.751355,34.569908,200,公設
332020,0100001218,岡山県倉敷市,消火栓,332020,,倉敷市福井５８番地１０,岡山県,倉敷市,,,,133.751288,34.570983,100,公設
332020,0100001219,岡山県倉敷市,消火栓,332020,,倉敷市福井６５番７号,岡山県,倉敷市,,,,133.751935,34.56969,75,公設
332020,0100001220,岡山県倉敷市,消火栓,332020,,倉敷市福井１１８番１６号,岡山県,倉敷市,,,,133.751475,34.569411,100,公設
332020,0100001221,岡山県倉敷市,消火栓,332020,,倉敷市福井１３２番２号,岡山県,倉敷市,,,,133.752641,34.56982,75,公設
332020,0100001222,岡山県倉敷市,消火栓,332020,,倉敷市福井１３６番１２号,岡山県,倉敷市,,,,133.753023,34.569556,75,公設
332020,0100001223,岡山県倉敷市,消火栓,332020,,倉敷市福井１３６番１１号,岡山県,倉敷市,,,,133.753438,34.569755,75,公設
332020,0100001224,岡山県倉敷市,消火栓,332020,,倉敷市福井１６４番４号地先,岡山県,倉敷市,,,,133.752051,34.568337,100,公設
332020,0100001225,岡山県倉敷市,消火栓,332020,,倉敷市福井１４４番２号,岡山県,倉敷市,,,,133.753773,34.568568,100,公設
332020,0100001226,岡山県倉敷市,消火栓,332020,,倉敷市福井２０２番３号,岡山県,倉敷市,,,,133.752772,34.56719,350,公設
332020,0100001227,岡山県倉敷市,消火栓,332020,,倉敷市福井３０８番地,岡山県,倉敷市,,,,133.747103,34.568121,75,公設
332020,0100001228,岡山県倉敷市,消火栓,332020,,倉敷市福井７０番５号,岡山県,倉敷市,,,,133.750433,34.570774,100,公設
332020,0100001229,岡山県倉敷市,消火栓,332020,,倉敷市福井２６６番地,岡山県,倉敷市,,,,133.748863,34.569275,200,公設
332020,0100001230,岡山県倉敷市,消火栓,332020,,倉敷市福井４６番６号,岡山県,倉敷市,,,,133.753355,34.57029,100,公設
332020,0100001231,岡山県倉敷市,消火栓,332020,,倉敷市福井１４番１号,岡山県,倉敷市,,,,133.754792,34.567953,100,公設
332020,0100001232,岡山県倉敷市,消火栓,332020,,倉敷市福井１８５番１１号,岡山県,倉敷市,,,,133.753443,34.56761,100,公設
332020,0100001233,岡山県倉敷市,消火栓,332020,,倉敷市福井４０５番１２号,岡山県,倉敷市,,,,133.74532,34.56675,75,公設
332020,0100001234,岡山県倉敷市,消火栓,332020,,倉敷市福井２８５番６号地先,岡山県,倉敷市,,,,133.748402,34.568552,75,公設
332020,0100001235,岡山県倉敷市,消火栓,332020,,倉敷市福井１９番４号,岡山県,倉敷市,,,,133.755085,34.568286,100,公設
332020,0100001236,岡山県倉敷市,消火栓,332020,,倉敷市福井３５０番６号,岡山県,倉敷市,,,,133.7464,34.570409,100,公設
332020,0100001237,岡山県倉敷市,消火栓,332020,,倉敷市福井４００番地の８０地先,岡山県,倉敷市,,,,133.743701,34.569779,75,公設
332020,0100001238,岡山県倉敷市,消火栓,332020,,倉敷市福井４３６番地先,岡山県,倉敷市,,,,133.745638,34.568772,75,公設
332020,0100001239,岡山県倉敷市,消火栓,332020,,倉敷市堀南６１４番３号,岡山県,倉敷市,,,,133.757259,34.578779,200,公設
332020,0100001240,岡山県倉敷市,消火栓,332020,,倉敷市堀南６２７番３号,岡山県,倉敷市,,,,133.756145,34.578874,100,公設
332020,0100001241,岡山県倉敷市,消火栓,332020,,倉敷市堀南６０８番１号,岡山県,倉敷市,,,,133.756844,34.578146,200,公設
332020,0100001242,岡山県倉敷市,消火栓,332020,,倉敷市堀南６８７番２号,岡山県,倉敷市,,,,133.757848,34.575965,200,公設
332020,0100001243,岡山県倉敷市,消火栓,332020,,倉敷市堀南７４７番４号,岡山県,倉敷市,,,,133.759486,34.574884,100,公設
332020,0100001244,岡山県倉敷市,消火栓,332020,,倉敷市堀南７０３番２号,岡山県,倉敷市,,,,133.758241,34.57321,150,公設
332020,0100001245,岡山県倉敷市,消火栓,332020,,倉敷市堀南８１３番地,岡山県,倉敷市,,,,133.75835,34.571523,150,公設
332020,0100001246,岡山県倉敷市,消火栓,332020,,倉敷市堀南７７８番５号,岡山県,倉敷市,,,,133.760208,34.570895,100,公設
332020,0100001247,岡山県倉敷市,消火栓,332020,,倉敷市堀南８９５番地,岡山県,倉敷市,,,,133.75842,34.569073,100,公設
332020,0100001248,岡山県倉敷市,消火栓,332020,,倉敷市宮前３８０番地５５先,岡山県,倉敷市,,,,133.763979,34.611828,200,公設
332020,0100001249,岡山県倉敷市,消火栓,332020,,倉敷市堀南８７５番１０号,岡山県,倉敷市,,,,133.757473,34.569008,75,公設
332020,0100001250,岡山県倉敷市,消火栓,332020,,倉敷市堀南９５３番１６号,岡山県,倉敷市,,,,133.758695,34.567301,100,公設
332020,0100001251,岡山県倉敷市,消火栓,332020,,倉敷市堀南９９３番７号,岡山県,倉敷市,,,,133.75614,34.567263,100,公設
332020,0100001252,岡山県倉敷市,消火栓,332020,,倉敷市堀南９９１番１号,岡山県,倉敷市,,,,133.755548,34.566531,100,公設
332020,0100001253,岡山県倉敷市,消火栓,332020,,倉敷市堀南６５０番１０号,岡山県,倉敷市,,,,133.757228,34.577006,100,公設
332020,0100001254,岡山県倉敷市,消火栓,332020,,倉敷市堀南６６３番６号,岡山県,倉敷市,,,,133.758797,34.576441,75,公設
332020,0100001255,岡山県倉敷市,消火栓,332020,,倉敷市堀南８５８番１６号,岡山県,倉敷市,,,,133.756847,34.567923,100,公設
332020,0100001256,岡山県倉敷市,消火栓,332020,,倉敷市堀南８３３番地地先,岡山県,倉敷市,,,,133.758368,34.570337,150,公設
332020,0100001257,岡山県倉敷市,消火栓,332020,,倉敷市堀南７９６番１号,岡山県,倉敷市,,,,133.759128,34.570129,100,公設
332020,0100001258,岡山県倉敷市,消火栓,332020,,倉敷市堀南８５２番１号,岡山県,倉敷市,,,,133.756387,34.568841,100,公設
332020,0100001259,岡山県倉敷市,消火栓,332020,,倉敷市宮前６９６番１号,岡山県,倉敷市,,,,133.76089,34.61116,100,公設
332020,0100001260,岡山県倉敷市,消火栓,332020,,倉敷市堀南５８８番地地先,岡山県,倉敷市,,,,133.757732,34.579541,200,公設
332020,0100001261,岡山県倉敷市,消火栓,332020,,倉敷市堀南７４３番１１号,岡山県,倉敷市,,,,133.758217,34.574802,150,公設
332020,0100001262,岡山県倉敷市,消火栓,332020,,倉敷市堀南８０４番地地先,岡山県,倉敷市,,,,133.758375,34.570977,150,公設
332020,0100001263,岡山県倉敷市,消火栓,332020,,倉敷市堀南８４４番４号地先,岡山県,倉敷市,,,,133.757586,34.569818,100,公設
332020,0100001264,岡山県倉敷市,消火栓,332020,,倉敷市堀南８３３番地地先,岡山県,倉敷市,,,,133.757086,34.57033,150,公設
332020,0100001265,岡山県倉敷市,消火栓,332020,,倉敷市堀南７０３番１号,岡山県,倉敷市,,,,133.757386,34.572564,75,公設
332020,0100001266,岡山県倉敷市,消火栓,332020,,倉敷市堀南６９１番７号,岡山県,倉敷市,,,,133.756688,34.573752,100,公設
332020,0100001267,岡山県倉敷市,消火栓,332020,,倉敷市堀南１０１２番地先,岡山県,倉敷市,,,,133.760059,34.566814,100,公設
332020,0100001268,岡山県倉敷市,消火栓,332020,,倉敷市宮前６１２番地先,岡山県,倉敷市,,,,133.760557,34.611974,100,公設
332020,0100001269,岡山県倉敷市,消火栓,332020,,倉敷市宮前６４４番地,岡山県,倉敷市,,,,133.76189,34.611819,100,公設
332020,0100001270,岡山県倉敷市,消火栓,332020,,倉敷市宮前６３７番地,岡山県,倉敷市,,,,133.76016,34.612869,100,公設
332020,0100001271,岡山県倉敷市,消火栓,332020,,倉敷市宮前５４２番８号,岡山県,倉敷市,,,,133.76209,34.612787,100,公設
332020,0100001272,岡山県倉敷市,消火栓,332020,,倉敷市宮前４１９番地２６先,岡山県,倉敷市,,,,133.765128,34.614363,100,公設
332020,0100001273,岡山県倉敷市,消火栓,332020,,倉敷市宮前２８７番地４６先,岡山県,倉敷市,,,,133.766767,34.61459,100,公設
332020,0100001274,岡山県倉敷市,消火栓,332020,,倉敷市宮前４１９番地１３７,岡山県,倉敷市,,,,133.763988,34.612999,200,公設
332020,0100001275,岡山県倉敷市,消火栓,332020,,倉敷市宮前４２５番１９号,岡山県,倉敷市,,,,133.765266,34.612993,100,公設
332020,0100001276,岡山県倉敷市,消火栓,332020,,倉敷市宮前３２９番１９号,岡山県,倉敷市,,,,133.764004,34.616016,200,公設
332020,0100001277,岡山県倉敷市,消火栓,332020,,倉敷市宮前３８０番４８号,岡山県,倉敷市,,,,133.763238,34.612133,100,公設
332020,0100001278,岡山県倉敷市,消火栓,332020,,倉敷市宮前３５番１号,岡山県,倉敷市,,,,133.762685,34.60995,150,公設
332020,0100001279,岡山県倉敷市,消火栓,332020,,倉敷市宮前９２番２号,岡山県,倉敷市,,,,133.764604,34.610874,150,公設
332020,0100001280,岡山県倉敷市,消火栓,332020,,倉敷市宮前７３－６４,岡山県,倉敷市,,,,133.764615,34.610106,100,公設
332020,0100001281,岡山県倉敷市,消火栓,332020,,倉敷市宮前３７７番１０号,岡山県,倉敷市,,,,133.765648,34.610704,100,公設
332020,0100001282,岡山県倉敷市,消火栓,332020,,倉敷市宮前３６４番５号,岡山県,倉敷市,,,,133.766467,34.611831,150,公設
332020,0100001283,岡山県倉敷市,消火栓,332020,,倉敷市宮前５３２番１２号,岡山県,倉敷市,,,,133.761312,34.613417,100,公設
332020,0100001284,岡山県倉敷市,消火栓,332020,,倉敷市宮前５５１番５号,岡山県,倉敷市,,,,133.760283,34.61331,75,公設
332020,0100001285,岡山県倉敷市,消火栓,332020,,倉敷市宮前４１７番３号,岡山県,倉敷市,,,,133.763285,34.613926,100,公設
332020,0100001286,岡山県倉敷市,消火栓,332020,,倉敷市宮前２６番４号,岡山県,倉敷市,,,,133.762124,34.60992,200,公設
332020,0100001287,岡山県倉敷市,消火栓,332020,,倉敷市宮前５２０番１号,岡山県,倉敷市,,,,133.758807,34.615217,100,公設
332020,0100001288,岡山県倉敷市,消火栓,332020,,倉敷市宮前４１６番１号,岡山県,倉敷市,,,,133.762733,34.613747,100,公設
332020,0100001289,岡山県倉敷市,消火栓,332020,,倉敷市宮前５２６番１号,岡山県,倉敷市,,,,133.759022,34.614476,150,公設
332020,0100001290,岡山県倉敷市,消火栓,332020,,倉敷市宮前４８番１号,岡山県,倉敷市,,,,133.762848,34.611091,75,公設
332020,0100001291,岡山県倉敷市,消火栓,332020,,倉敷市浦田２５１４番地７,岡山県,倉敷市,,,,133.749887,34.567568,75,公設
332020,0100001292,岡山県倉敷市,消火栓,332020,,倉敷市浦田１６６７番地,岡山県,倉敷市,,,,133.757895,34.566031,200,公設
332020,0100001293,岡山県倉敷市,消火栓,332020,,倉敷市浦田１５１９番地１,岡山県,倉敷市,,,,133.763153,34.566683,600,公設
332020,0100001294,岡山県倉敷市,消火栓,332020,,倉敷市浦田１６５７番地２,岡山県,倉敷市,,,,133.761873,34.565739,75,公設
332020,0100001295,岡山県倉敷市,消火栓,332020,,倉敷市浦田１５１１番地４,岡山県,倉敷市,,,,133.766199,34.565648,600,公設
332020,0100001296,岡山県倉敷市,消火栓,332020,,倉敷市浦田２５５０番地６,岡山県,倉敷市,,,,133.753105,34.566061,75,公設
332020,0100001297,岡山県倉敷市,消火栓,332020,,倉敷市浦田１６７２番地２,岡山県,倉敷市,,,,133.759869,34.565966,200,公設
332020,0100001298,岡山県倉敷市,消火栓,332020,,倉敷市西中新田３２０番地地先,岡山県,倉敷市,,,,133.759858,34.582974,200,公設
332020,0100001299,岡山県倉敷市,消火栓,332020,,倉敷市西中新田１３７－１２,岡山県,倉敷市,,,,133.759448,34.582364,200,公設
332020,0100001300,岡山県倉敷市,消火栓,332020,,倉敷市西中新田３５７番８号,岡山県,倉敷市,,,,133.761486,34.585694,200,公設
332020,0100001301,岡山県倉敷市,消火栓,332020,,倉敷市西中新田３１４番１３号,岡山県,倉敷市,,,,133.760702,34.584395,200,公設
332020,0100001302,岡山県倉敷市,消火栓,332020,,倉敷市西中新田３０８番３号地先,岡山県,倉敷市,,,,133.761377,34.5833,75,公設
332020,0100001303,岡山県倉敷市,消火栓,332020,,倉敷市西中新田３９２番１号,岡山県,倉敷市,,,,133.763065,34.584589,100,公設
332020,0100001304,岡山県倉敷市,消火栓,332020,,倉敷市西中新田４４４番４号,岡山県,倉敷市,,,,133.76471,34.584708,100,公設
332020,0100001305,岡山県倉敷市,消火栓,332020,,倉敷市西中新田５６８番３号,岡山県,倉敷市,,,,133.767381,34.584348,150,公設
332020,0100001306,岡山県倉敷市,消火栓,332020,,倉敷市西中新田５２５番地,岡山県,倉敷市,,,,133.767295,34.582181,150,公設
332020,0100001307,岡山県倉敷市,消火栓,332020,,倉敷市西中新田５２５番地,岡山県,倉敷市,,,,133.767884,34.582236,150,公設
332020,0100001308,岡山県倉敷市,消火栓,332020,,倉敷市西中新田５２５番地,岡山県,倉敷市,,,,133.768491,34.582298,150,公設
332020,0100001309,岡山県倉敷市,消火栓,332020,,倉敷市西中新田５２５番地,岡山県,倉敷市,,,,133.769111,34.582351,150,公設
332020,0100001310,岡山県倉敷市,消火栓,332020,,倉敷市西中新田５２５番地,岡山県,倉敷市,,,,133.769879,34.582422,150,公設
332020,0100001311,岡山県倉敷市,消火栓,332020,,倉敷市西中新田５３５番２号,岡山県,倉敷市,,,,133.770135,34.583023,150,公設
332020,0100001312,岡山県倉敷市,消火栓,332020,,倉敷市西中新田５３４番１号,岡山県,倉敷市,,,,133.770463,34.583742,350,公設
332020,0100001313,岡山県倉敷市,消火栓,332020,,倉敷市西中新田６１９番７号,岡山県,倉敷市,,,,133.770394,34.584645,150,公設
332020,0100001314,岡山県倉敷市,消火栓,332020,,倉敷市西中新田１３０番３号,岡山県,倉敷市,,,,133.758501,34.582217,150,公設
332020,0100001315,岡山県倉敷市,消火栓,332020,,倉敷市西中新田１３４番３号,岡山県,倉敷市,,,,133.758841,34.581343,200,公設
332020,0100001316,岡山県倉敷市,消火栓,332020,,倉敷市西中新田２８番２号,岡山県,倉敷市,,,,133.758212,34.581114,75,公設
332020,0100001317,岡山県倉敷市,消火栓,332020,,倉敷市西中新田２０番１号地先,岡山県,倉敷市,,,,133.758301,34.580456,200,公設
332020,0100001318,岡山県倉敷市,消火栓,332020,,倉敷市西中新田５５８番４号地先,岡山県,倉敷市,,,,133.768747,34.584665,75,公設
332020,0100001319,岡山県倉敷市,消火栓,332020,,倉敷市西中新田４番１６号,岡山県,倉敷市,,,,133.759177,34.579389,150,公設
332020,0100001320,岡山県倉敷市,消火栓,332020,,倉敷市西中新田２３６番地,岡山県,倉敷市,,,,133.760921,34.580137,150,公設
332020,0100001321,岡山県倉敷市,消火栓,332020,,倉敷市西中新田２３３番６号,岡山県,倉敷市,,,,133.761774,34.580519,150,公設
332020,0100001322,岡山県倉敷市,消火栓,332020,,倉敷市西中新田２６２－１８,岡山県,倉敷市,,,,133.762466,34.581297,100,公設
332020,0100001323,岡山県倉敷市,消火栓,332020,,倉敷市西中新田４８０番１２号,岡山県,倉敷市,,,,133.765083,34.581623,150,公設
332020,0100001324,岡山県倉敷市,消火栓,332020,,倉敷市西中新田１１０番５号,岡山県,倉敷市,,,,133.757884,34.585096,100,公設
332020,0100001325,岡山県倉敷市,消火栓,332020,,倉敷市西中新田６４５番１号,岡山県,倉敷市,,,,133.773165,34.584143,200,公設
332020,0100001326,岡山県倉敷市,消火栓,332020,,倉敷市西中新田６６９番地,岡山県,倉敷市,,,,133.774124,34.584426,100,公設
332020,0100001327,岡山県倉敷市,消火栓,332020,,倉敷市西中新田１２６番７号,岡山県,倉敷市,,,,133.758289,34.583447,75,公設
332020,0100001328,岡山県倉敷市,消火栓,332020,,倉敷市西中新田３８１番４号,岡山県,倉敷市,,,,133.762721,34.583408,75,公設
332020,0100001329,岡山県倉敷市,消火栓,332020,,倉敷市西中新田４８４番１号,岡山県,倉敷市,,,,133.76594,34.581895,150,公設
332020,0100001330,岡山県倉敷市,消火栓,332020,,倉敷市西中新田４９８番５号,岡山県,倉敷市,,,,133.765829,34.583405,100,公設
332020,0100001331,岡山県倉敷市,消火栓,332020,,倉敷市西中新田４４２番７号,岡山県,倉敷市,,,,133.765294,34.584314,75,公設
332020,0100001332,岡山県倉敷市,消火栓,332020,,倉敷市西中新田３９１番１号,岡山県,倉敷市,,,,133.763717,34.584345,100,公設
332020,0100001333,岡山県倉敷市,消火栓,332020,,倉敷市西中新田４７２番１０号,岡山県,倉敷市,,,,133.763692,34.582273,75,公設
332020,0100001334,岡山県倉敷市,消火栓,332020,,倉敷市西中新田１１３番２２号,岡山県,倉敷市,,,,133.758938,34.584619,100,公設
332020,0100001335,岡山県倉敷市,消火栓,332020,,倉敷市西中新田２０５番７号,岡山県,倉敷市,,,,133.759361,34.578636,150,公設
332020,0100001336,岡山県倉敷市,消火栓,332020,,倉敷市西中新田３５３,岡山県,倉敷市,,,,133.760069,34.585312,100,公設
332020,0100001337,岡山県倉敷市,消火栓,332020,,倉敷市笹沖１０７２番１２号,岡山県,倉敷市,,,,133.762798,34.579697,75,公設
332020,0100001338,岡山県倉敷市,消火栓,332020,,倉敷市笹沖１１３９番４０号,岡山県,倉敷市,,,,133.763781,34.580006,150,公設
332020,0100001339,岡山県倉敷市,消火栓,332020,,倉敷市笹沖１２２６番８号,岡山県,倉敷市,,,,133.767017,34.580449,150,公設
332020,0100001340,岡山県倉敷市,消火栓,332020,,倉敷市笹沖１２４８番地,岡山県,倉敷市,,,,133.769972,34.580727,350,公設
332020,0100001341,岡山県倉敷市,消火栓,332020,,倉敷市笹沖１３６５番地,岡山県,倉敷市,,,,133.770181,34.582037,350,公設
332020,0100001343,岡山県倉敷市,消火栓,332020,,倉敷市笹沖１３６５－３,岡山県,倉敷市,,,,133.771303,34.582248,100,公設
332020,0100001344,岡山県倉敷市,消火栓,332020,,倉敷市笹沖１３１３番地,岡山県,倉敷市,,,,133.771463,34.581153,75,公設
332020,0100001345,岡山県倉敷市,消火栓,332020,,倉敷市笹沖１０３６番５号,岡山県,倉敷市,,,,133.759692,34.575831,200,公設
332020,0100001346,岡山県倉敷市,消火栓,332020,,倉敷市笹沖８７番地,岡山県,倉敷市,,,,133.761804,34.575254,200,公設
332020,0100001347,岡山県倉敷市,消火栓,332020,,倉敷市笹沖２５６番４号,岡山県,倉敷市,,,,133.764754,34.575065,200,公設
332020,0100001348,岡山県倉敷市,消火栓,332020,,倉敷市笹沖２７７番２５号,岡山県,倉敷市,,,,133.765467,34.575562,75,公設
332020,0100001349,岡山県倉敷市,消火栓,332020,,倉敷市笹沖２９１番地,岡山県,倉敷市,,,,133.766063,34.575797,200,公設
332020,0100001350,岡山県倉敷市,消火栓,332020,,倉敷市笹沖２７７番１２号,岡山県,倉敷市,,,,133.766158,34.57467,75,公設
332020,0100001351,岡山県倉敷市,消火栓,332020,,倉敷市笹沖１２０２番地,岡山県,倉敷市,,,,133.767061,34.578514,150,公設
332020,0100001352,岡山県倉敷市,消火栓,332020,,倉敷市笹沖４３５番７号,岡山県,倉敷市,,,,133.768086,34.576718,200,公設
332020,0100001353,岡山県倉敷市,消火栓,332020,,倉敷市笹沖１２７８番４号,岡山県,倉敷市,,,,133.769511,34.578725,150,公設
332020,0100001354,岡山県倉敷市,消火栓,332020,,倉敷市笹沖６７６番地１,岡山県,倉敷市,,,,133.769585,34.577679,350,公設
332020,0100001355,岡山県倉敷市,消火栓,332020,,倉敷市笹沖４７１番１号,岡山県,倉敷市,,,,133.769354,34.575383,300,公設
332020,0100001356,岡山県倉敷市,消火栓,332020,,倉敷市笹沖４１１番５号,岡山県,倉敷市,,,,133.769088,34.574771,150,公設
332020,0100001357,岡山県倉敷市,消火栓,332020,,倉敷市笹沖６６２番地,岡山県,倉敷市,,,,133.771603,34.578333,300,公設
332020,0100001359,岡山県倉敷市,消火栓,332020,,倉敷市笹沖６１６番１０２号,岡山県,倉敷市,,,,133.771671,34.576719,75,公設
332020,0100001360,岡山県倉敷市,消火栓,332020,,倉敷市笹沖６１６番１２号,岡山県,倉敷市,,,,133.771736,34.575625,75,公設
332020,0100001361,岡山県倉敷市,消火栓,332020,,倉敷市笹沖４３番７号,岡山県,倉敷市,,,,133.760404,34.574204,150,公設
332020,0100001362,岡山県倉敷市,消火栓,332020,,倉敷市笹沖１３５番５号,岡山県,倉敷市,,,,133.762185,34.57164,100,公設
332020,0100001363,岡山県倉敷市,消火栓,332020,,倉敷市笹沖２４８番５号,岡山県,倉敷市,,,,133.763473,34.573999,200,公設
332020,0100001364,岡山県倉敷市,消火栓,332020,,倉敷市笹沖３４９番３号,岡山県,倉敷市,,,,133.767546,34.57324,150,公設
332020,0100001365,岡山県倉敷市,消火栓,332020,,倉敷市笹沖４０５番地５,岡山県,倉敷市,,,,133.769162,34.573639,300,公設
332020,0100001366,岡山県倉敷市,消火栓,332020,,倉敷市笹沖３６２番地２３,岡山県,倉敷市,,,,133.768803,34.571998,150,公設
332020,0100001367,岡山県倉敷市,消火栓,332020,,倉敷市笹沖３６２番７号,岡山県,倉敷市,,,,133.768944,34.571333,300,公設
332020,0100001368,岡山県倉敷市,消火栓,332020,,倉敷市笹沖５０７番８号,岡山県,倉敷市,,,,133.770951,34.573235,100,公設
332020,0100001369,岡山県倉敷市,消火栓,332020,,倉敷市笹沖５９８番地,岡山県,倉敷市,,,,133.772808,34.573916,100,公設
332020,0100001370,岡山県倉敷市,消火栓,332020,,倉敷市笹沖１３７８番１号,岡山県,倉敷市,,,,133.772212,34.583487,150,公設
332020,0100001371,岡山県倉敷市,消火栓,332020,,倉敷市笹沖６１番１０号,岡山県,倉敷市,,,,133.761627,34.574515,100,公設
332020,0100001372,岡山県倉敷市,消火栓,332020,,倉敷市笹沖１０３３番地,岡山県,倉敷市,,,,133.763962,34.577259,75,公設
332020,0100001373,岡山県倉敷市,消火栓,332020,,倉敷市笹沖４１番７号,岡山県,倉敷市,,,,133.759857,34.573911,75,公設
332020,0100001374,岡山県倉敷市,消火栓,332020,,倉敷市笹沖２７番３号,岡山県,倉敷市,,,,133.761245,34.572747,150,公設
332020,0100001375,岡山県倉敷市,消火栓,332020,,倉敷市笹沖１９６番８号,岡山県,倉敷市,,,,133.764684,34.573041,100,公設
332020,0100001376,岡山県倉敷市,消火栓,332020,,倉敷市笹沖３５８番１号,岡山県,倉敷市,,,,133.767036,34.572295,150,公設
332020,0100001377,岡山県倉敷市,消火栓,332020,,倉敷市笹沖１２０９番１号,岡山県,倉敷市,,,,133.768258,34.579266,100,公設
332020,0100001378,岡山県倉敷市,消火栓,332020,,倉敷市笹沖２０８番１１号地先,岡山県,倉敷市,,,,133.765868,34.572628,100,公設
332020,0100001379,岡山県倉敷市,消火栓,332020,,倉敷市笹沖２８９番２４号,岡山県,倉敷市,,,,133.767206,34.574849,75,公設
332020,0100001380,岡山県倉敷市,消火栓,332020,,倉敷市笹沖１２６１番５号,岡山県,倉敷市,,,,133.769727,34.580375,150,公設
332020,0100001381,岡山県倉敷市,消火栓,332020,,倉敷市笹沖１０３６番３号,岡山県,倉敷市,,,,133.75961,34.577065,75,公設
332020,0100001382,岡山県倉敷市,消火栓,332020,,倉敷市笹沖５７３番２号,岡山県,倉敷市,,,,133.77141,34.572346,100,公設
332020,0100001383,岡山県倉敷市,消火栓,332020,,倉敷市笹沖８番１号地先,岡山県,倉敷市,,,,133.762342,34.570467,150,公設
332020,0100001384,岡山県倉敷市,消火栓,332020,,倉敷市笹沖６０８番３号地先,岡山県,倉敷市,,,,133.77118,34.574496,150,公設
332020,0100001385,岡山県倉敷市,消火栓,332020,,倉敷市笹沖１２３番４号,岡山県,倉敷市,,,,133.762778,34.572512,150,公設
332020,0100001386,岡山県倉敷市,消火栓,332020,,倉敷市笹沖３６２番３１号,岡山県,倉敷市,,,,133.767779,34.571529,75,公設
332020,0100001387,岡山県倉敷市,消火栓,332020,,倉敷市笹沖１１３２番地,岡山県,倉敷市,,,,133.765375,34.580259,150,公設
332020,0100001388,岡山県倉敷市,消火栓,332020,,倉敷市笹沖２２９番地,岡山県,倉敷市,,,,133.765636,34.573588,100,公設
332020,0100001389,岡山県倉敷市,消火栓,332020,,倉敷市吉岡５４７番１号,岡山県,倉敷市,,,,133.766245,34.571363,300,公設
332020,0100001390,岡山県倉敷市,消火栓,332020,,倉敷市吉岡３６６,岡山県,倉敷市,,,,133.768607,34.570124,150,公設
332020,0100001391,岡山県倉敷市,消火栓,332020,,倉敷市吉岡５１番地,岡山県,倉敷市,,,,133.763172,34.568692,300,公設
332020,0100001392,岡山県倉敷市,消火栓,332020,,倉敷市吉岡２４６番地,岡山県,倉敷市,,,,133.766383,34.567839,100,公設
332020,0100001393,岡山県倉敷市,消火栓,332020,,倉敷市吉岡３７３番１号,岡山県,倉敷市,,,,133.768711,34.568967,300,公設
332020,0100001394,岡山県倉敷市,消火栓,332020,,倉敷市吉岡２２７番２号,岡山県,倉敷市,,,,133.768372,34.567638,150,公設
332020,0100001395,岡山県倉敷市,消火栓,332020,,倉敷市吉岡２０６番１号,岡山県,倉敷市,,,,133.768453,34.566205,300,公設
332020,0100001396,岡山県倉敷市,消火栓,332020,,倉敷市吉岡２７６番７号,岡山県,倉敷市,,,,133.769991,34.567788,150,公設
332020,0100001397,岡山県倉敷市,消火栓,332020,,倉敷市吉岡３５９番２５号,岡山県,倉敷市,,,,133.770543,34.569261,100,公設
332020,0100001398,岡山県倉敷市,消火栓,332020,,倉敷市吉岡４３２番地,岡山県,倉敷市,,,,133.766697,34.568818,100,公設
332020,0100001399,岡山県倉敷市,消火栓,332020,,倉敷市吉岡６９番地,岡山県,倉敷市,,,,133.761468,34.567408,150,公設
332020,0100001400,岡山県倉敷市,消火栓,332020,,倉敷市吉岡３９７番９号,岡山県,倉敷市,,,,133.76766,34.569987,75,公設
332020,0100001401,岡山県倉敷市,消火栓,332020,,倉敷市吉岡５３７番６号,岡山県,倉敷市,,,,133.763947,34.570692,75,公設
332020,0100001402,岡山県倉敷市,消火栓,332020,,倉敷市吉岡２２番８号,岡山県,倉敷市,,,,133.761243,34.569181,150,公設
332020,0100001403,岡山県倉敷市,消火栓,332020,,倉敷市吉岡３８８番８号,岡山県,倉敷市,,,,133.766891,34.570602,100,公設
332020,0100001404,岡山県倉敷市,消火栓,332020,,倉敷市吉岡１３２番地,岡山県,倉敷市,,,,133.764644,34.567709,75,公設
332020,0100001405,岡山県倉敷市,消火栓,332020,,倉敷市吉岡１７６番３号,岡山県,倉敷市,,,,133.766337,34.56694,100,公設
332020,0100001406,岡山県倉敷市,消火栓,332020,,倉敷市吉岡５５９番９号,岡山県,倉敷市,,,,133.769827,34.569814,300,公設
332020,0100001407,岡山県倉敷市,消火栓,332020,,倉敷市黒石４０３番地,岡山県,倉敷市,,,,133.776744,34.563197,100,公設
332020,0100001408,岡山県倉敷市,消火栓,332020,,倉敷市黒石４１０,岡山県,倉敷市,,,,133.778185,34.562808,75,公設
332020,0100001409,岡山県倉敷市,消火栓,332020,,倉敷市黒石２１６番１号,岡山県,倉敷市,,,,133.783945,34.563632,400,公設
332020,0100001410,岡山県倉敷市,消火栓,332020,,倉敷市黒石３３番地,岡山県,倉敷市,,,,133.78147,34.564109,400,公設
332020,0100001411,岡山県倉敷市,消火栓,332020,,倉敷市黒石３６６番１号,岡山県,倉敷市,,,,133.77658,34.564808,400,公設
332020,0100001412,岡山県倉敷市,消火栓,332020,,倉敷市黒石１１１７番地,岡山県,倉敷市,,,,133.768431,34.563019,75,公設
332020,0100001413,岡山県倉敷市,消火栓,332020,,倉敷市黒石５１３番１号,岡山県,倉敷市,,,,133.777638,34.561595,75,公設
332020,0100001414,岡山県倉敷市,消火栓,332020,,倉敷市黒石１１３２番１１号,岡山県,倉敷市,,,,133.76718,34.564447,75,公設
332020,0100001415,岡山県倉敷市,消火栓,332020,,倉敷市黒石３６１番６号,岡山県,倉敷市,,,,133.776654,34.566079,150,公設
332020,0100001416,岡山県倉敷市,消火栓,332020,,倉敷市黒石８９７番２号,岡山県,倉敷市,,,,133.773998,34.565715,400,公設
332020,0100001417,岡山県倉敷市,消火栓,332020,,倉敷市粒浦２１番地地先,岡山県,倉敷市,,,,133.77659,34.570314,300,公設
332020,0100001418,岡山県倉敷市,消火栓,332020,,倉敷市粒浦６３番地,岡山県,倉敷市,,,,133.77661,34.56925,150,公設
332020,0100001419,岡山県倉敷市,消火栓,332020,,倉敷市粒浦３８４番１５号,岡山県,倉敷市,,,,133.787267,34.570259,150,公設
332020,0100001420,岡山県倉敷市,消火栓,332020,,倉敷市粒浦４３７番２号,岡山県,倉敷市,,,,133.787697,34.568716,250,公設
332020,0100001421,岡山県倉敷市,消火栓,332020,,倉敷市粒浦５７８番４号,岡山県,倉敷市,,,,133.788248,34.56672,250,公設
332020,0100001422,岡山県倉敷市,消火栓,332020,,倉敷市粒浦５３６番１号,岡山県,倉敷市,,,,133.791075,34.569316,100,公設
332020,0100001423,岡山県倉敷市,消火栓,332020,,倉敷市粒浦４６２番地,岡山県,倉敷市,,,,133.794471,34.569833,100,公設
332020,0100001424,岡山県倉敷市,消火栓,332020,,倉敷市粒浦２３５番２号,岡山県,倉敷市,,,,133.786687,34.572406,250,公設
332020,0100001425,岡山県倉敷市,消火栓,332020,,倉敷市粒浦６５２番地,岡山県,倉敷市,,,,133.786118,34.567005,75,公設
332020,0100001426,岡山県倉敷市,消火栓,332020,,倉敷市粒浦１９１番地,岡山県,倉敷市,,,,133.780849,34.5695,100,公設
332020,0100001427,岡山県倉敷市,消火栓,332020,,倉敷市粒浦２１７番２号,岡山県,倉敷市,,,,133.784491,34.571998,100,公設
332020,0100001428,岡山県倉敷市,消火栓,332020,,倉敷市粒浦９０６番１１号地先,岡山県,倉敷市,,,,133.796664,34.567986,100,公設
332020,0100001429,岡山県倉敷市,消火栓,332020,,倉敷市粒浦３９番８号,岡山県,倉敷市,,,,133.780513,34.570708,100,公設
332020,0100001430,岡山県倉敷市,消火栓,332020,,倉敷市粒浦５１番１１号,岡山県,倉敷市,,,,133.778494,34.570546,300,公設
332020,0100001431,岡山県倉敷市,消火栓,332020,,倉敷市粒浦３６８番地地先,岡山県,倉敷市,,,,133.789215,34.571421,100,公設
332020,0100001432,岡山県倉敷市,消火栓,332020,,倉敷市粒浦３０２番８号,岡山県,倉敷市,,,,133.791074,34.572784,75,公設
332020,0100001433,岡山県倉敷市,消火栓,332020,,倉敷市粒浦９３５番６号,岡山県,倉敷市,,,,133.800179,34.567622,75,公設
332020,0100001434,岡山県倉敷市,消火栓,332020,,倉敷市粒浦４０４番１６号,岡山県,倉敷市,,,,133.785132,34.570034,75,公設
332020,0100001435,岡山県倉敷市,消火栓,332020,,倉敷市東粒浦１番１３号,岡山県,倉敷市,,,,133.798316,34.567655,250,公設
332020,0100001436,岡山県倉敷市,消火栓,332020,,倉敷市東粒浦５番８号,岡山県,倉敷市,,,,133.798116,34.566686,250,公設
332020,0100001437,岡山県倉敷市,消火栓,332020,,倉敷市東粒浦１１番４号,岡山県,倉敷市,,,,133.797862,34.565614,250,公設
332020,0100001438,岡山県倉敷市,消火栓,332020,,倉敷市東粒浦５番６号,岡山県,倉敷市,,,,133.79916,34.566858,75,公設
332020,0100001439,岡山県倉敷市,消火栓,332020,,倉敷市東粒浦３番５号,岡山県,倉敷市,,,,133.800051,34.567418,100,公設
332020,0100001440,岡山県倉敷市,消火栓,332020,,倉敷市東粒浦６番８号,岡山県,倉敷市,,,,133.800216,34.566364,100,公設
332020,0100001441,岡山県倉敷市,消火栓,332020,,倉敷市東粒浦１２番１９号,岡山県,倉敷市,,,,133.797567,34.565084,250,公設
332020,0100001443,岡山県倉敷市,消火栓,332020,,倉敷市粒江２０８５番１号,岡山県,倉敷市,,,,133.788828,34.564618,250,公設
332020,0100001444,岡山県倉敷市,消火栓,332020,,倉敷市粒江２１０８番地,岡山県,倉敷市,,,,133.788289,34.563246,100,公設
332020,0100001445,岡山県倉敷市,消火栓,332020,,倉敷市粒江２１２６番１号,岡山県,倉敷市,,,,133.789822,34.563026,150,公設
332020,0100001446,岡山県倉敷市,消火栓,332020,,倉敷市粒江１７５１番地,岡山県,倉敷市,,,,133.78908,34.561961,75,公設
332020,0100001447,岡山県倉敷市,消火栓,332020,,倉敷市粒江２１９５番２号,岡山県,倉敷市,,,,133.793892,34.56344,400,公設
332020,0100001448,岡山県倉敷市,消火栓,332020,,倉敷市粒江２３１４番地,岡山県,倉敷市,,,,133.796958,34.563523,400,公設
332020,0100001449,岡山県倉敷市,消火栓,332020,,倉敷市粒江２４３１番１号,岡山県,倉敷市,,,,133.798928,34.564144,300,公設
332020,0100001450,岡山県倉敷市,消火栓,332020,,倉敷市粒江２４７４番６号,岡山県,倉敷市,,,,133.800449,34.564256,300,公設
332020,0100001451,岡山県倉敷市,消火栓,332020,,倉敷市粒江１５１４番地,岡山県,倉敷市,,,,133.793381,34.56075,150,公設
332020,0100001452,岡山県倉敷市,消火栓,332020,,倉敷市粒江２２３５番地,岡山県,倉敷市,,,,133.794885,34.560244,150,公設
332020,0100001453,岡山県倉敷市,消火栓,332020,,倉敷市粒江１３２９番３号,岡山県,倉敷市,,,,133.796835,34.559891,150,公設
332020,0100001454,岡山県倉敷市,消火栓,332020,,倉敷市粒江２３８２－１,岡山県,倉敷市,,,,133.799761,34.55936,150,公設
332020,0100001455,岡山県倉敷市,消火栓,332020,,倉敷市粒江２５２４－２,岡山県,倉敷市,,,,133.802358,34.559946,100,公設
332020,0100001456,岡山県倉敷市,消火栓,332020,,倉敷市粒江２５３８番地,岡山県,倉敷市,,,,133.803333,34.558795,150,公設
332020,0100001457,岡山県倉敷市,消火栓,332020,,倉敷市粒江５８０番地,岡山県,倉敷市,,,,133.803348,34.557539,100,公設
332020,0100001458,岡山県倉敷市,消火栓,332020,,倉敷市粒江１１９９番６号,岡山県,倉敷市,,,,133.800778,34.557161,75,公設
332020,0100001459,岡山県倉敷市,消火栓,332020,,倉敷市粒江,岡山県,倉敷市,,,,133.790255,34.547193,100,公設
332020,0100001460,岡山県倉敷市,消火栓,332020,,倉敷市粒江,岡山県,倉敷市,,,,133.786787,34.546164,100,公設
332020,0100001461,岡山県倉敷市,消火栓,332020,,倉敷市粒江４３４番１号,岡山県,倉敷市,,,,133.788748,34.544057,100,公設
332020,0100001462,岡山県倉敷市,消火栓,332020,,倉敷市粒江,岡山県,倉敷市,,,,133.788896,34.540654,100,公設
332020,0100001463,岡山県倉敷市,消火栓,332020,,倉敷市粒江２５３３－１,岡山県,倉敷市,,,,133.801808,34.559093,100,公設
332020,0100001464,岡山県倉敷市,消火栓,332020,,倉敷市粒江４２５番地,岡山県,倉敷市,,,,133.804176,34.556147,100,公設
332020,0100001465,岡山県倉敷市,消火栓,332020,,倉敷市粒江２１３２番２号,岡山県,倉敷市,,,,133.790688,34.561606,75,公設
332020,0100001466,岡山県倉敷市,消火栓,332020,,倉敷市粒江２２９４番３号,岡山県,倉敷市,,,,133.796884,34.562201,100,公設
332020,0100001467,岡山県倉敷市,消火栓,332020,,倉敷市粒江２１７４番１８号,岡山県,倉敷市,,,,133.791377,34.563546,400,公設
332020,0100001468,岡山県倉敷市,消火栓,332020,,倉敷市粒江２０５９番地,岡山県,倉敷市,,,,133.786632,34.564039,400,公設
332020,0100001469,岡山県倉敷市,消火栓,332020,,倉敷市粒江５５３番１０号,岡山県,倉敷市,,,,133.805459,34.55932,200,公設
332020,0100001470,岡山県倉敷市,消火栓,332020,,倉敷市粒江１０７９番地,岡山県,倉敷市,,,,133.801866,34.557469,100,公設
332020,0100001471,岡山県倉敷市,消火栓,332020,,倉敷市粒江１０９８番地,岡山県,倉敷市,,,,133.801449,34.556007,75,公設
332020,0100001472,岡山県倉敷市,消火栓,332020,,倉敷市粒江３１８番地地先,岡山県,倉敷市,,,,133.806266,34.555934,75,公設
332020,0100001473,岡山県倉敷市,消火栓,332020,,倉敷市粒江７０９番地地先,岡山県,倉敷市,,,,133.80395,34.553495,100,公設
332020,0100001474,岡山県倉敷市,消火栓,332020,,倉敷市粒江１２００番地地先,岡山県,倉敷市,,,,133.800722,34.556793,75,公設
332020,0100001475,岡山県倉敷市,消火栓,332020,,倉敷市粒江２５００番地１,岡山県,倉敷市,,,,133.803328,34.561261,100,公設
332020,0100001476,岡山県倉敷市,消火栓,332020,,倉敷市粒江２１６１番地先,岡山県,倉敷市,,,,133.792391,34.5624,150,公設
332020,0100001477,岡山県倉敷市,消火栓,332020,,倉敷市粒江２２２６番１号地先,岡山県,倉敷市,,,,133.792761,34.561826,150,公設
332020,0100001478,岡山県倉敷市,消火栓,332020,,倉敷市粒江７３９番地先市道上,岡山県,倉敷市,,,,133.803913,34.554366,100,公設
332020,0100001479,岡山県倉敷市,消火栓,332020,,倉敷市粒江団地１番６号,岡山県,倉敷市,,,,133.802325,34.563987,75,公設
332020,0100001480,岡山県倉敷市,消火栓,332020,,倉敷市粒江団地８番２号,岡山県,倉敷市,,,,133.803446,34.564,150,公設
332020,0100001481,岡山県倉敷市,消火栓,332020,,倉敷市粒江団地６番４号,岡山県,倉敷市,,,,133.804295,34.563523,150,公設
332020,0100001482,岡山県倉敷市,消火栓,332020,,倉敷市粒江団地２－１２号,岡山県,倉敷市,,,,133.803921,34.562957,150,公設
332020,0100001483,岡山県倉敷市,消火栓,332020,,倉敷市粒江団地５番２号,岡山県,倉敷市,,,,133.804868,34.563152,150,公設
332020,0100001484,岡山県倉敷市,消火栓,332020,,倉敷市酒津２１２９番地,岡山県,倉敷市,,,,133.751171,34.61883,75,公設
332020,0100001485,岡山県倉敷市,消火栓,332020,,倉敷市酒津２２９９番地,岡山県,倉敷市,,,,133.753992,34.61516,150,公設
332020,0100001486,岡山県倉敷市,消火栓,332020,,倉敷市酒津２２４４番地,岡山県,倉敷市,,,,133.753689,34.617133,100,公設
332020,0100001487,岡山県倉敷市,消火栓,332020,,倉敷市酒津２２５１番１号,岡山県,倉敷市,,,,133.754965,34.616135,100,公設
332020,0100001488,岡山県倉敷市,消火栓,332020,,倉敷市酒津２０７６番地,岡山県,倉敷市,,,,133.753077,34.618487,75,公設
332020,0100001489,岡山県倉敷市,消火栓,332020,,倉敷市酒津１６８９番地,岡山県,倉敷市,,,,133.751754,34.616533,400,公設
332020,0100001490,岡山県倉敷市,消火栓,332020,,倉敷市酒津１６９１番１号,岡山県,倉敷市,,,,133.751197,34.616508,75,公設
332020,0100001491,岡山県倉敷市,消火栓,332020,,倉敷市酒津２２２６番地,岡山県,倉敷市,,,,133.752772,34.616317,100,公設
332020,0100001492,岡山県倉敷市,消火栓,332020,,倉敷市酒津１６８５番３号,岡山県,倉敷市,,,,133.751927,34.61574,75,公設
332020,0100001493,岡山県倉敷市,消火栓,332020,,倉敷市平田９４３番地２,岡山県,倉敷市,,,,133.78461,34.61399,100,公設
332020,0100001494,岡山県倉敷市,消火栓,332020,,倉敷市酒津２３８３－１０,岡山県,倉敷市,,,,133.750844,34.615579,400,公設
332020,0100001495,岡山県倉敷市,消火栓,332020,,倉敷市酒津１８４４番地,岡山県,倉敷市,,,,133.751185,34.623434,75,公設
332020,0100001496,岡山県倉敷市,消火栓,332020,,倉敷市酒津２２８９番地,岡山県,倉敷市,,,,133.753364,34.615855,150,公設
332020,0100001497,岡山県倉敷市,消火栓,332020,,倉敷市酒津２２８７番地,岡山県,倉敷市,,,,133.753167,34.615374,75,公設
332020,0100001498,岡山県倉敷市,消火栓,332020,,倉敷市酒津２３５８番地,岡山県,倉敷市,,,,133.75201,34.615286,75,公設
332020,0100001499,岡山県倉敷市,消火栓,332020,,倉敷市酒津２３７５番地,岡山県,倉敷市,,,,133.751519,34.614723,75,公設
332020,0100001500,岡山県倉敷市,消火栓,332020,,倉敷市酒津２３９４番地,岡山県,倉敷市,,,,133.750799,34.614795,400,公設
332020,0100001501,岡山県倉敷市,消火栓,332020,,倉敷市酒津２３０６番４号,岡山県,倉敷市,,,,133.754482,34.614335,300,公設
332020,0100001502,岡山県倉敷市,消火栓,332020,,倉敷市酒津２６７４番３号,岡山県,倉敷市,,,,133.749522,34.605554,75,公設
332020,0100001503,岡山県倉敷市,消火栓,332020,,倉敷市酒津２４９１－６,岡山県,倉敷市,,,,133.755061,34.61376,400,公設
332020,0100001504,岡山県倉敷市,消火栓,332020,,倉敷市平田１５５番８２号,岡山県,倉敷市,,,,133.774092,34.612141,75,公設
332020,0100001505,岡山県倉敷市,消火栓,332020,,倉敷市酒津２４０８番地,岡山県,倉敷市,,,,133.753145,34.613708,150,公設
332020,0100001507,岡山県倉敷市,消火栓,332020,,倉敷市酒津２４７６番８号,岡山県,倉敷市,,,,133.754937,34.612164,75,公設
332020,0100001508,岡山県倉敷市,消火栓,332020,,倉敷市酒津２４５１番５号,岡山県,倉敷市,,,,133.753483,34.612116,150,公設
332020,0100001509,岡山県倉敷市,消火栓,332020,,倉敷市酒津１６６０番８６号,岡山県,倉敷市,,,,133.75151,34.610421,400,公設
332020,0100001510,岡山県倉敷市,消火栓,332020,,倉敷市酒津２６２４番２号,岡山県,倉敷市,,,,133.750802,34.608943,400,公設
332020,0100001511,岡山県倉敷市,消火栓,332020,,倉敷市酒津２６９１番１０号,岡山県,倉敷市,,,,133.748427,34.604501,400,公設
332020,0100001512,岡山県倉敷市,消火栓,332020,,倉敷市酒津２７７４番２号,岡山県,倉敷市,,,,133.748942,34.603741,100,公設
332020,0100001513,岡山県倉敷市,消火栓,332020,,倉敷市酒津２７６５番３号,岡山県,倉敷市,,,,133.748235,34.603871,75,公設
332020,0100001514,岡山県倉敷市,消火栓,332020,,倉敷市平田８３７番地,岡山県,倉敷市,,,,133.782712,34.617716,100,公設
332020,0100001515,岡山県倉敷市,消火栓,332020,,倉敷市酒津２７０７番地,岡山県,倉敷市,,,,133.747696,34.603358,400,公設
332020,0100001516,岡山県倉敷市,消火栓,332020,,倉敷市酒津２７８１番地,岡山県,倉敷市,,,,133.748883,34.602753,100,公設
332020,0100001517,岡山県倉敷市,消火栓,332020,,倉敷市酒津４６番地,岡山県,倉敷市,,,,133.746412,34.607655,200,公設
332020,0100001518,岡山県倉敷市,消火栓,332020,,倉敷市酒津１７６７番１号,岡山県,倉敷市,,,,133.747086,34.623204,75,公設
332020,0100001519,岡山県倉敷市,消火栓,332020,,倉敷市酒津２５８０番４３号,岡山県,倉敷市,,,,133.752474,34.612472,100,公設
332020,0100001520,岡山県倉敷市,消火栓,332020,,倉敷市酒津２５８０番４９号,岡山県,倉敷市,,,,133.752821,34.612265,100,公設
332020,0100001521,岡山県倉敷市,消火栓,332020,,倉敷市酒津２５８０番８号,岡山県,倉敷市,,,,133.752264,34.611422,150,公設
332020,0100001522,岡山県倉敷市,消火栓,332020,,倉敷市酒津２５８０番１９号,岡山県,倉敷市,,,,133.752599,34.611368,150,公設
332020,0100001523,岡山県倉敷市,消火栓,332020,,倉敷市酒津２５８０番５１号,岡山県,倉敷市,,,,133.752992,34.611325,150,公設
332020,0100001524,岡山県倉敷市,消火栓,332020,,倉敷市酒津２５８０番１３号,岡山県,倉敷市,,,,133.752259,34.610457,100,公設
332020,0100001525,岡山県倉敷市,消火栓,332020,,倉敷市平田２１８番地,岡山県,倉敷市,,,,133.775694,34.614262,150,公設
332020,0100001526,岡山県倉敷市,消火栓,332020,,倉敷市酒津２５８０番２１号,岡山県,倉敷市,,,,133.752475,34.610662,100,公設
332020,0100001527,岡山県倉敷市,消火栓,332020,,倉敷市酒津２５１７番地,岡山県,倉敷市,,,,133.757133,34.611938,75,公設
332020,0100001528,岡山県倉敷市,消火栓,332020,,倉敷市酒津２８０２番１０号,岡山県,倉敷市,,,,133.748758,34.60157,100,公設
332020,0100001529,岡山県倉敷市,消火栓,332020,,倉敷市酒津１６３０番１号,岡山県,倉敷市,,,,133.747693,34.60112,400,公設
332020,0100001530,岡山県倉敷市,消火栓,332020,,倉敷市酒津２８０７番地,岡山県,倉敷市,,,,133.748996,34.600764,400,公設
332020,0100001531,岡山県倉敷市,消火栓,332020,,倉敷市酒津２７３８番地,岡山県,倉敷市,,,,133.748173,34.600283,400,公設
332020,0100001532,岡山県倉敷市,消火栓,332020,,倉敷市酒津１６３０番８号,岡山県,倉敷市,,,,133.747576,34.600054,400,公設
332020,0100001533,岡山県倉敷市,消火栓,332020,,倉敷市酒津２１番地,岡山県,倉敷市,,,,133.744546,34.604884,300,公設
332020,0100001534,岡山県倉敷市,消火栓,332020,,倉敷市酒津３２９－１,岡山県,倉敷市,,,,133.747581,34.609368,200,公設
332020,0100001535,岡山県倉敷市,消火栓,332020,,倉敷市平田１５５番４４号,岡山県,倉敷市,,,,133.778141,34.611478,150,公設
332020,0100001537,岡山県倉敷市,消火栓,332020,,倉敷市酒津２５２９番８号,岡山県,倉敷市,,,,133.755841,34.61143,75,公設
332020,0100001538,岡山県倉敷市,消火栓,332020,,倉敷市酒津２６０３番地,岡山県,倉敷市,,,,133.750444,34.607446,75,公設
332020,0100001539,岡山県倉敷市,消火栓,332020,,倉敷市酒津４１番１号,岡山県,倉敷市,,,,133.745374,34.606246,200,公設
332020,0100001540,岡山県倉敷市,消火栓,332020,,倉敷市平田１６７番６号,岡山県,倉敷市,,,,133.777818,34.612878,75,公設
332020,0100001541,岡山県倉敷市,消火栓,332020,,倉敷市平田４４６番１４号,岡山県,倉敷市,,,,133.778576,34.613821,150,公設
332020,0100001542,岡山県倉敷市,消火栓,332020,,倉敷市平田４１２番地地先,岡山県,倉敷市,,,,133.778926,34.614708,150,公設
332020,0100001543,岡山県倉敷市,消火栓,332020,,倉敷市平田３８７番地地先,岡山県,倉敷市,,,,133.778851,34.615108,150,公設
332020,0100001544,岡山県倉敷市,消火栓,332020,,倉敷市平田７６０番地７,岡山県,倉敷市,,,,133.780081,34.614437,100,公設
332020,0100001545,岡山県倉敷市,消火栓,332020,,倉敷市平田７５７番地７,岡山県,倉敷市,,,,133.780174,34.613719,100,公設
332020,0100001546,岡山県倉敷市,消火栓,332020,,倉敷市平田６２８番地,岡山県,倉敷市,,,,133.780475,34.611817,100,公設
332020,0100001547,岡山県倉敷市,消火栓,332020,,倉敷市平田２４０番８号,岡山県,倉敷市,,,,133.777363,34.615281,150,公設
332020,0100001548,岡山県倉敷市,消火栓,332020,,倉敷市平田３５５番８号,岡山県,倉敷市,,,,133.779775,34.616108,100,公設
332020,0100001549,岡山県倉敷市,消火栓,332020,,倉敷市平田８０７番地５,岡山県,倉敷市,,,,133.779769,34.616805,100,公設
332020,0100001550,岡山県倉敷市,消火栓,332020,,倉敷市平田７０８番５号,岡山県,倉敷市,,,,133.782073,34.61356,75,公設
332020,0100001551,岡山県倉敷市,消火栓,332020,,倉敷市平田６６６番２０号,岡山県,倉敷市,,,,133.783303,34.612016,75,公設
332020,0100001552,岡山県倉敷市,消火栓,332020,,倉敷市平田３６番地,岡山県,倉敷市,,,,133.774304,34.617017,75,公設
332020,0100001553,岡山県倉敷市,消火栓,332020,,倉敷市平田６６０番地,岡山県,倉敷市,,,,133.7821,34.61188,200,公設
332020,0100001554,岡山県倉敷市,消火栓,332020,,倉敷市平田１５５番１８２号地先,岡山県,倉敷市,,,,133.774472,34.613433,150,公設
332020,0100001555,岡山県倉敷市,消火栓,332020,,倉敷市平田９１０番５号,岡山県,倉敷市,,,,133.78552,34.615337,100,公設
332020,0100001556,岡山県倉敷市,消火栓,332020,,倉敷市平田２５５番３号,岡山県,倉敷市,,,,133.778592,34.616082,150,公設
332020,0100001557,岡山県倉敷市,消火栓,332020,,倉敷市平田１５５番１９８号,岡山県,倉敷市,,,,133.77641,34.611275,100,公設
332020,0100001558,岡山県倉敷市,消火栓,332020,,倉敷市平田４８番５号,岡山県,倉敷市,,,,133.775573,34.615502,100,公設
332020,0100001559,岡山県倉敷市,消火栓,332020,,倉敷市平田２６０番２号,岡山県,倉敷市,,,,133.777058,34.616656,100,公設
332020,0100001560,岡山県倉敷市,消火栓,332020,,倉敷市平田８１番１号,岡山県,倉敷市,,,,133.77284,34.61478,100,公設
332020,0100001561,岡山県倉敷市,消火栓,332020,,倉敷市平田１５５番１５８号地先,岡山県,倉敷市,,,,133.777371,34.61046,150,公設
332020,0100001562,岡山県倉敷市,消火栓,332020,,倉敷市平田２４４番２１号地先,岡山県,倉敷市,,,,133.777629,34.614169,75,公設
332020,0100001563,岡山県倉敷市,消火栓,332020,,倉敷市平田７１９番地地先,岡山県,倉敷市,,,,133.780157,34.612828,150,公設
332020,0100001564,岡山県倉敷市,消火栓,332020,,倉敷市平田９０番２号,岡山県,倉敷市,,,,133.774132,34.615363,100,公設
332020,0100001565,岡山県倉敷市,消火栓,332020,,倉敷市平田９５番２３号地先,岡山県,倉敷市,,,,133.773339,34.614063,75,公設
332020,0100001566,岡山県倉敷市,消火栓,332020,,倉敷市平田３２９番５号,岡山県,倉敷市,,,,133.779287,34.61793,150,公設
332020,0100001567,岡山県倉敷市,消火栓,332020,,倉敷市平田１８０番５号,岡山県,倉敷市,,,,133.776487,34.613799,75,公設
332020,0100001568,岡山県倉敷市,消火栓,332020,,倉敷市平田８３１番地１,岡山県,倉敷市,,,,133.781551,34.617444,100,公設
332020,0100001569,岡山県倉敷市,消火栓,332020,,倉敷市平田６８０番２号,岡山県,倉敷市,,,,133.783271,34.612817,200,公設
332020,0100001570,岡山県倉敷市,消火栓,332020,,倉敷市平田３２７番２号,岡山県,倉敷市,,,,133.778118,34.617388,150,公設
332020,0100001571,岡山県倉敷市,消火栓,332020,,倉敷市平田３４７番２号地先,岡山県,倉敷市,,,,133.778668,34.617412,100,公設
332020,0100001572,岡山県倉敷市,消火栓,332020,,倉敷市平田３０９番地地先,岡山県,倉敷市,,,,133.776342,34.616558,100,公設
332020,0100001573,岡山県倉敷市,消火栓,332020,,倉敷市大内１１０５番地,岡山県,倉敷市,,,,133.753028,34.607559,75,公設
332020,0100001574,岡山県倉敷市,消火栓,332020,,倉敷市大内９５７番地,岡山県,倉敷市,,,,133.754431,34.607638,100,公設
332020,0100001575,岡山県倉敷市,消火栓,332020,,倉敷市大内１１９５番２号,岡山県,倉敷市,,,,133.753736,34.60484,600,公設
332020,0100001576,岡山県倉敷市,消火栓,332020,,倉敷市大内１０７５番地,岡山県,倉敷市,,,,133.753265,34.606264,75,公設
332020,0100001577,岡山県倉敷市,消火栓,332020,,倉敷市大内１１５３番２号,岡山県,倉敷市,,,,133.754732,34.606677,150,公設
332020,0100001578,岡山県倉敷市,消火栓,332020,,倉敷市大内１１８６番１号,岡山県,倉敷市,,,,133.753,34.605222,75,公設
332020,0100001579,岡山県倉敷市,消火栓,332020,,倉敷市大内１２４３番地,岡山県,倉敷市,,,,133.749977,34.604555,75,公設
332020,0100001580,岡山県倉敷市,消火栓,332020,,倉敷市大内１２３２－３,岡山県,倉敷市,,,,133.752186,34.604746,75,公設
332020,0100001581,岡山県倉敷市,消火栓,332020,,倉敷市大内１１８９番地,岡山県,倉敷市,,,,133.753558,34.604934,150,公設
332020,0100001582,岡山県倉敷市,消火栓,332020,,倉敷市大内７２３番地,岡山県,倉敷市,,,,133.754848,34.605273,75,公設
332020,0100001583,岡山県倉敷市,消火栓,332020,,倉敷市大内３１１番５号,岡山県,倉敷市,,,,133.75543,34.604957,75,公設
332020,0100001584,岡山県倉敷市,消火栓,332020,,倉敷市大内１４１番３号,岡山県,倉敷市,,,,133.754432,34.60373,150,公設
332020,0100001585,岡山県倉敷市,消火栓,332020,,倉敷市大内２９４番地１,岡山県,倉敷市,,,,133.755706,34.603132,75,公設
332020,0100001586,岡山県倉敷市,消火栓,332020,,倉敷市大内９８６番,岡山県,倉敷市,,,,133.752994,34.609343,150,公設
332020,0100001587,岡山県倉敷市,消火栓,332020,,倉敷市大内９３４番５号,岡山県,倉敷市,,,,133.754651,34.610617,100,公設
332020,0100001588,岡山県倉敷市,消火栓,332020,,倉敷市大内９０６番２５号,岡山県,倉敷市,,,,133.755942,34.608402,100,公設
332020,0100001589,岡山県倉敷市,消火栓,332020,,倉敷市大内１１１４番８号,岡山県,倉敷市,,,,133.755221,34.60776,100,公設
332020,0100001590,岡山県倉敷市,消火栓,332020,,倉敷市大内１０４１番１号,岡山県,倉敷市,,,,133.751589,34.606356,100,公設
332020,0100001591,岡山県倉敷市,消火栓,332020,,倉敷市大内１２１７番４号,岡山県,倉敷市,,,,133.752451,34.604135,600,公設
332020,0100001592,岡山県倉敷市,消火栓,332020,,倉敷市大内９７８番１５号,岡山県,倉敷市,,,,133.752059,34.60785,75,公設
332020,0100001593,岡山県倉敷市,消火栓,332020,,倉敷市日吉町２７９番地８,岡山県,倉敷市,,,,133.754154,34.601812,100,公設
332020,0100001594,岡山県倉敷市,消火栓,332020,,倉敷市日吉町２５０番５号,岡山県,倉敷市,,,,133.753906,34.600839,100,公設
332020,0100001595,岡山県倉敷市,消火栓,332020,,倉敷市日吉町２２６番地,岡山県,倉敷市,,,,133.754937,34.599762,250,公設
332020,0100001596,岡山県倉敷市,消火栓,332020,,倉敷市日吉町３８７番１号,岡山県,倉敷市,,,,133.756758,34.599691,250,公設
332020,0100001597,岡山県倉敷市,消火栓,332020,,倉敷市日吉町４０５番１号,岡山県,倉敷市,,,,133.758071,34.599863,100,公設
332020,0100001598,岡山県倉敷市,消火栓,332020,,倉敷市日吉町４４９番５号,岡山県,倉敷市,,,,133.75781,34.602757,100,公設
332020,0100001599,岡山県倉敷市,消火栓,332020,,倉敷市日吉町４７８番２６号,岡山県,倉敷市,,,,133.759348,34.603408,100,公設
332020,0100001600,岡山県倉敷市,消火栓,332020,,倉敷市日吉町３５１番１号,岡山県,倉敷市,,,,133.757098,34.601886,400,公設
332020,0100001601,岡山県倉敷市,消火栓,332020,,倉敷市日吉町４８６番１１号,岡山県,倉敷市,,,,133.758987,34.602452,75,公設
332020,0100001602,岡山県倉敷市,消火栓,332020,,倉敷市日吉町３６８番地,岡山県,倉敷市,,,,133.756149,34.600785,75,公設
332020,0100001603,岡山県倉敷市,消火栓,332020,,倉敷市日吉町５１７番２号,岡山県,倉敷市,,,,133.759705,34.599384,150,公設
332020,0100001604,岡山県倉敷市,消火栓,332020,,倉敷市日吉町４９９番７号,岡山県,倉敷市,,,,133.759171,34.601186,75,公設
332020,0100001605,岡山県倉敷市,消火栓,332020,,倉敷市日吉町２８３番３号,岡山県,倉敷市,,,,133.75561,34.602071,75,公設
332020,0100001606,岡山県倉敷市,消火栓,332020,,倉敷市川入６５９番地,岡山県,倉敷市,,,,133.762333,34.605765,100,公設
332020,0100001607,岡山県倉敷市,消火栓,332020,,倉敷市川入６３５番地,岡山県,倉敷市,,,,133.761131,34.605734,100,公設
332020,0100001608,岡山県倉敷市,消火栓,332020,,倉敷市川入６７８番地,岡山県,倉敷市,,,,133.76142,34.607455,75,公設
332020,0100001609,岡山県倉敷市,消火栓,332020,,倉敷市川入８０６番地,岡山県,倉敷市,,,,133.759111,34.606241,200,公設
332020,0100001610,岡山県倉敷市,消火栓,332020,,倉敷市川入４７０番地１１,岡山県,倉敷市,,,,133.75993,34.604854,100,公設
332020,0100001611,岡山県倉敷市,消火栓,332020,,倉敷市川入７４１－４,岡山県,倉敷市,,,,133.757553,34.606486,75,公設
332020,0100001612,岡山県倉敷市,消火栓,332020,,倉敷市川入７４０番１号,岡山県,倉敷市,,,,133.757765,34.605521,200,公設
332020,0100001613,岡山県倉敷市,消火栓,332020,,倉敷市川入７１５番２号,岡山県,倉敷市,,,,133.757645,34.60485,100,公設
332020,0100001614,岡山県倉敷市,消火栓,332020,,倉敷市川入８８２－５５,岡山県,倉敷市,,,,133.757439,34.611508,100,公設
332020,0100001615,岡山県倉敷市,消火栓,332020,,倉敷市川入８８２番１３号,岡山県,倉敷市,,,,133.757232,34.610413,100,公設
332020,0100001616,岡山県倉敷市,消火栓,332020,,倉敷市川入８５６番８号,岡山県,倉敷市,,,,133.758087,34.608856,100,公設
332020,0100001617,岡山県倉敷市,消火栓,332020,,倉敷市川入８５６－４１,岡山県,倉敷市,,,,133.758005,34.607929,100,公設
332020,0100001618,岡山県倉敷市,消火栓,332020,,倉敷市川入８５６番６４号,岡山県,倉敷市,,,,133.757209,34.608269,100,公設
332020,0100001619,岡山県倉敷市,消火栓,332020,,倉敷市川入８８１番１９号,岡山県,倉敷市,,,,133.758706,34.609995,75,公設
332020,0100001620,岡山県倉敷市,消火栓,332020,,倉敷市川入８３９番地,岡山県,倉敷市,,,,133.759194,34.608139,150,公設
332020,0100001621,岡山県倉敷市,消火栓,332020,,倉敷市川入６９１番６号,岡山県,倉敷市,,,,133.760358,34.606323,100,公設
332020,0100001622,岡山県倉敷市,消火栓,332020,,倉敷市川入５９８番地,岡山県,倉敷市,,,,133.762394,34.604805,150,公設
332020,0100001623,岡山県倉敷市,消火栓,332020,,倉敷市川入７９３番１号,岡山県,倉敷市,,,,133.757601,34.606971,400,公設
332020,0100001624,岡山県倉敷市,消火栓,332020,,倉敷市川入８９７番４号,岡山県,倉敷市,,,,133.756535,34.609207,75,公設
332020,0100001627,岡山県倉敷市,消火栓,332020,,倉敷市石見町７番２４号,岡山県,倉敷市,,,,133.760244,34.602008,150,公設
332020,0100001628,岡山県倉敷市,消火栓,332020,,倉敷市石見町４番２４号,岡山県,倉敷市,,,,133.760568,34.599802,150,公設
332020,0100001630,岡山県倉敷市,消火栓,332020,,倉敷市石見町６番３４号,岡山県,倉敷市,,,,133.762111,34.60199,100,公設
332020,0100001631,岡山県倉敷市,消火栓,332020,,倉敷市八王寺町１２３番地先,岡山県,倉敷市,,,,133.751184,34.601944,400,公設
332020,0100001632,岡山県倉敷市,消火栓,332020,,倉敷市八王寺町１５３番地の１７地先,岡山県,倉敷市,,,,133.753164,34.601906,75,公設
332020,0100001633,岡山県倉敷市,消火栓,332020,,倉敷市八王寺町１６２番地の１７地先,岡山県,倉敷市,,,,133.752709,34.601816,75,公設
332020,0100001634,岡山県倉敷市,消火栓,332020,,倉敷市八王寺町１６２番地の１２地先,岡山県,倉敷市,,,,133.752701,34.601229,75,公設
332020,0100001635,岡山県倉敷市,消火栓,332020,,倉敷市八王寺町１７４番地の７地先,岡山県,倉敷市,,,,133.753092,34.600161,250,公設
332020,0100001636,岡山県倉敷市,消火栓,332020,,倉敷市八王寺町１８２番１号,岡山県,倉敷市,,,,133.751759,34.600564,250,公設
332020,0100001637,岡山県倉敷市,消火栓,332020,,倉敷市八王寺町３６番２号,岡山県,倉敷市,,,,133.750089,34.601058,250,公設
332020,0100001638,岡山県倉敷市,消火栓,332020,,倉敷市八王寺町２番１号,岡山県,倉敷市,,,,133.750721,34.598437,100,公設
332020,0100001639,岡山県倉敷市,消火栓,332020,,倉敷市八王寺町３０番６号,岡山県,倉敷市,,,,133.749627,34.600477,100,公設
332020,0100001640,岡山県倉敷市,消火栓,332020,,倉敷市八王寺町１３５番２号,岡山県,倉敷市,,,,133.752591,34.602716,150,公設
332020,0100001641,岡山県倉敷市,消火栓,332020,,倉敷市八王寺町２８７番地,岡山県,倉敷市,,,,133.745837,34.599683,150,公設
332020,0100001642,岡山県倉敷市,消火栓,332020,,倉敷市八王寺町２８７番地,岡山県,倉敷市,,,,133.74666,34.599326,150,公設
332020,0100001643,岡山県倉敷市,消火栓,332020,,倉敷市八王寺町２６３番２号,岡山県,倉敷市,,,,133.747132,34.598979,100,公設
332020,0100001644,岡山県倉敷市,消火栓,332020,,倉敷市八王寺町２６３番１８号,岡山県,倉敷市,,,,133.746871,34.59847,100,公設
332020,0100001645,岡山県倉敷市,消火栓,332020,,倉敷市八王寺町２４４番１０号,岡山県,倉敷市,,,,133.749565,34.599543,75,公設
332020,0100001646,岡山県倉敷市,消火栓,332020,,倉敷市八王寺町１０３番地１,岡山県,倉敷市,,,,133.751446,34.603584,100,公設
332020,0100001647,岡山県倉敷市,消火栓,332020,,倉敷市八王寺町１９８番５号,岡山県,倉敷市,,,,133.751816,34.598675,75,公設
332020,0100001648,岡山県倉敷市,消火栓,332020,,倉敷市八王寺町１８５番１号,岡山県,倉敷市,,,,133.751426,34.599753,150,公設
332020,0100001649,岡山県倉敷市,消火栓,332020,,倉敷市八王寺町１２９番２号,岡山県,倉敷市,,,,133.751476,34.602675,400,公設
332020,0100001650,岡山県倉敷市,消火栓,332020,,倉敷市八王寺町１０６番５号,岡山県,倉敷市,,,,133.750898,34.603313,150,公設
332020,0100001651,岡山県倉敷市,消火栓,332020,,倉敷市八王寺町２２１番地地先,岡山県,倉敷市,,,,133.7482,34.600239,150,公設
332020,0100001652,岡山県倉敷市,消火栓,332020,,倉敷市水江１４３１番１０号,岡山県,倉敷市,,,,133.739372,34.592875,100,公設
332020,0100001653,岡山県倉敷市,消火栓,332020,,倉敷市水江１４２０番７号,岡山県,倉敷市,,,,133.740733,34.593901,75,公設
332020,0100001654,岡山県倉敷市,消火栓,332020,,倉敷市水江１３９６番１３号,岡山県,倉敷市,,,,133.742126,34.595198,75,公設
332020,0100001655,岡山県倉敷市,消火栓,332020,,倉敷市水江１４７２番２号,岡山県,倉敷市,,,,133.742509,34.593783,400,公設
332020,0100001656,岡山県倉敷市,消火栓,332020,,倉敷市水江１５８６番１８０号,岡山県,倉敷市,,,,133.743752,34.59389,200,公設
332020,0100001657,岡山県倉敷市,消火栓,332020,,倉敷市水江１５９４番１号,岡山県,倉敷市,,,,133.74585,34.594642,100,公設
332020,0100001658,岡山県倉敷市,消火栓,332020,,倉敷市水江１５８６番１５２号,岡山県,倉敷市,,,,133.744811,34.593806,150,公設
332020,0100001659,岡山県倉敷市,消火栓,332020,,倉敷市水江１５０５番地４,岡山県,倉敷市,,,,133.743845,34.593023,200,公設
332020,0100001660,岡山県倉敷市,消火栓,332020,,倉敷市水江１５８５番地６,岡山県,倉敷市,,,,133.743785,34.592255,200,公設
332020,0100001661,岡山県倉敷市,消火栓,332020,,倉敷市水江１５８６番１０２号,岡山県,倉敷市,,,,133.745332,34.592455,75,公設
332020,0100001662,岡山県倉敷市,消火栓,332020,,倉敷市水江１３３０番地,岡山県,倉敷市,,,,133.741995,34.596071,150,公設
332020,0100001663,岡山県倉敷市,消火栓,332020,,倉敷市水江１３３９番地,岡山県,倉敷市,,,,133.742845,34.596599,150,公設
332020,0100001664,岡山県倉敷市,消火栓,332020,,倉敷市水江１５９８番地,岡山県,倉敷市,,,,133.744028,34.597339,200,公設
332020,0100001665,岡山県倉敷市,消火栓,332020,,倉敷市水江１５９９番地,岡山県,倉敷市,,,,133.744691,34.597803,200,公設
332020,0100001666,岡山県倉敷市,消火栓,332020,,倉敷市水江１５９８番３号,岡山県,倉敷市,,,,133.745817,34.59867,150,公設
332020,0100001667,岡山県倉敷市,消火栓,332020,,倉敷市水江１２３２番地,岡山県,倉敷市,,,,133.744027,34.599355,300,公設
332020,0100001668,岡山県倉敷市,消火栓,332020,,倉敷市水江１１６５番３号,岡山県,倉敷市,,,,133.737402,34.598024,200,公設
332020,0100001669,岡山県倉敷市,消火栓,332020,,倉敷市水江８４８番２号,岡山県,倉敷市,,,,133.740007,34.602043,200,公設
332020,0100001670,岡山県倉敷市,消火栓,332020,,倉敷市水江１１１番５号,岡山県,倉敷市,,,,133.741061,34.60137,200,公設
332020,0100001671,岡山県倉敷市,消火栓,332020,,倉敷市水江１番１２号,岡山県,倉敷市,,,,133.744089,34.601899,300,公設
332020,0100001672,岡山県倉敷市,消火栓,332020,,倉敷市水江１４４３番９号,岡山県,倉敷市,,,,133.739818,34.592201,75,公設
332020,0100001673,岡山県倉敷市,消火栓,332020,,倉敷市水江７７番地,岡山県,倉敷市,,,,133.743385,34.602411,100,公設
332020,0100001674,岡山県倉敷市,消火栓,332020,,倉敷市水江１番地２８,岡山県,倉敷市,,,,133.744255,34.603087,300,公設
332020,0100001675,岡山県倉敷市,消火栓,332020,,倉敷市水江１４４６番１６号,岡山県,倉敷市,,,,133.740405,34.591867,150,公設
332020,0100001676,岡山県倉敷市,消火栓,332020,,倉敷市水江１０５７番３号,岡山県,倉敷市,,,,133.738445,34.599061,100,公設
332020,0100001677,岡山県倉敷市,消火栓,332020,,倉敷市水江１２１５番１号,岡山県,倉敷市,,,,133.742098,34.599377,200,公設
332020,0100001678,岡山県倉敷市,消火栓,332020,,倉敷市水江１５９６番地,岡山県,倉敷市,,,,133.74384,34.595208,200,公設
332020,0100001679,岡山県倉敷市,消火栓,332020,,倉敷市水江１６６番５号,岡山県,倉敷市,,,,133.742199,34.60442,75,公設
332020,0100001680,岡山県倉敷市,消火栓,332020,,倉敷市水江１５４４番１０号,岡山県,倉敷市,,,,133.741624,34.592165,200,公設
332020,0100001681,岡山県倉敷市,消火栓,332020,,倉敷市水江１４２０番１５号,岡山県,倉敷市,,,,133.740483,34.593022,400,公設
332020,0100001682,岡山県倉敷市,消火栓,332020,,倉敷市水江１２０５番１３号,岡山県,倉敷市,,,,133.741706,34.597656,75,公設
332020,0100001683,岡山県倉敷市,消火栓,332020,,倉敷市水江１５９６番１号,岡山県,倉敷市,,,,133.74387,34.595828,200,公設
332020,0100001684,岡山県倉敷市,消火栓,332020,,倉敷市水江１０５番８号,岡山県,倉敷市,,,,133.742455,34.600341,200,公設
332020,0100001685,岡山県倉敷市,消火栓,332020,,倉敷市水江１０４０－１,岡山県,倉敷市,,,,133.740025,34.597899,100,公設
332020,0100001686,岡山県倉敷市,消火栓,332020,,倉敷市水江１５７０番３１号,岡山県,倉敷市,,,,133.743296,34.590918,200,公設
332020,0100001687,岡山県倉敷市,消火栓,332020,,倉敷市水江１５７５番地,岡山県,倉敷市,,,,133.744509,34.590668,100,公設
332020,0100001688,岡山県倉敷市,消火栓,332020,,倉敷市水江８８７番２号,岡山県,倉敷市,,,,133.740554,34.600109,75,公設
332020,0100001689,岡山県倉敷市,消火栓,332020,,倉敷市水江１６３番地３,岡山県,倉敷市,,,,133.736536,34.597185,200,公設
332020,0100001690,岡山県倉敷市,消火栓,332020,,倉敷市水江８９４番地８,岡山県,倉敷市,,,,133.739698,34.600917,200,公設
332020,0100001691,岡山県倉敷市,消火栓,332020,,倉敷市水江１００３番４号,岡山県,倉敷市,,,,133.737923,34.60076,75,公設
332020,0100001692,岡山県倉敷市,消火栓,332020,,倉敷市水江１０７５番６号,岡山県,倉敷市,,,,133.73664,34.599752,75,公設
332020,0100001693,岡山県倉敷市,消火栓,332020,,倉敷市水江１７７番地,岡山県,倉敷市,,,,133.743157,34.603615,75,公設
332020,0100001694,岡山県倉敷市,消火栓,332020,,倉敷市水江１７番地,岡山県,倉敷市,,,,133.744117,34.600301,300,公設
332020,0100001695,岡山県倉敷市,消火栓,332020,,倉敷市水江１１９６番４号,岡山県,倉敷市,,,,133.740412,34.596694,100,公設
332020,0100001696,岡山県倉敷市,消火栓,332020,,倉敷市水江１２０９番１号,岡山県,倉敷市,,,,133.741748,34.598624,75,公設
332020,0100001697,岡山県倉敷市,消火栓,332020,,倉敷市水江７５番５号,岡山県,倉敷市,,,,133.742527,34.602953,100,公設
332020,0100001698,岡山県倉敷市,消火栓,332020,,倉敷市水江１０１８番地８,岡山県,倉敷市,,,,133.739293,34.599836,200,公設
332020,0100001699,岡山県倉敷市,消火栓,332020,,倉敷市水江１４１０番１７地先,岡山県,倉敷市,,,,133.741118,34.593288,75,公設
332020,0100001700,岡山県倉敷市,消火栓,332020,,倉敷市水江１５９８番地１地先,岡山県,倉敷市,,,,133.744653,34.596907,100,公設
332020,0100001701,岡山県倉敷市,消火栓,332020,,倉敷市安江２８番１号,岡山県,倉敷市,,,,133.74868,34.598892,100,公設
332020,0100001702,岡山県倉敷市,消火栓,332020,,倉敷市安江６７番１号,岡山県,倉敷市,,,,133.74908,34.597882,75,公設
332020,0100001703,岡山県倉敷市,消火栓,332020,,倉敷市安江２６０番２号,岡山県,倉敷市,,,,133.748696,34.596685,75,公設
332020,0100001704,岡山県倉敷市,消火栓,332020,,倉敷市安江３０８番地,岡山県,倉敷市,,,,133.749072,34.596025,150,公設
332020,0100001705,岡山県倉敷市,消火栓,332020,,倉敷市安江１９４番５号,岡山県,倉敷市,,,,133.751399,34.597068,75,公設
332020,0100001706,岡山県倉敷市,消火栓,332020,,倉敷市安江５５１番１２号,岡山県,倉敷市,,,,133.747878,34.595978,400,公設
332020,0100001707,岡山県倉敷市,消火栓,332020,,倉敷市安江３９０番５号,岡山県,倉敷市,,,,133.750754,34.596157,150,公設
332020,0100001708,岡山県倉敷市,消火栓,332020,,倉敷市安江１８８番４号,岡山県,倉敷市,,,,133.752752,34.596352,150,公設
332020,0100001709,岡山県倉敷市,消火栓,332020,,倉敷市安江１１４番５号,岡山県,倉敷市,,,,133.753545,34.596845,75,公設
332020,0100001710,岡山県倉敷市,消火栓,332020,,倉敷市安江３１１番４号,岡山県,倉敷市,,,,133.749154,34.595234,100,公設
332020,0100001711,岡山県倉敷市,消火栓,332020,,倉敷市安江５０６番２号,岡山県,倉敷市,,,,133.748859,34.594533,100,公設
332020,0100001712,岡山県倉敷市,消火栓,332020,,倉敷市安江３８１番２号,岡山県,倉敷市,,,,133.751504,34.595325,75,公設
332020,0100001713,岡山県倉敷市,消火栓,332020,,倉敷市安江５４３番９号,岡山県,倉敷市,,,,133.748017,34.593759,400,公設
332020,0100001714,岡山県倉敷市,消火栓,332020,,倉敷市安江１６９番５号,岡山県,倉敷市,,,,133.753495,34.595065,100,公設
332020,0100001715,岡山県倉敷市,消火栓,332020,,倉敷市安江６１９番１３号,岡山県,倉敷市,,,,133.745898,34.596967,100,公設
332020,0100001716,岡山県倉敷市,消火栓,332020,,倉敷市安江５８８番９号,岡山県,倉敷市,,,,133.746876,34.596979,100,公設
332020,0100001717,岡山県倉敷市,消火栓,332020,,倉敷市安江５８８番２号,岡山県,倉敷市,,,,133.747232,34.597019,100,公設
332020,0100001718,岡山県倉敷市,消火栓,332020,,倉敷市安江５８８番２８号,岡山県,倉敷市,,,,133.746847,34.597711,100,公設
332020,0100001719,岡山県倉敷市,消火栓,332020,,倉敷市安江５８８番７号,岡山県,倉敷市,,,,133.747222,34.597746,100,公設
332020,0100001720,岡山県倉敷市,消火栓,332020,,倉敷市安江１０３番１７号,岡山県,倉敷市,,,,133.753005,34.597631,100,公設
332020,0100001721,岡山県倉敷市,消火栓,332020,,倉敷市安江５５２番３号,岡山県,倉敷市,,,,133.7467,34.595857,200,公設
332020,0100001722,岡山県倉敷市,消火栓,332020,,倉敷市安江５５０番１号,岡山県,倉敷市,,,,133.746655,34.596725,150,公設
332020,0100001723,岡山県倉敷市,消火栓,332020,,倉敷市安江５５０番６０号,岡山県,倉敷市,,,,133.747184,34.593954,150,公設
332020,0100001724,岡山県倉敷市,消火栓,332020,,倉敷市安江１２１番１号,岡山県,倉敷市,,,,133.754853,34.598124,75,公設
332020,0100001725,岡山県倉敷市,消火栓,332020,,倉敷市安江４６２番地,岡山県,倉敷市,,,,133.750245,34.593446,75,公設
332020,0100001726,岡山県倉敷市,消火栓,332020,,倉敷市安江４０３番５号,岡山県,倉敷市,,,,133.752079,34.595266,75,公設
332020,0100001727,岡山県倉敷市,消火栓,332020,,倉敷市安江４０２番７号,岡山県,倉敷市,,,,133.75194,34.594692,75,公設
332020,0100001728,岡山県倉敷市,消火栓,332020,,倉敷市中島１８２番７号,岡山県,倉敷市,,,,133.739169,34.587672,75,公設
332020,0100001729,岡山県倉敷市,消火栓,332020,,倉敷市中島２２４４番２０号,岡山県,倉敷市,,,,133.740976,34.584795,400,公設
332020,0100001730,岡山県倉敷市,消火栓,332020,,倉敷市中島２２９０番１号,岡山県,倉敷市,,,,133.741473,34.585114,400,公設
332020,0100001731,岡山県倉敷市,消火栓,332020,,倉敷市中島２３７０番２９号,岡山県,倉敷市,,,,133.741195,34.585294,200,公設
332020,0100001732,岡山県倉敷市,消火栓,332020,,倉敷市中島２４１番地,岡山県,倉敷市,,,,133.740941,34.5855,250,公設
332020,0100001733,岡山県倉敷市,消火栓,332020,,倉敷市中島２３７０番８６号,岡山県,倉敷市,,,,133.741787,34.586816,100,公設
332020,0100001734,岡山県倉敷市,消火栓,332020,,倉敷市中島２３２２番７号,岡山県,倉敷市,,,,133.740474,34.58717,100,公設
332020,0100001735,岡山県倉敷市,消火栓,332020,,倉敷市中島１４２７番５号,岡山県,倉敷市,,,,133.733426,34.579212,150,公設
332020,0100001736,岡山県倉敷市,消火栓,332020,,倉敷市中島１９７番７号,岡山県,倉敷市,,,,133.738108,34.586982,250,公設
332020,0100001737,岡山県倉敷市,消火栓,332020,,倉敷市中島７０７番２号,岡山県,倉敷市,,,,133.739473,34.584775,150,公設
332020,0100001738,岡山県倉敷市,消火栓,332020,,倉敷市中島６９８番３号,岡山県,倉敷市,,,,133.738373,34.585187,150,公設
332020,0100001739,岡山県倉敷市,消火栓,332020,,倉敷市中島３３２番地,岡山県,倉敷市,,,,133.737445,34.585596,150,公設
332020,0100001740,岡山県倉敷市,消火栓,332020,,倉敷市中島２７５番地,岡山県,倉敷市,,,,133.739573,34.583997,100,公設
332020,0100001741,岡山県倉敷市,消火栓,332020,,倉敷市中島２２４４番地,岡山県,倉敷市,,,,133.740947,34.583002,150,公設
332020,0100001742,岡山県倉敷市,消火栓,332020,,倉敷市中島７９１番地１,岡山県,倉敷市,,,,133.740683,34.581645,400,公設
332020,0100001743,岡山県倉敷市,消火栓,332020,,倉敷市中島２２５２番５号,岡山県,倉敷市,,,,133.741966,34.583153,150,公設
332020,0100001744,岡山県倉敷市,消火栓,332020,,倉敷市中島２２４６番７０号,岡山県,倉敷市,,,,133.743154,34.584423,100,公設
332020,0100001745,岡山県倉敷市,消火栓,332020,,倉敷市中島１１９３番地,岡山県,倉敷市,,,,133.72951,34.581978,100,公設
332020,0100001746,岡山県倉敷市,消火栓,332020,,倉敷市中島２５６２番地,岡山県,倉敷市,,,,133.743675,34.585527,400,公設
332020,0100001747,岡山県倉敷市,消火栓,332020,,倉敷市中島２４０７番１３１号,岡山県,倉敷市,,,,133.743247,34.587164,75,公設
332020,0100001748,岡山県倉敷市,消火栓,332020,,倉敷市中島１４１０番５号,岡山県,倉敷市,,,,133.733001,34.579854,150,公設
332020,0100001749,岡山県倉敷市,消火栓,332020,,倉敷市中島１２８番地,岡山県,倉敷市,,,,133.736826,34.587677,250,公設
332020,0100001750,岡山県倉敷市,消火栓,332020,,倉敷市中島１２７７番地,岡山県,倉敷市,,,,133.724919,34.577258,150,公設
332020,0100001751,岡山県倉敷市,消火栓,332020,,倉敷市中島１２８８番地,岡山県,倉敷市,,,,133.724639,34.575754,150,公設
332020,0100001752,岡山県倉敷市,消火栓,332020,,倉敷市中島３２番５２,岡山県,倉敷市,,,,133.739345,34.591236,100,公設
332020,0100001753,岡山県倉敷市,消火栓,332020,,倉敷市中島３７６番地,岡山県,倉敷市,,,,133.736102,34.585978,150,公設
332020,0100001754,岡山県倉敷市,消火栓,332020,,倉敷市中島３４３番地,岡山県,倉敷市,,,,133.736467,34.584327,100,公設
332020,0100001755,岡山県倉敷市,消火栓,332020,,倉敷市中島４１６番地,岡山県,倉敷市,,,,133.734885,34.587096,100,公設
332020,0100001756,岡山県倉敷市,消火栓,332020,,倉敷市中島３９７番地,岡山県,倉敷市,,,,133.735016,34.585674,150,公設
332020,0100001757,岡山県倉敷市,消火栓,332020,,倉敷市中島６３８番３号,岡山県,倉敷市,,,,133.735499,34.584165,150,公設
332020,0100001758,岡山県倉敷市,消火栓,332020,,倉敷市中島５９３,岡山県,倉敷市,,,,133.733822,34.583926,100,公設
332020,0100001759,岡山県倉敷市,消火栓,332020,,倉敷市中島５０６番地,岡山県,倉敷市,,,,133.733504,34.585485,150,公設
332020,0100001760,岡山県倉敷市,消火栓,332020,,倉敷市中島５０１番地,岡山県,倉敷市,,,,133.733022,34.586149,150,公設
332020,0100001761,岡山県倉敷市,消火栓,332020,,倉敷市中島１３４３番１号,岡山県,倉敷市,,,,133.726188,34.576126,100,公設
332020,0100001762,岡山県倉敷市,消火栓,332020,,倉敷市中島１３２２番地,岡山県,倉敷市,,,,133.726547,34.574427,250,公設
332020,0100001763,岡山県倉敷市,消火栓,332020,,倉敷市中島２３５５番４１号,岡山県,倉敷市,,,,133.742812,34.589641,200,公設
332020,0100001764,岡山県倉敷市,消火栓,332020,,倉敷市中島２４０７番８０号,岡山県,倉敷市,,,,133.744004,34.589332,150,公設
332020,0100001765,岡山県倉敷市,消火栓,332020,,倉敷市中島２４０７番１４６号,岡山県,倉敷市,,,,133.74367,34.588332,100,公設
332020,0100001766,岡山県倉敷市,消火栓,332020,,倉敷市中島２３６０番２０号,岡山県,倉敷市,,,,133.742188,34.587899,200,公設
332020,0100001767,岡山県倉敷市,消火栓,332020,,倉敷市中島２３４０番地３５,岡山県,倉敷市,,,,133.742003,34.591154,75,公設
332020,0100001768,岡山県倉敷市,消火栓,332020,,倉敷市中島２２番１号,岡山県,倉敷市,,,,133.741211,34.588991,100,公設
332020,0100001769,岡山県倉敷市,消火栓,332020,,倉敷市中島６５１番地,岡山県,倉敷市,,,,133.736005,34.583369,150,公設
332020,0100001770,岡山県倉敷市,消火栓,332020,,倉敷市中島１０５１番１号,岡山県,倉敷市,,,,133.733086,34.583422,150,公設
332020,0100001771,岡山県倉敷市,消火栓,332020,,倉敷市中島９３８番地１,岡山県,倉敷市,,,,133.736392,34.58231,200,公設
332020,0100001772,岡山県倉敷市,消火栓,332020,,倉敷市中島１０３１番地,岡山県,倉敷市,,,,133.733456,34.582129,100,公設
332020,0100001773,岡山県倉敷市,消火栓,332020,,倉敷市中島１０４４番３号,岡山県,倉敷市,,,,133.732729,34.582504,150,公設
332020,0100001774,岡山県倉敷市,消火栓,332020,,倉敷市中島９５６番１１号,岡山県,倉敷市,,,,133.736787,34.580618,200,公設
332020,0100001775,岡山県倉敷市,消火栓,332020,,倉敷市中島１０００番地１,岡山県,倉敷市,,,,133.733919,34.581103,150,公設
332020,0100001776,岡山県倉敷市,消火栓,332020,,倉敷市中島９８３番６号,岡山県,倉敷市,,,,133.735063,34.579922,150,公設
332020,0100001777,岡山県倉敷市,消火栓,332020,,倉敷市中島１１３８番地,岡山県,倉敷市,,,,133.72729,34.581056,150,公設
332020,0100001778,岡山県倉敷市,消火栓,332020,,倉敷市中島１１３８番地,岡山県,倉敷市,,,,133.72837,34.580452,150,公設
332020,0100001779,岡山県倉敷市,消火栓,332020,,倉敷市中島１１７９番地,岡山県,倉敷市,,,,133.72904,34.57961,150,公設
332020,0100001780,岡山県倉敷市,消火栓,332020,,倉敷市中島１２３０番地,岡山県,倉敷市,,,,133.730275,34.579678,150,公設
332020,0100001781,岡山県倉敷市,消火栓,332020,,倉敷市中島１２５１番６号,岡山県,倉敷市,,,,133.72734,34.578228,100,公設
332020,0100001782,岡山県倉敷市,消火栓,332020,,倉敷市中島９０３番１２号,岡山県,倉敷市,,,,133.735524,34.578071,250,公設
332020,0100001783,岡山県倉敷市,消火栓,332020,,倉敷市中島１５５４番地１,岡山県,倉敷市,,,,133.733272,34.577005,250,公設
332020,0100001784,岡山県倉敷市,消火栓,332020,,倉敷市中島１５３１番地,岡山県,倉敷市,,,,133.731045,34.575932,250,公設
332020,0100001785,岡山県倉敷市,消火栓,332020,,倉敷市中島２７２４番１０号,岡山県,倉敷市,,,,133.742046,34.580064,75,公設
332020,0100001786,岡山県倉敷市,消火栓,332020,,倉敷市中島８２０番１号,岡山県,倉敷市,,,,133.740571,34.580418,400,公設
332020,0100001787,岡山県倉敷市,消火栓,332020,,倉敷市中島２７１４番地１,岡山県,倉敷市,,,,133.740363,34.578576,100,公設
332020,0100001788,岡山県倉敷市,消火栓,332020,,倉敷市中島８３１番地,岡山県,倉敷市,,,,133.739487,34.579488,250,公設
332020,0100001789,岡山県倉敷市,消火栓,332020,,倉敷市中島２１５７番地,岡山県,倉敷市,,,,133.740108,34.573262,400,公設
332020,0100001790,岡山県倉敷市,消火栓,332020,,倉敷市中島２１６７番地先,岡山県,倉敷市,,,,133.739732,34.573243,200,公設
332020,0100001791,岡山県倉敷市,消火栓,332020,,倉敷市中島１９５７番地,岡山県,倉敷市,,,,133.738361,34.573176,200,公設
332020,0100001792,岡山県倉敷市,消火栓,332020,,倉敷市中島１９１０番地,岡山県,倉敷市,,,,133.737304,34.573572,100,公設
332020,0100001793,岡山県倉敷市,消火栓,332020,,倉敷市中島１８８７番地,岡山県,倉敷市,,,,133.737047,34.572588,100,公設
332020,0100001794,岡山県倉敷市,消火栓,332020,,倉敷市中島２０７０番地,岡山県,倉敷市,,,,133.738298,34.571936,100,公設
332020,0100001795,岡山県倉敷市,消火栓,332020,,倉敷市中島１９７６番３号,岡山県,倉敷市,,,,133.735886,34.57166,100,公設
332020,0100001796,岡山県倉敷市,消火栓,332020,,倉敷市中島２１４５番１号地先,岡山県,倉敷市,,,,133.739287,34.57159,150,公設
332020,0100001797,岡山県倉敷市,消火栓,332020,,倉敷市中島２１４２番１号,岡山県,倉敷市,,,,133.740303,34.571243,75,公設
332020,0100001798,岡山県倉敷市,消火栓,332020,,倉敷市中島２１３３番地,岡山県,倉敷市,,,,133.739278,34.570206,150,公設
332020,0100001799,岡山県倉敷市,消火栓,332020,,倉敷市中島２００２番４号,岡山県,倉敷市,,,,133.737827,34.569858,100,公設
332020,0100001800,岡山県倉敷市,消火栓,332020,,倉敷市中島１５０５番１号,岡山県,倉敷市,,,,133.72894,34.574935,250,公設
332020,0100001801,岡山県倉敷市,消火栓,332020,,倉敷市中島８６６番地１,岡山県,倉敷市,,,,133.738231,34.578102,150,公設
332020,0100001802,岡山県倉敷市,消火栓,332020,,倉敷市中島２７０２番地,岡山県,倉敷市,,,,133.739457,34.576992,100,公設
332020,0100001803,岡山県倉敷市,消火栓,332020,,倉敷市中島２２０２番地,岡山県,倉敷市,,,,133.740158,34.576186,400,公設
332020,0100001804,岡山県倉敷市,消火栓,332020,,倉敷市中島１９３２番１号,岡山県,倉敷市,,,,133.738987,34.576105,75,公設
332020,0100001805,岡山県倉敷市,消火栓,332020,,倉敷市中島１９４６番地,岡山県,倉敷市,,,,133.738138,34.57482,100,公設
332020,0100001806,岡山県倉敷市,消火栓,332020,,倉敷市中島２６７３番地,岡山県,倉敷市,,,,133.739917,34.574002,75,公設
332020,0100001807,岡山県倉敷市,消火栓,332020,,倉敷市中島１７０番２号,岡山県,倉敷市,,,,133.738614,34.589249,100,公設
332020,0100001808,岡山県倉敷市,消火栓,332020,,倉敷市中島７５８番８号,岡山県,倉敷市,,,,133.737798,34.579021,200,公設
332020,0100001809,岡山県倉敷市,消火栓,332020,,倉敷市中島１５５６番１０地先,岡山県,倉敷市,,,,133.733341,34.577944,75,公設
332020,0100001810,岡山県倉敷市,消火栓,332020,,倉敷市中島２７３３番５号,岡山県,倉敷市,,,,133.741888,34.57819,100,公設
332020,0100001811,岡山県倉敷市,消火栓,332020,,倉敷市中島２６１９番地,岡山県,倉敷市,,,,133.741392,34.572215,100,公設
332020,0100001812,岡山県倉敷市,消火栓,332020,,倉敷市中島１１１０番２５地先,岡山県,倉敷市,,,,133.728041,34.582501,75,公設
332020,0100001813,岡山県倉敷市,消火栓,332020,,倉敷市中島１０８４番１３地先,岡山県,倉敷市,,,,133.732129,34.583041,100,公設
332020,0100001814,岡山県倉敷市,消火栓,332020,,倉敷市中島１７５５番２０地先,岡山県,倉敷市,,,,133.730481,34.574802,75,公設
332020,0100001815,岡山県倉敷市,消火栓,332020,,倉敷市中島１１１３番２６地先,岡山県,倉敷市,,,,133.727271,34.582682,100,公設
332020,0100001816,岡山県倉敷市,消火栓,332020,,倉敷市中島１８３６番６号,岡山県,倉敷市,,,,133.729169,34.573632,100,公設
332020,0100001817,岡山県倉敷市,消火栓,332020,,倉敷市中島４６９番１号,岡山県,倉敷市,,,,133.731766,34.588153,400,公設
332020,0100001818,岡山県倉敷市,消火栓,332020,,倉敷市中島９４３番１３号,岡山県,倉敷市,,,,133.735307,34.581675,75,公設
332020,0100001819,岡山県倉敷市,消火栓,332020,,倉敷市中島１７９４番８号,岡山県,倉敷市,,,,133.734173,34.571632,150,公設
332020,0100001820,岡山県倉敷市,消火栓,332020,,倉敷市中島１７２８番地５,岡山県,倉敷市,,,,133.734467,34.574308,100,公設
332020,0100001821,岡山県倉敷市,消火栓,332020,,倉敷市中島１７６７番１０号,岡山県,倉敷市,,,,133.731605,34.574083,75,公設
332020,0100001822,岡山県倉敷市,消火栓,332020,,倉敷市中島５３番１８号,岡山県,倉敷市,,,,133.738194,34.592379,100,公設
332020,0100001823,岡山県倉敷市,消火栓,332020,,倉敷市中島１７１９番１２号,岡山県,倉敷市,,,,133.734844,34.572667,150,公設
332020,0100001824,岡山県倉敷市,消火栓,332020,,倉敷市中島６５４番地,岡山県,倉敷市,,,,133.734613,34.583346,100,公設
332020,0100001825,岡山県倉敷市,消火栓,332020,,倉敷市中島９３０番１号,岡山県,倉敷市,,,,133.737417,34.58182,75,公設
332020,0100001826,岡山県倉敷市,消火栓,332020,,倉敷市中島２４０７番２０６号,岡山県,倉敷市,,,,133.745006,34.589205,100,公設
332020,0100001827,岡山県倉敷市,消火栓,332020,,倉敷市中島７７８番６号,岡山県,倉敷市,,,,133.738717,34.580591,100,公設
332020,0100001828,岡山県倉敷市,消火栓,332020,,倉敷市中島２２４６番地,岡山県,倉敷市,,,,133.74252,34.582035,100,公設
332020,0100001829,岡山県倉敷市,消火栓,332020,,倉敷市中島８２７番１号,岡山県,倉敷市,,,,133.740686,34.579241,75,公設
332020,0100001830,岡山県倉敷市,消火栓,332020,,倉敷市中島２３７０番６１号,岡山県,倉敷市,,,,133.741877,34.585548,75,公設
332020,0100001831,岡山県倉敷市,消火栓,332020,,倉敷市中島２６３３番５号,岡山県,倉敷市,,,,133.740941,34.57041,75,公設
332020,0100001832,岡山県倉敷市,消火栓,332020,,倉敷市中島１３７１番３号,岡山県,倉敷市,,,,133.728126,34.577131,75,公設
332020,0100001833,岡山県倉敷市,消火栓,332020,,倉敷市中島１７３４番１５号,岡山県,倉敷市,,,,133.7329,34.573952,75,公設
332020,0100001834,岡山県倉敷市,消火栓,332020,,倉敷市中島１１９３番１５号,岡山県,倉敷市,,,,133.729971,34.581349,75,公設
332020,0100001835,岡山県倉敷市,消火栓,332020,,倉敷市中島１２４７番地,岡山県,倉敷市,,,,133.727267,34.579411,75,公設
332020,0100001836,岡山県倉敷市,消火栓,332020,,倉敷市中島１９７７番２号,岡山県,倉敷市,,,,133.736065,34.571095,200,公設
332020,0100001837,岡山県倉敷市,消火栓,332020,,倉敷市中島１６０８番地,岡山県,倉敷市,,,,133.737371,34.575342,100,公設
332020,0100001838,岡山県倉敷市,消火栓,332020,,倉敷市中島２７６３,岡山県,倉敷市,,,,133.741915,34.573379,200,公設
332020,0100001839,岡山県倉敷市,消火栓,332020,,倉敷市中島７２６番１号,岡山県,倉敷市,,,,133.738178,34.583467,100,公設
332020,0100001840,岡山県倉敷市,消火栓,332020,,倉敷市中島１３８７番地３,岡山県,倉敷市,,,,133.72986,34.578531,150,公設
332020,0100001841,岡山県倉敷市,消火栓,332020,,倉敷市中島１６３５番地３,岡山県,倉敷市,,,,133.733897,34.576069,100,公設
332020,0100001842,岡山県倉敷市,消火栓,332020,,倉敷市中島１７７８番９号,岡山県,倉敷市,,,,133.732782,34.573201,75,公設
332020,0100001843,岡山県倉敷市,消火栓,332020,,倉敷市中島３番１５号,岡山県,倉敷市,,,,133.741462,34.590417,75,公設
332020,0100001844,岡山県倉敷市,消火栓,332020,,倉敷市中島１３７５－３,岡山県,倉敷市,,,,133.728619,34.577493,75,公設
332020,0100001845,岡山県倉敷市,消火栓,332020,,倉敷市中島１２２９－１７,岡山県,倉敷市,,,,133.730879,34.580964,100,公設
332020,0100001846,岡山県倉敷市,消火栓,332020,,倉敷市中島１５７７番地,岡山県,倉敷市,,,,133.736832,34.57704,75,公設
332020,0100001847,岡山県倉敷市,消火栓,332020,,倉敷市中島２７６９,岡山県,倉敷市,,,,133.741541,34.574425,75,公設
332020,0100001848,岡山県倉敷市,消火栓,332020,,倉敷市中島２３０番１号,岡山県,倉敷市,,,,133.739445,34.586078,250,公設
332020,0100001849,岡山県倉敷市,消火栓,332020,,倉敷市中島２２４６番１７１号,岡山県,倉敷市,,,,133.743749,34.58383,100,公設
332020,0100001850,岡山県倉敷市,消火栓,332020,,倉敷市中島１９４７－３,岡山県,倉敷市,,,,133.738876,34.574486,75,公設
332020,0100001851,岡山県倉敷市,消火栓,332020,,倉敷市中島１６９９番１号,岡山県,倉敷市,,,,133.736167,34.573253,75,公設
332020,0100001852,岡山県倉敷市,消火栓,332020,,倉敷市中島１５１５番１,岡山県,倉敷市,,,,133.729567,34.575421,75,公設
332020,0100001853,岡山県倉敷市,消火栓,332020,,倉敷市中島１２２０番５号,岡山県,倉敷市,,,,133.732436,34.580743,150,公設
332020,0100001854,岡山県倉敷市,消火栓,332020,,倉敷市中島２０６４番地,岡山県,倉敷市,,,,133.737337,34.571408,200,公設
332020,0100001855,岡山県倉敷市,消火栓,332020,,倉敷市中島２７０３番２号　地先,岡山県,倉敷市,,,,133.740248,34.577059,400,公設
332020,0100001856,岡山県倉敷市,消火栓,332020,,倉敷市中島１７４１－１,岡山県,倉敷市,,,,133.732508,34.575555,100,公設
332020,0100001857,岡山県倉敷市,消火栓,332020,,倉敷市中島１９９７番１号,岡山県,倉敷市,,,,133.736526,34.569919,75,公設
332020,0100001858,岡山県倉敷市,消火栓,332020,,倉敷市中島１４３０番７号,岡山県,倉敷市,,,,133.731919,34.579183,75,公設
332020,0100001859,岡山県倉敷市,消火栓,332020,,倉敷市中島１２５７番地,岡山県,倉敷市,,,,133.725927,34.577921,75,公設
332020,0100001860,岡山県倉敷市,消火栓,332020,,倉敷市中島８５番１０号,岡山県,倉敷市,,,,133.738696,34.59048,100,公設
332020,0100001861,岡山県倉敷市,消火栓,332020,,倉敷市中島３０１３－４,岡山県,倉敷市,,,,133.737104,34.588621,150,公設
332020,0100001862,岡山県倉敷市,消火栓,332020,,倉敷市中島３００６－１,岡山県,倉敷市,,,,133.740348,34.59012,75,公設
332020,0100001863,岡山県倉敷市,消火栓,332020,,倉敷市中島１６７１,岡山県,倉敷市,,,,133.735956,34.574818,100,公設
332020,0100001864,岡山県倉敷市,消火栓,332020,,倉敷市中島１６３２番地３地先,岡山県,倉敷市,,,,133.734943,34.576824,150,公設
332020,0100001865,岡山県倉敷市,消火栓,332020,,倉敷市中島７３５番地９,岡山県,倉敷市,,,,133.739164,34.582241,75,公設
332020,0100001866,岡山県倉敷市,消火栓,332020,,倉敷市中島６７５番４号地先,岡山県,倉敷市,,,,133.738034,34.582273,100,公設
332020,0100001867,岡山県倉敷市,消火栓,332020,,倉敷市中島１８０９番地６地先,岡山県,倉敷市,,,,133.731569,34.573251,150,公設
332020,0100001868,岡山県倉敷市,消火栓,332020,,倉敷市西阿知町３５番地,岡山県,倉敷市,,,,133.739183,34.594548,150,公設
332020,0100001869,岡山県倉敷市,消火栓,332020,,倉敷市西阿知町８１番８号,岡山県,倉敷市,,,,133.737503,34.593548,150,公設
332020,0100001870,岡山県倉敷市,消火栓,332020,,倉敷市西阿知町５６９番５号,岡山県,倉敷市,,,,133.735986,34.58875,250,公設
332020,0100001871,岡山県倉敷市,消火栓,332020,,倉敷市西阿知町３７０番地１,岡山県,倉敷市,,,,133.734766,34.595662,100,公設
332020,0100001872,岡山県倉敷市,消火栓,332020,,倉敷市西阿知町３４１番地３,岡山県,倉敷市,,,,133.733893,34.595644,100,公設
332020,0100001873,岡山県倉敷市,消火栓,332020,,倉敷市西阿知町７６７－５,岡山県,倉敷市,,,,133.733002,34.593152,100,公設
332020,0100001874,岡山県倉敷市,消火栓,332020,,倉敷市西阿知町５２８番地,岡山県,倉敷市,,,,133.736294,34.591971,150,公設
332020,0100001875,岡山県倉敷市,消火栓,332020,,倉敷市西阿知町４３４番１号,岡山県,倉敷市,,,,133.73481,34.591,200,公設
332020,0100001876,岡山県倉敷市,消火栓,332020,,倉敷市西阿知町５０１番地,岡山県,倉敷市,,,,133.73518,34.590416,200,公設
332020,0100001877,岡山県倉敷市,消火栓,332020,,倉敷市西阿知町５９１番地,岡山県,倉敷市,,,,133.734598,34.58927,100,公設
332020,0100001878,岡山県倉敷市,消火栓,332020,,倉敷市西阿知町６６５番地,岡山県,倉敷市,,,,133.733583,34.590389,150,公設
332020,0100001879,岡山県倉敷市,消火栓,332020,,倉敷市西阿知町６８４番地,岡山県,倉敷市,,,,133.733134,34.589893,150,公設
332020,0100001880,岡山県倉敷市,消火栓,332020,,倉敷市西阿知町９２２番１０号,岡山県,倉敷市,,,,133.731037,34.589817,100,公設
332020,0100001881,岡山県倉敷市,消火栓,332020,,倉敷市西阿知町９２６番地,岡山県,倉敷市,,,,133.731909,34.589149,150,公設
332020,0100001882,岡山県倉敷市,消火栓,332020,,倉敷市西阿知町５４番１６号,岡山県,倉敷市,,,,133.73631,34.593416,100,公設
332020,0100001883,岡山県倉敷市,消火栓,332020,,倉敷市西阿知町８４２番地,岡山県,倉敷市,,,,133.729949,34.589897,150,公設
332020,0100001884,岡山県倉敷市,消火栓,332020,,倉敷市西阿知町９０３番地,岡山県,倉敷市,,,,133.730918,34.588834,150,公設
332020,0100001885,岡山県倉敷市,消火栓,332020,,倉敷市西阿知町９９０番２号,岡山県,倉敷市,,,,133.730436,34.588563,100,公設
332020,0100001886,岡山県倉敷市,消火栓,332020,,倉敷市西阿知町１００７番地,岡山県,倉敷市,,,,133.729288,34.588595,150,公設
332020,0100001887,岡山県倉敷市,消火栓,332020,,倉敷市西阿知町９８８番１号,岡山県,倉敷市,,,,133.730292,34.587633,400,公設
332020,0100001888,岡山県倉敷市,消火栓,332020,,倉敷市西阿知町１０３６番１号,岡山県,倉敷市,,,,133.728,34.587785,150,公設
332020,0100001889,岡山県倉敷市,消火栓,332020,,倉敷市西阿知町９９９番３号,岡山県,倉敷市,,,,133.728794,34.587224,150,公設
332020,0100001890,岡山県倉敷市,消火栓,332020,,倉敷市西阿知町１１２２番２号,岡山県,倉敷市,,,,133.726841,34.587058,150,公設
332020,0100001891,岡山県倉敷市,消火栓,332020,,倉敷市西阿知町９５９番９号,岡山県,倉敷市,,,,133.731422,34.585443,75,公設
332020,0100001892,岡山県倉敷市,消火栓,332020,,倉敷市西阿知町１０４１番３号,岡山県,倉敷市,,,,133.727173,34.586545,400,公設
332020,0100001893,岡山県倉敷市,消火栓,332020,,倉敷市西阿知町１１４９番３号,岡山県,倉敷市,,,,133.724693,34.585735,150,公設
332020,0100001894,岡山県倉敷市,消火栓,332020,,倉敷市西阿知町１１８７番地,岡山県,倉敷市,,,,133.723695,34.585138,400,公設
332020,0100001895,岡山県倉敷市,消火栓,332020,,倉敷市西阿知町１２４４番地,岡山県,倉敷市,,,,133.724396,34.583328,200,公設
332020,0100001896,岡山県倉敷市,消火栓,332020,,倉敷市西阿知町１０７０番地,岡山県,倉敷市,,,,133.728085,34.583513,150,公設
332020,0100001897,岡山県倉敷市,消火栓,332020,,倉敷市西阿知町１３１０番７号,岡山県,倉敷市,,,,133.724758,34.579335,75,公設
332020,0100001898,岡山県倉敷市,消火栓,332020,,倉敷市西阿知町１３１０番２６号,岡山県,倉敷市,,,,133.724667,34.579093,75,公設
332020,0100001899,岡山県倉敷市,消火栓,332020,,倉敷市西阿知町３３３番地７,岡山県,倉敷市,,,,133.732733,34.596114,100,公設
332020,0100001900,岡山県倉敷市,消火栓,332020,,倉敷市西阿知町１７番１号,岡山県,倉敷市,,,,133.74046,34.595242,100,公設
332020,0100001901,岡山県倉敷市,消火栓,332020,,倉敷市西阿知町６６番３号,岡山県,倉敷市,,,,133.736907,34.594285,75,公設
332020,0100001902,岡山県倉敷市,消火栓,332020,,倉敷市西阿知町１３０３番地１１,岡山県,倉敷市,,,,133.72352,34.581111,150,公設
332020,0100001903,岡山県倉敷市,消火栓,332020,,倉敷市西阿知町９８５番１号,岡山県,倉敷市,,,,133.730006,34.586429,75,公設
332020,0100001904,岡山県倉敷市,消火栓,332020,,倉敷市西阿知町７７１番１５号,岡山県,倉敷市,,,,133.732199,34.59456,75,公設
332020,0100001905,岡山県倉敷市,消火栓,332020,,倉敷市西阿知町９６５番８号,岡山県,倉敷市,,,,133.730355,34.584241,150,公設
332020,0100001906,岡山県倉敷市,消火栓,332020,,倉敷市西阿知町３８６番４号,岡山県,倉敷市,,,,133.735145,34.594222,100,公設
332020,0100001907,岡山県倉敷市,消火栓,332020,,倉敷市西阿知町１３９番３号,岡山県,倉敷市,,,,133.73839,34.595815,100,公設
332020,0100001908,岡山県倉敷市,消火栓,332020,,倉敷市西阿知町３９３番４号,岡山県,倉敷市,,,,133.73472,34.593207,100,公設
332020,0100001909,岡山県倉敷市,消火栓,332020,,倉敷市西阿知町３２番３号,岡山県,倉敷市,,,,133.73867,34.593617,100,公設
332020,0100001910,岡山県倉敷市,消火栓,332020,,倉敷市西阿知町２６９番地,岡山県,倉敷市,,,,133.733454,34.597354,200,公設
332020,0100001911,岡山県倉敷市,消火栓,332020,,倉敷市西阿知町１０８８－１２,岡山県,倉敷市,,,,133.727956,34.585462,75,公設
332020,0100001912,岡山県倉敷市,消火栓,332020,,倉敷市西阿知町５４９番７号,岡山県,倉敷市,,,,133.737315,34.591067,400,公設
332020,0100001913,岡山県倉敷市,消火栓,332020,,倉敷市西阿知町３２６番４号,岡山県,倉敷市,,,,133.731971,34.596274,200,公設
332020,0100001914,岡山県倉敷市,消火栓,332020,,倉敷市西阿知町５６６番３号,岡山県,倉敷市,,,,133.736577,34.589471,75,公設
332020,0100001915,岡山県倉敷市,消火栓,332020,,倉敷市西阿知町１１６９－１０,岡山県,倉敷市,,,,133.722802,34.584067,75,公設
332020,0100001916,岡山県倉敷市,消火栓,332020,,倉敷市西阿知町１２００番８号,岡山県,倉敷市,,,,133.725003,34.58517,100,公設
332020,0100001917,岡山県倉敷市,消火栓,332020,,倉敷市西阿知町１２８２番１号,岡山県,倉敷市,,,,133.72618,34.580287,75,公設
332020,0100001918,岡山県倉敷市,消火栓,332020,,倉敷市西阿知町１２７２番７号,岡山県,倉敷市,,,,133.724469,34.581556,75,公設
332020,0100001919,岡山県倉敷市,消火栓,332020,,倉敷市西阿知町８１６番１１号,岡山県,倉敷市,,,,133.731072,34.593288,75,公設
332020,0100001920,岡山県倉敷市,消火栓,332020,,倉敷市西阿知町６０１番３号,岡山県,倉敷市,,,,133.734633,34.588472,75,公設
332020,0100001921,岡山県倉敷市,消火栓,332020,,倉敷市西阿知町,岡山県,倉敷市,,,,133.737039,34.595823,100,公設
332020,0100001922,岡山県倉敷市,消火栓,332020,,倉敷市西阿知町９５０番地,岡山県,倉敷市,,,,133.731055,34.587895,400,公設
332020,0100001923,岡山県倉敷市,消火栓,332020,,倉敷市西阿知町８７４番１号,岡山県,倉敷市,,,,133.729606,34.592932,75,公設
332020,0100001924,岡山県倉敷市,消火栓,332020,,倉敷市西阿知町９５２番８号,岡山県,倉敷市,,,,133.731798,34.586477,75,公設
332020,0100001925,岡山県倉敷市,消火栓,332020,,倉敷市西阿知町７４４番２号,岡山県,倉敷市,,,,133.731384,34.592203,75,公設
332020,0100001926,岡山県倉敷市,消火栓,332020,,倉敷市西阿知町７７１番１４号,岡山県,倉敷市,,,,133.732308,34.593719,75,公設
332020,0100001927,岡山県倉敷市,消火栓,332020,,倉敷市西阿知町７３７番１号,岡山県,倉敷市,,,,133.732741,34.591025,100,公設
332020,0100001928,岡山県倉敷市,消火栓,332020,,倉敷市西阿知町７６２番１号,岡山県,倉敷市,,,,133.733137,34.592229,75,公設
332020,0100001929,岡山県倉敷市,消火栓,332020,,倉敷市西阿知町７７６番６号　地先,岡山県,倉敷市,,,,133.733091,34.594585,75,公設
332020,0100001930,岡山県倉敷市,消火栓,332020,,倉敷市西阿知町西原１０７６番９号,岡山県,倉敷市,,,,133.729096,34.590916,100,公設
332020,0100001931,岡山県倉敷市,消火栓,332020,,倉敷市西阿知町西原１０８０番地,岡山県,倉敷市,,,,133.728445,34.590872,150,公設
332020,0100001932,岡山県倉敷市,消火栓,332020,,倉敷市西阿知町西原５１１－５,岡山県,倉敷市,,,,133.723064,34.590473,150,公設
332020,0100001933,岡山県倉敷市,消火栓,332020,,倉敷市西阿知町西原７５３番１号,岡山県,倉敷市,,,,133.724332,34.589738,150,公設
332020,0100001934,岡山県倉敷市,消火栓,332020,,倉敷市西阿知町西原１０２４番地,岡山県,倉敷市,,,,133.726806,34.588669,150,公設
332020,0100001935,岡山県倉敷市,消火栓,332020,,倉敷市西阿知町西原１０２９番地３,岡山県,倉敷市,,,,133.726786,34.589397,100,公設
332020,0100001936,岡山県倉敷市,消火栓,332020,,倉敷市西阿知町西原８８２番５号,岡山県,倉敷市,,,,133.721471,34.583733,150,公設
332020,0100001937,岡山県倉敷市,消火栓,332020,,倉敷市西阿知町西原８９５番地,岡山県,倉敷市,,,,133.719966,34.582815,150,公設
332020,0100001938,岡山県倉敷市,消火栓,332020,,倉敷市西阿知町西原９９２番１１号,岡山県,倉敷市,,,,133.722363,34.582697,75,公設
332020,0100001939,岡山県倉敷市,消火栓,332020,,倉敷市大島６４５番地,岡山県,倉敷市,,,,133.77622,34.608369,75,公設
332020,0100001940,岡山県倉敷市,消火栓,332020,,倉敷市西阿知町西原９９１番地,岡山県,倉敷市,,,,133.721517,34.582288,75,公設
332020,0100001941,岡山県倉敷市,消火栓,332020,,倉敷市西阿知町西原９８５番地２,岡山県,倉敷市,,,,133.721289,34.581478,150,公設
332020,0100001942,岡山県倉敷市,消火栓,332020,,倉敷市西阿知町西原９４６番地,岡山県,倉敷市,,,,133.721668,34.580583,150,公設
332020,0100001943,岡山県倉敷市,消火栓,332020,,倉敷市西阿知町西原８０６番３号,岡山県,倉敷市,,,,133.724013,34.586944,75,公設
332020,0100001944,岡山県倉敷市,消火栓,332020,,倉敷市西阿知町西原９６５番地４６,岡山県,倉敷市,,,,133.722235,34.579998,100,公設
332020,0100001945,岡山県倉敷市,消火栓,332020,,倉敷市西阿知町西原９６５番６９号,岡山県,倉敷市,,,,133.722645,34.579889,75,公設
332020,0100001946,岡山県倉敷市,消火栓,332020,,倉敷市西阿知町西原９６５番地,岡山県,倉敷市,,,,133.722659,34.579093,100,公設
332020,0100001947,岡山県倉敷市,消火栓,332020,,倉敷市西阿知町西原９６５番地８,岡山県,倉敷市,,,,133.722379,34.578568,75,公設
332020,0100001948,岡山県倉敷市,消火栓,332020,,倉敷市西阿知町西原９６５番地２３,岡山県,倉敷市,,,,133.723112,34.578574,75,公設
332020,0100001949,岡山県倉敷市,消火栓,332020,,倉敷市西阿知町西原８１７番３号,岡山県,倉敷市,,,,133.722722,34.584929,150,公設
332020,0100001950,岡山県倉敷市,消火栓,332020,,倉敷市大島６１６番地,岡山県,倉敷市,,,,133.776457,34.607523,200,公設
332020,0100001951,岡山県倉敷市,消火栓,332020,,倉敷市西阿知町西原８２４番地１,岡山県,倉敷市,,,,133.721468,34.58671,200,公設
332020,0100001952,岡山県倉敷市,消火栓,332020,,倉敷市西阿知町西原６９８番７号,岡山県,倉敷市,,,,133.7202,34.585629,150,公設
332020,0100001953,岡山県倉敷市,消火栓,332020,,倉敷市西阿知町西原７９３番地,岡山県,倉敷市,,,,133.723016,34.588311,200,公設
332020,0100001954,岡山県倉敷市,消火栓,332020,,倉敷市西阿知町西原１１２６番１号,岡山県,倉敷市,,,,133.726407,34.591856,200,公設
332020,0100001955,岡山県倉敷市,消火栓,332020,,倉敷市西阿知町西原８６４番地,岡山県,倉敷市,,,,133.718897,34.584451,100,公設
332020,0100001956,岡山県倉敷市,消火栓,332020,,倉敷市西阿知町西原６２７番地,岡山県,倉敷市,,,,133.718608,34.581953,150,公設
332020,0100001957,岡山県倉敷市,消火栓,332020,,倉敷市西阿知町西原６２０番地２,岡山県,倉敷市,,,,133.719889,34.581313,75,公設
332020,0100001958,岡山県倉敷市,消火栓,332020,,倉敷市西阿知町西原４９７番２号,岡山県,倉敷市,,,,133.724431,34.591466,75,公設
332020,0100001959,岡山県倉敷市,消火栓,332020,,倉敷市西阿知町西原７５４番地８,岡山県,倉敷市,,,,133.724842,34.589485,100,公設
332020,0100001960,岡山県倉敷市,消火栓,332020,,倉敷市西阿知町西原９２３番地,岡山県,倉敷市,,,,133.719334,34.582027,150,公設
332020,0100001961,岡山県倉敷市,消火栓,332020,,倉敷市大島５１５番地,岡山県,倉敷市,,,,133.776588,34.606314,100,公設
332020,0100001962,岡山県倉敷市,消火栓,332020,,倉敷市西阿知町西原７３３番地１,岡山県,倉敷市,,,,133.721578,34.589165,75,公設
332020,0100001963,岡山県倉敷市,消火栓,332020,,倉敷市西阿知町西原１３５２番３号,岡山県,倉敷市,,,,133.729039,34.59342,200,公設
332020,0100001964,岡山県倉敷市,消火栓,332020,,倉敷市西阿知町西原１３６５番４号,岡山県,倉敷市,,,,133.729582,34.594481,100,公設
332020,0100001965,岡山県倉敷市,消火栓,332020,,倉敷市西阿知町西原１０９９番地,岡山県,倉敷市,,,,133.727234,34.592632,200,公設
332020,0100001966,岡山県倉敷市,消火栓,332020,,倉敷市西阿知町西原１３６９番８号,岡山県,倉敷市,,,,133.730895,34.595738,75,公設
332020,0100001967,岡山県倉敷市,消火栓,332020,,倉敷市西阿知町西原１０４２番２号,岡山県,倉敷市,,,,133.724898,34.590341,200,公設
332020,0100001968,岡山県倉敷市,消火栓,332020,,倉敷市西阿知町西原８５６番６号,岡山県,倉敷市,,,,133.72051,34.584814,75,公設
332020,0100001969,岡山県倉敷市,消火栓,332020,,倉敷市西阿知町西原９１１番２号,岡山県,倉敷市,,,,133.718444,34.583357,150,公設
332020,0100001970,岡山県倉敷市,消火栓,332020,,倉敷市西阿知町西原８４９番３号,岡山県,倉敷市,,,,133.72192,34.584972,150,公設
332020,0100001971,岡山県倉敷市,消火栓,332020,,倉敷市西阿知町西原７２７番８号,岡山県,倉敷市,,,,133.722328,34.587505,200,公設
332020,0100001972,岡山県倉敷市,消火栓,332020,,倉敷市大島６５番地地先,岡山県,倉敷市,,,,133.77812,34.607694,100,公設
332020,0100001973,岡山県倉敷市,消火栓,332020,,倉敷市西阿知町西原８２８番１０号,岡山県,倉敷市,,,,133.722176,34.585792,150,公設
332020,0100001974,岡山県倉敷市,消火栓,332020,,倉敷市西阿知町西原１０１３番３号,岡山県,倉敷市,,,,133.72569,34.587708,75,公設
332020,0100001975,岡山県倉敷市,消火栓,332020,,倉敷市西阿知町西原６５２番１号地先,岡山県,倉敷市,,,,133.717641,34.584378,75,公設
332020,0100001976,岡山県倉敷市,消火栓,332020,,倉敷市西阿知町西原１３２７番地先,岡山県,倉敷市,,,,133.727856,34.594166,100,公設
332020,0100001977,岡山県倉敷市,消火栓,332020,,倉敷市西阿知町西原６９５番地４,岡山県,倉敷市,,,,133.719558,34.586346,100,公設
332020,0100001978,岡山県倉敷市,消火栓,332020,,倉敷市西阿知町西原１０８５番１号地先,岡山県,倉敷市,,,,133.728548,34.591791,75,公設
332020,0100001980,岡山県倉敷市,消火栓,332020,,倉敷市大島９３番５号,岡山県,倉敷市,,,,133.780389,34.607877,100,公設
332020,0100001981,岡山県倉敷市,消火栓,332020,,倉敷市大島４３７番４号,岡山県,倉敷市,,,,133.778795,34.604779,75,公設
332020,0100001982,岡山県倉敷市,消火栓,332020,,倉敷市大島３９７番１４号,岡山県,倉敷市,,,,133.778412,34.60367,150,公設
332020,0100001983,岡山県倉敷市,消火栓,332020,,倉敷市大島１７６番１１号地先,岡山県,倉敷市,,,,133.782491,34.608989,75,公設
332020,0100001984,岡山県倉敷市,消火栓,332020,,倉敷市大島５１番２号地先,岡山県,倉敷市,,,,133.778499,34.609515,100,公設
332020,0100001985,岡山県倉敷市,消火栓,332020,,倉敷市大島７番５２号,岡山県,倉敷市,,,,133.774246,34.610243,150,公設
332020,0100001986,岡山県倉敷市,消火栓,332020,,倉敷市大島５８番４号,岡山県,倉敷市,,,,133.777874,34.60885,200,公設
332020,0100001987,岡山県倉敷市,消火栓,332020,,倉敷市大島１２７番２号,岡山県,倉敷市,,,,133.779883,34.610278,200,公設
332020,0100001988,岡山県倉敷市,消火栓,332020,,倉敷市大島２８８番地,岡山県,倉敷市,,,,133.780573,34.604,75,公設
332020,0100001989,岡山県倉敷市,消火栓,332020,,倉敷市大島７番２２号,岡山県,倉敷市,,,,133.775738,34.610089,75,公設
332020,0100001990,岡山県倉敷市,消火栓,332020,,倉敷市大島５７８番地,岡山県,倉敷市,,,,133.777517,34.606796,75,公設
332020,0100001991,岡山県倉敷市,消火栓,332020,,倉敷市大島２６０番３号,岡山県,倉敷市,,,,133.78018,34.606572,75,公設
332020,0100001992,岡山県倉敷市,消火栓,332020,,倉敷市大島４２５番１号,岡山県,倉敷市,,,,133.779765,34.603592,150,公設
332020,0100001993,岡山県倉敷市,消火栓,332020,,倉敷市大島３０８番３号地先,岡山県,倉敷市,,,,133.78023,34.605578,100,公設
332020,0100001994,岡山県倉敷市,消火栓,332020,,倉敷市大島４６９番１５号,岡山県,倉敷市,,,,133.778935,34.606044,75,公設
332020,0100001995,岡山県倉敷市,消火栓,332020,,倉敷市大島５１０番３号,岡山県,倉敷市,,,,133.775502,34.60648,75,公設
332020,0100001996,岡山県倉敷市,消火栓,332020,,倉敷市大島２０８番３号,岡山県,倉敷市,,,,133.782477,34.605309,100,公設
332020,0100001997,岡山県倉敷市,消火栓,332020,,倉敷市大島７番１８号地先,岡山県,倉敷市,,,,133.776079,34.609496,150,公設
332020,0100001998,岡山県倉敷市,消火栓,332020,,倉敷市大島３３８番５号地先,岡山県,倉敷市,,,,133.779928,34.601498,75,公設
332020,0100001999,岡山県倉敷市,消火栓,332020,,倉敷市大島２２４番１号,岡山県,倉敷市,,,,133.781366,34.606938,75,公設
332020,0100002000,岡山県倉敷市,消火栓,332020,,倉敷市大島４６番４号,岡山県,倉敷市,,,,133.777849,34.610324,75,公設
332020,0100002001,岡山県倉敷市,消火栓,332020,,倉敷市大島４９５番地地先,岡山県,倉敷市,,,,133.776704,34.605295,100,公設
332020,0100002002,岡山県倉敷市,消火栓,332020,,倉敷市大島６３９番地,岡山県,倉敷市,,,,133.777644,34.608837,100,公設
332020,0100002003,岡山県倉敷市,消火栓,332020,,倉敷市大島１１７番地先,岡山県,倉敷市,,,,133.778635,34.608818,100,公設
332020,0100002004,岡山県倉敷市,消火栓,332020,,倉敷市大島１４１番２号,岡山県,倉敷市,,,,133.782919,34.610844,75,公設
332020,0100002005,岡山県倉敷市,消火栓,332020,,倉敷市大島３６０番地６,岡山県,倉敷市,,,,133.781191,34.601177,100,公設
332020,0100002006,岡山県倉敷市,消火栓,332020,,倉敷市大島１３２番５号,岡山県,倉敷市,,,,133.780845,34.609858,100,公設
332020,0100002007,岡山県倉敷市,消火栓,332020,,倉敷市西阿知町新田８６番地４,岡山県,倉敷市,,,,133.72642,34.57235,200,公設
332020,0100002008,岡山県倉敷市,消火栓,332020,,倉敷市西阿知町新田２６５番地,岡山県,倉敷市,,,,133.730605,34.570552,200,公設
332020,0100002009,岡山県倉敷市,消火栓,332020,,倉敷市西阿知町新田４４０番地１,岡山県,倉敷市,,,,133.735353,34.569049,200,公設
332020,0100002010,岡山県倉敷市,消火栓,332020,,倉敷市西阿知町新田１３番１,岡山県,倉敷市,,,,133.72365,34.576217,75,公設
332020,0100002011,岡山県倉敷市,消火栓,332020,,倉敷市中島１５８３－１,岡山県,倉敷市,,,,133.729179,34.573003,150,公設
332020,0100002012,岡山県倉敷市,消火栓,332020,,倉敷市西阿知町新田１３３番２４号,岡山県,倉敷市,,,,133.728015,34.573166,75,公設
332020,0100002013,岡山県倉敷市,消火栓,332020,,倉敷市中島１６２２－１,岡山県,倉敷市,,,,133.72987,34.572392,75,公設
332020,0100002014,岡山県倉敷市,消火栓,332020,,倉敷市西阿知町新田１３６番３９号,岡山県,倉敷市,,,,133.727762,34.572695,75,公設
332020,0100002015,岡山県倉敷市,消火栓,332020,,倉敷市西阿知町新田１４５番地８地先,岡山県,倉敷市,,,,133.728707,34.572249,150,公設
332020,0100002016,岡山県倉敷市,消火栓,332020,,倉敷市西阿知町新田２２９番４号,岡山県,倉敷市,,,,133.729445,34.571939,75,公設
332020,0100002017,岡山県倉敷市,消火栓,332020,,倉敷市西阿知町新田６２番地,岡山県,倉敷市,,,,133.723614,34.573611,200,公設
332020,0100002018,岡山県倉敷市,消火栓,332020,,倉敷市西阿知町新田５７番地,岡山県,倉敷市,,,,133.724741,34.574284,75,公設
332020,0100002019,岡山県倉敷市,消火栓,332020,,倉敷市西阿知町新田３７９番地３,岡山県,倉敷市,,,,133.730755,34.567806,200,公設
332020,0100002020,岡山県倉敷市,消火栓,332020,,倉敷市西阿知町新田４６５番地,岡山県,倉敷市,,,,133.733021,34.567605,200,公設
332020,0100002021,岡山県倉敷市,消火栓,332020,,倉敷市西阿知町新田５４８番２,岡山県,倉敷市,,,,133.738129,34.567188,200,公設
332020,0100002022,岡山県倉敷市,消火栓,332020,,倉敷市西阿知町新田５７２番地５,岡山県,倉敷市,,,,133.739811,34.56694,200,公設
332020,0100002023,岡山県倉敷市,消火栓,332020,,倉敷市西阿知町新田５７７番地,岡山県,倉敷市,,,,133.739584,34.56845,150,公設
332020,0100002024,岡山県倉敷市,消火栓,332020,,倉敷市西阿知町新田５７９番３号,岡山県,倉敷市,,,,133.740118,34.568561,150,公設
332020,0100002025,岡山県倉敷市,消火栓,332020,,倉敷市西阿知町新田６３４番４号,岡山県,倉敷市,,,,133.742013,34.56879,150,公設
332020,0100002026,岡山県倉敷市,消火栓,332020,,倉敷市西阿知町新田６３４番地２,岡山県,倉敷市,,,,133.742398,34.568812,75,公設
332020,0100002027,岡山県倉敷市,消火栓,332020,,倉敷市西阿知町新田６６２番１３号,岡山県,倉敷市,,,,133.742905,34.566925,75,公設
332020,0100002028,岡山県倉敷市,消火栓,332020,,倉敷市西阿知町新田３４３番地,岡山県,倉敷市,,,,133.733223,34.569637,200,公設
332020,0100002029,岡山県倉敷市,消火栓,332020,,倉敷市西阿知町新田１０４－７,岡山県,倉敷市,,,,133.725047,34.572975,200,公設
332020,0100002030,岡山県倉敷市,消火栓,332020,,倉敷市西阿知町新田２２６番７号,岡山県,倉敷市,,,,133.728735,34.571307,200,公設
332020,0100002031,岡山県倉敷市,消火栓,332020,,倉敷市西阿知町新田６５０番２号,岡山県,倉敷市,,,,133.743499,34.567163,75,公設
332020,0100002032,岡山県倉敷市,消火栓,332020,,倉敷市西阿知町新田５７９番４３号,岡山県,倉敷市,,,,133.74125,34.567543,100,公設
332020,0100002033,岡山県倉敷市,消火栓,332020,,倉敷市西阿知町新田１３２番９号地先,岡山県,倉敷市,,,,133.726711,34.573699,75,公設
332020,0100002034,岡山県倉敷市,消火栓,332020,,倉敷市片島町２８３番３４号,岡山県,倉敷市,,,,133.71836,34.57395,150,公設
332020,0100002035,岡山県倉敷市,消火栓,332020,,倉敷市片島町５４６番地,岡山県,倉敷市,,,,133.717783,34.581455,100,公設
332020,0100002036,岡山県倉敷市,消火栓,332020,,倉敷市片島町５５４番５号,岡山県,倉敷市,,,,133.716584,34.580743,100,公設
332020,0100002037,岡山県倉敷市,消火栓,332020,,倉敷市片島町２１４番地６号,岡山県,倉敷市,,,,133.718011,34.572725,75,公設
332020,0100002038,岡山県倉敷市,消火栓,332020,,倉敷市片島町５２３番地２,岡山県,倉敷市,,,,133.719002,34.580865,100,公設
332020,0100002039,岡山県倉敷市,消火栓,332020,,倉敷市片島町８番１号,岡山県,倉敷市,,,,133.722675,34.574957,75,公設
332020,0100002040,岡山県倉敷市,消火栓,332020,,倉敷市片島町６２４番地,岡山県,倉敷市,,,,133.718126,34.579492,150,公設
332020,0100002041,岡山県倉敷市,消火栓,332020,,倉敷市片島町６６７番地,岡山県,倉敷市,,,,133.717639,34.579028,100,公設
332020,0100002042,岡山県倉敷市,消火栓,332020,,倉敷市片島町６７８番地,岡山県,倉敷市,,,,133.716622,34.579516,100,公設
332020,0100002043,岡山県倉敷市,消火栓,332020,,倉敷市片島町７０９番１号,岡山県,倉敷市,,,,133.717367,34.578278,150,公設
332020,0100002044,岡山県倉敷市,消火栓,332020,,倉敷市片島町７２８番地,岡山県,倉敷市,,,,133.71589,34.577649,100,公設
332020,0100002045,岡山県倉敷市,消火栓,332020,,倉敷市片島町７４４番地,岡山県,倉敷市,,,,133.716969,34.577299,150,公設
332020,0100002046,岡山県倉敷市,消火栓,332020,,倉敷市片島町８２２番地,岡山県,倉敷市,,,,133.71545,34.576272,100,公設
332020,0100002047,岡山県倉敷市,消火栓,332020,,倉敷市片島町８４９番地　地先,岡山県,倉敷市,,,,133.713736,34.574671,75,公設
332020,0100002048,岡山県倉敷市,消火栓,332020,,倉敷市片島町８６３番地,岡山県,倉敷市,,,,133.712906,34.573431,75,公設
332020,0100002049,岡山県倉敷市,消火栓,332020,,倉敷市片島町２３３番地,岡山県,倉敷市,,,,133.720263,34.573615,150,公設
332020,0100002050,岡山県倉敷市,消火栓,332020,,倉敷市片島町８８５－８,岡山県,倉敷市,,,,133.711998,34.571911,75,公設
332020,0100002052,岡山県倉敷市,消火栓,332020,,倉敷市片島町４９２番地６,岡山県,倉敷市,,,,133.720139,34.579858,100,公設
332020,0100002053,岡山県倉敷市,消火栓,332020,,倉敷市片島町１１５６番地,岡山県,倉敷市,,,,133.709394,34.566447,100,公設
332020,0100002054,岡山県倉敷市,消火栓,332020,,倉敷市片島町１１１２番１号,岡山県,倉敷市,,,,133.711589,34.567955,200,公設
332020,0100002055,岡山県倉敷市,消火栓,332020,,倉敷市片島町１４５３番５号,岡山県,倉敷市,,,,133.713675,34.568072,75,公設
332020,0100002057,岡山県倉敷市,消火栓,332020,,倉敷市片島町１０８７番地,岡山県,倉敷市,,,,133.712545,34.566512,200,公設
332020,0100002058,岡山県倉敷市,消火栓,332020,,倉敷市片島町１０８３番地,岡山県,倉敷市,,,,133.713779,34.5673,200,公設
332020,0100002059,岡山県倉敷市,消火栓,332020,,倉敷市片島町４３３番１号,岡山県,倉敷市,,,,133.721346,34.57687,100,公設
332020,0100002060,岡山県倉敷市,消火栓,332020,,倉敷市片島町９０３番地６,岡山県,倉敷市,,,,133.713485,34.571227,100,公設
332020,0100002061,岡山県倉敷市,消火栓,332020,,倉敷市片島町１５２番３号,岡山県,倉敷市,,,,133.719966,34.570332,200,公設
332020,0100002062,岡山県倉敷市,消火栓,332020,,倉敷市片島町３０５番６号,岡山県,倉敷市,,,,133.716135,34.575316,200,公設
332020,0100002063,岡山県倉敷市,消火栓,332020,,倉敷市片島町１３４番地,岡山県,倉敷市,,,,133.722099,34.571976,200,公設
332020,0100002064,岡山県倉敷市,消火栓,332020,,倉敷市片島町２８３番３号,岡山県,倉敷市,,,,133.718845,34.573888,75,公設
332020,0100002065,岡山県倉敷市,消火栓,332020,,倉敷市片島町１５－７,岡山県,倉敷市,,,,133.72198,34.575519,200,公設
332020,0100002066,岡山県倉敷市,消火栓,332020,,倉敷市片島町９１番１号,岡山県,倉敷市,,,,133.722258,34.573488,200,公設
332020,0100002068,岡山県倉敷市,消火栓,332020,,倉敷市片島町４４８番１号,岡山県,倉敷市,,,,133.719925,34.578475,75,公設
332020,0100002069,岡山県倉敷市,消火栓,332020,,倉敷市片島町４７９番１号,岡山県,倉敷市,,,,133.721427,34.578079,75,公設
332020,0100002070,岡山県倉敷市,消火栓,332020,,倉敷市片島町７４番５号,岡山県,倉敷市,,,,133.720771,34.57484,150,公設
332020,0100002071,岡山県倉敷市,消火栓,332020,,倉敷市片島町２９５番５号,岡山県,倉敷市,,,,133.717044,34.57461,100,公設
332020,0100002072,岡山県倉敷市,消火栓,332020,,倉敷市片島町８７９番地,岡山県,倉敷市,,,,133.712732,34.571347,75,公設
332020,0100002073,岡山県倉敷市,消火栓,332020,,倉敷市片島町３６０番６号,岡山県,倉敷市,,,,133.719203,34.576858,100,公設
332020,0100002074,岡山県倉敷市,消火栓,332020,,倉敷市片島町２７０番５号,岡山県,倉敷市,,,,133.718742,34.575427,75,公設
332020,0100002075,岡山県倉敷市,消火栓,332020,,倉敷市片島町５０５番１０号,岡山県,倉敷市,,,,133.72156,34.579452,150,公設
332020,0100002076,岡山県倉敷市,消火栓,332020,,倉敷市片島町２５４－３,岡山県,倉敷市,,,,133.721,34.575627,150,公設
332020,0100002077,岡山県倉敷市,消火栓,332020,,倉敷市片島町９６４番地１地先,岡山県,倉敷市,,,,133.714348,34.571023,150,公設
332020,0100002078,岡山県倉敷市,消火栓,332020,,倉敷市生坂１９８０番地,岡山県,倉敷市,,,,133.781548,34.630951,250,公設
332020,0100002079,岡山県倉敷市,消火栓,332020,,倉敷市生坂２４２９－３９,岡山県,倉敷市,,,,133.777206,34.635633,100,公設
332020,0100002080,岡山県倉敷市,消火栓,332020,,倉敷市生坂２４２９番地２１,岡山県,倉敷市,,,,133.777707,34.636052,100,公設
332020,0100002082,岡山県倉敷市,消火栓,332020,,倉敷市生坂１４４番３号,岡山県,倉敷市,,,,133.780883,34.626085,100,公設
332020,0100002083,岡山県倉敷市,消火栓,332020,,倉敷市生坂１０７番地,岡山県,倉敷市,,,,133.779379,34.627091,150,公設
332020,0100002084,岡山県倉敷市,消火栓,332020,,倉敷市生坂１２０番地,岡山県,倉敷市,,,,133.779633,34.628046,150,公設
332020,0100002085,岡山県倉敷市,消火栓,332020,,倉敷市生坂１３０番地,岡山県,倉敷市,,,,133.780603,34.627254,150,公設
332020,0100002086,岡山県倉敷市,消火栓,332020,,倉敷市生坂２０６２番地,岡山県,倉敷市,,,,133.781036,34.629725,250,公設
332020,0100002087,岡山県倉敷市,消火栓,332020,,倉敷市生坂２２７番地,岡山県,倉敷市,,,,133.781299,34.628512,150,公設
332020,0100002088,岡山県倉敷市,消火栓,332020,,倉敷市生坂２１０番地,岡山県,倉敷市,,,,133.781571,34.627697,300,公設
332020,0100002089,岡山県倉敷市,消火栓,332020,,倉敷市生坂４７１番２号,岡山県,倉敷市,,,,133.78264,34.628578,150,公設
332020,0100002090,岡山県倉敷市,消火栓,332020,,倉敷市生坂４７５番６号,岡山県,倉敷市,,,,133.783375,34.628457,150,公設
332020,0100002091,岡山県倉敷市,消火栓,332020,,倉敷市生坂２６１番６号,岡山県,倉敷市,,,,133.782653,34.627488,300,公設
332020,0100002092,岡山県倉敷市,消火栓,332020,,倉敷市生坂１１２８番５号,岡山県,倉敷市,,,,133.785351,34.628287,100,公設
332020,0100002093,岡山県倉敷市,消火栓,332020,,倉敷市生坂５００番１号,岡山県,倉敷市,,,,133.7864,34.627626,350,公設
332020,0100002094,岡山県倉敷市,消火栓,332020,,倉敷市生坂９８２番地,岡山県,倉敷市,,,,133.788049,34.629101,100,公設
332020,0100002095,岡山県倉敷市,消火栓,332020,,倉敷市生坂８２１番地,岡山県,倉敷市,,,,133.789428,34.628966,350,公設
332020,0100002096,岡山県倉敷市,消火栓,332020,,倉敷市生坂４１０番２号,岡山県,倉敷市,,,,133.783384,34.624561,400,公設
332020,0100002097,岡山県倉敷市,消火栓,332020,,倉敷市生坂３２０番地,岡山県,倉敷市,,,,133.78445,34.620866,400,公設
332020,0100002098,岡山県倉敷市,消火栓,332020,,倉敷市生坂１９０９番地１９,岡山県,倉敷市,,,,133.778164,34.633358,150,公設
332020,0100002099,岡山県倉敷市,消火栓,332020,,倉敷市生坂１９０９番地１１,岡山県,倉敷市,,,,133.778969,34.633951,150,公設
332020,0100002100,岡山県倉敷市,消火栓,332020,,倉敷市生坂１９０６番地４３号,岡山県,倉敷市,,,,133.779817,34.63454,100,公設
332020,0100002101,岡山県倉敷市,消火栓,332020,,倉敷市生坂２３９２－５,岡山県,倉敷市,,,,133.77581,34.634322,100,公設
332020,0100002102,岡山県倉敷市,消火栓,332020,,倉敷市生坂２４０４－９,岡山県,倉敷市,,,,133.776958,34.634189,75,公設
332020,0100002103,岡山県倉敷市,消火栓,332020,,倉敷市生坂２４２９－６２,岡山県,倉敷市,,,,133.777824,34.634708,75,公設
332020,0100002105,岡山県倉敷市,消火栓,332020,,倉敷市生坂２４２９－１００,岡山県,倉敷市,,,,133.776691,34.635014,100,公設
332020,0100002106,岡山県倉敷市,消火栓,332020,,倉敷市生坂２４２９－８８,岡山県,倉敷市,,,,133.775477,34.634885,150,公設
332020,0100002107,岡山県倉敷市,消火栓,332020,,倉敷市生坂２４２９番地５５,岡山県,倉敷市,,,,133.777924,34.635371,75,公設
332020,0100002108,岡山県倉敷市,消火栓,332020,,倉敷市生坂１９０６番地７１号,岡山県,倉敷市,,,,133.780132,34.633602,100,公設
332020,0100002109,岡山県倉敷市,消火栓,332020,,倉敷市生坂９３２番２４号,岡山県,倉敷市,,,,133.791618,34.630279,75,公設
332020,0100002110,岡山県倉敷市,消火栓,332020,,倉敷市生坂２８８番１号,岡山県,倉敷市,,,,133.79402,34.623682,150,公設
332020,0100002111,岡山県倉敷市,消火栓,332020,,倉敷市生坂２０３１番地　地先,岡山県,倉敷市,,,,133.780652,34.631556,100,公設
332020,0100002112,岡山県倉敷市,消火栓,332020,,倉敷市生坂３６０番１号,岡山県,倉敷市,,,,133.785941,34.620686,100,公設
332020,0100002113,岡山県倉敷市,消火栓,332020,,倉敷市生坂３６０番１号,岡山県,倉敷市,,,,133.786064,34.621055,400,公設
332020,0100002114,岡山県倉敷市,消火栓,332020,,倉敷市生坂７７４番１号,岡山県,倉敷市,,,,133.792495,34.626015,75,公設
332020,0100002115,岡山県倉敷市,消火栓,332020,,倉敷市生坂１８１番地地先,岡山県,倉敷市,,,,133.780907,34.626,100,公設
332020,0100002116,岡山県倉敷市,消火栓,332020,,倉敷市三田３４１番地２　地先,岡山県,倉敷市,,,,133.794871,34.630443,350,公設
332020,0100002117,岡山県倉敷市,消火栓,332020,,倉敷市三田３４６番地,岡山県,倉敷市,,,,133.796189,34.630732,75,公設
332020,0100002118,岡山県倉敷市,消火栓,332020,,倉敷市三田４４６番地,岡山県,倉敷市,,,,133.796035,34.631459,100,公設
332020,0100002119,岡山県倉敷市,消火栓,332020,,倉敷市三田３７１番２号,岡山県,倉敷市,,,,133.797198,34.632296,100,公設
332020,0100002120,岡山県倉敷市,消火栓,332020,,倉敷市三田１５３番地,岡山県,倉敷市,,,,133.797834,34.631161,350,公設
332020,0100002121,岡山県倉敷市,消火栓,332020,,倉敷市三田４０２番地,岡山県,倉敷市,,,,133.798811,34.632572,75,公設
332020,0100002122,岡山県倉敷市,消火栓,332020,,倉敷市三田３６番１号,岡山県,倉敷市,,,,133.799526,34.631825,150,公設
332020,0100002123,岡山県倉敷市,消火栓,332020,,倉敷市三田１０４番６号,岡山県,倉敷市,,,,133.800364,34.627564,75,公設
332020,0100002124,岡山県倉敷市,消火栓,332020,,倉敷市三田９４８番１号,岡山県,倉敷市,,,,133.798011,34.633379,100,公設
332020,0100002125,岡山県倉敷市,消火栓,332020,,倉敷市三田２９５番１号,岡山県,倉敷市,,,,133.794612,34.624974,75,公設
332020,0100002126,岡山県倉敷市,消火栓,332020,,倉敷市三田９７番２号,岡山県,倉敷市,,,,133.799147,34.628677,100,公設
332020,0100002127,岡山県倉敷市,消火栓,332020,,倉敷市三田２７２番地,岡山県,倉敷市,,,,133.79549,34.626611,150,公設
332020,0100002128,岡山県倉敷市,消火栓,332020,,倉敷市徳芳３６番４号地先,岡山県,倉敷市,,,,133.810776,34.627542,300,公設
332020,0100002129,岡山県倉敷市,消火栓,332020,,倉敷市徳芳４１８番地先,岡山県,倉敷市,,,,133.811672,34.625638,400,公設
332020,0100002130,岡山県倉敷市,消火栓,332020,,倉敷市徳芳２０６番４号地先,岡山県,倉敷市,,,,133.815691,34.625749,400,公設
332020,0100002131,岡山県倉敷市,消火栓,332020,,倉敷市徳芳１９０番５号地先,岡山県,倉敷市,,,,133.818002,34.627018,400,公設
332020,0100002132,岡山県倉敷市,消火栓,332020,,倉敷市徳芳７０１番地先,岡山県,倉敷市,,,,133.815462,34.624714,75,公設
332020,0100002133,岡山県倉敷市,消火栓,332020,,倉敷市徳芳３６４番８号,岡山県,倉敷市,,,,133.813146,34.622374,200,公設
332020,0100002134,岡山県倉敷市,消火栓,332020,,倉敷市徳芳１３１９番４号,岡山県,倉敷市,,,,133.81832,34.621746,100,公設
332020,0100002135,岡山県倉敷市,消火栓,332020,,倉敷市徳芳８６９－９４,岡山県,倉敷市,,,,133.81991,34.621984,150,公設
332020,0100002136,岡山県倉敷市,消火栓,332020,,倉敷市徳芳１００１番２２号,岡山県,倉敷市,,,,133.818737,34.625077,100,公設
332020,0100002137,岡山県倉敷市,消火栓,332020,,倉敷市徳芳８６９番３６号,岡山県,倉敷市,,,,133.820149,34.624929,200,公設
332020,0100002138,岡山県倉敷市,消火栓,332020,,倉敷市徳芳１２１５番２１号,岡山県,倉敷市,,,,133.820556,34.623761,200,公設
332020,0100002139,岡山県倉敷市,消火栓,332020,,倉敷市徳芳１２１５番７０号,岡山県,倉敷市,,,,133.821308,34.622945,200,公設
332020,0100002140,岡山県倉敷市,消火栓,332020,,倉敷市徳芳１１１３番３４号,岡山県,倉敷市,,,,133.82168,34.624666,200,公設
332020,0100002141,岡山県倉敷市,消火栓,332020,,倉敷市徳芳８６９番５３号,岡山県,倉敷市,,,,133.822495,34.625654,100,公設
332020,0100002142,岡山県倉敷市,消火栓,332020,,倉敷市徳芳１２１５番８９号,岡山県,倉敷市,,,,133.823379,34.624031,250,公設
332020,0100002143,岡山県倉敷市,消火栓,332020,,倉敷市徳芳１５４番５号,岡山県,倉敷市,,,,133.813047,34.625956,75,公設
332020,0100002144,岡山県倉敷市,消火栓,332020,,倉敷市徳芳２６２番１号,岡山県,倉敷市,,,,133.813141,34.624257,100,公設
332020,0100002145,岡山県倉敷市,消火栓,332020,,倉敷市徳芳１３０番８号,岡山県,倉敷市,,,,133.810431,34.625882,100,公設
332020,0100002146,岡山県倉敷市,消火栓,332020,,倉敷市徳芳８０３番地,岡山県,倉敷市,,,,133.816839,34.626276,400,公設
332020,0100002147,岡山県倉敷市,消火栓,332020,,倉敷市徳芳７１１番地,岡山県,倉敷市,,,,133.815554,34.623874,75,公設
332020,0100002148,岡山県倉敷市,消火栓,332020,,倉敷市徳芳３２４番地,岡山県,倉敷市,,,,133.81561,34.623075,75,公設
332020,0100002149,岡山県倉敷市,消火栓,332020,,倉敷市徳芳９０番２号,岡山県,倉敷市,,,,133.815167,34.627596,100,公設
332020,0100002150,岡山県倉敷市,消火栓,332020,,倉敷市徳芳１７８番１号,岡山県,倉敷市,,,,133.816216,34.62784,100,公設
332020,0100002151,岡山県倉敷市,消火栓,332020,,倉敷市徳芳８１８番地,岡山県,倉敷市,,,,133.817503,34.626094,75,公設
332020,0100002152,岡山県倉敷市,消火栓,332020,,倉敷市徳芳１６３番４号,岡山県,倉敷市,,,,133.814184,34.626225,75,公設
332020,0100002153,岡山県倉敷市,消火栓,332020,,倉敷市徳芳１０９－１,岡山県,倉敷市,,,,133.811162,34.626648,300,公設
332020,0100002154,岡山県倉敷市,消火栓,332020,,倉敷市徳芳４７５番地,岡山県,倉敷市,,,,133.811973,34.62301,75,公設
332020,0100002155,岡山県倉敷市,消火栓,332020,,倉敷市徳芳２８番７号,岡山県,倉敷市,,,,133.808777,34.627165,100,公設
332020,0100002156,岡山県倉敷市,消火栓,332020,,倉敷市徳芳１６１番４号,岡山県,倉敷市,,,,133.813845,34.626932,75,公設
332020,0100002157,岡山県倉敷市,消火栓,332020,,倉敷市中庄２２５９番４号,岡山県,倉敷市,,,,133.796177,34.624209,75,公設
332020,0100002158,岡山県倉敷市,消火栓,332020,,倉敷市中庄２３３９番８号,岡山県,倉敷市,,,,133.796881,34.62364,75,公設
332020,0100002159,岡山県倉敷市,消火栓,332020,,倉敷市中庄２２４８番３５号,岡山県,倉敷市,,,,133.797056,34.624479,100,公設
332020,0100002160,岡山県倉敷市,消火栓,332020,,倉敷市中庄２３０７番１９号,岡山県,倉敷市,,,,133.798011,34.624919,100,公設
332020,0100002161,岡山県倉敷市,消火栓,332020,,倉敷市中庄２３０７番１００号,岡山県,倉敷市,,,,133.79819,34.624169,100,公設
332020,0100002162,岡山県倉敷市,消火栓,332020,,倉敷市中庄２３０７番１４号,岡山県,倉敷市,,,,133.798844,34.624366,100,公設
332020,0100002163,岡山県倉敷市,消火栓,332020,,倉敷市中庄２３０７番８７号,岡山県,倉敷市,,,,133.79866,34.625036,100,公設
332020,0100002164,岡山県倉敷市,消火栓,332020,,倉敷市中庄２２６１番２号,岡山県,倉敷市,,,,133.7996,34.627002,100,公設
332020,0100002165,岡山県倉敷市,消火栓,332020,,倉敷市中庄３２０６番３８号,岡山県,倉敷市,,,,133.799988,34.62572,100,公設
332020,0100002166,岡山県倉敷市,消火栓,332020,,倉敷市中庄３２０６番５９号,岡山県,倉敷市,,,,133.799129,34.625197,100,公設
332020,0100002167,岡山県倉敷市,消火栓,332020,,倉敷市中庄３２０６番１５９号,岡山県,倉敷市,,,,133.799385,34.624251,100,公設
332020,0100002168,岡山県倉敷市,消火栓,332020,,倉敷市中庄３２０６番１０号,岡山県,倉敷市,,,,133.800192,34.624967,100,公設
332020,0100002169,岡山県倉敷市,消火栓,332020,,倉敷市中庄３２０６番１７２号,岡山県,倉敷市,,,,133.800419,34.624276,100,公設
332020,0100002170,岡山県倉敷市,消火栓,332020,,倉敷市中庄３２１１番８８号,岡山県,倉敷市,,,,133.801109,34.625398,100,公設
332020,0100002171,岡山県倉敷市,消火栓,332020,,倉敷市中庄３２１１番１６２号,岡山県,倉敷市,,,,133.801287,34.624696,100,公設
332020,0100002172,岡山県倉敷市,消火栓,332020,,倉敷市中庄３５５８番２９号,岡山県,倉敷市,,,,133.802384,34.624829,75,公設
332020,0100002173,岡山県倉敷市,消火栓,332020,,倉敷市中庄３６０４番地,岡山県,倉敷市,,,,133.804469,34.626719,100,公設
332020,0100002174,岡山県倉敷市,消火栓,332020,,倉敷市中庄３５２８番地地先,岡山県,倉敷市,,,,133.805338,34.623379,100,公設
332020,0100002175,岡山県倉敷市,消火栓,332020,,倉敷市中庄６１８番３号,岡山県,倉敷市,,,,133.789499,34.620121,150,公設
332020,0100002176,岡山県倉敷市,消火栓,332020,,倉敷市中庄６１２番２号,岡山県,倉敷市,,,,133.790511,34.621796,150,公設
332020,0100002177,岡山県倉敷市,消火栓,332020,,倉敷市中庄１１１８番５号,岡山県,倉敷市,,,,133.790971,34.622136,150,公設
332020,0100002178,岡山県倉敷市,消火栓,332020,,倉敷市中庄１１０９番３号,岡山県,倉敷市,,,,133.792338,34.622797,150,公設
332020,0100002179,岡山県倉敷市,消火栓,332020,,倉敷市中庄１１４９番５号地先,岡山県,倉敷市,,,,133.79324,34.622283,100,公設
332020,0100002180,岡山県倉敷市,消火栓,332020,,倉敷市中庄１１２０番１号,岡山県,倉敷市,,,,133.791463,34.621256,75,公設
332020,0100002181,岡山県倉敷市,消火栓,332020,,倉敷市中庄６４４番地,岡山県,倉敷市,,,,133.789604,34.618417,150,公設
332020,0100002182,岡山県倉敷市,消火栓,332020,,倉敷市中庄６２８番５号,岡山県,倉敷市,,,,133.790408,34.618855,150,公設
332020,0100002183,岡山県倉敷市,消火栓,332020,,倉敷市中庄１２２８番地地先,岡山県,倉敷市,,,,133.792571,34.61934,150,公設
332020,0100002184,岡山県倉敷市,消火栓,332020,,倉敷市中庄２１９５番地地先,岡山県,倉敷市,,,,133.794334,34.620853,100,公設
332020,0100002185,岡山県倉敷市,消火栓,332020,,倉敷市中庄２１３９番地地先,岡山県,倉敷市,,,,133.794224,34.618899,150,公設
332020,0100002186,岡山県倉敷市,消火栓,332020,,倉敷市中庄２１６８番地,岡山県,倉敷市,,,,133.79488,34.619584,200,公設
332020,0100002187,岡山県倉敷市,消火栓,332020,,倉敷市中庄２４１１番地２,岡山県,倉敷市,,,,133.79755,34.620138,150,公設
332020,0100002188,岡山県倉敷市,消火栓,332020,,倉敷市中庄３１６５番３号,岡山県,倉敷市,,,,133.800686,34.622073,150,公設
332020,0100002189,岡山県倉敷市,消火栓,332020,,倉敷市中庄３５２２番２号,岡山県,倉敷市,,,,133.804203,34.622741,150,公設
332020,0100002190,岡山県倉敷市,消火栓,332020,,倉敷市中庄７００番４号,岡山県,倉敷市,,,,133.789452,34.618149,150,公設
332020,0100002191,岡山県倉敷市,消火栓,332020,,倉敷市中庄４１４番地地先,岡山県,倉敷市,,,,133.788518,34.617483,150,公設
332020,0100002192,岡山県倉敷市,消火栓,332020,,倉敷市中庄７２９番地,岡山県,倉敷市,,,,133.790473,34.616983,100,公設
332020,0100002193,岡山県倉敷市,消火栓,332020,,倉敷市中庄９８４番地９,岡山県,倉敷市,,,,133.791464,34.616496,100,公設
332020,0100002194,岡山県倉敷市,消火栓,332020,,倉敷市中庄９７４番６号,岡山県,倉敷市,,,,133.791856,34.616511,100,公設
332020,0100002195,岡山県倉敷市,消火栓,332020,,倉敷市中庄３２８番１７号地先,岡山県,倉敷市,,,,133.790299,34.613988,75,公設
332020,0100002196,岡山県倉敷市,消火栓,332020,,倉敷市中庄９２９番地　地先,岡山県,倉敷市,,,,133.791184,34.614634,100,公設
332020,0100002197,岡山県倉敷市,消火栓,332020,,倉敷市中庄８４１番４号地先,岡山県,倉敷市,,,,133.791236,34.613968,150,公設
332020,0100002198,岡山県倉敷市,消火栓,332020,,倉敷市中庄１５９９番２号,岡山県,倉敷市,,,,133.792912,34.613575,150,公設
332020,0100002199,岡山県倉敷市,消火栓,332020,,倉敷市中庄１３３３番地１,岡山県,倉敷市,,,,133.793026,34.618013,150,公設
332020,0100002200,岡山県倉敷市,消火栓,332020,,倉敷市中庄１３４１番１６号地先,岡山県,倉敷市,,,,133.79426,34.617372,75,公設
332020,0100002201,岡山県倉敷市,消火栓,332020,,倉敷市中庄１４６４番１号,岡山県,倉敷市,,,,133.792985,34.615935,100,公設
332020,0100002202,岡山県倉敷市,消火栓,332020,,倉敷市中庄１４６４番１号,岡山県,倉敷市,,,,133.793061,34.615431,100,公設
332020,0100002204,岡山県倉敷市,消火栓,332020,,倉敷市中庄１５０２番地,岡山県,倉敷市,,,,133.792924,34.614679,100,公設
332020,0100002205,岡山県倉敷市,消火栓,332020,,倉敷市中庄２０４５－１０,岡山県,倉敷市,,,,133.797154,34.617652,100,公設
332020,0100002206,岡山県倉敷市,消火栓,332020,,倉敷市中庄２５２８－５４,岡山県,倉敷市,,,,133.798299,34.617524,75,公設
332020,0100002207,岡山県倉敷市,消火栓,332020,,倉敷市中庄１８８７番２号,岡山県,倉敷市,,,,133.796962,34.613801,250,公設
332020,0100002208,岡山県倉敷市,消火栓,332020,,倉敷市中庄２７０８番地,岡山県,倉敷市,,,,133.798293,34.615156,250,公設
332020,0100002209,岡山県倉敷市,消火栓,332020,,倉敷市中庄２８９６番地,岡山県,倉敷市,,,,133.799848,34.61628,250,公設
332020,0100002210,岡山県倉敷市,消火栓,332020,,倉敷市中庄２９７６－３,岡山県,倉敷市,,,,133.801187,34.618162,100,公設
332020,0100002211,岡山県倉敷市,消火栓,332020,,倉敷市中庄２８４９番３号,岡山県,倉敷市,,,,133.802372,34.616694,250,公設
332020,0100002212,岡山県倉敷市,消火栓,332020,,倉敷市中庄２８８１番５６号地先,岡山県,倉敷市,,,,133.800623,34.615676,100,公設
332020,0100002213,岡山県倉敷市,消火栓,332020,,倉敷市中庄１７１３番地地先,岡山県,倉敷市,,,,133.794488,34.611584,250,公設
332020,0100002214,岡山県倉敷市,消火栓,332020,,倉敷市中庄１５４５番地,岡山県,倉敷市,,,,133.795363,34.612316,250,公設
332020,0100002215,岡山県倉敷市,消火栓,332020,,倉敷市中庄２３０１番１２号,岡山県,倉敷市,,,,133.799825,34.626229,150,公設
332020,0100002216,岡山県倉敷市,消火栓,332020,,倉敷市中庄３４４３番地,岡山県,倉敷市,,,,133.806671,34.617388,250,公設
332020,0100002217,岡山県倉敷市,消火栓,332020,,倉敷市中庄３５７４番９７号地先,岡山県,倉敷市,,,,133.802571,34.626555,100,公設
332020,0100002218,岡山県倉敷市,消火栓,332020,,倉敷市中庄３５７４番３８号,岡山県,倉敷市,,,,133.801477,34.62582,150,公設
332020,0100002219,岡山県倉敷市,消火栓,332020,,倉敷市中庄８０７番３号,岡山県,倉敷市,,,,133.790776,34.615652,100,公設
332020,0100002220,岡山県倉敷市,消火栓,332020,,倉敷市中庄３１７４番８号,岡山県,倉敷市,,,,133.801925,34.622333,75,公設
332020,0100002221,岡山県倉敷市,消火栓,332020,,倉敷市中庄４２０番地,岡山県,倉敷市,,,,133.789098,34.616792,100,公設
332020,0100002222,岡山県倉敷市,消火栓,332020,,倉敷市中庄３１５０番３号地先,岡山県,倉敷市,,,,133.798955,34.621713,150,公設
332020,0100002223,岡山県倉敷市,消火栓,332020,,倉敷市中庄１５２６番９号,岡山県,倉敷市,,,,133.794234,34.613384,75,公設
332020,0100002224,岡山県倉敷市,消火栓,332020,,倉敷市中庄１９１４番１号地先,岡山県,倉敷市,,,,133.795709,34.614639,75,公設
332020,0100002225,岡山県倉敷市,消火栓,332020,,倉敷市中庄３５４１番１９号,岡山県,倉敷市,,,,133.803549,34.623828,75,公設
332020,0100002226,岡山県倉敷市,消火栓,332020,,倉敷市中庄２３５３番４号,岡山県,倉敷市,,,,133.797422,34.621596,75,公設
332020,0100002227,岡山県倉敷市,消火栓,332020,,倉敷市中庄１０１０番１９号,岡山県,倉敷市,,,,133.792891,34.616644,150,公設
332020,0100002228,岡山県倉敷市,消火栓,332020,,倉敷市中庄２３２５番７号,岡山県,倉敷市,,,,133.799004,34.62288,75,公設
332020,0100002229,岡山県倉敷市,消火栓,332020,,倉敷市中庄２３５２番地,岡山県,倉敷市,,,,133.796384,34.621083,150,公設
332020,0100002230,岡山県倉敷市,消火栓,332020,,倉敷市中庄３１０２番１号地先,岡山県,倉敷市,,,,133.800037,34.619581,150,公設
332020,0100002231,岡山県倉敷市,消火栓,332020,,倉敷市中庄２９５７－５,岡山県,倉敷市,,,,133.800696,34.61749,100,公設
332020,0100002232,岡山県倉敷市,消火栓,332020,,倉敷市中庄２２４６番１５号,岡山県,倉敷市,,,,133.797336,34.62356,75,公設
332020,0100002233,岡山県倉敷市,消火栓,332020,,倉敷市中庄２３７６番１地先,岡山県,倉敷市,,,,133.794917,34.621809,150,公設
332020,0100002234,岡山県倉敷市,消火栓,332020,,倉敷市中庄３４３９番３号,岡山県,倉敷市,,,,133.804008,34.617007,250,公設
332020,0100002235,岡山県倉敷市,消火栓,332020,,倉敷市中庄３２９９番１０号,岡山県,倉敷市,,,,133.802067,34.619122,250,公設
332020,0100002236,岡山県倉敷市,消火栓,332020,,倉敷市中庄３１２６番８号,岡山県,倉敷市,,,,133.799664,34.620872,250,公設
332020,0100002237,岡山県倉敷市,消火栓,332020,,倉敷市中庄３５１７番４地先,岡山県,倉敷市,,,,133.80379,34.62197,250,公設
332020,0100002238,岡山県倉敷市,消火栓,332020,,倉敷市中庄２８番３号,岡山県,倉敷市,,,,133.78635,34.613192,100,公設
332020,0100002239,岡山県倉敷市,消火栓,332020,,倉敷市中庄９９番１号,岡山県,倉敷市,,,,133.786273,34.61853,100,公設
332020,0100002240,岡山県倉敷市,消火栓,332020,,倉敷市中庄７４番８号,岡山県,倉敷市,,,,133.78641,34.615454,75,公設
332020,0100002241,岡山県倉敷市,消火栓,332020,,倉敷市中庄３５番４号,岡山県,倉敷市,,,,133.786679,34.614287,75,公設
332020,0100002242,岡山県倉敷市,消火栓,332020,,倉敷市中庄２２１６番３号,岡山県,倉敷市,,,,133.793685,34.621783,100,公設
332020,0100002243,岡山県倉敷市,消火栓,332020,,倉敷市中庄５９１番地,岡山県,倉敷市,,,,133.787504,34.62044,75,公設
332020,0100002244,岡山県倉敷市,消火栓,332020,,倉敷市中庄３７番４号,岡山県,倉敷市,,,,133.787643,34.613714,100,公設
332020,0100002245,岡山県倉敷市,消火栓,332020,,倉敷市中庄１１番１号,岡山県,倉敷市,,,,133.788173,34.611804,100,公設
332020,0100002246,岡山県倉敷市,消火栓,332020,,倉敷市中庄３番１号,岡山県,倉敷市,,,,133.788529,34.610071,100,公設
332020,0100002247,岡山県倉敷市,消火栓,332020,,倉敷市中庄６０２番８号,岡山県,倉敷市,,,,133.788657,34.621169,75,公設
332020,0100002248,岡山県倉敷市,消火栓,332020,,倉敷市中庄２５２８番３５号,岡山県,倉敷市,,,,133.797703,34.617342,75,公設
332020,0100002249,岡山県倉敷市,消火栓,332020,,倉敷市中庄３５５１番２号,岡山県,倉敷市,,,,133.804561,34.62504,75,公設
332020,0100002250,岡山県倉敷市,消火栓,332020,,倉敷市中庄５８１番地２,岡山県,倉敷市,,,,133.787379,34.618694,150,公設
332020,0100002251,岡山県倉敷市,消火栓,332020,,倉敷市鳥羽１４番１号,岡山県,倉敷市,,,,133.807443,34.626855,150,公設
332020,0100002252,岡山県倉敷市,消火栓,332020,,倉敷市鳥羽１０９番１号,岡山県,倉敷市,,,,133.809246,34.624993,75,公設
332020,0100002253,岡山県倉敷市,消火栓,332020,,倉敷市鳥羽１２１番１５号,岡山県,倉敷市,,,,133.80925,34.624557,75,公設
332020,0100002254,岡山県倉敷市,消火栓,332020,,倉敷市鳥羽１１３番４０号,岡山県,倉敷市,,,,133.810432,34.624016,100,公設
332020,0100002255,岡山県倉敷市,消火栓,332020,,倉敷市鳥羽１５２番地３,岡山県,倉敷市,,,,133.809935,34.623737,100,公設
332020,0100002256,岡山県倉敷市,消火栓,332020,,倉敷市鳥羽１８３番地,岡山県,倉敷市,,,,133.810439,34.623075,100,公設
332020,0100002257,岡山県倉敷市,消火栓,332020,,倉敷市鳥羽１６４番４号,岡山県,倉敷市,,,,133.811093,34.623414,100,公設
332020,0100002258,岡山県倉敷市,消火栓,332020,,倉敷市鳥羽６７５番３号　地先,岡山県,倉敷市,,,,133.811495,34.621119,75,公設
332020,0100002259,岡山県倉敷市,消火栓,332020,,倉敷市鳥羽５０６番１号,岡山県,倉敷市,,,,133.810629,34.621731,150,公設
332020,0100002260,岡山県倉敷市,消火栓,332020,,倉敷市鳥羽２７３番地,岡山県,倉敷市,,,,133.808693,34.622334,100,公設
332020,0100002261,岡山県倉敷市,消火栓,332020,,倉敷市鳥羽４６２番地７号先,岡山県,倉敷市,,,,133.808885,34.621339,150,公設
332020,0100002262,岡山県倉敷市,消火栓,332020,,倉敷市鳥羽３０５－３,岡山県,倉敷市,,,,133.806267,34.622335,100,公設
332020,0100002263,岡山県倉敷市,消火栓,332020,,倉敷市鳥羽６０３番４号,岡山県,倉敷市,,,,133.806255,34.620369,250,公設
332020,0100002264,岡山県倉敷市,消火栓,332020,,倉敷市鳥羽１１４９番２号　地先,岡山県,倉敷市,,,,133.80934,34.616017,100,公設
332020,0100002265,岡山県倉敷市,消火栓,332020,,倉敷市鳥羽１０６１番３号　地先,岡山県,倉敷市,,,,133.806864,34.615377,100,公設
332020,0100002266,岡山県倉敷市,消火栓,332020,,倉敷市鳥羽１１９７番地１９,岡山県,倉敷市,,,,133.811856,34.614905,75,公設
332020,0100002267,岡山県倉敷市,消火栓,332020,,倉敷市鳥羽１１９７番地３０,岡山県,倉敷市,,,,133.811991,34.614093,75,公設
332020,0100002268,岡山県倉敷市,消火栓,332020,,倉敷市鳥羽９１４番地,岡山県,倉敷市,,,,133.808803,34.616797,400,公設
332020,0100002269,岡山県倉敷市,消火栓,332020,,倉敷市鳥羽４７番地２号先,岡山県,倉敷市,,,,133.805278,34.62618,150,公設
332020,0100002270,岡山県倉敷市,消火栓,332020,,倉敷市鳥羽５８番２号,岡山県,倉敷市,,,,133.806536,34.624703,100,公設
332020,0100002271,岡山県倉敷市,消火栓,332020,,倉敷市鳥羽１０４２番１号,岡山県,倉敷市,,,,133.806811,34.61653,75,公設
332020,0100002272,岡山県倉敷市,消火栓,332020,,倉敷市鳥羽６１５番４,岡山県,倉敷市,,,,133.807594,34.618603,100,公設
332020,0100002273,岡山県倉敷市,消火栓,332020,,倉敷市鳥羽４１２番地先,岡山県,倉敷市,,,,133.807038,34.620908,75,公設
332020,0100002274,岡山県倉敷市,消火栓,332020,,倉敷市鳥羽２６番１１号,岡山県,倉敷市,,,,133.807972,34.625946,300,公設
332020,0100002275,岡山県倉敷市,消火栓,332020,,倉敷市鳥羽６３６番地,岡山県,倉敷市,,,,133.810255,34.620161,100,公設
332020,0100002276,岡山県倉敷市,消火栓,332020,,倉敷市鳥羽１１０１番地の１地先,岡山県,倉敷市,,,,133.807523,34.615796,100,公設
332020,0100002277,岡山県倉敷市,消火栓,332020,,倉敷市鳥羽３５８番５号,岡山県,倉敷市,,,,133.806981,34.623178,100,公設
332020,0100002278,岡山県倉敷市,消火栓,332020,,倉敷市矢部１３３６番１号,岡山県,倉敷市,,,,133.821296,34.660698,200,公設
332020,0100002279,岡山県倉敷市,消火栓,332020,,倉敷市矢部１４１３番８号,岡山県,倉敷市,,,,133.822281,34.657479,200,公設
332020,0100002280,岡山県倉敷市,消火栓,332020,,倉敷市矢部６６４番１号,岡山県,倉敷市,,,,133.820992,34.664675,100,公設
332020,0100002281,岡山県倉敷市,消火栓,332020,,倉敷市矢部６３３番５号,岡山県,倉敷市,,,,133.82203,34.663748,200,公設
332020,0100002282,岡山県倉敷市,消火栓,332020,,倉敷市矢部６７１番２号,岡山県,倉敷市,,,,133.820958,34.666788,100,公設
332020,0100002283,岡山県倉敷市,消火栓,332020,,倉敷市矢部８７４番地,岡山県,倉敷市,,,,133.823534,34.664388,100,公設
332020,0100002284,岡山県倉敷市,消火栓,332020,,倉敷市矢部４０７番地,岡山県,倉敷市,,,,133.819971,34.667263,100,公設
332020,0100002285,岡山県倉敷市,消火栓,332020,,倉敷市矢部３０５番地,岡山県,倉敷市,,,,133.81709,34.667103,100,公設
332020,0100002286,岡山県倉敷市,消火栓,332020,,倉敷市矢部２７５番１８号,岡山県,倉敷市,,,,133.815393,34.667169,100,公設
332020,0100002287,岡山県倉敷市,消火栓,332020,,倉敷市矢部３７４番地,岡山県,倉敷市,,,,133.819451,34.666328,75,公設
332020,0100002288,岡山県倉敷市,消火栓,332020,,倉敷市矢部１３１番地先,岡山県,倉敷市,,,,133.818762,34.667299,75,公設
332020,0100002289,岡山県倉敷市,消火栓,332020,,倉敷市矢部６８５番地,岡山県,倉敷市,,,,133.821793,34.66602,75,公設
332020,0100002290,岡山県倉敷市,消火栓,332020,,倉敷市庄新町１－１－９,岡山県,倉敷市,,,,133.822642,34.659001,200,公設
332020,0100002291,岡山県倉敷市,消火栓,332020,,倉敷市庄新町１－２－９,岡山県,倉敷市,,,,133.822636,34.658147,75,公設
332020,0100002292,岡山県倉敷市,消火栓,332020,,倉敷市庄新町２－２－６,岡山県,倉敷市,,,,133.824256,34.657016,75,公設
332020,0100002293,岡山県倉敷市,消火栓,332020,,倉敷市庄新町４－２－１,岡山県,倉敷市,,,,133.824569,34.65783,150,公設
332020,0100002294,岡山県倉敷市,消火栓,332020,,倉敷市庄新町４－４－１,岡山県,倉敷市,,,,133.824172,34.658493,100,公設
332020,0100002295,岡山県倉敷市,消火栓,332020,,倉敷市庄新町５－２－６,岡山県,倉敷市,,,,133.823615,34.659389,150,公設
332020,0100002296,岡山県倉敷市,消火栓,332020,,倉敷市庄新町４－７－２２,岡山県,倉敷市,,,,133.825197,34.659999,250,公設
332020,0100002297,岡山県倉敷市,消火栓,332020,,倉敷市庄新町４－７－４,岡山県,倉敷市,,,,133.825986,34.658529,150,公設
332020,0100002298,岡山県倉敷市,消火栓,332020,,倉敷市庄新町４－３６,岡山県,倉敷市,,,,133.827282,34.656912,150,公設
332020,0100002299,岡山県倉敷市,消火栓,332020,,倉敷市庄新町１２－２－１,岡山県,倉敷市,,,,133.827824,34.656425,150,公設
332020,0100002300,岡山県倉敷市,消火栓,332020,,倉敷市庄新町,岡山県,倉敷市,,,,133.828765,34.656531,75,公設
332020,0100002301,岡山県倉敷市,消火栓,332020,,倉敷市庄新町,岡山県,倉敷市,,,,133.827147,34.659791,150,公設
332020,0100002302,岡山県倉敷市,消火栓,332020,,倉敷市庄新町１１－４－７,岡山県,倉敷市,,,,133.827146,34.659091,150,公設
332020,0100002303,岡山県倉敷市,消火栓,332020,,倉敷市庄新町１１－３－８,岡山県,倉敷市,,,,133.82809,34.658684,75,公設
332020,0100002304,岡山県倉敷市,消火栓,332020,,倉敷市庄新町１１－１－１５,岡山県,倉敷市,,,,133.827986,34.658152,75,公設
332020,0100002305,岡山県倉敷市,消火栓,332020,,倉敷市庄新町１１－７,岡山県,倉敷市,,,,133.826355,34.659321,75,公設
332020,0100002306,岡山県倉敷市,消火栓,332020,,倉敷市庄新町１０－３－１４,岡山県,倉敷市,,,,133.827504,34.660761,100,公設
332020,0100002307,岡山県倉敷市,消火栓,332020,,倉敷市庄新町１０－６－１５,岡山県,倉敷市,,,,133.826984,34.661899,75,公設
332020,0100002308,岡山県倉敷市,消火栓,332020,,倉敷市庄新町１０－７－１１,岡山県,倉敷市,,,,133.82775,34.66225,75,公設
332020,0100002309,岡山県倉敷市,消火栓,332020,,倉敷市庄新町９－５－２２,岡山県,倉敷市,,,,133.825779,34.661608,150,公設
332020,0100002310,岡山県倉敷市,消火栓,332020,,倉敷市庄新町１０－２－９,岡山県,倉敷市,,,,133.826254,34.660741,75,公設
332020,0100002311,岡山県倉敷市,消火栓,332020,,倉敷市庄新町１０－４－１,岡山県,倉敷市,,,,133.825095,34.661015,75,公設
332020,0100002312,岡山県倉敷市,消火栓,332020,,倉敷市庄新町９－５－１,岡山県,倉敷市,,,,133.824452,34.661326,250,公設
332020,0100002313,岡山県倉敷市,消火栓,332020,,倉敷市庄新町８－１－１,岡山県,倉敷市,,,,133.825079,34.663503,150,公設
332020,0100002314,岡山県倉敷市,消火栓,332020,,倉敷市庄新町８－２－８,岡山県,倉敷市,,,,133.826305,34.664208,75,公設
332020,0100002315,岡山県倉敷市,消火栓,332020,,倉敷市庄新町８－４－１,岡山県,倉敷市,,,,133.825404,34.664568,100,公設
332020,0100002316,岡山県倉敷市,消火栓,332020,,倉敷市庄新町７－９－１２,岡山県,倉敷市,,,,133.823664,34.66286,100,公設
332020,0100002317,岡山県倉敷市,消火栓,332020,,倉敷市庄新町７－７－１３,岡山県,倉敷市,,,,133.822286,34.662825,75,公設
332020,0100002318,岡山県倉敷市,消火栓,332020,,倉敷市庄新町７－５－９,岡山県,倉敷市,,,,133.821959,34.66201,100,公設
332020,0100002319,岡山県倉敷市,消火栓,332020,,倉敷市庄新町７－３－１５,岡山県,倉敷市,,,,133.823014,34.66177,100,公設
332020,0100002320,岡山県倉敷市,消火栓,332020,,倉敷市庄新町７－１－１４,岡山県,倉敷市,,,,133.823272,34.661237,150,公設
332020,0100002321,岡山県倉敷市,消火栓,332020,,倉敷市庄新町５－４－１８,岡山県,倉敷市,,,,133.823189,34.660207,100,公設
332020,0100002322,岡山県倉敷市,消火栓,332020,,倉敷市庄新町６－３－１８,岡山県,倉敷市,,,,133.824447,34.66047,75,公設
332020,0100002323,岡山県倉敷市,消火栓,332020,,倉敷市庄新町５－４－１,岡山県,倉敷市,,,,133.822104,34.659522,75,公設
332020,0100002324,岡山県倉敷市,消火栓,332020,,倉敷市庄新町１２－４－７,岡山県,倉敷市,,,,133.826617,34.657651,150,公設
332020,0100002325,岡山県倉敷市,消火栓,332020,,倉敷市庄新町１１－５－１１,岡山県,倉敷市,,,,133.828348,34.658989,75,公設
332020,0100002326,岡山県倉敷市,消火栓,332020,,倉敷市西尾１１番１６号,岡山県,倉敷市,,,,133.824909,34.653603,100,公設
332020,0100002327,岡山県倉敷市,消火栓,332020,,倉敷市西尾３３６番５号,岡山県,倉敷市,,,,133.826714,34.654626,100,公設
332020,0100002328,岡山県倉敷市,消火栓,332020,,倉敷市西尾３８６番５号,岡山県,倉敷市,,,,133.826715,34.655973,75,公設
332020,0100002329,岡山県倉敷市,消火栓,332020,,倉敷市西尾３６８番５号,岡山県,倉敷市,,,,133.827501,34.655063,100,公設
332020,0100002330,岡山県倉敷市,消火栓,332020,,倉敷市西尾３７８番６号,岡山県,倉敷市,,,,133.828255,34.655558,150,公設
332020,0100002331,岡山県倉敷市,消火栓,332020,,倉敷市西尾６０８番１号,岡山県,倉敷市,,,,133.829517,34.656459,100,公設
332020,0100002332,岡山県倉敷市,消火栓,332020,,倉敷市西尾２番１７号番地先,岡山県,倉敷市,,,,133.823932,34.65386,75,公設
332020,0100002333,岡山県倉敷市,消火栓,332020,,倉敷市西尾１３１番地,岡山県,倉敷市,,,,133.822693,34.655749,200,公設
332020,0100002334,岡山県倉敷市,消火栓,332020,,倉敷市西尾７５番地地先,岡山県,倉敷市,,,,133.825437,34.655042,75,公設
332020,0100002335,岡山県倉敷市,消火栓,332020,,倉敷市中庄団地１番１号,岡山県,倉敷市,,,,133.787672,34.616499,150,公設
332020,0100002336,岡山県倉敷市,消火栓,332020,,倉敷市中庄団地２番地,岡山県,倉敷市,,,,133.787852,34.615425,150,公設
332020,0100002337,岡山県倉敷市,消火栓,332020,,倉敷市中庄団地３番地,岡山県,倉敷市,,,,133.788466,34.61518,100,公設
332020,0100002338,岡山県倉敷市,消火栓,332020,,倉敷市中庄団地４番地,岡山県,倉敷市,,,,133.788111,34.61392,150,公設
332020,0100002339,岡山県倉敷市,消火栓,332020,,倉敷市中庄団地５番地,岡山県,倉敷市,,,,133.789085,34.613728,150,公設
332020,0100002340,岡山県倉敷市,消火栓,332020,,倉敷市中庄団地６番地,岡山県,倉敷市,,,,133.788517,34.612372,150,公設
332020,0100002341,岡山県倉敷市,消火栓,332020,,倉敷市中庄団地８番地,岡山県,倉敷市,,,,133.789497,34.612851,150,公設
332020,0100002342,岡山県倉敷市,消火栓,332020,,倉敷市中庄団地５番４号,岡山県,倉敷市,,,,133.790517,34.612895,150,公設
332020,0100002343,岡山県倉敷市,消火栓,332020,,倉敷市中庄団地２１番３号,岡山県,倉敷市,,,,133.791631,34.613466,150,公設
332020,0100002344,岡山県倉敷市,消火栓,332020,,倉敷市中庄団地６番８号,岡山県,倉敷市,,,,133.788808,34.611306,150,公設
332020,0100002345,岡山県倉敷市,消火栓,332020,,倉敷市中庄団地１２番１号,岡山県,倉敷市,,,,133.789841,34.611483,150,公設
332020,0100002346,岡山県倉敷市,消火栓,332020,,倉敷市中庄団地１３番３号,岡山県,倉敷市,,,,133.791205,34.611783,150,公設
332020,0100002347,岡山県倉敷市,消火栓,332020,,倉敷市中庄団地２１番６号,岡山県,倉敷市,,,,133.791543,34.612183,150,公設
332020,0100002348,岡山県倉敷市,消火栓,332020,,倉敷市中庄団地２２番４号,岡山県,倉敷市,,,,133.792006,34.612928,150,公設
332020,0100002349,岡山県倉敷市,消火栓,332020,,倉敷市中庄団地１２番１４号,岡山県,倉敷市,,,,133.790067,34.610883,150,公設
332020,0100002350,岡山県倉敷市,消火栓,332020,,倉敷市中庄団地１７番９号,岡山県,倉敷市,,,,133.791604,34.610834,150,公設
332020,0100002351,岡山県倉敷市,消火栓,332020,,倉敷市中庄団地２８番３４号,岡山県,倉敷市,,,,133.79233,34.611309,100,公設
332020,0100002352,岡山県倉敷市,消火栓,332020,,倉敷市中庄団地２７番６号１,岡山県,倉敷市,,,,133.792275,34.610014,150,公設
332020,0100002354,岡山県倉敷市,消火栓,332020,,倉敷市中庄団地１５番地,岡山県,倉敷市,,,,133.790205,34.60997,100,公設
332020,0100002355,岡山県倉敷市,消火栓,332020,,倉敷市中庄団地１４番地,岡山県,倉敷市,,,,133.788934,34.610146,100,公設
332020,0100002356,岡山県倉敷市,消火栓,332020,,倉敷市日畑７０９番地,岡山県,倉敷市,,,,133.829393,34.661125,75,公設
332020,0100002357,岡山県倉敷市,消火栓,332020,,倉敷市日畑２４１番地地先,岡山県,倉敷市,,,,133.832192,34.657708,100,公設
332020,0100002358,岡山県倉敷市,消火栓,332020,,倉敷市日畑２６７番地,岡山県,倉敷市,,,,133.832923,34.657802,100,公設
332020,0100002359,岡山県倉敷市,消火栓,332020,,倉敷市日畑３１０番地地先,岡山県,倉敷市,,,,133.833206,34.656804,100,公設
332020,0100002360,岡山県倉敷市,消火栓,332020,,倉敷市日畑１３３番３号,岡山県,倉敷市,,,,133.833911,34.655603,100,公設
332020,0100002361,岡山県倉敷市,消火栓,332020,,倉敷市日畑１５４番４号地先,岡山県,倉敷市,,,,133.834157,34.654205,100,公設
332020,0100002362,岡山県倉敷市,消火栓,332020,,倉敷市日畑１１０番地地先,岡山県,倉敷市,,,,133.834517,34.653468,100,公設
332020,0100002363,岡山県倉敷市,消火栓,332020,,倉敷市日畑１０４番地地先,岡山県,倉敷市,,,,133.834838,34.652786,100,公設
332020,0100002364,岡山県倉敷市,消火栓,332020,,倉敷市日畑１１３４番１号地先,岡山県,倉敷市,,,,133.835905,34.656077,75,公設
332020,0100002365,岡山県倉敷市,消火栓,332020,,倉敷市日畑１１８５番２号,岡山県,倉敷市,,,,133.836627,34.656227,75,公設
332020,0100002366,岡山県倉敷市,消火栓,332020,,倉敷市日畑８２３番地地崎,岡山県,倉敷市,,,,133.828245,34.662611,75,公設
332020,0100002367,岡山県倉敷市,消火栓,332020,,倉敷市日畑９２２番地地先,岡山県,倉敷市,,,,133.827691,34.663879,75,公設
332020,0100002368,岡山県倉敷市,消火栓,332020,,倉敷市日畑３７０番地３,岡山県,倉敷市,,,,133.831235,34.661179,75,公設
332020,0100002369,岡山県倉敷市,消火栓,332020,,倉敷市日畑１０４０番１号,岡山県,倉敷市,,,,133.83351,34.661295,75,公設
332020,0100002370,岡山県倉敷市,消火栓,332020,,倉敷市日畑４３３番４号,岡山県,倉敷市,,,,133.828674,34.65935,75,公設
332020,0100002371,岡山県倉敷市,消火栓,332020,,倉敷市日畑４２３番５号,岡山県,倉敷市,,,,133.830118,34.658999,75,公設
332020,0100002372,岡山県倉敷市,消火栓,332020,,倉敷市日畑５６９番地,岡山県,倉敷市,,,,133.829003,34.660554,75,公設
332020,0100002373,岡山県倉敷市,消火栓,332020,,倉敷市山地９１８番地地先,岡山県,倉敷市,,,,133.819046,34.652798,75,公設
332020,0100002374,岡山県倉敷市,消火栓,332020,,倉敷市山地５６９番地地先,岡山県,倉敷市,,,,133.819462,34.653573,250,公設
332020,0100002375,岡山県倉敷市,消火栓,332020,,倉敷市山地９２３番地先,岡山県,倉敷市,,,,133.820183,34.651983,75,公設
332020,0100002376,岡山県倉敷市,消火栓,332020,,倉敷市山地２７８番地先,岡山県,倉敷市,,,,133.820151,34.655005,200,公設
332020,0100002377,岡山県倉敷市,消火栓,332020,,倉敷市山地４９９番地先,岡山県,倉敷市,,,,133.818907,34.655893,75,公設
332020,0100002378,岡山県倉敷市,消火栓,332020,,倉敷市山地６１８番６号地先,岡山県,倉敷市,,,,133.816019,34.655586,150,公設
332020,0100002379,岡山県倉敷市,消火栓,332020,,倉敷市山地９５２番３号地先,岡山県,倉敷市,,,,133.820579,34.65092,250,公設
332020,0100002380,岡山県倉敷市,消火栓,332020,,倉敷市山地７５０番２号,岡山県,倉敷市,,,,133.8155,34.654113,100,公設
332020,0100002381,岡山県倉敷市,消火栓,332020,,倉敷市山地８０７番地４７,岡山県,倉敷市,,,,133.816602,34.654332,100,公設
332020,0100002382,岡山県倉敷市,消火栓,332020,,倉敷市山地１１０７番３号地先,岡山県,倉敷市,,,,133.815841,34.653206,100,公設
332020,0100002383,岡山県倉敷市,消火栓,332020,,倉敷市山地８０７－３０,岡山県,倉敷市,,,,133.816969,34.653831,100,公設
332020,0100002384,岡山県倉敷市,消火栓,332020,,倉敷市山地１４１６番５号,岡山県,倉敷市,,,,133.816199,34.648998,100,公設
332020,0100002385,岡山県倉敷市,消火栓,332020,,倉敷市山地２０６０番１９号,岡山県,倉敷市,,,,133.813135,34.656405,75,公設
332020,0100002386,岡山県倉敷市,消火栓,332020,,倉敷市山地９９４番地先,岡山県,倉敷市,,,,133.818572,34.651439,75,公設
332020,0100002387,岡山県倉敷市,消火栓,332020,,倉敷市山地６５番４号地先,岡山県,倉敷市,,,,133.821698,34.65242,75,公設
332020,0100002388,岡山県倉敷市,消火栓,332020,,倉敷市山地１５０番３２号,岡山県,倉敷市,,,,133.821884,34.65659,75,公設
332020,0100002389,岡山県倉敷市,消火栓,332020,,倉敷市山地１２９番６号地先,岡山県,倉敷市,,,,133.822676,34.654754,300,公設
332020,0100002390,岡山県倉敷市,消火栓,332020,,倉敷市山地５４４番地　地先,岡山県,倉敷市,,,,133.818507,34.654343,150,公設
332020,0100002391,岡山県倉敷市,消火栓,332020,,倉敷市山地１１６６番地２,岡山県,倉敷市,,,,133.82113,34.649402,300,公設
332020,0100002392,岡山県倉敷市,消火栓,332020,,倉敷市山地６１番１号,岡山県,倉敷市,,,,133.822196,34.653233,300,公設
332020,0100002393,岡山県倉敷市,消火栓,332020,,倉敷市山地１３１６番２号,岡山県,倉敷市,,,,133.8147,34.651406,75,公設
332020,0100002394,岡山県倉敷市,消火栓,332020,,倉敷市山地１３７４番３地先,岡山県,倉敷市,,,,133.817723,34.649475,75,公設
332020,0100002395,岡山県倉敷市,消火栓,332020,,倉敷市上東８１２番地,岡山県,倉敷市,,,,133.825382,34.644035,150,公設
332020,0100002396,岡山県倉敷市,消火栓,332020,,倉敷市上東７８５番２号先,岡山県,倉敷市,,,,133.826191,34.644247,150,公設
332020,0100002397,岡山県倉敷市,消火栓,332020,,倉敷市上東１１０６番９号先,岡山県,倉敷市,,,,133.823418,34.646132,75,公設
332020,0100002398,岡山県倉敷市,消火栓,332020,,倉敷市上東２４０番地４,岡山県,倉敷市,,,,133.829776,34.645105,150,公設
332020,0100002399,岡山県倉敷市,消火栓,332020,,倉敷市上東１８７,岡山県,倉敷市,,,,133.831015,34.646567,100,公設
332020,0100002400,岡山県倉敷市,消火栓,332020,,倉敷市上東３２２－６,岡山県,倉敷市,,,,133.830414,34.647303,100,公設
332020,0100002401,岡山県倉敷市,消火栓,332020,,倉敷市上東１４４番地先,岡山県,倉敷市,,,,133.831472,34.648804,150,公設
332020,0100002402,岡山県倉敷市,消火栓,332020,,倉敷市上東１０８１番１号先,岡山県,倉敷市,,,,133.82549,34.647745,100,公設
332020,0100002403,岡山県倉敷市,消火栓,332020,,倉敷市上東１１１０番２号先,岡山県,倉敷市,,,,133.822759,34.646382,150,公設
332020,0100002404,岡山県倉敷市,消火栓,332020,,倉敷市上東,岡山県,倉敷市,,,,133.821802,34.647677,300,公設
332020,0100002405,岡山県倉敷市,消火栓,332020,,倉敷市上東４９５番３号,岡山県,倉敷市,,,,133.8243,34.650971,75,公設
332020,0100002406,岡山県倉敷市,消火栓,332020,,倉敷市上東４５７番４号,岡山県,倉敷市,,,,133.823763,34.652784,100,公設
332020,0100002407,岡山県倉敷市,消火栓,332020,,倉敷市上東１３５５番,岡山県,倉敷市,,,,133.815829,34.646236,150,公設
332020,0100002408,岡山県倉敷市,消火栓,332020,,倉敷市上東,岡山県,倉敷市,,,,133.818187,34.64825,250,公設
332020,0100002409,岡山県倉敷市,消火栓,332020,,倉敷市上東１２９４番１０号,岡山県,倉敷市,,,,133.815809,34.647522,150,公設
332020,0100002410,岡山県倉敷市,消火栓,332020,,倉敷市上東１２９４番地３７,岡山県,倉敷市,,,,133.814698,34.647406,75,公設
332020,0100002411,岡山県倉敷市,消火栓,332020,,倉敷市上東１４３０番地２,岡山県,倉敷市,,,,133.815236,34.648168,75,公設
332020,0100002412,岡山県倉敷市,消火栓,332020,,倉敷市上東８２７番５号,岡山県,倉敷市,,,,133.823609,34.6427,250,公設
332020,0100002413,岡山県倉敷市,消火栓,332020,,倉敷市上東９９６番地３３,岡山県,倉敷市,,,,133.821816,34.643539,75,公設
332020,0100002414,岡山県倉敷市,消火栓,332020,,倉敷市上東１０００番地２９,岡山県,倉敷市,,,,133.820764,34.644344,100,公設
332020,0100002415,岡山県倉敷市,消火栓,332020,,倉敷市上東１０１９番１３号,岡山県,倉敷市,,,,133.822547,34.643246,75,公設
332020,0100002416,岡山県倉敷市,消火栓,332020,,倉敷市上東１０５８－９,岡山県,倉敷市,,,,133.825898,34.645496,100,公設
332020,0100002417,岡山県倉敷市,消火栓,332020,,倉敷市上東３８２－１,岡山県,倉敷市,,,,133.828126,34.64808,100,公設
332020,0100002418,岡山県倉敷市,消火栓,332020,,倉敷市上東１２２７番地３４,岡山県,倉敷市,,,,133.820569,34.646058,75,公設
332020,0100002419,岡山県倉敷市,消火栓,332020,,倉敷市上東１２３７番地２９,岡山県,倉敷市,,,,133.821399,34.645219,75,公設
332020,0100002420,岡山県倉敷市,消火栓,332020,,倉敷市上東１２３７番地５４,岡山県,倉敷市,,,,133.82214,34.645468,75,公設
332020,0100002421,岡山県倉敷市,消火栓,332020,,倉敷市上東７４６番１号,岡山県,倉敷市,,,,133.828201,34.644743,150,公設
332020,0100002422,岡山県倉敷市,消火栓,332020,,倉敷市上東１２４６番７号,岡山県,倉敷市,,,,133.820326,34.645663,75,公設
332020,0100002423,岡山県倉敷市,消火栓,332020,,倉敷市上東２２７番５号,岡山県,倉敷市,,,,133.829703,34.644378,75,公設
332020,0100002424,岡山県倉敷市,消火栓,332020,,倉敷市上東１０７１番地,岡山県,倉敷市,,,,133.825924,34.646647,150,公設
332020,0100002425,岡山県倉敷市,消火栓,332020,,倉敷市上東６４０番地,岡山県,倉敷市,,,,133.826689,34.646901,75,公設
332020,0100002426,岡山県倉敷市,消火栓,332020,,倉敷市上東１０３０番５号,岡山県,倉敷市,,,,133.822918,34.644748,250,公設
332020,0100002427,岡山県倉敷市,消火栓,332020,,倉敷市上東５９３番地,岡山県,倉敷市,,,,133.827144,34.647946,100,公設
332020,0100002428,岡山県倉敷市,消火栓,332020,,倉敷市上東,岡山県,倉敷市,,,,133.819773,34.642818,100,公設
332020,0100002429,岡山県倉敷市,消火栓,332020,,倉敷市上東１０９３番地,岡山県,倉敷市,,,,133.824785,34.64591,100,公設
332020,0100002430,岡山県倉敷市,消火栓,332020,,倉敷市上東２８番地,岡山県,倉敷市,,,,133.82956,34.652849,150,公設
332020,0100002431,岡山県倉敷市,消火栓,332020,,倉敷市上東１５９９番３号,岡山県,倉敷市,,,,133.83282,34.647698,100,公設
332020,0100002432,岡山県倉敷市,消火栓,332020,,倉敷市上東５７８番地,岡山県,倉敷市,,,,133.827778,34.648888,100,公設
332020,0100002433,岡山県倉敷市,消火栓,332020,,倉敷市上東６９７番地,岡山県,倉敷市,,,,133.827716,34.64581,75,公設
332020,0100002434,岡山県倉敷市,消火栓,332020,,倉敷市上東,岡山県,倉敷市,,,,133.828729,34.650767,100,公設
332020,0100002435,岡山県倉敷市,消火栓,332020,,倉敷市上東１１４５番地,岡山県,倉敷市,,,,133.824761,34.649666,75,公設
332020,0100002436,岡山県倉敷市,消火栓,332020,,倉敷市上東,岡山県,倉敷市,,,,133.815565,34.643273,400,公設
332020,0100002437,岡山県倉敷市,消火栓,332020,,倉敷市上東,岡山県,倉敷市,,,,133.816301,34.644632,400,公設
332020,0100002438,岡山県倉敷市,消火栓,332020,,倉敷市上東,岡山県,倉敷市,,,,133.8169,34.645704,100,公設
332020,0100002439,岡山県倉敷市,消火栓,332020,,倉敷市上東,岡山県,倉敷市,,,,133.818412,34.647018,100,公設
332020,0100002440,岡山県倉敷市,消火栓,332020,,倉敷市上東,岡山県,倉敷市,,,,133.820213,34.647822,100,公設
332020,0100002441,岡山県倉敷市,消火栓,332020,,倉敷市上東１０９２番２号地先,岡山県,倉敷市,,,,133.824167,34.64676,150,公設
332020,0100002442,岡山県倉敷市,消火栓,332020,,倉敷市上東２４７番地８,岡山県,倉敷市,,,,133.82978,34.646078,100,公設
332020,0100002443,岡山県倉敷市,消火栓,332020,,倉敷市上東,岡山県,倉敷市,,,,133.827626,34.650475,100,公設
332020,0100002444,岡山県倉敷市,消火栓,332020,,倉敷市上東６８０番地の３地先,岡山県,倉敷市,,,,133.828821,34.647023,100,公設
332020,0100002445,岡山県倉敷市,消火栓,332020,,倉敷市上東１１１－４,岡山県,倉敷市,,,,133.830533,34.650781,150,公設
332020,0100002446,岡山県倉敷市,消火栓,332020,,倉敷市上東５５２番地先,岡山県,倉敷市,,,,133.82668,34.648556,100,公設
332020,0100002447,岡山県倉敷市,消火栓,332020,,倉敷市上東４６４番地１２地先,岡山県,倉敷市,,,,133.824236,34.651478,100,公設
332020,0100002448,岡山県倉敷市,消火栓,332020,,倉敷市上東２００番地先,岡山県,倉敷市,,,,133.831196,34.645017,150,公設
332020,0100002449,岡山県倉敷市,消火栓,332020,,倉敷市上東１７７番８号,岡山県,倉敷市,,,,133.832159,34.646396,150,公設
332020,0100002450,岡山県倉敷市,消火栓,332020,,倉敷市二子４１７番１号,岡山県,倉敷市,,,,133.8017,34.632786,250,公設
332020,0100002451,岡山県倉敷市,消火栓,332020,,倉敷市二子６４３番１号,岡山県,倉敷市,,,,133.806042,34.634615,250,公設
332020,0100002452,岡山県倉敷市,消火栓,332020,,倉敷市二子６７７番地,岡山県,倉敷市,,,,133.808307,34.636413,250,公設
332020,0100002453,岡山県倉敷市,消火栓,332020,,倉敷市二子８５３番地,岡山県,倉敷市,,,,133.81054,34.637725,250,公設
332020,0100002454,岡山県倉敷市,消火栓,332020,,倉敷市二子９７６番１号,岡山県,倉敷市,,,,133.811998,34.639069,250,公設
332020,0100002455,岡山県倉敷市,消火栓,332020,,倉敷市二子１３７０番地,岡山県,倉敷市,,,,133.813949,34.641121,250,公設
332020,0100002456,岡山県倉敷市,消火栓,332020,,倉敷市二子１５番２号,岡山県,倉敷市,,,,133.817315,34.636722,100,公設
332020,0100002457,岡山県倉敷市,消火栓,332020,,倉敷市二子１００１番２号,岡山県,倉敷市,,,,133.812969,34.640098,250,公設
332020,0100002458,岡山県倉敷市,消火栓,332020,,倉敷市二子１０番１号,岡山県,倉敷市,,,,133.818657,34.637199,75,公設
332020,0100002460,岡山県倉敷市,消火栓,332020,,倉敷市二子１５７５番地３,岡山県,倉敷市,,,,133.813154,34.643901,150,公設
332020,0100002461,岡山県倉敷市,消火栓,332020,,倉敷市二子１０２番地,岡山県,倉敷市,,,,133.814258,34.638983,75,公設
332020,0100002462,岡山県倉敷市,消火栓,332020,,倉敷市二子１７０７番３２号,岡山県,倉敷市,,,,133.810348,34.644441,75,公設
332020,0100002463,岡山県倉敷市,消火栓,332020,,倉敷市二子１３４番地５,岡山県,倉敷市,,,,133.812575,34.636656,100,公設
332020,0100002464,岡山県倉敷市,消火栓,332020,,倉敷市二子２番６号,岡山県,倉敷市,,,,133.818487,34.638444,75,公設
332020,0100002465,岡山県倉敷市,消火栓,332020,,倉敷市二子１６７０番１号,岡山県,倉敷市,,,,133.810208,34.643195,150,公設
332020,0100002466,岡山県倉敷市,消火栓,332020,,倉敷市二子１１８８番５号,岡山県,倉敷市,,,,133.816512,34.638844,75,公設
332020,0100002467,岡山県倉敷市,消火栓,332020,,倉敷市二子１５３７番地,岡山県,倉敷市,,,,133.813233,34.642883,75,公設
332020,0100002468,岡山県倉敷市,消火栓,332020,,倉敷市二子３１１番地,岡山県,倉敷市,,,,133.804209,34.632794,100,公設
332020,0100002469,岡山県倉敷市,消火栓,332020,,倉敷市二子３２７番地,岡山県,倉敷市,,,,133.806199,34.633972,150,公設
332020,0100002470,岡山県倉敷市,消火栓,332020,,倉敷市二子２４２番１号,岡山県,倉敷市,,,,133.808067,34.635469,100,公設
332020,0100002471,岡山県倉敷市,消火栓,332020,,倉敷市二子１６６番３号,岡山県,倉敷市,,,,133.809979,34.636664,100,公設
332020,0100002472,岡山県倉敷市,消火栓,332020,,倉敷市二子２０４番地,岡山県,倉敷市,,,,133.811769,34.638098,100,公設
332020,0100002473,岡山県倉敷市,消火栓,332020,,倉敷市二子９９３,岡山県,倉敷市,,,,133.812945,34.639503,500,公設
332020,0100002474,岡山県倉敷市,消火栓,332020,,倉敷市二子１３５５番９号,岡山県,倉敷市,,,,133.814584,34.642031,500,公設
332020,0100002475,岡山県倉敷市,消火栓,332020,,倉敷市二子３５７番４号地先,岡山県,倉敷市,,,,133.803373,34.629637,100,公設
332020,0100002476,岡山県倉敷市,消火栓,332020,,倉敷市二子３４８番１号,岡山県,倉敷市,,,,133.803155,34.631425,300,公設
332020,0100002477,岡山県倉敷市,消火栓,332020,,倉敷市二子２６番１号,岡山県,倉敷市,,,,133.816071,34.635875,100,公設
332020,0100002478,岡山県倉敷市,消火栓,332020,,倉敷市下庄３２８番地,岡山県,倉敷市,,,,133.828124,34.641073,100,公設
332020,0100002479,岡山県倉敷市,消火栓,332020,,倉敷市下庄４９４番７号,岡山県,倉敷市,,,,133.82861,34.63922,100,公設
332020,0100002480,岡山県倉敷市,消火栓,332020,,倉敷市下庄１１２１番１号,岡山県,倉敷市,,,,133.822569,34.633625,200,公設
332020,0100002481,岡山県倉敷市,消火栓,332020,,倉敷市下庄５３０番５号,岡山県,倉敷市,,,,133.827414,34.639015,75,公設
332020,0100002482,岡山県倉敷市,消火栓,332020,,倉敷市下庄１４１番５号,岡山県,倉敷市,,,,133.832701,34.64167,75,公設
332020,0100002483,岡山県倉敷市,消火栓,332020,,倉敷市下庄４４１番１号,岡山県,倉敷市,,,,133.821081,34.638338,100,公設
332020,0100002484,岡山県倉敷市,消火栓,332020,,倉敷市下庄５７５番９号,岡山県,倉敷市,,,,133.825163,34.638358,200,公設
332020,0100002485,岡山県倉敷市,消火栓,332020,,倉敷市下庄７４８番地,岡山県,倉敷市,,,,133.828881,34.637946,100,公設
332020,0100002486,岡山県倉敷市,消火栓,332020,,倉敷市下庄２番２号,岡山県,倉敷市,,,,133.827513,34.64264,100,公設
332020,0100002487,岡山県倉敷市,消火栓,332020,,倉敷市下庄５９２番１号,岡山県,倉敷市,,,,133.82383,34.638937,100,公設
332020,0100002488,岡山県倉敷市,消火栓,332020,,倉敷市下庄２４８番地,岡山県,倉敷市,,,,133.830497,34.639766,100,公設
332020,0100002489,岡山県倉敷市,消火栓,332020,,倉敷市下庄５１２番地,岡山県,倉敷市,,,,133.826024,34.639526,75,公設
332020,0100002490,岡山県倉敷市,消火栓,332020,,倉敷市下庄７００番１号,岡山県,倉敷市,,,,133.824483,34.636222,75,公設
332020,0100002491,岡山県倉敷市,消火栓,332020,,倉敷市下庄７７６番地,岡山県,倉敷市,,,,133.831357,34.638006,75,公設
332020,0100002492,岡山県倉敷市,消火栓,332020,,倉敷市下庄９４６番１０号,岡山県,倉敷市,,,,133.830126,34.634916,150,公設
332020,0100002493,岡山県倉敷市,消火栓,332020,,倉敷市下庄８０２番４号,岡山県,倉敷市,,,,133.835377,34.638978,200,公設
332020,0100002494,岡山県倉敷市,消火栓,332020,,倉敷市下庄７１５番２号,岡山県,倉敷市,,,,133.82665,34.636743,200,公設
332020,0100002495,岡山県倉敷市,消火栓,332020,,倉敷市下庄６８０番３号,岡山県,倉敷市,,,,133.819867,34.634995,200,公設
332020,0100002496,岡山県倉敷市,消火栓,332020,,倉敷市下庄６８１番４号,岡山県,倉敷市,,,,133.821881,34.635487,200,公設
332020,0100002497,岡山県倉敷市,消火栓,332020,,倉敷市下庄７９３番１号,岡山県,倉敷市,,,,133.83378,34.638572,200,公設
332020,0100002498,岡山県倉敷市,消火栓,332020,,倉敷市下庄３６４番地,岡山県,倉敷市,,,,133.829256,34.642304,75,公設
332020,0100002499,岡山県倉敷市,消火栓,332020,,倉敷市下庄９４４番３号,岡山県,倉敷市,,,,133.829471,34.636281,150,公設
332020,0100002500,岡山県倉敷市,消火栓,332020,,倉敷市下庄４６９番７号地先,岡山県,倉敷市,,,,133.824609,34.640052,250,公設
332020,0100002501,岡山県倉敷市,消火栓,332020,,倉敷市下庄８３５番１号,岡山県,倉敷市,,,,133.835196,34.637571,100,公設
332020,0100002502,岡山県倉敷市,消火栓,332020,,倉敷市下庄１０２７番地１,岡山県,倉敷市,,,,133.835679,34.636079,100,公設
332020,0100002503,岡山県倉敷市,消火栓,332020,,倉敷市下庄３２２番６号,岡山県,倉敷市,,,,133.828414,34.640039,100,公設
332020,0100002504,岡山県倉敷市,消火栓,332020,,倉敷市下庄１７５番地１地先,岡山県,倉敷市,,,,133.833895,34.641236,100,公設
332020,0100002505,岡山県倉敷市,消火栓,332020,,倉敷市下庄２３３番地,岡山県,倉敷市,,,,133.831634,34.641007,100,公設
332020,0100002506,岡山県倉敷市,消火栓,332020,,倉敷市松島１１４８番３号,岡山県,倉敷市,,,,133.804179,34.627835,250,公設
332020,0100002507,岡山県倉敷市,消火栓,332020,,倉敷市松島１０３８番地,岡山県,倉敷市,,,,133.807469,34.629027,200,公設
332020,0100002508,岡山県倉敷市,消火栓,332020,,倉敷市松島９７６番４号,岡山県,倉敷市,,,,133.806863,34.630826,300,公設
332020,0100002509,岡山県倉敷市,消火栓,332020,,倉敷市松島８４９番地,岡山県,倉敷市,,,,133.809914,34.629768,200,公設
332020,0100002510,岡山県倉敷市,消火栓,332020,,倉敷市松島７４０番地,岡山県,倉敷市,,,,133.811671,34.63039,200,公設
332020,0100002511,岡山県倉敷市,消火栓,332020,,倉敷市松島３４番地,岡山県,倉敷市,,,,133.81332,34.631281,200,公設
332020,0100002512,岡山県倉敷市,消火栓,332020,,倉敷市松島５４５番地,岡山県,倉敷市,,,,133.813977,34.632522,150,公設
332020,0100002513,岡山県倉敷市,消火栓,332020,,倉敷市松島３０７番地,岡山県,倉敷市,,,,133.813365,34.633653,150,公設
332020,0100002514,岡山県倉敷市,消火栓,332020,,倉敷市松島４４２番地,岡山県,倉敷市,,,,133.81518,34.632714,200,公設
332020,0100002515,岡山県倉敷市,消火栓,332020,,倉敷市松島２４８番４号,岡山県,倉敷市,,,,133.817819,34.634494,200,公設
332020,0100002516,岡山県倉敷市,消火栓,332020,,倉敷市松島１０９８番４号,岡山県,倉敷市,,,,133.80554,34.627829,150,公設
332020,0100002517,岡山県倉敷市,消火栓,332020,,倉敷市松島１１７２番地,岡山県,倉敷市,,,,133.802302,34.628515,150,公設
332020,0100002518,岡山県倉敷市,消火栓,332020,,倉敷市松島１０８２番１０号,岡山県,倉敷市,,,,133.808001,34.628235,75,公設
332020,0100002519,岡山県倉敷市,消火栓,332020,,倉敷市松島１１２４番１７号,岡山県,倉敷市,,,,133.805686,34.629697,75,公設
332020,0100002520,岡山県倉敷市,消火栓,332020,,倉敷市松島９７１番地１,岡山県,倉敷市,,,,133.807041,34.631807,300,公設
332020,0100002521,岡山県倉敷市,消火栓,332020,,倉敷市松島２５０番地,岡山県,倉敷市,,,,133.816646,34.634208,200,公設
332020,0100002522,岡山県倉敷市,消火栓,332020,,倉敷市松島２８１番１号,岡山県,倉敷市,,,,133.813027,34.634959,150,公設
332020,0100002523,岡山県倉敷市,消火栓,332020,,倉敷市松島１１４６番２号,岡山県,倉敷市,,,,133.803983,34.629442,300,公設
332020,0100002524,岡山県倉敷市,消火栓,332020,,倉敷市松島１１３９番１号,岡山県,倉敷市,,,,133.805153,34.630112,300,公設
332020,0100002525,岡山県倉敷市,消火栓,332020,,倉敷市松島１１２５番８号,岡山県,倉敷市,,,,133.806059,34.630479,150,公設
332020,0100002526,岡山県倉敷市,消火栓,332020,,倉敷市栗坂３１９－２先,岡山県,倉敷市,,,,133.82013,34.627646,400,公設
332020,0100002527,岡山県倉敷市,消火栓,332020,,倉敷市栗坂２２７番地,岡山県,倉敷市,,,,133.82353,34.629497,250,公設
332020,0100002528,岡山県倉敷市,消火栓,332020,,倉敷市栗坂１０２番２号,岡山県,倉敷市,,,,133.82987,34.631736,150,公設
332020,0100002529,岡山県倉敷市,消火栓,332020,,倉敷市栗坂７４－７先,岡山県,倉敷市,,,,133.831054,34.632627,100,公設
332020,0100002530,岡山県倉敷市,消火栓,332020,,倉敷市栗坂７０４番地先,岡山県,倉敷市,,,,133.827973,34.631373,100,公設
332020,0100002531,岡山県倉敷市,消火栓,332020,,倉敷市栗坂１６１－２先,岡山県,倉敷市,,,,133.825783,34.630866,100,公設
332020,0100002532,岡山県倉敷市,消火栓,332020,,倉敷市栗坂７２５番地先,岡山県,倉敷市,,,,133.829662,34.630859,75,公設
332020,0100002533,岡山県倉敷市,消火栓,332020,,倉敷市栗坂９５９番地,岡山県,倉敷市,,,,133.830813,34.631118,75,公設
332020,0100002534,岡山県倉敷市,消火栓,332020,,倉敷市栗坂１０２３番地先,岡山県,倉敷市,,,,133.831742,34.631799,75,公設
332020,0100002535,岡山県倉敷市,消火栓,332020,,倉敷市栗坂６３－５先,岡山県,倉敷市,,,,133.83303,34.63308,75,公設
332020,0100002536,岡山県倉敷市,消火栓,332020,,倉敷市栗坂３２８番１号,岡山県,倉敷市,,,,133.818552,34.627719,100,公設
332020,0100002537,岡山県倉敷市,消火栓,332020,,倉敷市栗坂３７番３号,岡山県,倉敷市,,,,133.834314,34.633558,75,公設
332020,0100002538,岡山県倉敷市,消火栓,332020,,倉敷市栗坂２４６番５号,岡山県,倉敷市,,,,133.822587,34.630326,200,公設
332020,0100002539,岡山県倉敷市,消火栓,332020,,倉敷市五日市６６０番１号,岡山県,倉敷市,,,,133.791607,34.599474,100,公設
332020,0100002542,岡山県倉敷市,消火栓,332020,,倉敷市五日市９８０番１９号,岡山県,倉敷市,,,,133.796627,34.602041,75,公設
332020,0100002543,岡山県倉敷市,消火栓,332020,,倉敷市五日市９９０番地４,岡山県,倉敷市,,,,133.796618,34.603101,100,公設
332020,0100002544,岡山県倉敷市,消火栓,332020,,倉敷市五日市１０３２番１４号地先,岡山県,倉敷市,,,,133.796983,34.603837,100,公設
332020,0100002545,岡山県倉敷市,消火栓,332020,,倉敷市五日市１０３２番７９号地先,岡山県,倉敷市,,,,133.798033,34.603175,150,公設
332020,0100002546,岡山県倉敷市,消火栓,332020,,倉敷市五日市１０８９番地３３,岡山県,倉敷市,,,,133.799625,34.602696,75,公設
332020,0100002547,岡山県倉敷市,消火栓,332020,,倉敷市五日市１１０９番１４号,岡山県,倉敷市,,,,133.798416,34.602019,150,公設
332020,0100002548,岡山県倉敷市,消火栓,332020,,倉敷市五日市２２９番１号地先,岡山県,倉敷市,,,,133.793985,34.59964,100,公設
332020,0100002549,岡山県倉敷市,消火栓,332020,,倉敷市五日市４０１番地地先,岡山県,倉敷市,,,,133.791416,34.596488,350,公設
332020,0100002550,岡山県倉敷市,消火栓,332020,,倉敷市五日市８６７番地地先,岡山県,倉敷市,,,,133.794052,34.60062,75,公設
332020,0100002551,岡山県倉敷市,消火栓,332020,,倉敷市五日市２００番地１３,岡山県,倉敷市,,,,133.796764,34.600374,100,公設
332020,0100002552,岡山県倉敷市,消火栓,332020,,倉敷市五日市７０番１号,岡山県,倉敷市,,,,133.795503,34.595402,100,公設
332020,0100002553,岡山県倉敷市,消火栓,332020,,倉敷市五日市５７３番地,岡山県,倉敷市,,,,133.789094,34.599473,75,公設
332020,0100002554,岡山県倉敷市,消火栓,332020,,倉敷市五日市１９１番地３地先,岡山県,倉敷市,,,,133.790118,34.601951,75,公設
332020,0100002555,岡山県倉敷市,消火栓,332020,,倉敷市中帯江８３３番５２号,岡山県,倉敷市,,,,133.798712,34.603482,150,公設
332020,0100002556,岡山県倉敷市,消火栓,332020,,倉敷市中帯江９３５番地先,岡山県,倉敷市,,,,133.802226,34.601647,75,公設
332020,0100002557,岡山県倉敷市,消火栓,332020,,倉敷市中帯江２０６番地先,岡山県,倉敷市,,,,133.803268,34.599117,100,公設
332020,0100002558,岡山県倉敷市,消火栓,332020,,倉敷市中帯江１４８番２号地先,岡山県,倉敷市,,,,133.804039,34.596133,100,公設
332020,0100002559,岡山県倉敷市,消火栓,332020,,倉敷市中帯江７４,岡山県,倉敷市,,,,133.800828,34.598733,100,公設
332020,0100002560,岡山県倉敷市,消火栓,332020,,倉敷市中帯江１１４番地６,岡山県,倉敷市,,,,133.801327,34.596874,100,公設
332020,0100002561,岡山県倉敷市,消火栓,332020,,倉敷市中帯江４６５番地地先,岡山県,倉敷市,,,,133.800386,34.603473,75,公設
332020,0100002562,岡山県倉敷市,消火栓,332020,,倉敷市中帯江４０９番１７号,岡山県,倉敷市,,,,133.803554,34.601989,75,公設
332020,0100002563,岡山県倉敷市,消火栓,332020,,倉敷市中帯江２８７番地地先,岡山県,倉敷市,,,,133.8002,34.600908,100,公設
332020,0100002564,岡山県倉敷市,消火栓,332020,,倉敷市中帯江１６０番５号,岡山県,倉敷市,,,,133.805606,34.596407,75,公設
332020,0100002565,岡山県倉敷市,消火栓,332020,,倉敷市中帯江９５番２号地先,岡山県,倉敷市,,,,133.800404,34.595529,75,公設
332020,0100002566,岡山県倉敷市,消火栓,332020,,倉敷市中帯江２４番地９,岡山県,倉敷市,,,,133.801952,34.594926,100,公設
332020,0100002567,岡山県倉敷市,消火栓,332020,,倉敷市中帯江１６４番５号,岡山県,倉敷市,,,,133.80666,34.596741,75,公設
332020,0100002568,岡山県倉敷市,消火栓,332020,,倉敷市連島町鶴新田２８３６番地の１地先,岡山県,倉敷市,,,,133.705296,34.534642,150,公設
332020,0100002569,岡山県倉敷市,消火栓,332020,,倉敷市連島町西之浦６５０番地地先,岡山県,倉敷市,,,,133.709588,34.552258,150,公設
332020,0100002570,岡山県倉敷市,消火栓,332020,,倉敷市連島町西之浦２９９番地の１地先,岡山県,倉敷市,,,,133.711612,34.551836,100,公設
332020,0100002571,岡山県倉敷市,消火栓,332020,,倉敷市連島町西之浦２８２番地地先,岡山県,倉敷市,,,,133.71327,34.551762,100,公設
332020,0100002572,岡山県倉敷市,消火栓,332020,,倉敷市連島町西之浦３４３番地地先,岡山県,倉敷市,,,,133.715145,34.551303,100,公設
332020,0100002573,岡山県倉敷市,消火栓,332020,,倉敷市連島町西之浦３８９番地の１地先,岡山県,倉敷市,,,,133.716653,34.549629,75,公設
332020,0100002574,岡山県倉敷市,消火栓,332020,,倉敷市連島町西之浦４１１番地の１９地先,岡山県,倉敷市,,,,133.718046,34.549296,75,公設
332020,0100002575,岡山県倉敷市,消火栓,332020,,倉敷市連島町西之浦４４１番地の１地先,岡山県,倉敷市,,,,133.718927,34.548974,150,公設
332020,0100002576,岡山県倉敷市,消火栓,332020,,倉敷市連島町西之浦２１３番地地先,岡山県,倉敷市,,,,133.718965,34.550367,75,公設
332020,0100002577,岡山県倉敷市,消火栓,332020,,倉敷市連島町西之浦３５７５番地地先,岡山県,倉敷市,,,,133.721081,34.551442,75,公設
332020,0100002578,岡山県倉敷市,消火栓,332020,,倉敷市連島町西之浦１８９番地地先,岡山県,倉敷市,,,,133.721587,34.550972,100,公設
332020,0100002579,岡山県倉敷市,消火栓,332020,,倉敷市連島町西之浦７２番地地先,岡山県,倉敷市,,,,133.721144,34.550234,100,公設
332020,0100002580,岡山県倉敷市,消火栓,332020,,倉敷市連島町西之浦４７番地地先,岡山県,倉敷市,,,,133.721059,34.550006,100,公設
332020,0100002581,岡山県倉敷市,消火栓,332020,,倉敷市連島町西之浦４９１番地地先,岡山県,倉敷市,,,,133.720642,34.549376,100,公設
332020,0100002582,岡山県倉敷市,消火栓,332020,,倉敷市連島町西之浦４７４番地地先,岡山県,倉敷市,,,,133.720305,34.548607,150,公設
332020,0100002583,岡山県倉敷市,消火栓,332020,,倉敷市連島町西之浦１０２番地地先,岡山県,倉敷市,,,,133.722022,34.549918,75,公設
332020,0100002584,岡山県倉敷市,消火栓,332020,,倉敷市連島町西之浦３８２１番地地先,岡山県,倉敷市,,,,133.722588,34.549032,100,公設
332020,0100002585,岡山県倉敷市,消火栓,332020,,倉敷市連島中央５丁目２２番３号地先,岡山県,倉敷市,,,,133.722373,34.548128,150,公設
332020,0100002586,岡山県倉敷市,消火栓,332020,,倉敷市連島中央５丁目２３番２９号地先,岡山県,倉敷市,,,,133.722898,34.548177,150,公設
332020,0100002587,岡山県倉敷市,消火栓,332020,,倉敷市連島中央５丁目２１番１８号地先,岡山県,倉敷市,,,,133.722766,34.547469,100,公設
332020,0100002588,岡山県倉敷市,消火栓,332020,,倉敷市連島中央５丁目２３番１９号地先,岡山県,倉敷市,,,,133.723846,34.548284,150,公設
332020,0100002589,岡山県倉敷市,消火栓,332020,,倉敷市連島中央５丁目２６番２号地先,岡山県,倉敷市,,,,133.725362,34.548696,150,公設
332020,0100002590,岡山県倉敷市,消火栓,332020,,倉敷市連島中央５丁目２８番３５号地先,岡山県,倉敷市,,,,133.724473,34.547273,250,公設
332020,0100002591,岡山県倉敷市,消火栓,332020,,倉敷市連島中央５丁目６番１号地先,岡山県,倉敷市,,,,133.725643,34.545453,250,公設
332020,0100002592,岡山県倉敷市,消火栓,332020,,倉敷市連島町鶴新田２９４番地の６地先,岡山県,倉敷市,,,,133.71077,34.543813,100,公設
332020,0100002593,岡山県倉敷市,消火栓,332020,,倉敷市神田３丁目９番８号地先,岡山県,倉敷市,,,,133.728684,34.540659,250,公設
332020,0100002594,岡山県倉敷市,消火栓,332020,,倉敷市亀島１丁目２８番２３号地先,岡山県,倉敷市,,,,133.730274,34.5382,100,公設
332020,0100002595,岡山県倉敷市,消火栓,332020,,倉敷市神田１丁目１９番４０号地先,岡山県,倉敷市,,,,133.731809,34.535542,250,公設
332020,0100002596,岡山県倉敷市,消火栓,332020,,倉敷市連島町鶴新田２０６７番地の８地先,岡山県,倉敷市,,,,133.718139,34.53347,75,公設
332020,0100002597,岡山県倉敷市,消火栓,332020,,倉敷市連島町亀島新田１６３番地地先,岡山県,倉敷市,,,,133.727072,34.551611,100,公設
332020,0100002598,岡山県倉敷市,消火栓,332020,,倉敷市連島町亀島新田２７０番地地先,岡山県,倉敷市,,,,133.728331,34.550284,200,公設
332020,0100002600,岡山県倉敷市,消火栓,332020,,倉敷市連島町矢柄６２０３番地地先,岡山県,倉敷市,,,,133.732018,34.551937,100,公設
332020,0100002601,岡山県倉敷市,消火栓,332020,,倉敷市連島町矢柄６２１９番地地先,岡山県,倉敷市,,,,133.731546,34.552829,75,公設
332020,0100002602,岡山県倉敷市,消火栓,332020,,倉敷市連島町矢柄６１８２番地地先,岡山県,倉敷市,,,,133.732914,34.552857,75,公設
332020,0100002603,岡山県倉敷市,消火栓,332020,,倉敷市連島町矢柄６１８７番地地先,岡山県,倉敷市,,,,133.733424,34.55189,75,公設
332020,0100002604,岡山県倉敷市,消火栓,332020,,倉敷市連島町連島１００４番地地先,岡山県,倉敷市,,,,133.735833,34.553708,75,公設
332020,0100002605,岡山県倉敷市,消火栓,332020,,倉敷市連島町連島８９６番地地先,岡山県,倉敷市,,,,133.736358,34.552653,200,公設
332020,0100002606,岡山県倉敷市,消火栓,332020,,倉敷市連島町連島８４９番地地先,岡山県,倉敷市,,,,133.737684,34.552609,100,公設
332020,0100002607,岡山県倉敷市,消火栓,332020,,倉敷市連島町連島８１６番地地先,岡山県,倉敷市,,,,133.739743,34.552932,200,公設
332020,0100002608,岡山県倉敷市,消火栓,332020,,倉敷市連島町連島１２７５番地地先,岡山県,倉敷市,,,,133.741347,34.554865,200,公設
332020,0100002609,岡山県倉敷市,消火栓,332020,,倉敷市連島町連島４６番地地先,岡山県,倉敷市,,,,133.747556,34.561656,100,公設
332020,0100002610,岡山県倉敷市,消火栓,332020,,倉敷市連島町亀島新田１８２番地地先,岡山県,倉敷市,,,,133.72621,34.550993,100,公設
332020,0100002611,岡山県倉敷市,消火栓,332020,,倉敷市連島町連島１２８６番地地先,岡山県,倉敷市,,,,133.740334,34.554253,200,公設
332020,0100002612,岡山県倉敷市,消火栓,332020,,倉敷市連島町連島１３８３番地地先,岡山県,倉敷市,,,,133.74338,34.554921,200,公設
332020,0100002613,岡山県倉敷市,消火栓,332020,,倉敷市連島町連島１４２番地地先,岡山県,倉敷市,,,,133.747972,34.557075,100,公設
332020,0100002614,岡山県倉敷市,消火栓,332020,,倉敷市連島町連島１２６番地６地先,岡山県,倉敷市,,,,133.747427,34.555112,100,公設
332020,0100002615,岡山県倉敷市,消火栓,332020,,倉敷市連島町連島１４５番地５地先,岡山県,倉敷市,,,,133.746443,34.55357,100,公設
332020,0100002616,岡山県倉敷市,消火栓,332020,,倉敷市連島町西之浦５６０番地２２地先,岡山県,倉敷市,,,,133.719267,34.546639,200,公設
332020,0100002617,岡山県倉敷市,消火栓,332020,,倉敷市連島中央５丁目１２番６号地先,岡山県,倉敷市,,,,133.722777,34.545808,200,公設
332020,0100002618,岡山県倉敷市,消火栓,332020,,倉敷市連島町西之浦２８３番地地先,岡山県,倉敷市,,,,133.716102,34.547842,200,公設
332020,0100002619,岡山県倉敷市,消火栓,332020,,倉敷市神田１丁目１９番２６号地先,岡山県,倉敷市,,,,133.731841,34.536975,150,公設
332020,0100002620,岡山県倉敷市,消火栓,332020,,倉敷市連島町西之浦９０６番地地先,岡山県,倉敷市,,,,133.707493,34.551931,200,公設
332020,0100002621,岡山県倉敷市,消火栓,332020,,倉敷市連島町西之浦６７５番地５地先,岡山県,倉敷市,,,,133.708994,34.550759,200,公設
332020,0100002622,岡山県倉敷市,消火栓,332020,,倉敷市連島町西之浦６８５番地地先,岡山県,倉敷市,,,,133.710525,34.550016,200,公設
332020,0100002623,岡山県倉敷市,消火栓,332020,,倉敷市連島町鶴新田２８９３番地１地先,岡山県,倉敷市,,,,133.704547,34.538934,100,公設
332020,0100002624,岡山県倉敷市,消火栓,332020,,倉敷市連島町鶴新田２９３２－３地先,岡山県,倉敷市,,,,133.704444,34.542219,75,公設
332020,0100002625,岡山県倉敷市,消火栓,332020,,倉敷市連島町西之浦５７６０番地２地先,岡山県,倉敷市,,,,133.704954,34.563374,150,公設
332020,0100002626,岡山県倉敷市,消火栓,332020,,倉敷市連島町西之浦５７３０番地３１地先,岡山県,倉敷市,,,,133.704824,34.56258,150,公設
332020,0100002627,岡山県倉敷市,消火栓,332020,,倉敷市連島町西之浦５７０９番地１地先,岡山県,倉敷市,,,,133.704605,34.561869,150,公設
332020,0100002628,岡山県倉敷市,消火栓,332020,,倉敷市連島町西之浦５６９６番地地先,岡山県,倉敷市,,,,133.704717,34.56116,150,公設
332020,0100002629,岡山県倉敷市,消火栓,332020,,倉敷市連島町西之浦５６８５番地３地先,岡山県,倉敷市,,,,133.705002,34.560223,150,公設
332020,0100002630,岡山県倉敷市,消火栓,332020,,倉敷市連島町西之浦５６３４番地地先,岡山県,倉敷市,,,,133.705371,34.558771,150,公設
332020,0100002631,岡山県倉敷市,消火栓,332020,,倉敷市連島町西之浦１０７０番地１地先,岡山県,倉敷市,,,,133.707075,34.553283,150,公設
332020,0100002632,岡山県倉敷市,消火栓,332020,,倉敷市連島町西之浦１０９７番地地先,岡山県,倉敷市,,,,133.708125,34.552242,150,公設
332020,0100002633,岡山県倉敷市,消火栓,332020,,倉敷市連島町矢柄５９３６番地７地先,岡山県,倉敷市,,,,133.728534,34.553963,100,公設
332020,0100002634,岡山県倉敷市,消火栓,332020,,倉敷市連島町連島６３番地地先,岡山県,倉敷市,,,,133.748196,34.560293,100,公設
332020,0100002635,岡山県倉敷市,消火栓,332020,,倉敷市連島町連島８０番地地先,岡山県,倉敷市,,,,133.748131,34.559039,100,公設
332020,0100002637,岡山県倉敷市,消火栓,332020,,倉敷市連島町亀島新田１７５番地地先,岡山県,倉敷市,,,,133.7272,34.550997,75,公設
332020,0100002638,岡山県倉敷市,消火栓,332020,,倉敷市亀島２丁目１２番２２号地先,岡山県,倉敷市,,,,133.727324,34.541341,75,公設
332020,0100002639,岡山県倉敷市,消火栓,332020,,倉敷市連島町鶴新田４０８番地地先,岡山県,倉敷市,,,,133.711773,34.541272,200,公設
332020,0100002640,岡山県倉敷市,消火栓,332020,,倉敷市連島町鶴新田４７３番地３地,岡山県,倉敷市,,,,133.710414,34.539791,200,公設
332020,0100002641,岡山県倉敷市,消火栓,332020,,倉敷市連島町連島５１３番地地先,岡山県,倉敷市,,,,133.745396,34.558731,100,公設
332020,0100002642,岡山県倉敷市,消火栓,332020,,倉敷市連島町連島７２０番地４地先,岡山県,倉敷市,,,,133.742572,34.554255,200,公設
332020,0100002643,岡山県倉敷市,消火栓,332020,,倉敷市連島４丁目６番６号地先,岡山県,倉敷市,,,,133.740869,34.553068,200,公設
332020,0100002644,岡山県倉敷市,消火栓,332020,,倉敷市連島５丁目９番５号地先,岡山県,倉敷市,,,,133.739251,34.552331,200,公設
332020,0100002646,岡山県倉敷市,消火栓,332020,,倉敷市連島町連島９２３,岡山県,倉敷市,,,,133.735261,34.551528,200,公設
332020,0100002647,岡山県倉敷市,消火栓,332020,,倉敷市連島中央２丁目８番４号地先,岡山県,倉敷市,,,,133.734204,34.55136,100,公設
332020,0100002648,岡山県倉敷市,消火栓,332020,,倉敷市連島町連島３６番地の２地先,岡山県,倉敷市,,,,133.748033,34.561708,100,公設
332020,0100002649,岡山県倉敷市,消火栓,332020,,倉敷市連島町連島６３番地の１０８地先,岡山県,倉敷市,,,,133.748291,34.559624,100,公設
332020,0100002650,岡山県倉敷市,消火栓,332020,,倉敷市連島町連島１１０番地の４０地先,岡山県,倉敷市,,,,133.74822,34.558011,100,公設
332020,0100002651,岡山県倉敷市,消火栓,332020,,倉敷市連島町連島１１０番地の１地先,岡山県,倉敷市,,,,133.747893,34.556048,100,公設
332020,0100002652,岡山県倉敷市,消火栓,332020,,倉敷市連島町連島１４２番地の５４地先,岡山県,倉敷市,,,,133.74624,34.553026,100,公設
332020,0100002653,岡山県倉敷市,消火栓,332020,,倉敷市連島町鶴新田１１２９番地の１０地先,岡山県,倉敷市,,,,133.720567,34.543195,100,公設
332020,0100002654,岡山県倉敷市,消火栓,332020,,倉敷市連島町鶴新田５５０番地地先,岡山県,倉敷市,,,,133.715079,34.541091,200,公設
332020,0100002655,岡山県倉敷市,消火栓,332020,,倉敷市連島町鶴新田８８８番地地先,岡山県,倉敷市,,,,133.716214,34.539981,100,公設
332020,0100002656,岡山県倉敷市,消火栓,332020,,倉敷市連島町西之浦６４２番地の５地先,岡山県,倉敷市,,,,133.710651,34.551168,100,公設
332020,0100002657,岡山県倉敷市,消火栓,332020,,倉敷市連島町鶴新田３１７８番地地先,岡山県,倉敷市,,,,133.719542,34.546153,200,公設
332020,0100002658,岡山県倉敷市,消火栓,332020,,倉敷市連島町鶴新田１２５９番地地先,岡山県,倉敷市,,,,133.717856,34.543639,200,公設
332020,0100002659,岡山県倉敷市,消火栓,332020,,倉敷市連島町西之浦５６１１番地地先,岡山県,倉敷市,,,,133.706345,34.561262,75,公設
332020,0100002660,岡山県倉敷市,消火栓,332020,,倉敷市連島町西之浦５５９４番地,岡山県,倉敷市,,,,133.705819,34.562224,75,公設
332020,0100002661,岡山県倉敷市,消火栓,332020,,倉敷市連島町亀島新田４６７番地の５地先,岡山県,倉敷市,,,,133.73236,34.551418,200,公設
332020,0100002662,岡山県倉敷市,消火栓,332020,,倉敷市連島町西之浦５８２７番地地先,岡山県,倉敷市,,,,133.704213,34.558466,75,公設
332020,0100002663,岡山県倉敷市,消火栓,332020,,倉敷市連島町連島３６番地の７８地先,岡山県,倉敷市,,,,133.747237,34.562553,75,公設
332020,0100002664,岡山県倉敷市,消火栓,332020,,倉敷市連島町西之浦５３１－３,岡山県,倉敷市,,,,133.721415,34.547725,500,公設
332020,0100002665,岡山県倉敷市,消火栓,332020,,倉敷市連島町鶴新田１１０２番地の３地先,岡山県,倉敷市,,,,133.718547,34.54461,200,公設
332020,0100002666,岡山県倉敷市,消火栓,332020,,倉敷市連島町鶴新田１１１７番地の１地先,岡山県,倉敷市,,,,133.72028,34.54385,100,公設
332020,0100002667,岡山県倉敷市,消火栓,332020,,倉敷市連島町西之浦５５３番地地先,岡山県,倉敷市,,,,133.719921,34.548134,100,公設
332020,0100002668,岡山県倉敷市,消火栓,332020,,倉敷市連島町西之浦３５３番地１,岡山県,倉敷市,,,,133.715061,34.549442,100,公設
332020,0100002669,岡山県倉敷市,消火栓,332020,,倉敷市連島町西之浦６３０－３,岡山県,倉敷市,,,,133.71082,34.55066,100,公設
332020,0100002670,岡山県倉敷市,消火栓,332020,,倉敷市連島中央５丁目１８番１８号地先,岡山県,倉敷市,,,,133.723972,34.547711,500,公設
332020,0100002671,岡山県倉敷市,消火栓,332020,,倉敷市亀島１丁目１８番１５号地先,岡山県,倉敷市,,,,133.730771,34.53713,150,公設
332020,0100002672,岡山県倉敷市,消火栓,332020,,倉敷市亀島１丁目２６番５２号地先,岡山県,倉敷市,,,,133.729308,34.539454,150,公設
332020,0100002673,岡山県倉敷市,消火栓,332020,,倉敷市亀島２丁目１４番４４号地先,岡山県,倉敷市,,,,133.727528,34.542179,150,公設
332020,0100002674,岡山県倉敷市,消火栓,332020,,倉敷市亀島２丁目２４番２３号地先,岡山県,倉敷市,,,,133.726523,34.543768,150,公設
332020,0100002675,岡山県倉敷市,消火栓,332020,,倉敷市連島町鶴新田１７３番地地先,岡山県,倉敷市,,,,133.709085,34.545403,150,公設
332020,0100002676,岡山県倉敷市,消火栓,332020,,倉敷市連島町鶴新田３２９番地先,岡山県,倉敷市,,,,133.709032,34.542182,150,公設
332020,0100002677,岡山県倉敷市,消火栓,332020,,倉敷市連島中央２丁目２番２５号地先,岡山県,倉敷市,,,,133.735897,34.54984,200,公設
332020,0100002678,岡山県倉敷市,消火栓,332020,,倉敷市連島２丁目１番３８号地先,岡山県,倉敷市,,,,133.736907,34.548068,250,公設
332020,0100002679,岡山県倉敷市,消火栓,332020,,倉敷市連島１丁目１７番１２号地先,岡山県,倉敷市,,,,133.737395,34.546605,250,公設
332020,0100002680,岡山県倉敷市,消火栓,332020,,倉敷市連島１丁目１０番３５号地先,岡山県,倉敷市,,,,133.738133,34.544959,250,公設
332020,0100002681,岡山県倉敷市,消火栓,332020,,倉敷市連島町西之浦１４９１番地地先,岡山県,倉敷市,,,,133.707075,34.558269,150,公設
332020,0100002682,岡山県倉敷市,消火栓,332020,,倉敷市連島１丁目２番４号地先,岡山県,倉敷市,,,,133.738679,34.543804,250,公設
332020,0100002683,岡山県倉敷市,消火栓,332020,,倉敷市連島町鶴新田１５４８番地地先,岡山県,倉敷市,,,,133.719012,34.539149,200,公設
332020,0100002684,岡山県倉敷市,消火栓,332020,,倉敷市連島中央４丁目１４番１４号地先,岡山県,倉敷市,,,,133.726947,34.549567,350,公設
332020,0100002685,岡山県倉敷市,消火栓,332020,,倉敷市連島町亀島新田２７１番地先,岡山県,倉敷市,,,,133.728985,34.550373,350,公設
332020,0100002686,岡山県倉敷市,消火栓,332020,,倉敷市連島中央３丁目１４番３号地先,岡山県,倉敷市,,,,133.731132,34.550788,350,公設
332020,0100002687,岡山県倉敷市,消火栓,332020,,倉敷市連島中央２丁目５番４号地先,岡山県,倉敷市,,,,133.732756,34.551112,100,公設
332020,0100002688,岡山県倉敷市,消火栓,332020,,倉敷市連島中央５丁目２７番１１号地先,岡山県,倉敷市,,,,133.724898,34.548464,350,公設
332020,0100002689,岡山県倉敷市,消火栓,332020,,倉敷市連島町矢柄６０２８番地先,岡山県,倉敷市,,,,133.73044,34.554223,200,公設
332020,0100002690,岡山県倉敷市,消火栓,332020,,倉敷市亀島１丁目４番５号地先,岡山県,倉敷市,,,,133.731432,34.533202,150,公設
332020,0100002691,岡山県倉敷市,消火栓,332020,,倉敷市水島北亀島町１番１４号地先,岡山県,倉敷市,,,,133.730956,34.532042,150,公設
332020,0100002692,岡山県倉敷市,消火栓,332020,,倉敷市亀島１丁目１１番３号地先,岡山県,倉敷市,,,,133.730602,34.535189,75,公設
332020,0100002693,岡山県倉敷市,消火栓,332020,,倉敷市連島町矢柄６２３６番地,岡山県,倉敷市,,,,133.730679,34.552038,100,公設
332020,0100002694,岡山県倉敷市,消火栓,332020,,倉敷市連島町矢柄５８７７番地１１地先,岡山県,倉敷市,,,,133.729385,34.552737,150,公設
332020,0100002695,岡山県倉敷市,消火栓,332020,,倉敷市連島町西之浦３６９番地２地先,岡山県,倉敷市,,,,133.71539,34.550591,75,公設
332020,0100002696,岡山県倉敷市,消火栓,332020,,倉敷市水島川崎通１丁目３０４４番地地先,岡山県,倉敷市,,,,133.70713,34.531157,75,公設
332020,0100002697,岡山県倉敷市,消火栓,332020,,倉敷市連島町鶴新田２７９２番地先,岡山県,倉敷市,,,,133.70634,34.531911,100,公設
332020,0100002698,岡山県倉敷市,消火栓,332020,,倉敷市亀島１丁目１５番１１号地先,岡山県,倉敷市,,,,133.729716,34.536512,75,公設
332020,0100002699,岡山県倉敷市,消火栓,332020,,倉敷市亀島２丁目７番３号地先,岡山県,倉敷市,,,,133.727001,34.538992,150,公設
332020,0100002700,岡山県倉敷市,消火栓,332020,,倉敷市亀島２丁目１８番２３号地先,岡山県,倉敷市,,,,133.726002,34.541384,75,公設
332020,0100002701,岡山県倉敷市,消火栓,332020,,倉敷市亀島２丁目１５番１４号地先,岡山県,倉敷市,,,,133.726571,34.541695,75,公設
332020,0100002702,岡山県倉敷市,消火栓,332020,,倉敷市連島町西之浦２０１番地地先,岡山県,倉敷市,,,,133.72025,34.551152,75,公設
332020,0100002703,岡山県倉敷市,消火栓,332020,,倉敷市連島町西之浦５６番地地先,岡山県,倉敷市,,,,133.722634,34.549611,75,公設
332020,0100002704,岡山県倉敷市,消火栓,332020,,倉敷市亀島２丁目２０番２０号地先,岡山県,倉敷市,,,,133.724844,34.542407,100,公設
332020,0100002705,岡山県倉敷市,消火栓,332020,,倉敷市連島町矢柄６１７２番地３地先,岡山県,倉敷市,,,,133.734594,34.552281,200,公設
332020,0100002706,岡山県倉敷市,消火栓,332020,,倉敷市連島４丁目７番２号地先,岡山県,倉敷市,,,,133.741489,34.553515,200,公設
332020,0100002707,岡山県倉敷市,消火栓,332020,,倉敷市連島町連島４９５番地３地先,岡山県,倉敷市,,,,133.744854,34.557047,100,公設
332020,0100002708,岡山県倉敷市,消火栓,332020,,倉敷市連島町連島５４７番地先,岡山県,倉敷市,,,,133.745891,34.559683,100,公設
332020,0100002709,岡山県倉敷市,消火栓,332020,,倉敷市連島町連島５６番地３地先,岡山県,倉敷市,,,,133.746862,34.561093,250,公設
332020,0100002710,岡山県倉敷市,消火栓,332020,,倉敷市連島町連島４０番地２地先,岡山県,倉敷市,,,,133.746595,34.562103,250,公設
332020,0100002711,岡山県倉敷市,消火栓,332020,,倉敷市連島町連島３５番地２６地先,岡山県,倉敷市,,,,133.746458,34.563375,250,公設
332020,0100002712,岡山県倉敷市,消火栓,332020,,倉敷市連島町鶴新田８８１番地先,岡山県,倉敷市,,,,133.713375,34.541968,200,公設
332020,0100002713,岡山県倉敷市,消火栓,332020,,倉敷市連島町連島３８番地地先,岡山県,倉敷市,,,,133.74864,34.56312,75,公設
332020,0100002714,岡山県倉敷市,消火栓,332020,,倉敷市連島町矢柄５６５８番地先,岡山県,倉敷市,,,,133.727509,34.555053,75,公設
332020,0100002715,岡山県倉敷市,消火栓,332020,,倉敷市連島町西之浦３２１番地３地先,岡山県,倉敷市,,,,133.714025,34.550301,75,公設
332020,0100002716,岡山県倉敷市,消火栓,332020,,倉敷市連島町連島１００８番地地先,岡山県,倉敷市,,,,133.736421,34.553531,75,公設
332020,0100002717,岡山県倉敷市,消火栓,332020,,倉敷市連島町連島９２６番地先,岡山県,倉敷市,,,,133.735463,34.552284,200,公設
332020,0100002718,岡山県倉敷市,消火栓,332020,,倉敷市連島町連島３３番６４号地先,岡山県,倉敷市,,,,133.745922,34.564251,75,公設
332020,0100002719,岡山県倉敷市,消火栓,332020,,倉敷市連島町連島３３番地２地先,岡山県,倉敷市,,,,133.744637,34.565961,75,公設
332020,0100002720,岡山県倉敷市,消火栓,332020,,倉敷市連島町連島１４２番地の２７２地先,岡山県,倉敷市,,,,133.74883,34.555761,100,公設
332020,0100002721,岡山県倉敷市,消火栓,332020,,倉敷市連島町鶴新田２８０６番地地先,岡山県,倉敷市,,,,133.70564,34.533248,100,公設
332020,0100002722,岡山県倉敷市,消火栓,332020,,倉敷市連島町鶴新田２５５５番地地先,岡山県,倉敷市,,,,133.707181,34.53326,100,公設
332020,0100002723,岡山県倉敷市,消火栓,332020,,倉敷市連島町鶴新田２５７０番地の８地先,岡山県,倉敷市,,,,133.708338,34.532632,100,公設
332020,0100002724,岡山県倉敷市,消火栓,332020,,倉敷市連島町鶴新田２７５１番地地先,岡山県,倉敷市,,,,133.709387,34.532093,100,公設
332020,0100002725,岡山県倉敷市,消火栓,332020,,倉敷市神田１丁目７番３９号地先,岡山県,倉敷市,,,,133.734187,34.53638,150,公設
332020,0100002726,岡山県倉敷市,消火栓,332020,,倉敷市神田２丁目６番５７号地先,岡山県,倉敷市,,,,133.735205,34.538404,100,公設
332020,0100002727,岡山県倉敷市,消火栓,332020,,倉敷市神田２丁目５番４９号地先,岡山県,倉敷市,,,,133.736015,34.540159,75,公設
332020,0100002728,岡山県倉敷市,消火栓,332020,,倉敷市神田２丁目３番３３号地先,岡山県,倉敷市,,,,133.73889,34.54228,200,公設
332020,0100002729,岡山県倉敷市,消火栓,332020,,倉敷市連島町連島３７番１４号地先,岡山県,倉敷市,,,,133.749078,34.561581,350,公設
332020,0100002730,岡山県倉敷市,消火栓,332020,,倉敷市連島町連島６３番地地先,岡山県,倉敷市,,,,133.74923,34.560723,350,公設
332020,0100002731,岡山県倉敷市,消火栓,332020,,倉敷市連島町連島６３番地先,岡山県,倉敷市,,,,133.749618,34.558252,350,公設
332020,0100002732,岡山県倉敷市,消火栓,332020,,倉敷市連島町連島１１０番地先,岡山県,倉敷市,,,,133.749819,34.557022,350,公設
332020,0100002733,岡山県倉敷市,消火栓,332020,,倉敷市連島町鶴新田３１３０－４,岡山県,倉敷市,,,,133.725594,34.538879,150,公設
332020,0100002734,岡山県倉敷市,消火栓,332020,,倉敷市水島川崎通１丁目１番１８２号地先,岡山県,倉敷市,,,,133.725237,34.540248,150,公設
332020,0100002735,岡山県倉敷市,消火栓,332020,,倉敷市水島川崎通１丁目１番９５号地先,岡山県,倉敷市,,,,133.724453,34.541542,150,公設
332020,0100002736,岡山県倉敷市,消火栓,332020,,倉敷市水島川崎通１丁目地先,岡山県,倉敷市,,,,133.723783,34.542642,150,公設
332020,0100002737,岡山県倉敷市,消火栓,332020,,倉敷市水島川崎通１丁目１番１９号地先,岡山県,倉敷市,,,,133.722821,34.544193,150,公設
332020,0100002738,岡山県倉敷市,消火栓,332020,,倉敷市水島川崎通１丁目１番３１号地先,岡山県,倉敷市,,,,133.723719,34.543542,75,公設
332020,0100002739,岡山県倉敷市,消火栓,332020,,倉敷市水島川崎通１丁目１番５８号地先,岡山県,倉敷市,,,,133.72437,34.542192,75,公設
332020,0100002740,岡山県倉敷市,消火栓,332020,,倉敷市水島川崎通１丁目１番１６１号地先,岡山県,倉敷市,,,,133.725511,34.540671,75,公設
332020,0100002741,岡山県倉敷市,消火栓,332020,,倉敷市亀島２丁目１８番１３号地先,岡山県,倉敷市,,,,133.725518,34.54208,75,公設
332020,0100002742,岡山県倉敷市,消火栓,332020,,倉敷市連島町鶴新田２１８３－８地先,岡山県,倉敷市,,,,133.714552,34.534746,200,公設
332020,0100002743,岡山県倉敷市,消火栓,332020,,倉敷市連島町西之浦７７０番地先,岡山県,倉敷市,,,,133.708736,34.550355,100,公設
332020,0100002744,岡山県倉敷市,消火栓,332020,,倉敷市連島町西之浦８００－１０地先,岡山県,倉敷市,,,,133.708148,34.54919,100,公設
332020,0100002745,岡山県倉敷市,消火栓,332020,,倉敷市神田１丁目２０番３号地先,岡山県,倉敷市,,,,133.732291,34.537926,150,公設
332020,0100002746,岡山県倉敷市,消火栓,332020,,倉敷市連島町連島３５－４７地先,岡山県,倉敷市,,,,133.744808,34.565524,250,公設
332020,0100002747,岡山県倉敷市,消火栓,332020,,倉敷市連島町連島１８８７－１地先,岡山県,倉敷市,,,,133.743347,34.565546,150,公設
332020,0100002748,岡山県倉敷市,消火栓,332020,,倉敷市連島町連島１７９３地先,岡山県,倉敷市,,,,133.743167,34.563854,100,公設
332020,0100002749,岡山県倉敷市,消火栓,332020,,倉敷市連島町連島１６２６番地先,岡山県,倉敷市,,,,133.741656,34.560862,150,公設
332020,0100002750,岡山県倉敷市,消火栓,332020,,倉敷市亀島１丁目３３番４４号地先,岡山県,倉敷市,,,,133.727744,34.539414,200,公設
332020,0100002751,岡山県倉敷市,消火栓,332020,,倉敷市神田３丁目８番４１号地先,岡山県,倉敷市,,,,133.730278,34.539831,150,公設
332020,0100002752,岡山県倉敷市,消火栓,332020,,倉敷市亀島１丁目２２番１７号地先,岡山県,倉敷市,,,,133.731166,34.538736,75,公設
332020,0100002753,岡山県倉敷市,消火栓,332020,,倉敷市神田２丁目３番４５号地先,岡山県,倉敷市,,,,133.737817,34.541068,75,公設
332020,0100002754,岡山県倉敷市,消火栓,332020,,倉敷市連島町連島２５４５番地先,岡山県,倉敷市,,,,133.739686,34.559527,100,公設
332020,0100002755,岡山県倉敷市,消火栓,332020,,倉敷市神田１丁目７番３１号地先,岡山県,倉敷市,,,,133.735262,34.536019,100,公設
332020,0100002756,岡山県倉敷市,消火栓,332020,,倉敷市神田１丁目１４番４号地先,岡山県,倉敷市,,,,133.733153,34.536687,100,公設
332020,0100002757,岡山県倉敷市,消火栓,332020,,倉敷市亀島１丁目２０番２０号,岡山県,倉敷市,,,,133.731673,34.537218,150,公設
332020,0100002758,岡山県倉敷市,消火栓,332020,,倉敷市亀島１丁目２１番２４号地先,岡山県,倉敷市,,,,133.732221,34.538401,150,公設
332020,0100002759,岡山県倉敷市,消火栓,332020,,倉敷市神田３丁目１番５２号地先,岡山県,倉敷市,,,,133.732592,34.539217,250,公設
332020,0100002760,岡山県倉敷市,消火栓,332020,,倉敷市神田３丁目２番４４号,岡山県,倉敷市,,,,133.733335,34.540866,250,公設
332020,0100002761,岡山県倉敷市,消火栓,332020,,倉敷市神田３丁目２番１２号地先,岡山県,倉敷市,,,,133.733984,34.542266,250,公設
332020,0100002762,岡山県倉敷市,消火栓,332020,,倉敷市神田３丁目３番２８号地先,岡山県,倉敷市,,,,133.734608,34.543625,250,公設
332020,0100002763,岡山県倉敷市,消火栓,332020,,倉敷市連島中央１丁目２番１号地先,岡山県,倉敷市,,,,133.732744,34.544616,500,公設
332020,0100002764,岡山県倉敷市,消火栓,332020,,倉敷市連島中央１丁目９番３８号地先,岡山県,倉敷市,,,,133.730984,34.545199,500,公設
332020,0100002765,岡山県倉敷市,消火栓,332020,,倉敷市連島中央４丁目４番３０号地先,岡山県,倉敷市,,,,133.728642,34.545758,500,公設
332020,0100002766,岡山県倉敷市,消火栓,332020,,倉敷市連島中央４丁目４番４号地先,岡山県,倉敷市,,,,133.727084,34.546189,500,公設
332020,0100002767,岡山県倉敷市,消火栓,332020,,倉敷市連島中央５丁目３１番２８号地先,岡山県,倉敷市,,,,133.725511,34.546613,500,公設
332020,0100002768,岡山県倉敷市,消火栓,332020,,倉敷市連島町連島２８９３番地地先,岡山県,倉敷市,,,,133.734601,34.553549,200,公設
332020,0100002769,岡山県倉敷市,消火栓,332020,,倉敷市連島中央５丁目２８番１０号地先,岡山県,倉敷市,,,,133.725028,34.547502,500,公設
332020,0100002770,岡山県倉敷市,消火栓,332020,,倉敷市連島中央４丁目１０番１２号地先,岡山県,倉敷市,,,,133.727568,34.548818,100,公設
332020,0100002771,岡山県倉敷市,消火栓,332020,,倉敷市連島町矢柄６１６９番地地先,岡山県,倉敷市,,,,133.734517,34.55287,150,公設
332020,0100002772,岡山県倉敷市,消火栓,332020,,倉敷市連島町連島２８８１番地地先,岡山県,倉敷市,,,,133.735018,34.555156,150,公設
332020,0100002773,岡山県倉敷市,消火栓,332020,,倉敷市連島町西之浦５０番地地先,岡山県,倉敷市,,,,133.7218,34.549413,100,公設
332020,0100002774,岡山県倉敷市,消火栓,332020,,倉敷市連島町西之浦２６番地地先,岡山県,倉敷市,,,,133.720068,34.550109,75,公設
332020,0100002775,岡山県倉敷市,消火栓,332020,,倉敷市連島町西之浦８８６番地地先,岡山県,倉敷市,,,,133.707521,34.550523,100,公設
332020,0100002776,岡山県倉敷市,消火栓,332020,,倉敷市鶴の浦３丁目２番９号地先,岡山県,倉敷市,,,,133.706901,34.548283,250,公設
332020,0100002777,岡山県倉敷市,消火栓,332020,,倉敷市鶴の浦１丁目５番５号地先,岡山県,倉敷市,,,,133.70677,34.547468,250,公設
332020,0100002778,岡山県倉敷市,消火栓,332020,,倉敷市亀島２丁目２２番２２号地先,岡山県,倉敷市,,,,133.724958,34.543813,75,公設
332020,0100002779,岡山県倉敷市,消火栓,332020,,倉敷市連島町鶴新田２６７０番地地先,岡山県,倉敷市,,,,133.711338,34.529514,75,公設
332020,0100002780,岡山県倉敷市,消火栓,332020,,倉敷市連島町鶴新田３０９６番地地先,岡山県,倉敷市,,,,133.721981,34.531375,200,公設
332020,0100002781,岡山県倉敷市,消火栓,332020,,倉敷市連島町鶴新田１９９２番地の２地先,岡山県,倉敷市,,,,133.706187,34.541198,100,公設
332020,0100002782,岡山県倉敷市,消火栓,332020,,倉敷市鶴の浦２丁目６番１１号地先,岡山県,倉敷市,,,,133.707844,34.542755,100,公設
332020,0100002783,岡山県倉敷市,消火栓,332020,,倉敷市連島町亀島新田１３７番地地先,岡山県,倉敷市,,,,133.725835,34.550222,100,公設
332020,0100002784,岡山県倉敷市,消火栓,332020,,倉敷市連島町亀島新田１６７番地地先,岡山県,倉敷市,,,,133.72792,34.551619,100,公設
332020,0100002785,岡山県倉敷市,消火栓,332020,,倉敷市神田４丁目５番１４号地先,岡山県,倉敷市,,,,133.728055,34.544074,100,公設
332020,0100002786,岡山県倉敷市,消火栓,332020,,倉敷市連島町鶴新田１９２４番地地先,岡山県,倉敷市,,,,133.712186,34.537856,150,公設
332020,0100002787,岡山県倉敷市,消火栓,332020,,倉敷市連島町鶴新田１９２７番地の１地先,岡山県,倉敷市,,,,133.710301,34.538079,150,公設
332020,0100002788,岡山県倉敷市,消火栓,332020,,倉敷市連島３丁目４番７号地先,岡山県,倉敷市,,,,133.743512,34.553248,100,公設
332020,0100002789,岡山県倉敷市,消火栓,332020,,倉敷市連島４丁目１番２８号地先,岡山県,倉敷市,,,,133.74256,34.552648,100,公設
332020,0100002790,岡山県倉敷市,消火栓,332020,,倉敷市連島３丁目５番１号地先,岡山県,倉敷市,,,,133.742896,34.551582,75,公設
332020,0100002791,岡山県倉敷市,消火栓,332020,,倉敷市連島２丁目１３番１６号地先,岡山県,倉敷市,,,,133.742559,34.549604,100,公設
332020,0100002792,岡山県倉敷市,消火栓,332020,,倉敷市連島２丁目１０番３９号地先,岡山県,倉敷市,,,,133.740498,34.550033,75,公設
332020,0100002793,岡山県倉敷市,消火栓,332020,,倉敷市連島２丁目１０番２０号地先,岡山県,倉敷市,,,,133.740812,34.550946,150,公設
332020,0100002794,岡山県倉敷市,消火栓,332020,,倉敷市連島４丁目４番３４号地先,岡山県,倉敷市,,,,133.740269,34.551911,75,公設
332020,0100002795,岡山県倉敷市,消火栓,332020,,倉敷市連島５丁目２５０,岡山県,倉敷市,,,,133.738023,34.550749,75,公設
332020,0100002796,岡山県倉敷市,消火栓,332020,,倉敷市連島２丁目９番２５号地先,岡山県,倉敷市,,,,133.738137,34.549882,150,公設
332020,0100002797,岡山県倉敷市,消火栓,332020,,倉敷市連島２丁目７番３６号地先,岡山県,倉敷市,,,,133.738548,34.548499,75,公設
332020,0100002798,岡山県倉敷市,消火栓,332020,,倉敷市連島２丁目１１番３５号地先,岡山県,倉敷市,,,,133.740365,34.548945,75,公設
332020,0100002799,岡山県倉敷市,消火栓,332020,,倉敷市連島２丁目３番２５号地先,岡山県,倉敷市,,,,133.741351,34.54754,100,公設
332020,0100002800,岡山県倉敷市,消火栓,332020,,倉敷市連島１丁目６番１８号地先,岡山県,倉敷市,,,,133.740731,34.54663,75,公設
332020,0100002801,岡山県倉敷市,消火栓,332020,,倉敷市連島２丁目２番３４号地先,岡山県,倉敷市,,,,133.739502,34.547273,100,公設
332020,0100002802,岡山県倉敷市,消火栓,332020,,倉敷市連島１丁目１７番７号地先,岡山県,倉敷市,,,,133.737912,34.547533,75,公設
332020,0100002803,岡山県倉敷市,消火栓,332020,,倉敷市連島２丁目９番２号地先,岡山県,倉敷市,,,,133.736393,34.549241,150,公設
332020,0100002804,岡山県倉敷市,消火栓,332020,,倉敷市連島中央２丁目１番２３号地先,岡山県,倉敷市,,,,133.734133,34.548775,100,公設
332020,0100002805,岡山県倉敷市,消火栓,332020,,倉敷市連島中央２丁目３番２号地先,岡山県,倉敷市,,,,133.733696,34.55009,75,公設
332020,0100002806,岡山県倉敷市,消火栓,332020,,倉敷市連島中央３丁目３番１１号地先,岡山県,倉敷市,,,,133.731576,34.549443,75,公設
332020,0100002807,岡山県倉敷市,消火栓,332020,,倉敷市連島中央３丁目１番１８号地先,岡山県,倉敷市,,,,133.732346,34.547789,75,公設
332020,0100002808,岡山県倉敷市,消火栓,332020,,倉敷市連島中央１丁目１０番２０号地先,岡山県,倉敷市,,,,133.732621,34.547615,100,公設
332020,0100002809,岡山県倉敷市,消火栓,332020,,倉敷市連島１丁目３番１７号地先,岡山県,倉敷市,,,,133.739683,34.544687,100,公設
332020,0100002810,岡山県倉敷市,消火栓,332020,,倉敷市連島１丁目１５番３５号地先,岡山県,倉敷市,,,,133.737122,34.54566,100,公設
332020,0100002811,岡山県倉敷市,消火栓,332020,,倉敷市連島中央１丁目４番４０号地先,岡山県,倉敷市,,,,133.735707,34.54602,100,公設
332020,0100002812,岡山県倉敷市,消火栓,332020,,倉敷市連島中央１丁目６番２８号地先,岡山県,倉敷市,,,,133.734076,34.546773,75,公設
332020,0100002813,岡山県倉敷市,消火栓,332020,,倉敷市連島中央１丁目１０番３７号地先,岡山県,倉敷市,,,,133.732212,34.546177,75,公設
332020,0100002814,岡山県倉敷市,消火栓,332020,,倉敷市連島中央４丁目１番２６号地先,岡山県,倉敷市,,,,133.731151,34.546522,100,公設
332020,0100002815,岡山県倉敷市,消火栓,332020,,倉敷市連島中央４丁目２番４０号地先,岡山県,倉敷市,,,,133.729345,34.547202,100,公設
332020,0100002816,岡山県倉敷市,消火栓,332020,,倉敷市連島中央５丁目３０番２５号地先,岡山県,倉敷市,,,,133.727819,34.547733,100,公設
332020,0100002817,岡山県倉敷市,消火栓,332020,,倉敷市連島中央４丁目２番１８号地先,岡山県,倉敷市,,,,133.729885,34.548213,75,公設
332020,0100002818,岡山県倉敷市,消火栓,332020,,倉敷市連島中央３丁目５番１５号地先,岡山県,倉敷市,,,,133.729226,34.54923,75,公設
332020,0100002819,岡山県倉敷市,消火栓,332020,,倉敷市神田４丁目３番２４号地先,岡山県,倉敷市,,,,133.73025,34.544928,300,公設
332020,0100002820,岡山県倉敷市,消火栓,332020,,倉敷市神田３丁目１５番２２号地先,岡山県,倉敷市,,,,133.73146,34.544711,100,公設
332020,0100002821,岡山県倉敷市,消火栓,332020,,倉敷市連島１丁目１３番１０号地先,岡山県,倉敷市,,,,133.735465,34.544868,100,公設
332020,0100002822,岡山県倉敷市,消火栓,332020,,倉敷市連島１丁目１３番３７号地先,岡山県,倉敷市,,,,133.736077,34.543495,100,公設
332020,0100002823,岡山県倉敷市,消火栓,332020,,倉敷市神田２丁目４番１４号地先,岡山県,倉敷市,,,,133.73735,34.542804,100,公設
332020,0100002824,岡山県倉敷市,消火栓,332020,,倉敷市神田２丁目１０番５０号地先,岡山県,倉敷市,,,,133.735507,34.541874,75,公設
332020,0100002825,岡山県倉敷市,消火栓,332020,,倉敷市神田３丁目６番３４号地先,岡山県,倉敷市,,,,133.731797,34.542947,100,公設
332020,0100002826,岡山県倉敷市,消火栓,332020,,倉敷市神田３丁目１６番２１号地先,岡山県,倉敷市,,,,133.729872,34.543493,100,公設
332020,0100002827,岡山県倉敷市,消火栓,332020,,倉敷市神田４丁目３番４１号地先,岡山県,倉敷市,,,,133.729615,34.543708,300,公設
332020,0100002828,岡山県倉敷市,消火栓,332020,,倉敷市神田４丁目２番８号地先,岡山県,倉敷市,,,,133.728905,34.542327,300,公設
332020,0100002829,岡山県倉敷市,消火栓,332020,,倉敷市神田３丁目１６番１号地先,岡山県,倉敷市,,,,133.729131,34.542062,100,公設
332020,0100002830,岡山県倉敷市,消火栓,332020,,倉敷市神田３丁目７番１２号地先,岡山県,倉敷市,,,,133.73105,34.541551,100,公設
332020,0100002831,岡山県倉敷市,消火栓,332020,,倉敷市神田２丁目１２番４１号地先,岡山県,倉敷市,,,,133.734782,34.540556,100,公設
332020,0100002832,岡山県倉敷市,消火栓,332020,,倉敷市神田２丁目２番３７号地先,岡山県,倉敷市,,,,133.738112,34.539704,75,公設
332020,0100002833,岡山県倉敷市,消火栓,332020,,倉敷市神田２丁目１番４６号地先,岡山県,倉敷市,,,,133.737055,34.549303,100,公設
332020,0100002834,岡山県倉敷市,消火栓,332020,,倉敷市神田１丁目１５番２１号地先,岡山県,倉敷市,,,,133.733923,34.554979,100,公設
332020,0100002835,岡山県倉敷市,消火栓,332020,,倉敷市神田１丁目５番２５号地先,岡山県,倉敷市,,,,133.736597,34.538074,75,公設
332020,0100002836,岡山県倉敷市,消火栓,332020,,倉敷市連島町鶴新田２２８５番地地先,岡山県,倉敷市,,,,133.706403,34.536351,200,公設
332020,0100002837,岡山県倉敷市,消火栓,332020,,倉敷市連島１丁目１０番３２号地先,岡山県,倉敷市,,,,133.738035,34.544581,75,公設
332020,0100002838,岡山県倉敷市,消火栓,332020,,倉敷市連島町西之浦３８３番地先,岡山県,倉敷市,,,,133.716998,34.550857,100,公設
332020,0100002839,岡山県倉敷市,消火栓,332020,,倉敷市連島町鶴新田１０８１番地の７地先,岡山県,倉敷市,,,,133.715958,34.545292,200,公設
332020,0100002840,岡山県倉敷市,消火栓,332020,,倉敷市連島町鶴新田２２５８番地の５地先,岡山県,倉敷市,,,,133.707058,34.537276,200,公設
332020,0100002841,岡山県倉敷市,消火栓,332020,,倉敷市亀島２丁目１４番１５号地先,岡山県,倉敷市,,,,133.726193,34.542944,75,公設
332020,0100002842,岡山県倉敷市,消火栓,332020,,倉敷市連島町亀島新田２５１番地地先,岡山県,倉敷市,,,,133.729881,34.551228,100,公設
332020,0100002843,岡山県倉敷市,消火栓,332020,,倉敷市連島中央５丁目８番３４号地先,岡山県,倉敷市,,,,133.724835,34.545411,75,公設
332020,0100002844,岡山県倉敷市,消火栓,332020,,倉敷市連島中央５丁目１６番１９号地先,岡山県,倉敷市,,,,133.724061,34.54637,75,公設
332020,0100002845,岡山県倉敷市,消火栓,332020,,倉敷市連島１丁目１２番１６号地先,岡山県,倉敷市,,,,133.737191,34.544256,75,公設
332020,0100002846,岡山県倉敷市,消火栓,332020,,倉敷市連島町西之浦１４９４番地の７地先,岡山県,倉敷市,,,,133.706017,34.559014,100,公設
332020,0100002847,岡山県倉敷市,消火栓,332020,,倉敷市連島町連島２５５１番地の１地先,岡山県,倉敷市,,,,133.73873,34.560225,150,公設
332020,0100002848,岡山県倉敷市,消火栓,332020,,倉敷市連島町連島３４２４番地の３地先,岡山県,倉敷市,,,,133.738529,34.560535,150,公設
332020,0100002849,岡山県倉敷市,消火栓,332020,,倉敷市連島町連島２４２４番地の３０地先,岡山県,倉敷市,,,,133.739276,34.560962,150,公設
332020,0100002850,岡山県倉敷市,消火栓,332020,,倉敷市連島町連島３４２９番地の１１地先,岡山県,倉敷市,,,,133.73764,34.561555,75,公設
332020,0100002851,岡山県倉敷市,消火栓,332020,,倉敷市連島中央１丁目１２番３０号地先,岡山県,倉敷市,,,,133.735563,34.548318,75,公設
332020,0100002852,岡山県倉敷市,消火栓,332020,,倉敷市連島町鶴新田７６０番地の１地先,岡山県,倉敷市,,,,133.715368,34.546931,100,公設
332020,0100002853,岡山県倉敷市,消火栓,332020,,倉敷市連島町鶴新田３１２０番地の１地先,岡山県,倉敷市,,,,133.725281,34.536755,75,公設
332020,0100002854,岡山県倉敷市,消火栓,332020,,倉敷市連島町鶴新田３１１２番地先,岡山県,倉敷市,,,,133.724944,34.535031,100,公設
332020,0100002855,岡山県倉敷市,消火栓,332020,,倉敷市連島町鶴新田３１０６番地地先,岡山県,倉敷市,,,,133.723737,34.532863,75,公設
332020,0100002856,岡山県倉敷市,消火栓,332020,,倉敷市連島町鶴新田２１５７番地の３地先,岡山県,倉敷市,,,,133.716614,34.533599,75,公設
332020,0100002857,岡山県倉敷市,消火栓,332020,,倉敷市連島町鶴新田１０７５番地の２地先,岡山県,倉敷市,,,,133.71733,34.545312,100,公設
332020,0100002858,岡山県倉敷市,消火栓,332020,,倉敷市連島１丁目１０番１６号地先,岡山県,倉敷市,,,,133.736763,34.544619,75,公設
332020,0100002859,岡山県倉敷市,消火栓,332020,,倉敷市連島町鶴新田２３３１番地の８地先,岡山県,倉敷市,,,,133.711361,34.53508,100,公設
332020,0100002860,岡山県倉敷市,消火栓,332020,,倉敷市連島町鶴新田１９７９番地の１７地先,岡山県,倉敷市,,,,133.706692,34.540327,75,公設
332020,0100002861,岡山県倉敷市,消火栓,332020,,倉敷市連島町鶴新田１７２８番地の４地先,岡山県,倉敷市,,,,133.716424,34.537336,75,公設
332020,0100002862,岡山県倉敷市,消火栓,332020,,倉敷市連島町鶴新田２０６１番地の４地先,岡山県,倉敷市,,,,133.717269,34.533573,75,公設
332020,0100002863,岡山県倉敷市,消火栓,332020,,倉敷市連島町鶴新田２０６１番地の９地先,岡山県,倉敷市,,,,133.717804,34.534309,75,公設
332020,0100002864,岡山県倉敷市,消火栓,332020,,倉敷市連島町鶴新田２０４３番地の９地先,岡山県,倉敷市,,,,133.716182,34.535086,75,公設
332020,0100002865,岡山県倉敷市,消火栓,332020,,倉敷市亀島２丁目２０番６４号地先,岡山県,倉敷市,,,,133.725801,34.540909,100,公設
332020,0100002866,岡山県倉敷市,消火栓,332020,,倉敷市連島町連島２２６１番地の１１１地先,岡山県,倉敷市,,,,133.742011,34.562095,150,公設
332020,0100002867,岡山県倉敷市,消火栓,332020,,倉敷市連島町鶴新田１８４０番地の１０地先,岡山県,倉敷市,,,,133.72012,34.533585,75,公設
332020,0100002868,岡山県倉敷市,消火栓,332020,,倉敷市連島町連島２３１１番地の６７地先,岡山県,倉敷市,,,,133.741102,34.563511,100,公設
332020,0100002869,岡山県倉敷市,消火栓,332020,,倉敷市連島町鶴新田８２８番地地先,岡山県,倉敷市,,,,133.714553,34.543577,200,公設
332020,0100002870,岡山県倉敷市,消火栓,332020,,倉敷市連島町矢柄５９２０番地の１０地先,岡山県,倉敷市,,,,133.726777,34.553727,150,公設
332020,0100002871,岡山県倉敷市,消火栓,332020,,倉敷市連島町矢柄５９２１番地の１１地先,岡山県,倉敷市,,,,133.726108,34.55345,150,公設
332020,0100002872,岡山県倉敷市,消火栓,332020,,倉敷市連島町鶴新田１９６５番地,岡山県,倉敷市,,,,133.70662,34.538779,100,公設
332020,0100002873,岡山県倉敷市,消火栓,332020,,倉敷市連島町鶴新田３１９１番地地先,岡山県,倉敷市,,,,133.717644,34.546869,75,公設
332020,0100002874,岡山県倉敷市,消火栓,332020,,倉敷市連島町鶴新田２２４６番地の１地先,岡山県,倉敷市,,,,133.708766,34.537693,150,公設
332020,0100002875,岡山県倉敷市,消火栓,332020,,倉敷市連島町鶴新田２２２７番地地先,岡山県,倉敷市,,,,133.710578,34.536778,150,公設
332020,0100002876,岡山県倉敷市,消火栓,332020,,倉敷市連島町鶴新田２０９４番地の１２地先,岡山県,倉敷市,,,,133.720793,34.532371,75,公設
332020,0100002877,岡山県倉敷市,消火栓,332020,,倉敷市連島町鶴新田２８６３番地地先,岡山県,倉敷市,,,,133.704911,34.5368,100,公設
332020,0100002878,岡山県倉敷市,消火栓,332020,,倉敷市連島町鶴新田５７２番地の７地先,岡山県,倉敷市,,,,133.713672,34.53913,75,公設
332020,0100002879,岡山県倉敷市,消火栓,332020,,倉敷市連島１丁目７番２５号地先,岡山県,倉敷市,,,,133.738942,34.546045,75,公設
332020,0100002880,岡山県倉敷市,消火栓,332020,,倉敷市連島町鶴新田２５５４番地地先,岡山県,倉敷市,,,,133.707845,34.534174,75,公設
332020,0100002881,岡山県倉敷市,消火栓,332020,,倉敷市連島町鶴新田２５２３番地の４地先,岡山県,倉敷市,,,,133.708532,34.53516,100,公設
332020,0100002882,岡山県倉敷市,消火栓,332020,,倉敷市連島町鶴新田２４２３番地の５地先,岡山県,倉敷市,,,,133.717446,34.529712,75,公設
332020,0100002883,岡山県倉敷市,消火栓,332020,,倉敷市連島町鶴新田２２０８番地の２地先,岡山県,倉敷市,,,,133.71221,34.535912,150,公設
332020,0100002884,岡山県倉敷市,消火栓,332020,,倉敷市連島町鶴新田２４２８番地の１地先,岡山県,倉敷市,,,,133.717165,34.530261,150,公設
332020,0100002885,岡山県倉敷市,消火栓,332020,,倉敷市神田２丁目１０番４３号地先,岡山県,倉敷市,,,,133.736494,34.541488,75,公設
332020,0100002886,岡山県倉敷市,消火栓,332020,,倉敷市連島町西之浦８９９番地の８地先,岡山県,倉敷市,,,,133.706904,34.551342,250,公設
332020,0100002887,岡山県倉敷市,消火栓,332020,,倉敷市連島町西之浦８２９番地の３地先,岡山県,倉敷市,,,,133.706085,34.549955,100,公設
332020,0100002888,岡山県倉敷市,消火栓,332020,,倉敷市連島町鶴新田２５９１番地の３地先,岡山県,倉敷市,,,,133.711246,34.532443,75,公設
332020,0100002889,岡山県倉敷市,消火栓,332020,,倉敷市連島町鶴新田２３６０番地の２地先,岡山県,倉敷市,,,,133.713941,34.533135,75,公設
332020,0100002890,岡山県倉敷市,消火栓,332020,,倉敷市連島町鶴新田３１７１番地地先,岡山県,倉敷市,,,,133.720998,34.545853,150,公設
332020,0100002891,岡山県倉敷市,消火栓,332020,,倉敷市連島町鶴新田１１６番地地先,岡山県,倉敷市,,,,133.707943,34.546611,150,公設
332020,0100002892,岡山県倉敷市,消火栓,332020,,倉敷市連島町鶴新田１９２番地地地先,岡山県,倉敷市,,,,133.707988,34.544432,150,公設
332020,0100002893,岡山県倉敷市,消火栓,332020,,倉敷市連島町連島１４０７番地地先,岡山県,倉敷市,,,,133.743745,34.558092,100,公設
332020,0100002894,岡山県倉敷市,消火栓,332020,,倉敷市連島町鶴新田２１４０番地の１３地先,岡山県,倉敷市,,,,133.718041,34.532658,75,公設
332020,0100002895,岡山県倉敷市,消火栓,332020,,倉敷市連島町鶴新田１８７４番地の３地先,岡山県,倉敷市,,,,133.717301,34.535907,75,公設
332020,0100002896,岡山県倉敷市,消火栓,332020,,倉敷市連島町西之浦６５３番地の９地先,岡山県,倉敷市,,,,133.709595,34.551467,100,公設
332020,0100002897,岡山県倉敷市,消火栓,332020,,倉敷市連島町連島５２３番地の１地先,岡山県,倉敷市,,,,133.746414,34.556918,100,公設
332020,0100002898,岡山県倉敷市,消火栓,332020,,倉敷市連島町連島５番地の２地先,岡山県,倉敷市,,,,133.745223,34.563189,75,公設
332020,0100002899,岡山県倉敷市,消火栓,332020,,倉敷市連島町連島４７０番地の１８地先,岡山県,倉敷市,,,,133.745304,34.554643,100,公設
332020,0100002900,岡山県倉敷市,消火栓,332020,,倉敷市連島町西之浦４１０番地地先,岡山県,倉敷市,,,,133.717992,34.549925,75,公設
332020,0100002901,岡山県倉敷市,消火栓,332020,,倉敷市連島町鶴新田１７０５番地地先,岡山県,倉敷市,,,,133.715611,34.53872,100,公設
332020,0100002902,岡山県倉敷市,消火栓,332020,,倉敷市連島町鶴新田８９８番地地先,岡山県,倉敷市,,,,133.713872,34.537675,150,公設
332020,0100002903,岡山県倉敷市,消火栓,332020,,倉敷市連島町鶴新田２１１０番地の７地先,岡山県,倉敷市,,,,133.720653,34.531678,200,公設
332020,0100002904,岡山県倉敷市,消火栓,332020,,倉敷市連島町鶴新田１８６３番地の９地先,岡山県,倉敷市,,,,133.718257,34.535228,75,公設
332020,0100002905,岡山県倉敷市,消火栓,332020,,倉敷市連島町西之浦５３１番地の５地先,岡山県,倉敷市,,,,133.72095,34.546451,100,公設
332020,0100002906,岡山県倉敷市,消火栓,332020,,倉敷市連島町連島６９２番地地先,岡山県,倉敷市,,,,133.744367,34.555696,100,公設
332020,0100002907,岡山県倉敷市,消火栓,332020,,倉敷市連島町鶴新田２０８０番地の２地先,岡山県,倉敷市,,,,133.719496,34.533042,75,公設
332020,0100002908,岡山県倉敷市,消火栓,332020,,倉敷市連島町鶴新田１８８番地の７地先,岡山県,倉敷市,,,,133.709178,34.543909,75,公設
332020,0100002909,岡山県倉敷市,消火栓,332020,,倉敷市神田３丁目８番２２号地先,岡山県,倉敷市,,,,133.731897,34.540282,75,公設
332020,0100002910,岡山県倉敷市,消火栓,332020,,倉敷市連島町鶴新田８６９番地の１地先,岡山県,倉敷市,,,,133.711915,34.542743,100,公設
332020,0100002911,岡山県倉敷市,消火栓,332020,,倉敷市連島町鶴新田８３８番地地先,岡山県,倉敷市,,,,133.713081,34.544322,100,公設
332020,0100002912,岡山県倉敷市,消火栓,332020,,倉敷市連島町鶴新田１０９４番地の１地先,岡山県,倉敷市,,,,133.717289,34.544825,75,公設
332020,0100002913,岡山県倉敷市,消火栓,332020,,倉敷市連島町西之浦５７５番地の１０地先,岡山県,倉敷市,,,,133.717675,34.548361,75,公設
332020,0100002914,岡山県倉敷市,消火栓,332020,,倉敷市連島町鶴新田２６１４番地の１４地先,岡山県,倉敷市,,,,133.713299,34.530848,75,公設
332020,0100002915,岡山県倉敷市,消火栓,332020,,倉敷市連島町鶴新田２４０１番地の２５地先,岡山県,倉敷市,,,,133.717272,34.530792,150,公設
332020,0100002916,岡山県倉敷市,消火栓,332020,,倉敷市連島町西之浦５３５６番地地先,岡山県,倉敷市,,,,133.709502,34.565445,75,公設
332020,0100002917,岡山県倉敷市,消火栓,332020,,倉敷市連島町西之浦５３２４番地地先,岡山県,倉敷市,,,,133.710663,34.564884,100,公設
332020,0100002919,岡山県倉敷市,消火栓,332020,,倉敷市連島町西之浦５２７３番地地先,岡山県,倉敷市,,,,133.71172,34.565435,200,公設
332020,0100002920,岡山県倉敷市,消火栓,332020,,倉敷市連島町西之浦５２３９番地地先,岡山県,倉敷市,,,,133.71247,34.565973,100,公設
332020,0100002922,岡山県倉敷市,消火栓,332020,,倉敷市連島町西之浦５３０５番地地先,岡山県,倉敷市,,,,133.711353,34.563791,75,公設
332020,0100002923,岡山県倉敷市,消火栓,332020,,倉敷市連島町西之浦５２８３番地地先,岡山県,倉敷市,,,,133.71248,34.564468,100,公設
332020,0100002924,岡山県倉敷市,消火栓,332020,,倉敷市連島町西之浦４８４８,岡山県,倉敷市,,,,133.713354,34.564138,75,公設
332020,0100002925,岡山県倉敷市,消火栓,332020,,倉敷市連島町西之浦２１５６番地地先,岡山県,倉敷市,,,,133.713934,34.563619,75,公設
332020,0100002926,岡山県倉敷市,消火栓,332020,,倉敷市連島町西之浦５２５３番地地先,岡山県,倉敷市,,,,133.714009,34.564786,100,公設
332020,0100002927,岡山県倉敷市,消火栓,332020,,倉敷市連島町西之浦５２３０番地の１地先,岡山県,倉敷市,,,,133.713344,34.566654,75,公設
332020,0100002928,岡山県倉敷市,消火栓,332020,,倉敷市連島町西之浦５２１５番地の３地先,岡山県,倉敷市,,,,133.715469,34.566685,200,公設
332020,0100002929,岡山県倉敷市,消火栓,332020,,倉敷市連島町西之浦５１７３番地の６地先,岡山県,倉敷市,,,,133.717429,34.566834,200,公設
332020,0100002930,岡山県倉敷市,消火栓,332020,,倉敷市連島町矢柄４６６１番地地先,岡山県,倉敷市,,,,133.720387,34.567331,200,公設
332020,0100002931,岡山県倉敷市,消火栓,332020,,倉敷市連島町西之浦４９８０番地地先,岡山県,倉敷市,,,,133.720386,34.56528,75,公設
332020,0100002932,岡山県倉敷市,消火栓,332020,,倉敷市連島町矢柄４３６４番地地先,岡山県,倉敷市,,,,133.72287,34.56594,75,公設
332020,0100002933,岡山県倉敷市,消火栓,332020,,倉敷市連島町矢柄４６０７番地の２地先,岡山県,倉敷市,,,,133.72243,34.567688,200,公設
332020,0100002934,岡山県倉敷市,消火栓,332020,,倉敷市連島町矢柄４６３０番地地先,岡山県,倉敷市,,,,133.722274,34.569919,150,公設
332020,0100002935,岡山県倉敷市,消火栓,332020,,倉敷市連島町連島４５０９番地地先,岡山県,倉敷市,,,,133.722924,34.572096,150,公設
332020,0100002936,岡山県倉敷市,消火栓,332020,,倉敷市連島町連島４５８８番地の１地先,岡山県,倉敷市,,,,133.723967,34.567949,200,公設
332020,0100002937,岡山県倉敷市,消火栓,332020,,倉敷市連島町連島４４６０番地の２地先,岡山県,倉敷市,,,,133.726472,34.568179,200,公設
332020,0100002938,岡山県倉敷市,消火栓,332020,,倉敷市連島町連島４４４０番地の１地先,岡山県,倉敷市,,,,133.728144,34.56802,200,公設
332020,0100002939,岡山県倉敷市,消火栓,332020,,倉敷市連島町連島４３９７番地の１地先,岡山県,倉敷市,,,,133.725403,34.56654,100,公設
332020,0100002940,岡山県倉敷市,消火栓,332020,,倉敷市連島町連島４２１７番地地先,岡山県,倉敷市,,,,133.726752,34.566492,100,公設
332020,0100002941,岡山県倉敷市,消火栓,332020,,倉敷市連島町連島４４３１番地地先,岡山県,倉敷市,,,,133.728409,34.567044,100,公設
332020,0100002942,岡山県倉敷市,消火栓,332020,,倉敷市連島町連島４１５０番地の７地先,岡山県,倉敷市,,,,133.730615,34.566593,100,公設
332020,0100002943,岡山県倉敷市,消火栓,332020,,倉敷市連島町連島２０１４番地の２地先,岡山県,倉敷市,,,,133.732399,34.56645,100,公設
332020,0100002944,岡山県倉敷市,消火栓,332020,,倉敷市連島町連島２０１６番地７,岡山県,倉敷市,,,,133.732121,34.567026,75,公設
332020,0100002945,岡山県倉敷市,消火栓,332020,,倉敷市連島町連島２０００番地の２地先,岡山県,倉敷市,,,,133.733503,34.565912,100,公設
332020,0100002946,岡山県倉敷市,消火栓,332020,,倉敷市連島町連島２１２２番地地先,岡山県,倉敷市,,,,133.734539,34.56583,100,公設
332020,0100002947,岡山県倉敷市,消火栓,332020,,倉敷市連島町連島１９９２－３,岡山県,倉敷市,,,,133.735369,34.56704,100,公設
332020,0100002948,岡山県倉敷市,消火栓,332020,,倉敷市連島町連島１９７３番地地先,岡山県,倉敷市,,,,133.735359,34.568036,100,公設
332020,0100002949,岡山県倉敷市,消火栓,332020,,倉敷市連島町連島１９６８番地の１地先,岡山県,倉敷市,,,,133.735832,34.567374,200,公設
332020,0100002950,岡山県倉敷市,消火栓,332020,,倉敷市連島町連島１９５８番地の１地先,岡山県,倉敷市,,,,133.737984,34.566378,75,公設
332020,0100002951,岡山県倉敷市,消火栓,332020,,倉敷市連島町連島１８９１番地の１地先,岡山県,倉敷市,,,,133.742322,34.566583,200,公設
332020,0100002952,岡山県倉敷市,消火栓,332020,,倉敷市連島町鶴新田２４５８番地の２１地先,岡山県,倉敷市,,,,133.714331,34.531563,75,公設
332020,0100002953,岡山県倉敷市,消火栓,332020,,倉敷市連島町鶴新田１８４８番地の１９地先,岡山県,倉敷市,,,,133.719754,34.534777,150,公設
332020,0100002954,岡山県倉敷市,消火栓,332020,,倉敷市連島町鶴新田３１４９番地地先,岡山県,倉敷市,,,,133.723401,34.542896,100,公設
332020,0100002955,岡山県倉敷市,消火栓,332020,,倉敷市連島町連島４５５１番地の２地先,岡山県,倉敷市,,,,133.724915,34.569627,100,公設
332020,0100002956,岡山県倉敷市,消火栓,332020,,倉敷市連島町連島４５００番地の１地先,岡山県,倉敷市,,,,133.724299,34.571956,100,公設
332020,0100002957,岡山県倉敷市,消火栓,332020,,倉敷市連島町連島２８７６番地の３２地先,岡山県,倉敷市,,,,133.734276,34.555393,75,公設
332020,0100002958,岡山県倉敷市,消火栓,332020,,倉敷市連島町連島２８７６番地の３６地先,岡山県,倉敷市,,,,133.734025,34.554654,100,公設
332020,0100002959,岡山県倉敷市,消火栓,332020,,倉敷市連島町連島２８７６番地の４４地先,岡山県,倉敷市,,,,133.733067,34.554491,75,公設
332020,0100002960,岡山県倉敷市,消火栓,332020,,倉敷市連島町連島２８７６番地の４７地先,岡山県,倉敷市,,,,133.733691,34.55519,150,公設
332020,0100002961,岡山県倉敷市,消火栓,332020,,倉敷市連島町連島２８７６番地の１６５地先,岡山県,倉敷市,,,,133.732457,34.556663,75,公設
332020,0100002962,岡山県倉敷市,消火栓,332020,,倉敷市連島町鶴新田２３７６番地の６地先,岡山県,倉敷市,,,,133.71542,34.532427,75,公設
332020,0100002963,岡山県倉敷市,消火栓,332020,,倉敷市連島町鶴新田１０４４番地の１地先,岡山県,倉敷市,,,,133.721553,34.544419,75,公設
332020,0100002964,岡山県倉敷市,消火栓,332020,,倉敷市連島町鶴新田２４０７番地地先,岡山県,倉敷市,,,,133.719626,34.532195,200,公設
332020,0100002965,岡山県倉敷市,消火栓,332020,,倉敷市連島町鶴新田２６５７番地の２地先,岡山県,倉敷市,,,,133.71581,34.528975,100,公設
332020,0100002966,岡山県倉敷市,消火栓,332020,,倉敷市連島町西之浦５０１番地地先,岡山県,倉敷市,,,,133.721648,34.549029,75,公設
332020,0100002968,岡山県倉敷市,消火栓,332020,,倉敷市連島町連島１９１０番地の２地先,岡山県,倉敷市,,,,133.741556,34.565859,75,公設
332020,0100002969,岡山県倉敷市,消火栓,332020,,倉敷市連島町鶴新田２６６０番地の１地先,岡山県,倉敷市,,,,133.714846,34.529359,100,公設
332020,0100002970,岡山県倉敷市,消火栓,332020,,倉敷市連島町連島２２６１番地の２２３地先,岡山県,倉敷市,,,,133.740929,34.561559,75,公設
332020,0100002971,岡山県倉敷市,消火栓,332020,,倉敷市連島中央２丁目２番２８号地先,岡山県,倉敷市,,,,133.735231,34.549137,100,公設
332020,0100002972,岡山県倉敷市,消火栓,332020,,倉敷市連島１丁目１６番２６号地先,岡山県,倉敷市,,,,133.736447,34.546947,100,公設
332020,0100002973,岡山県倉敷市,消火栓,332020,,倉敷市連島中央５丁目３１番１５号地先,岡山県,倉敷市,,,,133.726473,34.547109,75,公設
332020,0100002974,岡山県倉敷市,消火栓,332020,,倉敷市連島町鶴新田８５５番地の８地先,岡山県,倉敷市,,,,133.710899,34.544539,75,公設
332020,0100002975,岡山県倉敷市,消火栓,332020,,倉敷市連島町連島４４０４番１７号地先,岡山県,倉敷市,,,,133.726086,34.567099,75,公設
332020,0100002976,岡山県倉敷市,消火栓,332020,,倉敷市連島町矢柄４６３０番地地先,岡山県,倉敷市,,,,133.722464,34.568443,150,公設
332020,0100002977,岡山県倉敷市,消火栓,332020,,倉敷市連島町連島４３６８番地地先,岡山県,倉敷市,,,,133.72262,34.566882,150,公設
332020,0100002978,岡山県倉敷市,消火栓,332020,,倉敷市連島町矢柄４７０９番地地先,岡山県,倉敷市,,,,133.721852,34.565653,75,公設
332020,0100002979,岡山県倉敷市,消火栓,332020,,倉敷市連島町連島４３４０番地地先,岡山県,倉敷市,,,,133.724375,34.565975,75,公設
332020,0100002980,岡山県倉敷市,消火栓,332020,,倉敷市連島町連島４４６１番地の１地先,岡山県,倉敷市,,,,133.725393,34.568188,200,公設
332020,0100002981,岡山県倉敷市,消火栓,332020,,倉敷市連島町鶴新田１５３９番地の３地先,岡山県,倉敷市,,,,133.717262,34.538659,200,公設
332020,0100002982,岡山県倉敷市,消火栓,332020,,倉敷市連島町鶴新田３６７番地地先,岡山県,倉敷市,,,,133.709267,34.538374,200,公設
332020,0100002983,岡山県倉敷市,消火栓,332020,,倉敷市連島中央１丁目１１番２０号地先,岡山県,倉敷市,,,,133.734213,34.548495,100,公設
332020,0100002984,岡山県倉敷市,消火栓,332020,,倉敷市連島町西之浦３１６番地の３地先,岡山県,倉敷市,,,,133.712467,34.550701,100,公設
332020,0100002985,岡山県倉敷市,消火栓,332020,,倉敷市連島町鶴新田１８９１番地の７地先,岡山県,倉敷市,,,,133.715095,34.53585,75,公設
332020,0100002986,岡山県倉敷市,消火栓,332020,,倉敷市連島町鶴新田１７１５番地の１地先,岡山県,倉敷市,,,,133.714746,34.537319,75,公設
332020,0100002987,岡山県倉敷市,消火栓,332020,,倉敷市連島町鶴新田５２４番地の６地先,岡山県,倉敷市,,,,133.712349,34.540098,100,公設
332020,0100002988,岡山県倉敷市,消火栓,332020,,倉敷市連島中央５丁目２番１５号地先,岡山県,倉敷市,,,,133.723342,34.544808,200,公設
332020,0100002989,岡山県倉敷市,消火栓,332020,,倉敷市連島３丁目４番１０号地先,岡山県,倉敷市,,,,133.7442,34.552219,75,公設
332020,0100002990,岡山県倉敷市,消火栓,332020,,倉敷市連島町鶴新田２５９９番地の３地先,岡山県,倉敷市,,,,133.711503,34.531026,100,公設
332020,0100002991,岡山県倉敷市,消火栓,332020,,倉敷市連島町鶴新田２２２９番地の１地先,岡山県,倉敷市,,,,133.709268,34.536121,100,公設
332020,0100002992,岡山県倉敷市,消火栓,332020,,倉敷市連島町鶴新田１６２５番地地先,岡山県,倉敷市,,,,133.723765,34.535123,75,公設
332020,0100002993,岡山県倉敷市,消火栓,332020,,倉敷市連島町鶴新田１８６３番地の６地先,岡山県,倉敷市,,,,133.718068,34.535623,150,公設
332020,0100002994,岡山県倉敷市,消火栓,332020,,倉敷市連島町西之浦５６７番地の１０地先,岡山県,倉敷市,,,,133.718252,34.547936,75,公設
332020,0100002995,岡山県倉敷市,消火栓,332020,,倉敷市連島町連島１４２番地地先,岡山県,倉敷市,,,,133.747942,34.553354,100,公設
332020,0100002996,岡山県倉敷市,消火栓,332020,,倉敷市連島町連島１４２番地の４４地先,岡山県,倉敷市,,,,133.746889,34.553976,100,公設
332020,0100002997,岡山県倉敷市,消火栓,332020,,倉敷市連島町鶴新田２９１８番地の４地先,岡山県,倉敷市,,,,133.704308,34.54102,100,公設
332020,0100002998,岡山県倉敷市,消火栓,332020,,倉敷市連島町西之浦５８３７番地の３地先,岡山県,倉敷市,,,,133.704635,34.556786,75,公設
332020,0100002999,岡山県倉敷市,消火栓,332020,,倉敷市連島町連島５５８番地の１地先,岡山県,倉敷市,,,,133.746702,34.560087,250,公設
332020,0100003000,岡山県倉敷市,消火栓,332020,,倉敷市連島町連島５１９番地の５地先,岡山県,倉敷市,,,,133.745846,34.55858,250,公設
332020,0100003001,岡山県倉敷市,消火栓,332020,,倉敷市連島町鶴新田２３２０番地地先,岡山県,倉敷市,,,,133.710443,34.535545,100,公設
332020,0100003002,岡山県倉敷市,消火栓,332020,,倉敷市連島町西之浦１００３番地地先,岡山県,倉敷市,,,,133.705636,34.554837,150,公設
332020,0100003003,岡山県倉敷市,消火栓,332020,,倉敷市連島町鶴新田２５７４番地の３地先,岡山県,倉敷市,,,,133.709496,34.533353,75,公設
332020,0100003004,岡山県倉敷市,消火栓,332020,,倉敷市連島町連島１１７４番地の３３地先,岡山県,倉敷市,,,,133.736142,34.557202,75,公設
332020,0100003005,岡山県倉敷市,消火栓,332020,,倉敷市連島町連島２８３１番地の２９地先,岡山県,倉敷市,,,,133.734883,34.558638,150,公設
332020,0100003006,岡山県倉敷市,消火栓,332020,,倉敷市連島町連島２８３１番地の７０地先,岡山県,倉敷市,,,,133.735443,34.559918,150,公設
332020,0100003007,岡山県倉敷市,消火栓,332020,,倉敷市連島町連島２８３１番地の１０５地先,岡山県,倉敷市,,,,133.736712,34.558042,150,公設
332020,0100003008,岡山県倉敷市,消火栓,332020,,倉敷市連島町連島１１７４番地の２１２地先,岡山県,倉敷市,,,,133.738145,34.559292,150,公設
332020,0100003009,岡山県倉敷市,消火栓,332020,,倉敷市連島町連島１１７４番地の３０８地先,岡山県,倉敷市,,,,133.73899,34.558244,100,公設
332020,0100003010,岡山県倉敷市,消火栓,332020,,倉敷市連島町連島１１７４番１０３号地先,岡山県,倉敷市,,,,133.738135,34.557049,150,公設
332020,0100003011,岡山県倉敷市,消火栓,332020,,倉敷市連島町連島１１７４番地の２８３地先,岡山県,倉敷市,,,,133.739025,34.555951,100,公設
332020,0100003012,岡山県倉敷市,消火栓,332020,,倉敷市連島町連島１１７４番地の１５１地先,岡山県,倉敷市,,,,133.737788,34.555006,75,公設
332020,0100003013,岡山県倉敷市,消火栓,332020,,倉敷市連島町矢柄５８８８番地地先,岡山県,倉敷市,,,,133.728228,34.552276,75,公設
332020,0100003014,岡山県倉敷市,消火栓,332020,,倉敷市連島町西之浦９４８番地の３地先,岡山県,倉敷市,,,,133.706481,34.553006,100,公設
332020,0100003015,岡山県倉敷市,消火栓,332020,,倉敷市連島町鶴新田２４４１番地の４１地先,岡山県,倉敷市,,,,133.716209,34.531183,75,公設
332020,0100003016,岡山県倉敷市,消火栓,332020,,倉敷市連島町鶴新田１７４９番地の３地先,岡山県,倉敷市,,,,133.718737,34.536472,100,公設
332020,0100003017,岡山県倉敷市,消火栓,332020,,倉敷市連島町鶴新田２３５６番地の４地先,岡山県,倉敷市,,,,133.713182,34.533164,150,公設
332020,0100003018,岡山県倉敷市,消火栓,332020,,倉敷市神田３丁目３番１７号地先,岡山県,倉敷市,,,,133.733606,34.544012,100,公設
332020,0100003019,岡山県倉敷市,消火栓,332020,,倉敷市連島町鶴新田５３４番地地先,岡山県,倉敷市,,,,133.714025,34.540044,100,公設
332020,0100003020,岡山県倉敷市,消火栓,332020,,倉敷市連島町西之浦５１０８番地の３地先,岡山県,倉敷市,,,,133.71878,34.567061,200,公設
332020,0100003021,岡山県倉敷市,消火栓,332020,,倉敷市連島町連島１６７０番地地先,岡山県,倉敷市,,,,133.743321,34.559644,100,公設
332020,0100003022,岡山県倉敷市,消火栓,332020,,倉敷市連島町西之浦５６８１番地の８地先,岡山県,倉敷市,,,,133.704163,34.560733,100,公設
332020,0100003023,岡山県倉敷市,消火栓,332020,,倉敷市連島町鶴新田１５２８番地の５地先,岡山県,倉敷市,,,,133.717009,34.54015,200,公設
332020,0100003024,岡山県倉敷市,消火栓,332020,,倉敷市連島中央１丁目３番１号地先,岡山県,倉敷市,,,,133.734219,34.54538,75,公設
332020,0100003025,岡山県倉敷市,消火栓,332020,,倉敷市連島中央５丁目８番２１号地先,岡山県,倉敷市,,,,133.724838,34.546457,150,公設
332020,0100003026,岡山県倉敷市,消火栓,332020,,倉敷市連島町鶴新田１２４０番地の５地先,岡山県,倉敷市,,,,133.718483,34.542205,100,公設
332020,0100003027,岡山県倉敷市,消火栓,332020,,倉敷市連島町鶴新田１１８５番地の１地先,岡山県,倉敷市,,,,133.723812,34.539526,75,公設
332020,0100003028,岡山県倉敷市,消火栓,332020,,倉敷市連島町連島１９４８番地の１地先,岡山県,倉敷市,,,,133.739924,34.566426,75,公設
332020,0100003029,岡山県倉敷市,消火栓,332020,,倉敷市連島町鶴新田８１６番地の８地先,岡山県,倉敷市,,,,133.713855,34.545241,75,公設
332020,0100003030,岡山県倉敷市,消火栓,332020,,倉敷市連島町連島４８８番地の１地先,岡山県,倉敷市,,,,133.74486,34.556131,250,公設
332020,0100003031,岡山県倉敷市,消火栓,332020,,倉敷市連島町連島４５２番地の１地先,岡山県,倉敷市,,,,133.743994,34.553986,150,公設
332020,0100003033,岡山県倉敷市,消火栓,332020,,倉敷市亀島１丁目２５番１３号地先,岡山県,倉敷市,,,,133.72951,34.53768,75,公設
332020,0100003034,岡山県倉敷市,消火栓,332020,,倉敷市連島町鶴新田１１４０番地の２地先,岡山県,倉敷市,,,,133.721949,34.542969,100,公設
332020,0100003035,岡山県倉敷市,消火栓,332020,,倉敷市連島町鶴新田６３３番地の５地先,岡山県,倉敷市,,,,133.710506,34.545851,75,公設
332020,0100003036,岡山県倉敷市,消火栓,332020,,倉敷市連島町鶴新田７５３番地の２地先,岡山県,倉敷市,,,,133.714083,34.547152,100,公設
332020,0100003037,岡山県倉敷市,消火栓,332020,,倉敷市亀島２丁目１２番３２号地先,岡山県,倉敷市,,,,133.727828,34.540314,300,公設
332020,0100003038,岡山県倉敷市,消火栓,332020,,倉敷市連島町連島１７０７番地１号,岡山県,倉敷市,,,,133.744979,34.56091,75,公設
332020,0100003039,岡山県倉敷市,消火栓,332020,,倉敷市連島町鶴新田２４５０番地の１０地先,岡山県,倉敷市,,,,133.715217,34.530463,150,公設
332020,0100003040,岡山県倉敷市,消火栓,332020,,倉敷市連島町鶴新田２４７６番地の１地先,岡山県,倉敷市,,,,133.712547,34.532272,100,公設
332020,0100003041,岡山県倉敷市,消火栓,332020,,倉敷市連島町鶴新田３４３番地地先,岡山県,倉敷市,,,,133.708252,34.541138,75,公設
332020,0100003042,岡山県倉敷市,消火栓,332020,,倉敷市連島１丁目１番２号地先,岡山県,倉敷市,,,,133.737433,34.543044,100,公設
332020,0100003043,岡山県倉敷市,消火栓,332020,,倉敷市神田２丁目１３番１号地先,岡山県,倉敷市,,,,133.732944,34.539036,100,公設
332020,0100003044,岡山県倉敷市,消火栓,332020,,倉敷市連島町連島３１２０番地の１地先,岡山県,倉敷市,,,,133.734348,34.557504,75,公設
332020,0100003045,岡山県倉敷市,消火栓,332020,,倉敷市連島５丁目２番２１号地先,岡山県,倉敷市,,,,133.739586,34.55069,100,公設
332020,0100003046,岡山県倉敷市,消火栓,332020,,倉敷市連島町鶴新田２３６番地の４地先,岡山県,倉敷市,,,,133.707347,34.5409,100,公設
332020,0100003047,岡山県倉敷市,消火栓,332020,,倉敷市亀島１丁目６番１９号地先,岡山県,倉敷市,,,,133.73162,34.535038,150,公設
332020,0100003048,岡山県倉敷市,消火栓,332020,,倉敷市亀島１丁目５番６号地先,岡山県,倉敷市,,,,133.731154,34.534181,75,公設
332020,0100003049,岡山県倉敷市,消火栓,332020,,倉敷市神田１丁目６番１６号地先,岡山県,倉敷市,,,,133.735971,34.53784,250,公設
332020,0100003050,岡山県倉敷市,消火栓,332020,,倉敷市連島５丁目１番３３号地先,岡山県,倉敷市,,,,133.73742,34.549933,100,公設
332020,0100003051,岡山県倉敷市,消火栓,332020,,倉敷市連島町西之浦１００３番地地先,岡山県,倉敷市,,,,133.705858,34.555456,75,公設
332020,0100003052,岡山県倉敷市,消火栓,332020,,倉敷市連島町鶴新田３９８番地の２地先,岡山県,倉敷市,,,,133.71005,34.541528,150,公設
332020,0100003053,岡山県倉敷市,消火栓,332020,,倉敷市連島町鶴新田２５４１番地の４地先,岡山県,倉敷市,,,,133.706577,34.534904,100,公設
332020,0100003054,岡山県倉敷市,消火栓,332020,,倉敷市連島町連島２８５２番地地先,岡山県,倉敷市,,,,133.736892,34.556221,200,公設
332020,0100003055,岡山県倉敷市,消火栓,332020,,倉敷市連島町鶴新田２５２０番地地先,岡山県,倉敷市,,,,133.709397,34.534735,75,公設
332020,0100003056,岡山県倉敷市,消火栓,332020,,倉敷市連島町矢柄５３１８番地地先,岡山県,倉敷市,,,,133.724982,34.557709,200,公設
332020,0100003057,岡山県倉敷市,消火栓,332020,,倉敷市神田４丁目４番２３号地先,岡山県,倉敷市,,,,133.728997,34.545487,100,公設
332020,0100003058,岡山県倉敷市,消火栓,332020,,倉敷市連島中央５丁目６番１号地先,岡山県,倉敷市,,,,133.72617,34.546252,100,公設
332020,0100003059,岡山県倉敷市,消火栓,332020,,倉敷市鶴の浦３丁目３番１８号地先,岡山県,倉敷市,,,,133.710338,34.548904,75,公設
332020,0100003060,岡山県倉敷市,消火栓,332020,,倉敷市連島町鶴新田１９１０番地１０,岡山県,倉敷市,,,,133.713134,34.536805,100,公設
332020,0100003061,岡山県倉敷市,消火栓,332020,,倉敷市連島町鶴新田１８３４番地の１地先,岡山県,倉敷市,,,,133.721407,34.533956,150,公設
332020,0100003062,岡山県倉敷市,消火栓,332020,,倉敷市神田４丁目９番１３号,岡山県,倉敷市,,,,133.727044,34.544601,75,公設
332020,0100003110,岡山県倉敷市,消火栓,332020,,倉敷市水島東川町５番１４号地先,岡山県,倉敷市,,,,133.745689,34.550694,250,公設
332020,0100003111,岡山県倉敷市,消火栓,332020,,倉敷市水島北緑町８番１号地先,岡山県,倉敷市,,,,133.744686,34.548891,250,公設
332020,0100003112,岡山県倉敷市,消火栓,332020,,倉敷市水島南緑町９番１３号地先,岡山県,倉敷市,,,,133.74379,34.547143,250,公設
332020,0100003113,岡山県倉敷市,消火栓,332020,,倉敷市水島南緑町３番４号地先,岡山県,倉敷市,,,,133.743131,34.546071,75,公設
332020,0100003114,岡山県倉敷市,消火栓,332020,,倉敷市水島北春日町１１番１１号地先,岡山県,倉敷市,,,,133.742688,34.544783,250,公設
332020,0100003115,岡山県倉敷市,消火栓,332020,,倉敷市水島北春日町４番３号地先,岡山県,倉敷市,,,,133.742185,34.543971,250,公設
332020,0100003116,岡山県倉敷市,消火栓,332020,,倉敷市水島北春日町１番５号地先,岡山県,倉敷市,,,,133.743284,34.543623,100,公設
332020,0100003117,岡山県倉敷市,消火栓,332020,,倉敷市水島南春日町１番２４号地先,岡山県,倉敷市,,,,133.742685,34.542407,100,公設
332020,0100003118,岡山県倉敷市,消火栓,332020,,倉敷市水島南春日町７番３号地先,岡山県,倉敷市,,,,133.741626,34.542846,250,公設
332020,0100003119,岡山県倉敷市,消火栓,332020,,倉敷市水島北幸町２番３号地先,岡山県,倉敷市,,,,133.741064,34.541551,250,公設
332020,0100003120,岡山県倉敷市,消火栓,332020,,倉敷市水島南幸町３番５２号地先,岡山県,倉敷市,,,,133.739865,34.53887,150,公設
332020,0100003121,岡山県倉敷市,消火栓,332020,,倉敷市水島南幸町３番２９号地先,岡山県,倉敷市,,,,133.737987,34.538757,250,公設
332020,0100003122,岡山県倉敷市,消火栓,332020,,倉敷市水島東川町４番２４号地先,岡山県,倉敷市,,,,133.747229,34.550287,250,公設
332020,0100003123,岡山県倉敷市,消火栓,332020,,倉敷市水島南幸町２番４９号地先,岡山県,倉敷市,,,,133.73829,34.537409,150,公設
332020,0100003124,岡山県倉敷市,消火栓,332020,,倉敷市水島南幸町１番１号地先,岡山県,倉敷市,,,,133.740598,34.53677,100,公設
332020,0100003125,岡山県倉敷市,消火栓,332020,,倉敷市水島青葉町４番５号,岡山県,倉敷市,,,,133.739712,34.534586,150,公設
332020,0100003126,岡山県倉敷市,消火栓,332020,,倉敷市水島青葉町４番５号地先,岡山県,倉敷市,,,,133.73911,34.533669,150,公設
332020,0100003127,岡山県倉敷市,消火栓,332020,,倉敷市水島青葉町５番１０号地先,岡山県,倉敷市,,,,133.737635,34.534101,300,公設
332020,0100003128,岡山県倉敷市,消火栓,332020,,倉敷市水島青葉町５番地先,岡山県,倉敷市,,,,133.736068,34.534555,300,公設
332020,0100003129,岡山県倉敷市,消火栓,332020,,倉敷市水島青葉町３番地先,岡山県,倉敷市,,,,133.735526,34.533601,300,公設
332020,0100003130,岡山県倉敷市,消火栓,332020,,倉敷市水島青葉町２番１１号,岡山県,倉敷市,,,,133.737137,34.532909,150,公設
332020,0100003131,岡山県倉敷市,消火栓,332020,,倉敷市水島高砂町６番１０号地先,岡山県,倉敷市,,,,133.736505,34.531674,200,公設
332020,0100003132,岡山県倉敷市,消火栓,332020,,倉敷市水島高砂町３番１０号地先,岡山県,倉敷市,,,,133.737956,34.531246,200,公設
332020,0100003134,岡山県倉敷市,消火栓,332020,,倉敷市水島高砂町１番地先,岡山県,倉敷市,,,,133.735739,34.529357,150,公設
332020,0100003135,岡山県倉敷市,消火栓,332020,,倉敷市水島高砂町２番１号,岡山県,倉敷市,,,,133.733068,34.528466,300,公設
332020,0100003136,岡山県倉敷市,消火栓,332020,,倉敷市水島明神町１番５６号地先,岡山県,倉敷市,,,,133.730749,34.530807,150,公設
332020,0100003137,岡山県倉敷市,消火栓,332020,,倉敷市水島明神町２番２６号地先,岡山県,倉敷市,,,,133.732599,34.53147,100,公設
332020,0100003138,岡山県倉敷市,消火栓,332020,,倉敷市水島明神町２番５１号地先,岡山県,倉敷市,,,,133.733699,34.530079,150,公設
332020,0100003139,岡山県倉敷市,消火栓,332020,,倉敷市水島明神町４番５０号地先,岡山県,倉敷市,,,,133.734649,34.5321,150,公設
332020,0100003140,岡山県倉敷市,消火栓,332020,,倉敷市神田１丁目１０番３０号,岡山県,倉敷市,,,,133.734,34.534246,250,公設
332020,0100003141,岡山県倉敷市,消火栓,332020,,倉敷市神田１丁目１１番３４号地先,岡山県,倉敷市,,,,133.732278,34.534741,250,公設
332020,0100003142,岡山県倉敷市,消火栓,332020,,倉敷市水島北亀島町２番８号地先,岡山県,倉敷市,,,,133.727276,34.530913,100,公設
332020,0100003143,岡山県倉敷市,消火栓,332020,,倉敷市水島南亀島町３－１９,岡山県,倉敷市,,,,133.726985,34.529173,100,公設
332020,0100003144,岡山県倉敷市,消火栓,332020,,倉敷市水島南亀島町２－１６,岡山県,倉敷市,,,,133.727569,34.528538,100,公設
332020,0100003145,岡山県倉敷市,消火栓,332020,,倉敷市水島海岸通１丁目３番６号地先,岡山県,倉敷市,,,,133.7375,34.524949,100,公設
332020,0100003146,岡山県倉敷市,消火栓,332020,,倉敷市水島福崎町６番２０号地先,岡山県,倉敷市,,,,133.737554,34.526256,75,公設
332020,0100003147,岡山県倉敷市,消火栓,332020,,倉敷市水島西千鳥町１番１６号地先,岡山県,倉敷市,,,,133.737518,34.527409,150,公設
332020,0100003148,岡山県倉敷市,消火栓,332020,,倉敷市水島西千鳥町２番１号地先,岡山県,倉敷市,,,,133.739079,34.528604,150,公設
332020,0100003149,岡山県倉敷市,消火栓,332020,,倉敷市水島西千鳥町３番２１号地先,岡山県,倉敷市,,,,133.739537,34.529635,200,公設
332020,0100003150,岡山県倉敷市,消火栓,332020,,倉敷市水島東千鳥町２番８号地先,岡山県,倉敷市,,,,133.741024,34.52919,100,公設
332020,0100003151,岡山県倉敷市,消火栓,332020,,倉敷市水島東千鳥町４番１６号地先,岡山県,倉敷市,,,,133.74151,34.530299,100,公設
332020,0100003152,岡山県倉敷市,消火栓,332020,,倉敷市水島西千鳥町４番３７号地先,岡山県,倉敷市,,,,133.740013,34.530707,200,公設
332020,0100003153,岡山県倉敷市,消火栓,332020,,倉敷市水島西千鳥町４番３７号地先,岡山県,倉敷市,,,,133.74056,34.531889,200,公設
332020,0100003154,岡山県倉敷市,消火栓,332020,,倉敷市水島東千鳥町４番３８号地先,岡山県,倉敷市,,,,133.741893,34.531462,100,公設
332020,0100003155,岡山県倉敷市,消火栓,332020,,倉敷市水島東常盤町２番１９号地先,岡山県,倉敷市,,,,133.742515,34.532638,100,公設
332020,0100003156,岡山県倉敷市,消火栓,332020,,倉敷市水島西常盤町２番地先,岡山県,倉敷市,,,,133.741035,34.533067,200,公設
332020,0100003157,岡山県倉敷市,消火栓,332020,,倉敷市水島西常盤町５番１８号地先,岡山県,倉敷市,,,,133.741461,34.534082,150,公設
332020,0100003158,岡山県倉敷市,消火栓,332020,,倉敷市水島東常盤町５番２０号地先,岡山県,倉敷市,,,,133.742899,34.533566,100,公設
332020,0100003159,岡山県倉敷市,消火栓,332020,,倉敷市水島東常盤町８番１８号地先,岡山県,倉敷市,,,,133.743409,34.53476,100,公設
332020,0100003160,岡山県倉敷市,消火栓,332020,,倉敷市水島西常盤町８番２３号地先,岡山県,倉敷市,,,,133.741867,34.535062,150,公設
332020,0100003161,岡山県倉敷市,消火栓,332020,,倉敷市水島西栄町３番６号地先,岡山県,倉敷市,,,,133.741276,34.536429,200,公設
332020,0100003162,岡山県倉敷市,消火栓,332020,,倉敷市水島西常盤町１１番１９号地先,岡山県,倉敷市,,,,133.742287,34.536009,150,公設
332020,0100003163,岡山県倉敷市,消火栓,332020,,倉敷市水島東常盤町１３番１９号地先,岡山県,倉敷市,,,,133.742778,34.5359,150,公設
332020,0100003164,岡山県倉敷市,消火栓,332020,,倉敷市水島東常盤町１１番１７号地先,岡山県,倉敷市,,,,133.743733,34.535541,100,公設
332020,0100003165,岡山県倉敷市,消火栓,332020,,倉敷市水島東栄町４番８号地先,岡山県,倉敷市,,,,133.743512,34.537268,100,公設
332020,0100003166,岡山県倉敷市,消火栓,332020,,倉敷市水島西栄町６番２２号地先,岡山県,倉敷市,,,,133.741941,34.537651,200,公設
332020,0100003167,岡山県倉敷市,消火栓,332020,,倉敷市水島西栄町９番１５号地先,岡山県,倉敷市,,,,133.742447,34.538692,200,公設
332020,0100003168,岡山県倉敷市,消火栓,332020,,倉敷市水島東栄町９番５号地先,岡山県,倉敷市,,,,133.744005,34.538341,100,公設
332020,0100003169,岡山県倉敷市,消火栓,332020,,倉敷市水島東栄町８番１５号地先,岡山県,倉敷市,,,,133.744449,34.539206,100,公設
332020,0100003170,岡山県倉敷市,消火栓,332020,,倉敷市水島西栄町１２番２０号地先,岡山県,倉敷市,,,,133.742921,34.539703,200,公設
332020,0100003171,岡山県倉敷市,消火栓,332020,,倉敷市水島西栄町１４番１５号地先,岡山県,倉敷市,,,,133.743366,34.540644,200,公設
332020,0100003172,岡山県倉敷市,消火栓,332020,,倉敷市水島東栄町１０番１５号地先,岡山県,倉敷市,,,,133.744945,34.540225,100,公設
332020,0100003173,岡山県倉敷市,消火栓,332020,,倉敷市水島東弥生町６番１号地先,岡山県,倉敷市,,,,133.745481,34.541588,100,公設
332020,0100003174,岡山県倉敷市,消火栓,332020,,倉敷市水島西弥生町６番１号地先,岡山県,倉敷市,,,,133.74402,34.54205,200,公設
332020,0100003175,岡山県倉敷市,消火栓,332020,,倉敷市水島西弥生町９番２７号地先,岡山県,倉敷市,,,,133.744546,34.543143,200,公設
332020,0100003176,岡山県倉敷市,消火栓,332020,,倉敷市水島東弥生町９番２６号地先,岡山県,倉敷市,,,,133.745986,34.542712,100,公設
332020,0100003177,岡山県倉敷市,消火栓,332020,,倉敷市水島東弥生町１２番３６号地先,岡山県,倉敷市,,,,133.74642,34.543582,100,公設
332020,0100003178,岡山県倉敷市,消火栓,332020,,倉敷市水島西弥生町１２番２号地先,岡山県,倉敷市,,,,133.744959,34.544014,200,公設
332020,0100003179,岡山県倉敷市,消火栓,332020,,倉敷市水島西寿町２番４号地先,岡山県,倉敷市,,,,133.745576,34.545278,200,公設
332020,0100003180,岡山県倉敷市,消火栓,332020,,倉敷市水島東弥生町１２番２３号地先,岡山県,倉敷市,,,,133.746924,34.544686,100,公設
332020,0100003181,岡山県倉敷市,消火栓,332020,,倉敷市水島東寿町２番２２号地先,岡山県,倉敷市,,,,133.747504,34.545847,150,公設
332020,0100003182,岡山県倉敷市,消火栓,332020,,倉敷市水島西寿町３番２２号地先,岡山県,倉敷市,,,,133.74616,34.54637,200,公設
332020,0100003183,岡山県倉敷市,消火栓,332020,,倉敷市水島西寿町９番２５号地先,岡山県,倉敷市,,,,133.746615,34.547233,200,公設
332020,0100003184,岡山県倉敷市,消火栓,332020,,倉敷市水島南瑞穂町１２番５号地先,岡山県,倉敷市,,,,133.740803,34.545324,100,公設
332020,0100003185,岡山県倉敷市,消火栓,332020,,倉敷市水島東寿町８番２０号地先,岡山県,倉敷市,,,,133.74837,34.547733,100,公設
332020,0100003186,岡山県倉敷市,消火栓,332020,,倉敷市水島西寿町１２番２２号地先,岡山県,倉敷市,,,,133.747061,34.548152,200,公設
332020,0100003187,岡山県倉敷市,消火栓,332020,,倉敷市水島相生町４番２１号地先,岡山県,倉敷市,,,,133.747434,34.548882,200,公設
332020,0100003188,岡山県倉敷市,消火栓,332020,,倉敷市水島相生町７番１５号地先,岡山県,倉敷市,,,,133.747982,34.55006,200,公設
332020,0100003189,岡山県倉敷市,消火栓,332020,,倉敷市水島西千鳥町３番地先,岡山県,倉敷市,,,,133.73824,34.530356,100,公設
332020,0100003190,岡山県倉敷市,消火栓,332020,,倉敷市水島中通１丁目１番１号地先,岡山県,倉敷市,,,,133.729921,34.528087,300,公設
332020,0100003191,岡山県倉敷市,消火栓,332020,,倉敷市水島中通１丁目４番地地先,岡山県,倉敷市,,,,133.729874,34.526621,300,公設
332020,0100003194,岡山県倉敷市,消火栓,332020,,倉敷市水島海岸通２丁目６番地先,岡山県,倉敷市,,,,133.732591,34.522998,300,公設
332020,0100003195,岡山県倉敷市,消火栓,332020,,倉敷市水島海岸通２丁目,岡山県,倉敷市,,,,133.735089,34.523057,300,公設
332020,0100003196,岡山県倉敷市,消火栓,332020,,倉敷市水島海岸通２丁目１番２４号地先,岡山県,倉敷市,,,,133.73525,34.522365,300,公設
332020,0100003197,岡山県倉敷市,消火栓,332020,,倉敷市水島海岸通２丁目１番３０号地先,岡山県,倉敷市,,,,133.735231,34.521049,300,公設
332020,0100003198,岡山県倉敷市,消火栓,332020,,倉敷市水島海岸通２丁目１番４５号地先,岡山県,倉敷市,,,,133.73543,34.519551,300,公設
332020,0100003199,岡山県倉敷市,消火栓,332020,,倉敷市水島海岸通２丁目,岡山県,倉敷市,,,,133.735252,34.518378,300,公設
332020,0100003200,岡山県倉敷市,消火栓,332020,,倉敷市水島海岸通２丁目１番３４号地先,岡山県,倉敷市,,,,133.732884,34.518383,300,公設
332020,0100003201,岡山県倉敷市,消火栓,332020,,倉敷市水島海岸通２丁目１番３４号地先,岡山県,倉敷市,,,,133.732816,34.516843,300,公設
332020,0100003202,岡山県倉敷市,消火栓,332020,,倉敷市水島海岸通３丁目６番地先,岡山県,倉敷市,,,,133.730212,34.511873,250,公設
332020,0100003203,岡山県倉敷市,消火栓,332020,,倉敷市水島海岸通３丁目６番地先,岡山県,倉敷市,,,,133.73201,34.511829,200,公設
332020,0100003204,岡山県倉敷市,消火栓,332020,,倉敷市水島南亀島町６番１９号地先,岡山県,倉敷市,,,,133.725183,34.529153,100,公設
332020,0100003205,岡山県倉敷市,消火栓,332020,,倉敷市水島福崎町８番２３号地先,岡山県,倉敷市,,,,133.738316,34.526925,150,公設
332020,0100003206,岡山県倉敷市,消火栓,332020,,倉敷市水島東川町６番７号地先,岡山県,倉敷市,,,,133.744553,34.550439,100,公設
332020,0100003207,岡山県倉敷市,消火栓,332020,,倉敷市水島北緑町４番１１号地先,岡山県,倉敷市,,,,133.743521,34.548562,100,公設
332020,0100003208,岡山県倉敷市,消火栓,332020,,倉敷市水島西通１丁目１９１９番地先,岡山県,倉敷市,,,,133.722407,34.528239,150,公設
332020,0100003209,岡山県倉敷市,消火栓,332020,,倉敷市水島西通１丁目１９２０番地先,岡山県,倉敷市,,,,133.724306,34.528273,150,公設
332020,0100003210,岡山県倉敷市,消火栓,332020,,倉敷市水島西通１丁目１９３１番１０号地先,岡山県,倉敷市,,,,133.724504,34.527074,150,公設
332020,0100003211,岡山県倉敷市,消火栓,332020,,倉敷市水島西通１丁目１９３８番２５号地先,岡山県,倉敷市,,,,133.724493,34.525559,150,公設
332020,0100003212,岡山県倉敷市,消火栓,332020,,倉敷市水島中通１丁目１０番３号,岡山県,倉敷市,,,,133.726412,34.525371,150,公設
332020,0100003213,岡山県倉敷市,消火栓,332020,,倉敷市水島中通１丁目４番地先,岡山県,倉敷市,,,,133.728947,34.524922,150,公設
332020,0100003214,岡山県倉敷市,消火栓,332020,,倉敷市水島西通１丁目１９３１番２７号地先,岡山県,倉敷市,,,,133.722547,34.526432,150,公設
332020,0100003215,岡山県倉敷市,消火栓,332020,,倉敷市水島川崎通１丁目１番４号地先,岡山県,倉敷市,,,,133.720097,34.528422,75,公設
332020,0100003216,岡山県倉敷市,消火栓,332020,,倉敷市水島西通１丁目１９４８番３０号地先,岡山県,倉敷市,,,,133.724407,34.524646,100,公設
332020,0100003217,岡山県倉敷市,消火栓,332020,,倉敷市水島西通１丁目１９５０番地地先,岡山県,倉敷市,,,,133.722446,34.524672,100,公設
332020,0100003218,岡山県倉敷市,消火栓,332020,,倉敷市水島福崎町７番９号地先,岡山県,倉敷市,,,,133.738859,34.526381,150,公設
332020,0100003219,岡山県倉敷市,消火栓,332020,,倉敷市水島相生町１６番３７号地先,岡山県,倉敷市,,,,133.749162,34.551695,75,公設
332020,0100003220,岡山県倉敷市,消火栓,332020,,倉敷市水島南春日町４番１６号地先,岡山県,倉敷市,,,,133.740418,34.543182,75,公設
332020,0100003221,岡山県倉敷市,消火栓,332020,,倉敷市水島北幸町４番３号地先,岡山県,倉敷市,,,,133.739333,34.541447,250,公設
332020,0100003222,岡山県倉敷市,消火栓,332020,,倉敷市水島南幸町１番９号地先,岡山県,倉敷市,,,,133.739503,34.53806,100,公設
332020,0100003223,岡山県倉敷市,消火栓,332020,,倉敷市水島相生町１番３２号地先,岡山県,倉敷市,,,,133.749675,34.549625,75,公設
332020,0100003224,岡山県倉敷市,消火栓,332020,,倉敷市水島西常盤町９番８号地先,岡山県,倉敷市,,,,133.740713,34.534669,75,公設
332020,0100003225,岡山県倉敷市,消火栓,332020,,倉敷市水島東千鳥町１番１号地先,岡山県,倉敷市,,,,133.739363,34.527102,75,公設
332020,0100003226,岡山県倉敷市,消火栓,332020,,倉敷市水島北瑞穂町８番６号地先,岡山県,倉敷市,,,,133.742732,34.548563,75,公設
332020,0100003227,岡山県倉敷市,消火栓,332020,,倉敷市水島北瑞穂町４番１８号地先,岡山県,倉敷市,,,,133.742224,34.547631,200,公設
332020,0100003228,岡山県倉敷市,消火栓,332020,,倉敷市水島南緑町３番１６号地先,岡山県,倉敷市,,,,133.742204,34.546379,75,公設
332020,0100003229,岡山県倉敷市,消火栓,332020,,倉敷市水島明神町４番２２号地先,岡山県,倉敷市,,,,133.733163,34.532218,75,公設
332020,0100003230,岡山県倉敷市,消火栓,332020,,倉敷市水島北亀島町２番１６号地先,岡山県,倉敷市,,,,133.727161,34.531848,100,公設
332020,0100003232,岡山県倉敷市,消火栓,332020,,倉敷市水島南瑞穂町５番７号地先,岡山県,倉敷市,,,,133.739626,34.543504,100,公設
332020,0100003233,岡山県倉敷市,消火栓,332020,,倉敷市水島北亀島町２番２号地先,岡山県,倉敷市,,,,133.728248,34.530942,100,公設
332020,0100003234,岡山県倉敷市,消火栓,332020,,倉敷市亀島１丁目１番１号地先,岡山県,倉敷市,,,,133.727973,34.532887,75,公設
332020,0100003235,岡山県倉敷市,消火栓,332020,,倉敷市水島中通２丁目地先,岡山県,倉敷市,,,,133.726857,34.522959,200,公設
332020,0100003236,岡山県倉敷市,消火栓,332020,,倉敷市水島西通２丁目１番１号地先,岡山県,倉敷市,,,,133.723911,34.519503,100,公設
332020,0100003237,岡山県倉敷市,消火栓,332020,,倉敷市水島北幸町２番３号地先,岡山県,倉敷市,,,,133.740706,34.54115,150,公設
332020,0100003239,岡山県倉敷市,消火栓,332020,,倉敷市水島青葉町５番地先,岡山県,倉敷市,,,,133.736526,34.535665,300,公設
332020,0100003240,岡山県倉敷市,消火栓,332020,,倉敷市亀島１丁目３４番２２号地先,岡山県,倉敷市,,,,133.72704,34.538036,200,公設
332020,0100003241,岡山県倉敷市,消火栓,332020,,倉敷市亀島１丁目３９番１６号地先,岡山県,倉敷市,,,,133.726894,34.536957,200,公設
332020,0100003242,岡山県倉敷市,消火栓,332020,,倉敷市亀島２丁目２番１８号地先,岡山県,倉敷市,,,,133.72616,34.537235,75,公設
332020,0100003243,岡山県倉敷市,消火栓,332020,,倉敷市亀島１丁目４０番２号地先,岡山県,倉敷市,,,,133.725955,34.535713,100,公設
332020,0100003244,岡山県倉敷市,消火栓,332020,,倉敷市亀島１丁目４２番２号,岡山県,倉敷市,,,,133.727281,34.535619,100,公設
332020,0100003245,岡山県倉敷市,消火栓,332020,,倉敷市水島川崎通１丁目１番６４５号地先,岡山県,倉敷市,,,,133.725169,34.533979,300,公設
332020,0100003246,岡山県倉敷市,消火栓,332020,,倉敷市水島川崎通１丁目１番１１３号地先,岡山県,倉敷市,,,,133.724764,34.532016,300,公設
332020,0100003247,岡山県倉敷市,消火栓,332020,,倉敷市水島南亀島町７番地先,岡山県,倉敷市,,,,133.724395,34.530677,200,公設
332020,0100003248,岡山県倉敷市,消火栓,332020,,倉敷市水島明神町６番３０号地先,岡山県,倉敷市,,,,133.733706,34.533418,100,公設
332020,0100003249,岡山県倉敷市,消火栓,332020,,倉敷市水島明神町７番２０号地先,岡山県,倉敷市,,,,133.732124,34.533883,100,公設
332020,0100003250,岡山県倉敷市,消火栓,332020,,倉敷市水島南亀島町１７番地５,岡山県,倉敷市,,,,133.724546,34.529484,100,公設
332020,0100003251,岡山県倉敷市,消火栓,332020,,倉敷市神田１丁目３番３３号地先,岡山県,倉敷市,,,,133.735806,34.534909,75,公設
332020,0100003252,岡山県倉敷市,消火栓,332020,,倉敷市神田１丁目９番２９号地先,岡山県,倉敷市,,,,133.733637,34.534903,100,公設
332020,0100003253,岡山県倉敷市,消火栓,332020,,倉敷市水島北亀島町８番７５号地先,岡山県,倉敷市,,,,133.727567,34.533362,75,公設
332020,0100003254,岡山県倉敷市,消火栓,332020,,倉敷市水島南亀島町１１番７９号地先,岡山県,倉敷市,,,,133.72356,34.530082,75,公設
332020,0100003255,岡山県倉敷市,消火栓,332020,,倉敷市水島高砂町１番地地先,岡山県,倉敷市,,,,133.737006,34.528983,150,公設
332020,0100003256,岡山県倉敷市,消火栓,332020,,倉敷市水島西通１丁目１９５８番７号地先,岡山県,倉敷市,,,,133.724242,34.523217,200,公設
332020,0100003257,岡山県倉敷市,消火栓,332020,,倉敷市水島西通１丁目１９５３番４５号地先,岡山県,倉敷市,,,,133.721666,34.523205,200,公設
332020,0100003258,岡山県倉敷市,消火栓,332020,,倉敷市水島南亀島町２３番１６号地先,岡山県,倉敷市,,,,133.726094,34.530403,300,公設
332020,0100003259,岡山県倉敷市,消火栓,332020,,倉敷市水島中通１丁目１０番７号地先,岡山県,倉敷市,,,,133.72807,34.526859,300,公設
332020,0100003260,岡山県倉敷市,消火栓,332020,,倉敷市水島相生町１３番１４号地先,岡山県,倉敷市,,,,133.748086,34.551243,300,公設
332020,0100003261,岡山県倉敷市,消火栓,332020,,倉敷市水島北幸町１番１号地先,岡山県,倉敷市,,,,133.74176,34.539144,100,公設
332020,0100003262,岡山県倉敷市,消火栓,332020,,倉敷市水島東川町１番１９号地先,岡山県,倉敷市,,,,133.746306,34.549183,75,公設
332020,0100003263,岡山県倉敷市,消火栓,332020,,倉敷市水島北春日町１３番３７号地先,岡山県,倉敷市,,,,133.743637,34.545614,250,公設
332020,0100003264,岡山県倉敷市,消火栓,332020,,倉敷市水島西常盤町１番地先,岡山県,倉敷市,,,,133.739208,34.532648,250,公設
332020,0100003265,岡山県倉敷市,消火栓,332020,,倉敷市水島南緑町６番１８号地先,岡山県,倉敷市,,,,133.745321,34.546545,150,公設
332020,0100003266,岡山県倉敷市,消火栓,332020,,倉敷市水島北春日町９番１８号地先,岡山県,倉敷市,,,,133.743894,34.544948,75,公設
332020,0100003267,岡山県倉敷市,消火栓,332020,,倉敷市水島北亀島町６番２５号地先,岡山県,倉敷市,,,,133.725765,34.531775,100,公設
332020,0100003268,岡山県倉敷市,消火栓,332020,,倉敷市水島北幸町２番１号地先,岡山県,倉敷市,,,,133.742503,34.541062,200,公設
332020,0100003269,岡山県倉敷市,消火栓,332020,,倉敷市水島北緑町６番５号地先,岡山県,倉敷市,,,,133.745761,34.548551,75,公設
332020,0100003270,岡山県倉敷市,消火栓,332020,,倉敷市水島明神町１番地先,岡山県,倉敷市,,,,133.732224,34.53038,150,公設
332020,0100003271,岡山県倉敷市,消火栓,332020,,倉敷市水島中通１丁目地先,岡山県,倉敷市,,,,133.728071,34.52417,300,公設
332020,0100003272,岡山県倉敷市,消火栓,332020,,倉敷市水島東常盤町１番地５地先,岡山県,倉敷市,,,,133.741642,34.531737,300,公設
332020,0100003273,岡山県倉敷市,消火栓,332020,,倉敷市水島西常盤町１番地２地先,岡山県,倉敷市,,,,133.740579,34.532039,300,公設
332020,0100003274,岡山県倉敷市,消火栓,332020,,倉敷市亀島１丁目３４番２号地先,岡山県,倉敷市,,,,133.728269,34.536924,100,公設
332020,0100003275,岡山県倉敷市,消火栓,332020,,倉敷市水島南春日町２番地５地先,岡山県,倉敷市,,,,133.741152,34.54186,250,公設
332020,0100003276,岡山県倉敷市,消火栓,332020,,倉敷市水島西常盤町１０番地６地先,岡山県,倉敷市,,,,133.73996,34.534554,250,公設
332020,0100003277,岡山県倉敷市,消火栓,332020,,倉敷市水島青葉町４番地２７地先,岡山県,倉敷市,,,,133.740098,34.535559,150,公設
332020,0100003278,岡山県倉敷市,消火栓,332020,,倉敷市水島北緑町４番地３７地先,岡山県,倉敷市,,,,133.744313,34.54808,250,公設
332020,0100003279,岡山県倉敷市,消火栓,332020,,倉敷市水島東千鳥町１番地３０地先,岡山県,倉敷市,,,,133.739544,34.528329,150,公設
332020,0100003280,岡山県倉敷市,消火栓,332020,,倉敷市水島東川町７番２２号地先,岡山県,倉敷市,,,,133.746831,34.551314,100,公設
332020,0100003281,岡山県倉敷市,消火栓,332020,,倉敷市水島相生町９番地１２地先,岡山県,倉敷市,,,,133.748791,34.550671,300,公設
332020,0100003282,岡山県倉敷市,消火栓,332020,,倉敷市水島北幸町４番地１地先,岡山県,倉敷市,,,,133.738667,34.54009,250,公設
332020,0100003283,岡山県倉敷市,消火栓,332020,,倉敷市水島南春日町３番地１５地先,岡山県,倉敷市,,,,133.73981,34.542249,150,公設
332020,0100003284,岡山県倉敷市,消火栓,332020,,倉敷市水島海岸通３丁目地内,岡山県,倉敷市,,,,133.732784,34.515129,250,公設
332020,0100003285,岡山県倉敷市,消火栓,332020,,倉敷市水島海岸通３丁目地内,岡山県,倉敷市,,,,133.732137,34.514058,250,公設
332020,0100003286,岡山県倉敷市,消火栓,332020,,倉敷市水島海岸通３丁目地内,岡山県,倉敷市,,,,133.731274,34.513271,250,公設
332020,0100003287,岡山県倉敷市,消火栓,332020,,倉敷市水島相生町１４番地,岡山県,倉敷市,,,,133.750318,34.55104,500,公設
332020,0100003288,岡山県倉敷市,消火栓,332020,,倉敷市水島東弥生町３番地１地先,岡山県,倉敷市,,,,133.745045,34.540514,100,公設
332020,0100003289,岡山県倉敷市,消火栓,332020,,倉敷市水島川崎通１丁目１番５号,岡山県,倉敷市,,,,133.716638,34.528389,75,公設
332020,0100003290,岡山県倉敷市,消火栓,332020,,倉敷市水島西栄町１０番２７号,岡山県,倉敷市,,,,133.743499,34.538774,150,公設
332020,0100003291,岡山県倉敷市,消火栓,332020,,倉敷市水島川崎通１丁目４５９番地地先,岡山県,倉敷市,,,,133.72591,34.534797,75,公設
332020,0100003292,岡山県倉敷市,消火栓,332020,,倉敷市水島西常盤町１０番地先,岡山県,倉敷市,,,,133.740495,34.535504,250,公設
332020,0100003293,岡山県倉敷市,消火栓,332020,,倉敷市水島相生町１６番地１７地先,岡山県,倉敷市,,,,133.748806,34.552678,300,公設
332020,0100003294,岡山県倉敷市,消火栓,332020,,倉敷市水島北亀島町１番３７号,岡山県,倉敷市,,,,133.729452,34.530832,150,公設
332020,0100003308,岡山県倉敷市,消火栓,332020,,倉敷市北畝５丁目１５番１３号地先,岡山県,倉敷市,,,,133.750468,34.537652,100,公設
332020,0100003309,岡山県倉敷市,消火栓,332020,,倉敷市北畝４丁目４番３７号地先,岡山県,倉敷市,,,,133.756007,34.534735,250,公設
332020,0100003310,岡山県倉敷市,消火栓,332020,,倉敷市中畝９丁目７番１２号地先,岡山県,倉敷市,,,,133.752769,34.531236,100,公設
332020,0100003311,岡山県倉敷市,消火栓,332020,,倉敷市中畝８丁目２番１０号地先,岡山県,倉敷市,,,,133.750072,34.529358,100,公設
332020,0100003312,岡山県倉敷市,消火栓,332020,,倉敷市中畝７丁目１番３号地先,岡山県,倉敷市,,,,133.749892,34.525507,100,公設
332020,0100003313,岡山県倉敷市,消火栓,332020,,倉敷市中畝６丁目８番１３号地先,岡山県,倉敷市,,,,133.754161,34.523181,200,公設
332020,0100003314,岡山県倉敷市,消火栓,332020,,倉敷市中畝８丁目１４番３０号,岡山県,倉敷市,,,,133.755753,34.528398,100,公設
332020,0100003315,岡山県倉敷市,消火栓,332020,,倉敷市東塚４丁目１番１２号,岡山県,倉敷市,,,,133.756083,34.531405,100,公設
332020,0100003316,岡山県倉敷市,消火栓,332020,,倉敷市東塚４丁目１０番１６号,岡山県,倉敷市,,,,133.758347,34.532393,100,公設
332020,0100003317,岡山県倉敷市,消火栓,332020,,倉敷市東塚４丁目１７番３８号,岡山県,倉敷市,,,,133.761276,34.533608,100,公設
332020,0100003318,岡山県倉敷市,消火栓,332020,,倉敷市東塚３丁目１７番２６号,岡山県,倉敷市,,,,133.761643,34.528082,100,公設
332020,0100003319,岡山県倉敷市,消火栓,332020,,倉敷市東塚２丁目１２番２１号,岡山県,倉敷市,,,,133.761499,34.527094,100,公設
332020,0100003320,岡山県倉敷市,消火栓,332020,,倉敷市東塚１丁目１１番１７号,岡山県,倉敷市,,,,133.761495,34.524982,300,公設
332020,0100003321,岡山県倉敷市,消火栓,332020,,倉敷市南畝５丁目８番１３号,岡山県,倉敷市,,,,133.749668,34.521444,100,公設
332020,0100003322,岡山県倉敷市,消火栓,332020,,倉敷市南畝６丁目２番４８号　地先,岡山県,倉敷市,,,,133.751038,34.521499,200,公設
332020,0100003323,岡山県倉敷市,消火栓,332020,,倉敷市松江３丁目１３番２８号,岡山県,倉敷市,,,,133.75788,34.512509,75,公設
332020,0100003324,岡山県倉敷市,消火栓,332020,,倉敷市松江３丁目７番１８号,岡山県,倉敷市,,,,133.759649,34.512217,100,公設
332020,0100003325,岡山県倉敷市,消火栓,332020,,倉敷市松江３丁目１５番９号,岡山県,倉敷市,,,,133.759119,34.511174,100,公設
332020,0100003326,岡山県倉敷市,消火栓,332020,,倉敷市松江３丁目１５番２３号,岡山県,倉敷市,,,,133.759343,34.509904,100,公設
332020,0100003327,岡山県倉敷市,消火栓,332020,,倉敷市福田町古新田８８６番地,岡山県,倉敷市,,,,133.766085,34.534454,100,公設
332020,0100003328,岡山県倉敷市,消火栓,332020,,倉敷市福田町福田８９７番６号,岡山県,倉敷市,,,,133.767071,34.53622,100,公設
332020,0100003329,岡山県倉敷市,消火栓,332020,,倉敷市福田町古新田７５９番地,岡山県,倉敷市,,,,133.766033,34.537341,100,公設
332020,0100003330,岡山県倉敷市,消火栓,332020,,倉敷市福田町古新田８３８番地,岡山県,倉敷市,,,,133.765166,34.535412,150,公設
332020,0100003331,岡山県倉敷市,消火栓,332020,,倉敷市福田町古新田７３６番地,岡山県,倉敷市,,,,133.764298,34.536362,150,公設
332020,0100003332,岡山県倉敷市,消火栓,332020,,倉敷市福田町古新田７５６番地,岡山県,倉敷市,,,,133.765287,34.538086,100,公設
332020,0100003333,岡山県倉敷市,消火栓,332020,,倉敷市福田町浦田２１７４番２号,岡山県,倉敷市,,,,133.750063,34.555355,300,公設
332020,0100003334,岡山県倉敷市,消火栓,332020,,倉敷市福田町浦田２１６８番６２号,岡山県,倉敷市,,,,133.74954,34.554119,300,公設
332020,0100003335,岡山県倉敷市,消火栓,332020,,倉敷市福田町浦田２３７８番１６６号,岡山県,倉敷市,,,,133.75789,34.559248,75,公設
332020,0100003336,岡山県倉敷市,消火栓,332020,,倉敷市福田町浦田２３７８番１８２号,岡山県,倉敷市,,,,133.758421,34.558821,75,公設
332020,0100003337,岡山県倉敷市,消火栓,332020,,倉敷市東塚５丁目６番４１号,岡山県,倉敷市,,,,133.763483,34.52917,75,公設
332020,0100003338,岡山県倉敷市,消火栓,332020,,倉敷市東塚６丁目３番７号,岡山県,倉敷市,,,,133.763357,34.526979,150,公設
332020,0100003339,岡山県倉敷市,消火栓,332020,,倉敷市東塚６丁目４番５１号,岡山県,倉敷市,,,,133.763426,34.525098,75,公設
332020,0100003340,岡山県倉敷市,消火栓,332020,,倉敷市東塚６丁目８番８号,岡山県,倉敷市,,,,133.767375,34.526891,150,公設
332020,0100003341,岡山県倉敷市,消火栓,332020,,倉敷市広江５丁目３番４１号地先,岡山県,倉敷市,,,,133.780939,34.525087,250,公設
332020,0100003342,岡山県倉敷市,消火栓,332020,,倉敷市広江５丁目７番１３号,岡山県,倉敷市,,,,133.782292,34.525461,250,公設
332020,0100003343,岡山県倉敷市,消火栓,332020,,倉敷市広江２丁目３番８号,岡山県,倉敷市,,,,133.771681,34.527033,100,公設
332020,0100003344,岡山県倉敷市,消火栓,332020,,倉敷市福田町福田８１７番１号,岡山県,倉敷市,,,,133.769358,34.545034,75,公設
332020,0100003345,岡山県倉敷市,消火栓,332020,,倉敷市福田町古新田７１７番１号,岡山県,倉敷市,,,,133.761781,34.534609,250,公設
332020,0100003346,岡山県倉敷市,消火栓,332020,,倉敷市福田町古新田５４３番地地先,岡山県,倉敷市,,,,133.76244,34.535789,250,公設
332020,0100003347,岡山県倉敷市,消火栓,332020,,倉敷市福田町古新田５４６番１号地先,岡山県,倉敷市,,,,133.763368,34.537455,75,公設
332020,0100003348,岡山県倉敷市,消火栓,332020,,倉敷市福田町古新田３８９番地,岡山県,倉敷市,,,,133.762574,34.540876,100,公設
332020,0100003349,岡山県倉敷市,消火栓,332020,,倉敷市福田町古新田２８６番地,岡山県,倉敷市,,,,133.76009,34.543377,75,公設
332020,0100003350,岡山県倉敷市,消火栓,332020,,倉敷市福田町古新田４２６番地,岡山県,倉敷市,,,,133.764782,34.54497,200,公設
332020,0100003351,岡山県倉敷市,消火栓,332020,,倉敷市福田町福田２２９６－１５,岡山県,倉敷市,,,,133.762715,34.548874,100,公設
332020,0100003352,岡山県倉敷市,消火栓,332020,,倉敷市福田町浦田２６３６番２号,岡山県,倉敷市,,,,133.749614,34.564168,100,公設
332020,0100003353,岡山県倉敷市,消火栓,332020,,倉敷市福田町浦田２５７３番１号,岡山県,倉敷市,,,,133.749231,34.565346,100,公設
332020,0100003354,岡山県倉敷市,消火栓,332020,,倉敷市松江１丁目７番２１号,岡山県,倉敷市,,,,133.761251,34.520979,300,公設
332020,0100003355,岡山県倉敷市,消火栓,332020,,倉敷市中畝５丁目１番１号,岡山県,倉敷市,,,,133.744064,34.534369,75,公設
332020,0100003356,岡山県倉敷市,消火栓,332020,,倉敷市中畝５丁目３番９号,岡山県,倉敷市,,,,133.744623,34.535391,200,公設
332020,0100003357,岡山県倉敷市,消火栓,332020,,倉敷市中畝５丁目７番１２号,岡山県,倉敷市,,,,133.746612,34.535273,200,公設
332020,0100003358,岡山県倉敷市,消火栓,332020,,倉敷市中畝５丁目１０番１５号,岡山県,倉敷市,,,,133.748345,34.53517,200,公設
332020,0100003359,岡山県倉敷市,消火栓,332020,,倉敷市北畝５丁目１番４８号,岡山県,倉敷市,,,,133.750504,34.535082,250,公設
332020,0100003360,岡山県倉敷市,消火栓,332020,,倉敷市中畝１０丁目７番１５号,岡山県,倉敷市,,,,133.754276,34.534842,250,公設
332020,0100003361,岡山県倉敷市,消火栓,332020,,倉敷市東塚４丁目７番４３号,岡山県,倉敷市,,,,133.758886,34.534614,250,公設
332020,0100003362,岡山県倉敷市,消火栓,332020,,倉敷市東塚４丁目１８番３１号,岡山県,倉敷市,,,,133.760886,34.534452,250,公設
332020,0100003363,岡山県倉敷市,消火栓,332020,,倉敷市東塚４丁目１３番４７号,岡山県,倉敷市,,,,133.761785,34.530981,300,公設
332020,0100003364,岡山県倉敷市,消火栓,332020,,倉敷市北畝１丁目１番地７,岡山県,倉敷市,,,,133.745117,34.537013,100,公設
332020,0100003365,岡山県倉敷市,消火栓,332020,,倉敷市北畝１丁目２３番１５号,岡山県,倉敷市,,,,133.745615,34.538232,100,公設
332020,0100003366,岡山県倉敷市,消火栓,332020,,倉敷市北畝１丁目１７番１２号,岡山県,倉敷市,,,,133.749553,34.5384,100,公設
332020,0100003367,岡山県倉敷市,消火栓,332020,,倉敷市北畝１丁目２３番４号,岡山県,倉敷市,,,,133.746062,34.53939,100,公設
332020,0100003368,岡山県倉敷市,消火栓,332020,,倉敷市北畝２丁目１０番１４号,岡山県,倉敷市,,,,133.746458,34.540394,75,公設
332020,0100003369,岡山県倉敷市,消火栓,332020,,倉敷市北畝２丁目３番地,岡山県,倉敷市,,,,133.747462,34.540463,75,公設
332020,0100003370,岡山県倉敷市,消火栓,332020,,倉敷市北畝２丁目５番１０号,岡山県,倉敷市,,,,133.749536,34.540584,100,公設
332020,0100003371,岡山県倉敷市,消火栓,332020,,倉敷市北畝２丁目９番１２号,岡山県,倉敷市,,,,133.746866,34.541533,75,公設
332020,0100003372,岡山県倉敷市,消火栓,332020,,倉敷市北畝２丁目１９番１４号,岡山県,倉敷市,,,,133.74731,34.542638,75,公設
332020,0100003373,岡山県倉敷市,消火栓,332020,,倉敷市北畝２丁目１７番３６号,岡山県,倉敷市,,,,133.748814,34.542715,100,公設
332020,0100003374,岡山県倉敷市,消火栓,332020,,倉敷市北畝２丁目１６番３５号,岡山県,倉敷市,,,,133.750621,34.543125,200,公設
332020,0100003375,岡山県倉敷市,消火栓,332020,,倉敷市北畝３丁目３番３５号,岡山県,倉敷市,,,,133.750668,34.544212,200,公設
332020,0100003376,岡山県倉敷市,消火栓,332020,,倉敷市北畝３丁目５番９号,岡山県,倉敷市,,,,133.748453,34.545305,100,公設
332020,0100003377,岡山県倉敷市,消火栓,332020,,倉敷市北畝３丁目８番１号,岡山県,倉敷市,,,,133.750739,34.54551,200,公設
332020,0100003378,岡山県倉敷市,消火栓,332020,,倉敷市北畝３丁目９番２５号,岡山県,倉敷市,,,,133.750829,34.546957,200,公設
332020,0100003379,岡山県倉敷市,消火栓,332020,,倉敷市北畝３丁目１２番地,岡山県,倉敷市,,,,133.750892,34.548279,200,公設
332020,0100003380,岡山県倉敷市,消火栓,332020,,倉敷市北畝３丁目１３番１１号,岡山県,倉敷市,,,,133.750924,34.549297,200,公設
332020,0100003381,岡山県倉敷市,消火栓,332020,,倉敷市福田町古新田１２３８番４号,岡山県,倉敷市,,,,133.752587,34.549279,200,公設
332020,0100003382,岡山県倉敷市,消火栓,332020,,倉敷市福田町福田２７２６番２９号,岡山県,倉敷市,,,,133.75206,34.550297,100,公設
332020,0100003383,岡山県倉敷市,消火栓,332020,,倉敷市福田町福田２７２６番地,岡山県,倉敷市,,,,133.75122,34.551917,100,公設
332020,0100003384,岡山県倉敷市,消火栓,332020,,倉敷市松江３丁目８番３０号,岡山県,倉敷市,,,,133.760772,34.51229,200,公設
332020,0100003385,岡山県倉敷市,消火栓,332020,,倉敷市松江３丁目１０番９号,岡山県,倉敷市,,,,133.761554,34.512185,200,公設
332020,0100003386,岡山県倉敷市,消火栓,332020,,倉敷市松江４丁目８番１号,岡山県,倉敷市,,,,133.765404,34.512084,200,公設
332020,0100003387,岡山県倉敷市,消火栓,332020,,倉敷市松江４丁目４番８号,岡山県,倉敷市,,,,133.7679,34.512007,200,公設
332020,0100003388,岡山県倉敷市,消火栓,332020,,倉敷市松江３丁目２番４号,岡山県,倉敷市,,,,133.750034,34.511978,250,公設
332020,0100003389,岡山県倉敷市,消火栓,332020,,倉敷市松江３丁目２番２５号,岡山県,倉敷市,,,,133.752122,34.513892,250,公設
332020,0100003390,岡山県倉敷市,消火栓,332020,,倉敷市松江３丁目３番２５号,岡山県,倉敷市,,,,133.755001,34.515154,200,公設
332020,0100003391,岡山県倉敷市,消火栓,332020,,倉敷市松江３丁目３番４３号,岡山県,倉敷市,,,,133.756434,34.51451,200,公設
332020,0100003392,岡山県倉敷市,消火栓,332020,,倉敷市松江３丁目６番１号,岡山県,倉敷市,,,,133.758176,34.5139,200,公設
332020,0100003393,岡山県倉敷市,消火栓,332020,,倉敷市松江３丁目８番１５号,岡山県,倉敷市,,,,133.760772,34.513849,200,公設
332020,0100003394,岡山県倉敷市,消火栓,332020,,倉敷市中畝４丁目７番２６,岡山県,倉敷市,,,,133.745195,34.533285,150,公設
332020,0100003395,岡山県倉敷市,消火栓,332020,,倉敷市中畝４丁目６番２９号,岡山県,倉敷市,,,,133.745581,34.531357,150,公設
332020,0100003396,岡山県倉敷市,消火栓,332020,,倉敷市中畝４丁目５番１９号,岡山県,倉敷市,,,,133.744469,34.531213,300,公設
332020,0100003397,岡山県倉敷市,消火栓,332020,,倉敷市中畝３丁目７番２５号,岡山県,倉敷市,,,,133.745476,34.529346,150,公設
332020,0100003398,岡山県倉敷市,消火栓,332020,,倉敷市中畝２丁目１番１０号,岡山県,倉敷市,,,,133.740413,34.526885,150,公設
332020,0100003399,岡山県倉敷市,消火栓,332020,,倉敷市中畝２丁目４番１７号,岡山県,倉敷市,,,,133.742736,34.526858,150,公設
332020,0100003400,岡山県倉敷市,消火栓,332020,,倉敷市中畝２丁目８番２０号,岡山県,倉敷市,,,,133.745362,34.526794,150,公設
332020,0100003401,岡山県倉敷市,消火栓,332020,,倉敷市中畝２丁目１２番２８号,岡山県,倉敷市,,,,133.747383,34.526483,200,公設
332020,0100003402,岡山県倉敷市,消火栓,332020,,倉敷市中畝２丁目１７番３６号,岡山県,倉敷市,,,,133.748284,34.526076,200,公設
332020,0100003403,岡山県倉敷市,消火栓,332020,,倉敷市中畝７丁目１番３５号,岡山県,倉敷市,,,,133.751007,34.524821,300,公設
332020,0100003404,岡山県倉敷市,消火栓,332020,,倉敷市中畝１丁目４番３７号,岡山県,倉敷市,,,,133.745042,34.524954,100,公設
332020,0100003405,岡山県倉敷市,消火栓,332020,,倉敷市南畝３丁目６番１３号,岡山県,倉敷市,,,,133.744887,34.522515,100,公設
332020,0100003406,岡山県倉敷市,消火栓,332020,,倉敷市南畝３丁目１０番１号,岡山県,倉敷市,,,,133.744789,34.520463,100,公設
332020,0100003407,岡山県倉敷市,消火栓,332020,,倉敷市南畝３丁目１３番３０号,岡山県,倉敷市,,,,133.744654,34.518437,100,公設
332020,0100003408,岡山県倉敷市,消火栓,332020,,倉敷市北畝４丁目１８番１０号,岡山県,倉敷市,,,,133.752938,34.53612,150,公設
332020,0100003409,岡山県倉敷市,消火栓,332020,,倉敷市北畝４丁目１７番２３号,岡山県,倉敷市,,,,133.7549,34.537006,150,公設
332020,0100003410,岡山県倉敷市,消火栓,332020,,倉敷市福田町古新田５７６番地,岡山県,倉敷市,,,,133.76434,34.539233,150,公設
332020,0100003411,岡山県倉敷市,消火栓,332020,,倉敷市福田町古新田６５８番地,岡山県,倉敷市,,,,133.765681,34.541643,150,公設
332020,0100003412,岡山県倉敷市,消火栓,332020,,倉敷市福田町古新田６１２番地,岡山県,倉敷市,,,,133.76667,34.543385,150,公設
332020,0100003413,岡山県倉敷市,消火栓,332020,,倉敷市中畝４丁目４番８号,岡山県,倉敷市,,,,133.743018,34.531991,75,公設
332020,0100003414,岡山県倉敷市,消火栓,332020,,倉敷市北畝５丁目７番２２号,岡山県,倉敷市,,,,133.756834,34.537911,150,公設
332020,0100003415,岡山県倉敷市,消火栓,332020,,倉敷市北畝５丁目２３番５６号,岡山県,倉敷市,,,,133.758605,34.538749,150,公設
332020,0100003416,岡山県倉敷市,消火栓,332020,,倉敷市北畝５丁目１１番１１号,岡山県,倉敷市,,,,133.753772,34.538971,100,公設
332020,0100003417,岡山県倉敷市,消火栓,332020,,倉敷市北畝６丁目３番１０号,岡山県,倉敷市,,,,133.752542,34.540894,100,公設
332020,0100003418,岡山県倉敷市,消火栓,332020,,倉敷市北畝６丁目１２番２３号,岡山県,倉敷市,,,,133.751305,34.542843,100,公設
332020,0100003419,岡山県倉敷市,消火栓,332020,,倉敷市北畝３丁目１０番３０号,岡山県,倉敷市,,,,133.749129,34.546527,75,公設
332020,0100003420,岡山県倉敷市,消火栓,332020,,倉敷市中畝１丁目２番４５号,岡山県,倉敷市,,,,133.742749,34.525061,100,公設
332020,0100003421,岡山県倉敷市,消火栓,332020,,倉敷市福田町浦田２３９１番地６８,岡山県,倉敷市,,,,133.752055,34.558484,200,公設
332020,0100003422,岡山県倉敷市,消火栓,332020,,倉敷市福田町浦田２３７８番地７１,岡山県,倉敷市,,,,133.755814,34.559125,200,公設
332020,0100003423,岡山県倉敷市,消火栓,332020,,倉敷市中畝７丁目５番２９号,岡山県,倉敷市,,,,133.752078,34.524321,100,公設
332020,0100003424,岡山県倉敷市,消火栓,332020,,倉敷市福田町古新田２４番地５,岡山県,倉敷市,,,,133.753286,34.547786,150,公設
332020,0100003425,岡山県倉敷市,消火栓,332020,,倉敷市福田町古新田１２２７番地２,岡山県,倉敷市,,,,133.755335,34.544018,150,公設
332020,0100003426,岡山県倉敷市,消火栓,332020,,倉敷市北畝６丁目７番３０号,岡山県,倉敷市,,,,133.756084,34.542878,150,公設
332020,0100003427,岡山県倉敷市,消火栓,332020,,倉敷市北畝１丁目１０番４１号,岡山県,倉敷市,,,,133.747661,34.53614,75,公設
332020,0100003428,岡山県倉敷市,消火栓,332020,,倉敷市中畝２丁目２番２８号,岡山県,倉敷市,,,,133.741507,34.527224,100,公設
332020,0100003429,岡山県倉敷市,消火栓,332020,,倉敷市中畝１丁目１番３６号,岡山県,倉敷市,,,,133.741358,34.526678,150,公設
332020,0100003430,岡山県倉敷市,消火栓,332020,,倉敷市中畝１丁目３番１１号,岡山県,倉敷市,,,,133.743411,34.526702,150,公設
332020,0100003431,岡山県倉敷市,消火栓,332020,,倉敷市中畝１丁目６番１１号,岡山県,倉敷市,,,,133.745993,34.526625,150,公設
332020,0100003432,岡山県倉敷市,消火栓,332020,,倉敷市中畝１丁目７番２９号,岡山県,倉敷市,,,,133.747499,34.526256,150,公設
332020,0100003433,岡山県倉敷市,消火栓,332020,,倉敷市中畝１丁目８番２６号,岡山県,倉敷市,,,,133.749199,34.525452,100,公設
332020,0100003434,岡山県倉敷市,消火栓,332020,,倉敷市南畝５丁目６番７号,岡山県,倉敷市,,,,133.747907,34.522443,100,公設
332020,0100003435,岡山県倉敷市,消火栓,332020,,倉敷市広江２丁目１１番３１号地先,岡山県,倉敷市,,,,133.777051,34.524301,100,公設
332020,0100003436,岡山県倉敷市,消火栓,332020,,倉敷市南畝７丁目３番１号,岡山県,倉敷市,,,,133.753998,34.521154,75,公設
332020,0100003437,岡山県倉敷市,消火栓,332020,,倉敷市南畝７丁目６番１５号,岡山県,倉敷市,,,,133.755294,34.520144,100,公設
332020,0100003438,岡山県倉敷市,消火栓,332020,,倉敷市松江１丁目１番２３号,岡山県,倉敷市,,,,133.757362,34.521212,100,公設
332020,0100003439,岡山県倉敷市,消火栓,332020,,倉敷市松江１丁目９番２０号,岡山県,倉敷市,,,,133.75822,34.520052,100,公設
332020,0100003440,岡山県倉敷市,消火栓,332020,,倉敷市松江１丁目１４番１２号,岡山県,倉敷市,,,,133.761139,34.51996,100,公設
332020,0100003441,岡山県倉敷市,消火栓,332020,,倉敷市福田町古新田１２２１番地,岡山県,倉敷市,,,,133.758815,34.538923,150,公設
332020,0100003442,岡山県倉敷市,消火栓,332020,,倉敷市福田町福田２６６６番地,岡山県,倉敷市,,,,133.753864,34.550457,100,公設
332020,0100003443,岡山県倉敷市,消火栓,332020,,倉敷市福田町福田２６６２番地,岡山県,倉敷市,,,,133.755005,34.55046,100,公設
332020,0100003444,岡山県倉敷市,消火栓,332020,,倉敷市福田町福田２４５８番地,岡山県,倉敷市,,,,133.75623,34.550848,75,公設
332020,0100003445,岡山県倉敷市,消火栓,332020,,倉敷市福田町福田２４３３番地,岡山県,倉敷市,,,,133.757422,34.55022,100,公設
332020,0100003446,岡山県倉敷市,消火栓,332020,,倉敷市福田町福田２３３８番地２,岡山県,倉敷市,,,,133.759532,34.550716,100,公設
332020,0100003447,岡山県倉敷市,消火栓,332020,,倉敷市福田町古新田１６番地１,岡山県,倉敷市,,,,133.753292,34.549684,200,公設
332020,0100003448,岡山県倉敷市,消火栓,332020,,倉敷市福田町古新田４８番地,岡山県,倉敷市,,,,133.753959,34.549688,200,公設
332020,0100003449,岡山県倉敷市,消火栓,332020,,倉敷市福田町福田２３７８番地,岡山県,倉敷市,,,,133.755857,34.548783,200,公設
332020,0100003450,岡山県倉敷市,消火栓,332020,,倉敷市福田町古新田２３７８番地,岡山県,倉敷市,,,,133.755313,34.54837,100,公設
332020,0100003451,岡山県倉敷市,消火栓,332020,,倉敷市福田町古新田６１番地,岡山県,倉敷市,,,,133.754723,34.547639,100,公設
332020,0100003452,岡山県倉敷市,消火栓,332020,,倉敷市福田町古新田１２４番地,岡山県,倉敷市,,,,133.757077,34.546872,100,公設
332020,0100003453,岡山県倉敷市,消火栓,332020,,倉敷市福田町古新田２０５番地,岡山県,倉敷市,,,,133.758024,34.54593,100,公設
332020,0100003454,岡山県倉敷市,消火栓,332020,,倉敷市福田町古新田２０２番地,岡山県,倉敷市,,,,133.75896,34.54502,100,公設
332020,0100003455,岡山県倉敷市,消火栓,332020,,倉敷市福田町浦田２３７８番１５７,岡山県,倉敷市,,,,133.757875,34.559723,75,公設
332020,0100003456,岡山県倉敷市,消火栓,332020,,倉敷市福田町浦田２３９１番地２４,岡山県,倉敷市,,,,133.750647,34.558413,150,公設
332020,0100003457,岡山県倉敷市,消火栓,332020,,倉敷市福田町浦田２３９１番地,岡山県,倉敷市,,,,133.750228,34.560953,150,公設
332020,0100003458,岡山県倉敷市,消火栓,332020,,倉敷市北畝１丁目８番１８号,岡山県,倉敷市,,,,133.749554,34.537233,100,公設
332020,0100003459,岡山県倉敷市,消火栓,332020,,倉敷市北畝１丁目１５番４０号,岡山県,倉敷市,,,,133.748456,34.537219,100,公設
332020,0100003460,岡山県倉敷市,消火栓,332020,,倉敷市南畝１丁目８番１３号,岡山県,倉敷市,,,,133.742168,34.521012,100,公設
332020,0100003461,岡山県倉敷市,消火栓,332020,,倉敷市中畝４丁目１３番１３号,岡山県,倉敷市,,,,133.746828,34.533267,100,公設
332020,0100003462,岡山県倉敷市,消火栓,332020,,倉敷市中畝４丁目１４番２０号,岡山県,倉敷市,,,,133.74895,34.533212,100,公設
332020,0100003463,岡山県倉敷市,消火栓,332020,,倉敷市福田町浦田２１５３番地,岡山県,倉敷市,,,,133.751462,34.554187,100,公設
332020,0100003464,岡山県倉敷市,消火栓,332020,,倉敷市福田町浦田２１４７番地,岡山県,倉敷市,,,,133.751807,34.552808,75,公設
332020,0100003465,岡山県倉敷市,消火栓,332020,,倉敷市福田町福田２７２４番地２,岡山県,倉敷市,,,,133.752411,34.551637,100,公設
332020,0100003466,岡山県倉敷市,消火栓,332020,,倉敷市福田町古新田１１１１番地２,岡山県,倉敷市,,,,133.758808,34.548091,200,公設
332020,0100003467,岡山県倉敷市,消火栓,332020,,倉敷市福田町古新田６３１番地２,岡山県,倉敷市,,,,133.767842,34.545289,100,公設
332020,0100003468,岡山県倉敷市,消火栓,332020,,倉敷市福田町古新田７８９番地,岡山県,倉敷市,,,,133.768737,34.544424,100,公設
332020,0100003469,岡山県倉敷市,消火栓,332020,,倉敷市福田町古新田７７８番地１,岡山県,倉敷市,,,,133.769673,34.543504,100,公設
332020,0100003470,岡山県倉敷市,消火栓,332020,,倉敷市福田町古新田７９６番地,岡山県,倉敷市,,,,133.770641,34.542146,100,公設
332020,0100003471,岡山県倉敷市,消火栓,332020,,倉敷市福田町福田６６３番地,岡山県,倉敷市,,,,133.771379,34.54244,75,公設
332020,0100003472,岡山県倉敷市,消火栓,332020,,倉敷市福田町古新田９３２番地,岡山県,倉敷市,,,,133.771211,34.541177,100,公設
332020,0100003473,岡山県倉敷市,消火栓,332020,,倉敷市福田町古新田１００２番地,岡山県,倉敷市,,,,133.77202,34.539786,100,公設
332020,0100003474,岡山県倉敷市,消火栓,332020,,倉敷市福田町古新田１０５７番地,岡山県,倉敷市,,,,133.772776,34.536609,100,公設
332020,0100003475,岡山県倉敷市,消火栓,332020,,倉敷市中畝６丁目６番１７号,岡山県,倉敷市,,,,133.753128,34.523616,100,公設
332020,0100003476,岡山県倉敷市,消火栓,332020,,倉敷市中畝７丁目２番５４号,岡山県,倉敷市,,,,133.755629,34.523245,150,公設
332020,0100003477,岡山県倉敷市,消火栓,332020,,倉敷市東塚１丁目１番２５号,岡山県,倉敷市,,,,133.757284,34.523025,100,公設
332020,0100003478,岡山県倉敷市,消火栓,332020,,倉敷市東塚１丁目９－３８,岡山県,倉敷市,,,,133.760251,34.523126,150,公設
332020,0100003479,岡山県倉敷市,消火栓,332020,,倉敷市東塚１丁目１５番２０号,岡山県,倉敷市,,,,133.762018,34.522927,100,公設
332020,0100003480,岡山県倉敷市,消火栓,332020,,倉敷市東塚７丁目２－１,岡山県,倉敷市,,,,133.763859,34.523026,100,公設
332020,0100003481,岡山県倉敷市,消火栓,332020,,倉敷市東塚７丁目１５番１号,岡山県,倉敷市,,,,133.767152,34.522826,100,公設
332020,0100003482,岡山県倉敷市,消火栓,332020,,倉敷市東塚７丁目１４番４５号,岡山県,倉敷市,,,,133.76806,34.522966,100,公設
332020,0100003483,岡山県倉敷市,消火栓,332020,,倉敷市東塚７丁目５番３０号,岡山県,倉敷市,,,,133.764952,34.524051,100,公設
332020,0100003484,岡山県倉敷市,消火栓,332020,,倉敷市東塚６丁目３番３８号,岡山県,倉敷市,,,,133.765044,34.526098,100,公設
332020,0100003486,岡山県倉敷市,消火栓,332020,,倉敷市潮通１丁目１番地,岡山県,倉敷市,,,,133.748301,34.51008,250,公設
332020,0100003487,岡山県倉敷市,消火栓,332020,,倉敷市中畝３丁目８番６号,岡山県,倉敷市,,,,133.744283,34.529402,100,公設
332020,0100003488,岡山県倉敷市,消火栓,332020,,倉敷市東塚５丁目２番１５号,岡山県,倉敷市,,,,133.762436,34.529188,100,公設
332020,0100003489,岡山県倉敷市,消火栓,332020,,倉敷市東塚５丁目１番１３号,岡山県,倉敷市,,,,133.762399,34.527995,100,公設
332020,0100003490,岡山県倉敷市,消火栓,332020,,倉敷市東塚６丁目１番１０号,岡山県,倉敷市,,,,133.762343,34.525992,150,公設
332020,0100003491,岡山県倉敷市,消火栓,332020,,倉敷市東塚７丁目３番１０号,岡山県,倉敷市,,,,133.762411,34.524074,150,公設
332020,0100003492,岡山県倉敷市,消火栓,332020,,倉敷市福田町浦田１８０９番地,岡山県,倉敷市,,,,133.760089,34.556414,200,公設
332020,0100003493,岡山県倉敷市,消火栓,332020,,倉敷市福田町浦田１７７１番地,岡山県,倉敷市,,,,133.761578,34.557917,100,公設
332020,0100003494,岡山県倉敷市,消火栓,332020,,倉敷市福田町浦田１３４４番地,岡山県,倉敷市,,,,133.76322,34.557561,100,公設
332020,0100003495,岡山県倉敷市,消火栓,332020,,倉敷市福田町浦田１２５３番地,岡山県,倉敷市,,,,133.765604,34.557981,100,公設
332020,0100003496,岡山県倉敷市,消火栓,332020,,倉敷市中畝８丁目５番１２号,岡山県,倉敷市,,,,133.751268,34.529344,300,公設
332020,0100003497,岡山県倉敷市,消火栓,332020,,倉敷市中畝７丁目３番１０号,岡山県,倉敷市,,,,133.751273,34.527,200,公設
332020,0100003498,岡山県倉敷市,消火栓,332020,,倉敷市中畝６丁目５番１号,岡山県,倉敷市,,,,133.751216,34.524315,200,公設
332020,0100003499,岡山県倉敷市,消火栓,332020,,倉敷市中畝６丁目４番２号,岡山県,倉敷市,,,,133.750981,34.52244,200,公設
332020,0100003500,岡山県倉敷市,消火栓,332020,,倉敷市南畝６丁目５１２,岡山県,倉敷市,,,,133.750863,34.520208,200,公設
332020,0100003501,岡山県倉敷市,消火栓,332020,,倉敷市南畝６丁目９番２６号地先,岡山県,倉敷市,,,,133.750657,34.517521,100,公設
332020,0100003502,岡山県倉敷市,消火栓,332020,,倉敷市東塚３丁目４番２０号,岡山県,倉敷市,,,,133.757835,34.529996,200,公設
332020,0100003503,岡山県倉敷市,消火栓,332020,,倉敷市東塚２丁目７番２０号,岡山県,倉敷市,,,,133.759061,34.527133,75,公設
332020,0100003504,岡山県倉敷市,消火栓,332020,,倉敷市福田町浦田２３７８番地３５,岡山県,倉敷市,,,,133.757298,34.558159,200,公設
332020,0100003505,岡山県倉敷市,消火栓,332020,,倉敷市東塚３丁目１４番０４号,岡山県,倉敷市,,,,133.75933,34.528295,100,公設
332020,0100003507,岡山県倉敷市,消火栓,332020,,倉敷市福田町浦田１８５５番２号,岡山県,倉敷市,,,,133.761402,34.556219,75,公設
332020,0100003508,岡山県倉敷市,消火栓,332020,,倉敷市北畝２丁目９番２７号,岡山県,倉敷市,,,,133.747541,34.540841,75,公設
332020,0100003509,岡山県倉敷市,消火栓,332020,,倉敷市中畝４丁目１５番３９号,岡山県,倉敷市,,,,133.7484,34.531241,75,公設
332020,0100003511,岡山県倉敷市,消火栓,332020,,倉敷市福田町古新田８８番地,岡山県,倉敷市,,,,133.755917,34.545983,100,公設
332020,0100003513,岡山県倉敷市,消火栓,332020,,倉敷市南畝６丁目８番４１号,岡山県,倉敷市,,,,133.749555,34.519278,100,公設
332020,0100003514,岡山県倉敷市,消火栓,332020,,倉敷市北畝１丁目１０番２７号,岡山県,倉敷市,,,,133.747534,34.53724,100,公設
332020,0100003515,岡山県倉敷市,消火栓,332020,,倉敷市福田町浦田８９６番地,岡山県,倉敷市,,,,133.769518,34.559877,75,公設
332020,0100003516,岡山県倉敷市,消火栓,332020,,倉敷市中畝４丁目１５番２１号,岡山県,倉敷市,,,,133.749421,34.532165,75,公設
332020,0100003517,岡山県倉敷市,消火栓,332020,,倉敷市東塚２丁目１０番２９号,岡山県,倉敷市,,,,133.759946,34.526177,75,公設
332020,0100003518,岡山県倉敷市,消火栓,332020,,倉敷市中畝２丁目３番１５号,岡山県,倉敷市,,,,133.741933,34.528322,75,公設
332020,0100003519,岡山県倉敷市,消火栓,332020,,倉敷市福田町古新田４４７番地,岡山県,倉敷市,,,,133.765958,34.547012,200,公設
332020,0100003520,岡山県倉敷市,消火栓,332020,,倉敷市東塚５丁目４番１２号,岡山県,倉敷市,,,,133.762582,34.531188,100,公設
332020,0100003521,岡山県倉敷市,消火栓,332020,,倉敷市東塚５丁目４番２８号,岡山県,倉敷市,,,,133.763926,34.531279,100,公設
332020,0100003522,岡山県倉敷市,消火栓,332020,,倉敷市南畝１丁目３番４７号,岡山県,倉敷市,,,,133.741222,34.524828,100,公設
332020,0100003523,岡山県倉敷市,消火栓,332020,,倉敷市南畝１丁目２番１８号,岡山県,倉敷市,,,,133.741152,34.523886,100,公設
332020,0100003524,岡山県倉敷市,消火栓,332020,,倉敷市南畝１丁目６番１７号,岡山県,倉敷市,,,,133.740999,34.521895,100,公設
332020,0100003525,岡山県倉敷市,消火栓,332020,,倉敷市南畝１丁目８番２号,岡山県,倉敷市,,,,133.740808,34.521088,100,公設
332020,0100003526,岡山県倉敷市,消火栓,332020,,倉敷市南畝１丁目１２番３４号,岡山県,倉敷市,,,,133.740827,34.519694,100,公設
332020,0100003527,岡山県倉敷市,消火栓,332020,,倉敷市南畝２丁目１２番３１号,岡山県,倉敷市,,,,133.742226,34.519643,100,公設
332020,0100003528,岡山県倉敷市,消火栓,332020,,倉敷市南畝３丁目１０番１号,岡山県,倉敷市,,,,133.744754,34.519527,100,公設
332020,0100003529,岡山県倉敷市,消火栓,332020,,倉敷市南畝５丁目１３番１号,岡山県,倉敷市,,,,133.747209,34.519439,100,公設
332020,0100003530,岡山県倉敷市,消火栓,332020,,倉敷市東塚５丁目１７番１号,岡山県,倉敷市,,,,133.76523,34.52944,75,公設
332020,0100003531,岡山県倉敷市,消火栓,332020,,倉敷市東塚５丁目８番２６号,岡山県,倉敷市,,,,133.765136,34.527972,100,公設
332020,0100003532,岡山県倉敷市,消火栓,332020,,倉敷市広江２丁目１１番３５号,岡山県,倉敷市,,,,133.777025,34.523622,75,公設
332020,0100003533,岡山県倉敷市,消火栓,332020,,倉敷市北畝４丁目１１番３６号地先,岡山県,倉敷市,,,,133.760123,34.536266,75,公設
332020,0100003534,岡山県倉敷市,消火栓,332020,,倉敷市北畝３丁目３番１号,岡山県,倉敷市,,,,133.74934,34.543821,150,公設
332020,0100003535,岡山県倉敷市,消火栓,332020,,倉敷市北畝３丁目２番３号,岡山県,倉敷市,,,,133.747775,34.543597,150,公設
332020,0100003537,岡山県倉敷市,消火栓,332020,,倉敷市中畝４丁目１３番４１号,岡山県,倉敷市,,,,133.747457,34.532187,100,公設
332020,0100003538,岡山県倉敷市,消火栓,332020,,倉敷市東塚２丁目１１番１６号,岡山県,倉敷市,,,,133.760439,34.527103,75,公設
332020,0100003539,岡山県倉敷市,消火栓,332020,,倉敷市東塚６丁目９番４５号,岡山県,倉敷市,,,,133.767416,34.525004,75,公設
332020,0100003540,岡山県倉敷市,消火栓,332020,,倉敷市中畝９丁目１０番３８号,岡山県,倉敷市,,,,133.753835,34.532174,75,公設
332020,0100003541,岡山県倉敷市,消火栓,332020,,倉敷市福田町浦田２４６１番地,岡山県,倉敷市,,,,133.750054,34.562199,100,公設
332020,0100003542,岡山県倉敷市,消火栓,332020,,倉敷市中畝３丁目１２番２４号,岡山県,倉敷市,,,,133.74817,34.529374,75,公設
332020,0100003543,岡山県倉敷市,消火栓,332020,,倉敷市北畝２丁目１３番３４号,岡山県,倉敷市,,,,133.748449,34.541607,100,公設
332020,0100003544,岡山県倉敷市,消火栓,332020,,倉敷市北畝２丁目６番２５号,岡山県,倉敷市,,,,133.750386,34.541759,100,公設
332020,0100003545,岡山県倉敷市,消火栓,332020,,倉敷市北畝２丁目３番１号,岡山県,倉敷市,,,,133.747452,34.539524,75,公設
332020,0100003546,岡山県倉敷市,消火栓,332020,,倉敷市北畝２丁目４番３号,岡山県,倉敷市,,,,133.748724,34.539601,75,公設
332020,0100003547,岡山県倉敷市,消火栓,332020,,倉敷市北畝２丁目１８番２３号,岡山県,倉敷市,,,,133.750412,34.539449,75,公設
332020,0100003548,岡山県倉敷市,消火栓,332020,,倉敷市北畝６丁目１番２６号,岡山県,倉敷市,,,,133.752018,34.539656,75,公設
332020,0100003549,岡山県倉敷市,消火栓,332020,,倉敷市北畝５丁目１８番２８号,岡山県,倉敷市,,,,133.75327,34.539529,100,公設
332020,0100003550,岡山県倉敷市,消火栓,332020,,倉敷市北畝５丁目２０番５３号,岡山県,倉敷市,,,,133.754459,34.540027,100,公設
332020,0100003551,岡山県倉敷市,消火栓,332020,,倉敷市北畝５丁目２１番５号,岡山県,倉敷市,,,,133.75579,34.540413,100,公設
332020,0100003552,岡山県倉敷市,消火栓,332020,,倉敷市北畝５丁目２２番３７号,岡山県,倉敷市,,,,133.757067,34.541184,75,公設
332020,0100003553,岡山県倉敷市,消火栓,332020,,倉敷市福田町古新田２７０番地,岡山県,倉敷市,,,,133.759892,34.540914,150,公設
332020,0100003554,岡山県倉敷市,消火栓,332020,,倉敷市東塚２丁目６番１１号,岡山県,倉敷市,,,,133.757614,34.527163,100,公設
332020,0100003555,岡山県倉敷市,消火栓,332020,,倉敷市東塚２丁目４番４号,岡山県,倉敷市,,,,133.757532,34.525245,100,公設
332020,0100003556,岡山県倉敷市,消火栓,332020,,倉敷市中畝１丁目８－５０番,岡山県,倉敷市,,,,133.747959,34.524725,100,公設
332020,0100003557,岡山県倉敷市,消火栓,332020,,倉敷市中畝８丁目４番２４号,岡山県,倉敷市,,,,133.752222,34.529528,75,公設
332020,0100003558,岡山県倉敷市,消火栓,332020,,倉敷市南畝７丁目１４番６５号,岡山県,倉敷市,,,,133.750751,34.515141,100,公設
332020,0100003559,岡山県倉敷市,消火栓,332020,,倉敷市南畝２丁目６番７１号,岡山県,倉敷市,,,,133.743598,34.521598,75,公設
332020,0100003560,岡山県倉敷市,消火栓,332020,,倉敷市福田町古新田３３９番地１,岡山県,倉敷市,,,,133.760851,34.542613,100,公設
332020,0100003561,岡山県倉敷市,消火栓,332020,,倉敷市広江２丁目２番２８号,岡山県,倉敷市,,,,133.772235,34.528449,200,公設
332020,0100003562,岡山県倉敷市,消火栓,332020,,倉敷市福田町福田１３４１番地,岡山県,倉敷市,,,,133.774073,34.546857,75,公設
332020,0100003563,岡山県倉敷市,消火栓,332020,,倉敷市福田町福田２０１１番地,岡山県,倉敷市,,,,133.767364,34.546985,75,公設
332020,0100003564,岡山県倉敷市,消火栓,332020,,倉敷市北畝４丁目１７番１２号,岡山県,倉敷市,,,,133.754442,34.536766,150,公設
332020,0100003565,岡山県倉敷市,消火栓,332020,,倉敷市北畝５丁目２３番３６号,岡山県,倉敷市,,,,133.757695,34.540258,150,公設
332020,0100003566,岡山県倉敷市,消火栓,332020,,倉敷市中畝１０丁目９番３９号,岡山県,倉敷市,,,,133.7553,34.533028,75,公設
332020,0100003567,岡山県倉敷市,消火栓,332020,,倉敷市福田町古新田９００番地１８,岡山県,倉敷市,,,,133.767965,34.537808,100,公設
332020,0100003568,岡山県倉敷市,消火栓,332020,,倉敷市中畝８丁目１１番２０号,岡山県,倉敷市,,,,133.754236,34.529332,75,公設
332020,0100003569,岡山県倉敷市,消火栓,332020,,倉敷市福田町福田８４７－１,岡山県,倉敷市,,,,133.771655,34.546027,100,公設
332020,0100003570,岡山県倉敷市,消火栓,332020,,倉敷市北畝４丁目１０番３５号地先,岡山県,倉敷市,,,,133.759071,34.536222,100,公設
332020,0100003571,岡山県倉敷市,消火栓,332020,,倉敷市福田町古新田７６８番地１２,岡山県,倉敷市,,,,133.766712,34.54014,100,公設
332020,0100003572,岡山県倉敷市,消火栓,332020,,倉敷市中畝８丁目１０番６号,岡山県,倉敷市,,,,133.75352,34.529992,200,公設
332020,0100003573,岡山県倉敷市,消火栓,332020,,倉敷市中畝８丁目１５番３５号,岡山県,倉敷市,,,,133.755567,34.529998,200,公設
332020,0100003574,岡山県倉敷市,消火栓,332020,,倉敷市中畝９丁目１２番２８号,岡山県,倉敷市,,,,133.75461,34.530874,300,公設
332020,0100003575,岡山県倉敷市,消火栓,332020,,倉敷市東塚３丁目１９番３０号,岡山県,倉敷市,,,,133.760481,34.529981,200,公設
332020,0100003576,岡山県倉敷市,消火栓,332020,,倉敷市東塚４丁目３番１６号,岡山県,倉敷市,,,,133.758723,34.530862,300,公設
332020,0100003577,岡山県倉敷市,消火栓,332020,,倉敷市松江１丁目１４番２０号,岡山県,倉敷市,,,,133.760915,34.519453,75,公設
332020,0100003578,岡山県倉敷市,消火栓,332020,,倉敷市松江２丁目２番２０号,岡山県,倉敷市,,,,133.758086,34.517135,100,公設
332020,0100003579,岡山県倉敷市,消火栓,332020,,倉敷市東塚６丁目１１番３９号,岡山県,倉敷市,,,,133.769597,34.525985,75,公設
332020,0100003580,岡山県倉敷市,消火栓,332020,,倉敷市福田町古新田３３４番地１１,岡山県,倉敷市,,,,133.762009,34.544841,150,公設
332020,0100003581,岡山県倉敷市,消火栓,332020,,倉敷市中畝１丁目５番２３号,岡山県,倉敷市,,,,133.746778,34.526106,100,公設
332020,0100003582,岡山県倉敷市,消火栓,332020,,倉敷市南畝７丁目１０番１０号,岡山県,倉敷市,,,,133.753792,34.517453,250,公設
332020,0100003583,岡山県倉敷市,消火栓,332020,,倉敷市福田町古新田９０５番地１１,岡山県,倉敷市,,,,133.768834,34.539374,100,公設
332020,0100003584,岡山県倉敷市,消火栓,332020,,倉敷市松江３丁目１１番４５号,岡山県,倉敷市,,,,133.760041,34.510065,200,公設
332020,0100003585,岡山県倉敷市,消火栓,332020,,倉敷市北畝６丁目１５番２２号,岡山県,倉敷市,,,,133.75414,34.544063,100,公設
332020,0100003586,岡山県倉敷市,消火栓,332020,,倉敷市北畝６丁目５番１１号,岡山県,倉敷市,,,,133.754668,34.5418,100,公設
332020,0100003587,岡山県倉敷市,消火栓,332020,,倉敷市福田町古新田５０６－２,岡山県,倉敷市,,,,133.761576,34.539061,250,公設
332020,0100003588,岡山県倉敷市,消火栓,332020,,倉敷市福田町古新田４７２番地,岡山県,倉敷市,,,,133.763684,34.542962,250,公設
332020,0100003590,岡山県倉敷市,消火栓,332020,,倉敷市福田町古新田２３２６,岡山県,倉敷市,,,,133.76192,34.548096,150,公設
332020,0100003591,岡山県倉敷市,消火栓,332020,,倉敷市北畝５丁目１３番８号,岡山県,倉敷市,,,,133.751811,34.538173,100,公設
332020,0100003592,岡山県倉敷市,消火栓,332020,,倉敷市福田町古新田１００７番地２,岡山県,倉敷市,,,,133.772593,34.537763,100,公設
332020,0100003593,岡山県倉敷市,消火栓,332020,,倉敷市中畝４丁目１８番２９号,岡山県,倉敷市,,,,133.749694,34.531361,75,公設
332020,0100003594,岡山県倉敷市,消火栓,332020,,倉敷市東塚４丁目８番３９号,岡山県,倉敷市,,,,133.759421,34.53356,75,公設
332020,0100003595,岡山県倉敷市,消火栓,332020,,倉敷市北畝６丁目１６番２５号,岡山県,倉敷市,,,,133.754227,34.545842,150,公設
332020,0100003596,岡山県倉敷市,消火栓,332020,,倉敷市中畝３丁目１２番３６号,岡山県,倉敷市,,,,133.747567,34.528314,75,公設
332020,0100003597,岡山県倉敷市,消火栓,332020,,倉敷市東塚２丁目２番５号,岡山県,倉敷市,,,,133.755795,34.526835,100,公設
332020,0100003598,岡山県倉敷市,消火栓,332020,,倉敷市中畝３丁目６番１２号,岡山県,倉敷市,,,,133.742945,34.529406,100,公設
332020,0100003599,岡山県倉敷市,消火栓,332020,,倉敷市福田町福田２１６３番地,岡山県,倉敷市,,,,133.764302,34.550439,75,公設
332020,0100003600,岡山県倉敷市,消火栓,332020,,倉敷市福田町古新田８５４番地１２,岡山県,倉敷市,,,,133.764763,34.532679,75,公設
332020,0100003601,岡山県倉敷市,消火栓,332020,,倉敷市福田町福田２３５９番地１９,岡山県,倉敷市,,,,133.758953,34.548527,100,公設
332020,0100003602,岡山県倉敷市,消火栓,332020,,倉敷市福田町福田２３５９番１号,岡山県,倉敷市,,,,133.758942,34.549072,100,公設
332020,0100003603,岡山県倉敷市,消火栓,332020,,倉敷市福田町浦田２３７８番地１１６,岡山県,倉敷市,,,,133.755706,34.55977,75,公設
332020,0100003604,岡山県倉敷市,消火栓,332020,,倉敷市福田町古新田３０８番地１,岡山県,倉敷市,,,,133.76342,34.547439,100,公設
332020,0100003605,岡山県倉敷市,消火栓,332020,,倉敷市東塚５丁目１５番１５号,岡山県,倉敷市,,,,133.767205,34.528572,75,公設
332020,0100003606,岡山県倉敷市,消火栓,332020,,倉敷市北畝７丁目５番２５号,岡山県,倉敷市,,,,133.753184,34.547112,75,公設
332020,0100003607,岡山県倉敷市,消火栓,332020,,倉敷市南畝５丁目３番３０号,岡山県,倉敷市,,,,133.748986,34.52354,75,公設
332020,0100003608,岡山県倉敷市,消火栓,332020,,倉敷市福田町浦田２７０番地地先,岡山県,倉敷市,,,,133.775139,34.55304,75,公設
332020,0100003609,岡山県倉敷市,消火栓,332020,,倉敷市広江５丁目１番４１号,岡山県,倉敷市,,,,133.779402,34.524115,100,公設
332020,0100003610,岡山県倉敷市,消火栓,332020,,倉敷市福田町福田８１０番地,岡山県,倉敷市,,,,133.769567,34.546667,150,公設
332020,0100003611,岡山県倉敷市,消火栓,332020,,倉敷市南畝７丁目２番１５号,岡山県,倉敷市,,,,133.755437,34.522185,75,公設
332020,0100003612,岡山県倉敷市,消火栓,332020,,倉敷市福田町浦田６７４番地１,岡山県,倉敷市,,,,133.773218,34.553933,75,公設
332020,0100003613,岡山県倉敷市,消火栓,332020,,倉敷市福田町古新田６２０番地２,岡山県,倉敷市,,,,133.766483,34.545397,75,公設
332020,0100003614,岡山県倉敷市,消火栓,332020,,倉敷市中畝９丁目１番１２号,岡山県,倉敷市,,,,133.750998,34.531243,100,公設
332020,0100003615,岡山県倉敷市,消火栓,332020,,倉敷市東塚５丁目１８番３７号,岡山県,倉敷市,,,,133.769363,34.528018,100,公設
332020,0100003616,岡山県倉敷市,消火栓,332020,,倉敷市中畝５丁目５番７号,岡山県,倉敷市,,,,133.745634,34.534384,100,公設
332020,0100003617,岡山県倉敷市,消火栓,332020,,倉敷市中畝８丁目１番３号,岡山県,倉敷市,,,,133.749988,34.52725,100,公設
332020,0100003618,岡山県倉敷市,消火栓,332020,,倉敷市中畝７丁目７番２７号,岡山県,倉敷市,,,,133.753301,34.527155,300,公設
332020,0100003619,岡山県倉敷市,消火栓,332020,,倉敷市中畝７丁目１４番３２号,岡山県,倉敷市,,,,133.755592,34.525171,100,公設
332020,0100003620,岡山県倉敷市,消火栓,332020,,倉敷市福田町浦田２３８０番地地先,岡山県,倉敷市,,,,133.752568,34.560888,100,公設
332020,0100003621,岡山県倉敷市,消火栓,332020,,倉敷市北畝６丁目１１番６号,岡山県,倉敷市,,,,133.750604,34.540656,100,公設
332020,0100003622,岡山県倉敷市,消火栓,332020,,倉敷市中畝４丁目１０番２４号,岡山県,倉敷市,,,,133.746884,34.530906,300,公設
332020,0100003623,岡山県倉敷市,消火栓,332020,,倉敷市中畝３丁目３番２０号,岡山県,倉敷市,,,,133.742851,34.530758,150,公設
332020,0100003624,岡山県倉敷市,消火栓,332020,,倉敷市中畝２丁目７番２３号,岡山県,倉敷市,,,,133.74549,34.528244,150,公設
332020,0100003625,岡山県倉敷市,消火栓,332020,,倉敷市松江１丁目３番６号,岡山県,倉敷市,,,,133.759063,34.522146,100,公設
332020,0100003626,岡山県倉敷市,消火栓,332020,,倉敷市北畝５丁目１４番３７号,岡山県,倉敷市,,,,133.751514,34.536725,75,公設
332020,0100003627,岡山県倉敷市,消火栓,332020,,倉敷市北畝６丁目１０番２３号,岡山県,倉敷市,,,,133.752852,34.542247,100,公設
332020,0100003628,岡山県倉敷市,消火栓,332020,,倉敷市中畝７丁目４番２５号,岡山県,倉敷市,,,,133.752099,34.526069,100,公設
332020,0100003629,岡山県倉敷市,消火栓,332020,,倉敷市松江３丁目１５４１,岡山県,倉敷市,,,,133.758177,34.51087,75,公設
332020,0100003630,岡山県倉敷市,消火栓,332020,,倉敷市福田町古新田８０４番３号地先,岡山県,倉敷市,,,,133.769549,34.540755,100,公設
332020,0100003631,岡山県倉敷市,消火栓,332020,,倉敷市北畝５丁目１３番３５号,岡山県,倉敷市,,,,133.753034,34.537834,75,公設
332020,0100003632,岡山県倉敷市,消火栓,332020,,倉敷市南畝１丁目４番２３号,岡山県,倉敷市,,,,133.742302,34.522713,100,公設
332020,0100003633,岡山県倉敷市,消火栓,332020,,倉敷市北畝３丁目１０番１２号,岡山県,倉敷市,,,,133.748964,34.54736,75,公設
332020,0100003634,岡山県倉敷市,消火栓,332020,,倉敷市福田町福田１９６１番地,岡山県,倉敷市,,,,133.768417,34.54704,75,公設
332020,0100003635,岡山県倉敷市,消火栓,332020,,倉敷市潮通３丁目,岡山県,倉敷市,,,,133.748948,34.499675,200,公設
332020,0100003636,岡山県倉敷市,消火栓,332020,,倉敷市南畝７丁目１１番４０号,岡山県,倉敷市,,,,133.753748,34.516227,250,公設
332020,0100003637,岡山県倉敷市,消火栓,332020,,倉敷市松江３丁目５番４５号,岡山県,倉敷市,,,,133.758072,34.513225,100,公設
332020,0100003638,岡山県倉敷市,消火栓,332020,,倉敷市福田町福田２２８２番１号,岡山県,倉敷市,,,,133.762165,34.549838,75,公設
332020,0100003639,岡山県倉敷市,消火栓,332020,,倉敷市東塚４丁目５番３０号,岡山県,倉敷市,,,,133.757332,34.533085,75,公設
332020,0100003640,岡山県倉敷市,消火栓,332020,,倉敷市中畝９丁目９番１５号,岡山県,倉敷市,,,,133.752483,34.533078,75,公設
332020,0100003641,岡山県倉敷市,消火栓,332020,,倉敷市南畝６丁目７番４３号,岡山県,倉敷市,,,,133.752612,34.52223,75,公設
332020,0100003642,岡山県倉敷市,消火栓,332020,,倉敷市南畝６丁目５番３８号,岡山県,倉敷市,,,,133.75241,34.519327,75,公設
332020,0100003643,岡山県倉敷市,消火栓,332020,,倉敷市福田町福田２５２２番地,岡山県,倉敷市,,,,133.748587,34.56618,100,公設
332020,0100003644,岡山県倉敷市,消火栓,332020,,倉敷市広江５丁目５番６０号,岡山県,倉敷市,,,,133.782076,34.526735,75,公設
332020,0100003645,岡山県倉敷市,消火栓,332020,,倉敷市南畝７丁目８番１３号,岡山県,倉敷市,,,,133.753827,34.519178,75,公設
332020,0100003646,岡山県倉敷市,消火栓,332020,,倉敷市福田町福田２４０５番１１号,岡山県,倉敷市,,,,133.75566,34.549253,75,公設
332020,0100003647,岡山県倉敷市,消火栓,332020,,倉敷市中畝９丁目３番９号,岡山県,倉敷市,,,,133.75034,34.53318,75,公設
332020,0100003648,岡山県倉敷市,消火栓,332020,,倉敷市松江３丁目２番１１８号,岡山県,倉敷市,,,,133.751334,34.510797,100,公設
332020,0100003649,岡山県倉敷市,消火栓,332020,,倉敷市東塚１丁目６番２８７－３,岡山県,倉敷市,,,,133.759087,34.524117,75,公設
332020,0100003650,岡山県倉敷市,消火栓,332020,,倉敷市福田町古新田１２０９番５０号地先,岡山県,倉敷市,,,,133.762247,34.53279,75,公設
332020,0100003651,岡山県倉敷市,消火栓,332020,,倉敷市松江１丁目１１番２４号,岡山県,倉敷市,,,,133.756754,34.5191,75,公設
332020,0100003652,岡山県倉敷市,消火栓,332020,,倉敷市福田町浦田２３７８番２４１号地先,岡山県,倉敷市,,,,133.753995,34.558972,200,公設
332020,0100003654,岡山県倉敷市,消火栓,332020,,倉敷市福田町古新田４０７番２号地先,岡山県,倉敷市,,,,133.762291,34.542785,75,公設
332020,0100003655,岡山県倉敷市,消火栓,332020,,倉敷市広江２丁目８番１７号,岡山県,倉敷市,,,,133.773392,34.528344,600,公設
332020,0100003656,岡山県倉敷市,消火栓,332020,,倉敷市福田町古新田８２２番２１号,岡山県,倉敷市,,,,133.766681,34.538414,100,公設
332020,0100003657,岡山県倉敷市,消火栓,332020,,倉敷市中畝７丁目１４番７号,岡山県,倉敷市,,,,133.754399,34.524886,100,公設
332020,0100003658,岡山県倉敷市,消火栓,332020,,倉敷市福田町古新田８０１番１８号地先,岡山県,倉敷市,,,,133.76933,34.542899,200,公設
332020,0100003659,岡山県倉敷市,消火栓,332020,,倉敷市福田町古新田１００７番地,岡山県,倉敷市,,,,133.771865,34.537703,200,公設
332020,0100003660,岡山県倉敷市,消火栓,332020,,倉敷市福田町古新田１００２番地,岡山県,倉敷市,,,,133.771511,34.539662,200,公設
332020,0100003661,岡山県倉敷市,消火栓,332020,,倉敷市福田町古新田１１１７番地,岡山県,倉敷市,,,,133.772105,34.535212,200,公設
332020,0100003662,岡山県倉敷市,消火栓,332020,,倉敷市東塚６丁目１１番２３号,岡山県,倉敷市,,,,133.769976,34.526847,500,公設
332020,0100003663,岡山県倉敷市,消火栓,332020,,倉敷市東塚６丁目７番９号,岡山県,倉敷市,,,,133.765096,34.526938,150,公設
332020,0100003664,岡山県倉敷市,消火栓,332020,,倉敷市北畝４丁目１番８号,岡山県,倉敷市,,,,133.751844,34.535611,150,公設
332020,0100003665,岡山県倉敷市,消火栓,332020,,倉敷市松江３丁目２番４６号,岡山県,倉敷市,,,,133.753183,34.514553,250,公設
332020,0100003666,岡山県倉敷市,消火栓,332020,,倉敷市東塚７丁目１２番３８号,岡山県,倉敷市,,,,133.767471,34.523911,75,公設
332020,0100003667,岡山県倉敷市,消火栓,332020,,倉敷市福田町福田２４２５番１２号,岡山県,倉敷市,,,,133.757809,34.549353,75,公設
332020,0100003668,岡山県倉敷市,消火栓,332020,,倉敷市南畝６丁目６番５号,岡山県,倉敷市,,,,133.751391,34.520238,150,公設
332020,0100003669,岡山県倉敷市,消火栓,332020,,倉敷市北畝５丁目５番２３号,岡山県,倉敷市,,,,133.755331,34.538385,75,公設
332020,0100003670,岡山県倉敷市,消火栓,332020,,倉敷市松江２丁目８番８４号,岡山県,倉敷市,,,,133.75821,34.515973,75,公設
332020,0100003671,岡山県倉敷市,消火栓,332020,,倉敷市松江２丁目７番２３号,岡山県,倉敷市,,,,133.760931,34.515332,300,公設
332020,0100003672,岡山県倉敷市,消火栓,332020,,倉敷市東塚７丁目８番２号,岡山県,倉敷市,,,,133.765006,34.521939,200,公設
332020,0100003673,岡山県倉敷市,消火栓,332020,,倉敷市中畝８丁目１番２３号,岡山県,倉敷市,,,,133.751121,34.528242,150,公設
332020,0100003674,岡山県倉敷市,消火栓,332020,,倉敷市南畝２丁目２番３３号,岡山県,倉敷市,,,,133.74381,34.52371,75,公設
332020,0100003675,岡山県倉敷市,消火栓,332020,,倉敷市広江８丁目１５番２号,岡山県,倉敷市,,,,133.792258,34.528543,150,公設
332020,0100003676,岡山県倉敷市,消火栓,332020,,倉敷市広江８丁目１２番地,岡山県,倉敷市,,,,133.790703,34.527793,100,公設
332020,0100003677,岡山県倉敷市,消火栓,332020,,倉敷市広江８丁目８番７号,岡山県,倉敷市,,,,133.79234,34.527526,150,公設
332020,0100003678,岡山県倉敷市,消火栓,332020,,倉敷市広江８丁目９番１３号,岡山県,倉敷市,,,,133.791213,34.527374,100,公設
332020,0100003679,岡山県倉敷市,消火栓,332020,,倉敷市広江８丁目９番１号,岡山県,倉敷市,,,,133.789548,34.526893,100,公設
332020,0100003680,岡山県倉敷市,消火栓,332020,,倉敷市北畝１丁目１２番３０号,岡山県,倉敷市,,,,133.745486,34.536031,75,公設
332020,0100003681,岡山県倉敷市,消火栓,332020,,倉敷市中畝４丁目６番１７号,岡山県,倉敷市,,,,133.745167,34.532185,150,公設
332020,0100003682,岡山県倉敷市,消火栓,332020,,倉敷市福田町浦田２３７９１１９,岡山県,倉敷市,,,,133.754548,34.560811,100,公設
332020,0100003683,岡山県倉敷市,消火栓,332020,,倉敷市福田町浦田２３９１番７７号,岡山県,倉敷市,,,,133.750873,34.557115,250,公設
332020,0100003684,岡山県倉敷市,消火栓,332020,,倉敷市松江２丁目１－３６,岡山県,倉敷市,,,,133.755141,34.516082,75,公設
332020,0100003685,岡山県倉敷市,消火栓,332020,,倉敷市南畝７丁目２番２４号,岡山県,倉敷市,,,,133.755415,34.521606,75,公設
332020,0100003686,岡山県倉敷市,消火栓,332020,,倉敷市南畝７丁目６,岡山県,倉敷市,,,,133.75527,34.519264,75,公設
332020,0100003687,岡山県倉敷市,消火栓,332020,,倉敷市北畝６丁目８番２９号,岡山県,倉敷市,,,,133.755089,34.542665,75,公設
332020,0100003688,岡山県倉敷市,消火栓,332020,,倉敷市松江２丁目４番１号,岡山県,倉敷市,,,,133.760999,34.516694,300,公設
332020,0100003689,岡山県倉敷市,消火栓,332020,,倉敷市中畝２丁目６番２１号,岡山県,倉敷市,,,,133.744071,34.528295,100,公設
332020,0100003690,岡山県倉敷市,消火栓,332020,,倉敷市中畝２丁目８番３０号,岡山県,倉敷市,,,,133.744151,34.527204,75,公設
332020,0100003691,岡山県倉敷市,消火栓,332020,,倉敷市中畝２丁目９番２４号,岡山県,倉敷市,,,,133.746127,34.52718,75,公設
332020,0100003692,岡山県倉敷市,消火栓,332020,,倉敷市東塚４丁目１２番５０号,岡山県,倉敷市,,,,133.760083,34.530838,300,公設
332020,0100003693,岡山県倉敷市,消火栓,332020,,倉敷市福田町浦田２１７８番地,岡山県,倉敷市,,,,133.751024,34.556221,250,公設
332020,0100003694,岡山県倉敷市,消火栓,332020,,倉敷市福田町浦田２３９１番地４,岡山県,倉敷市,,,,133.750384,34.559847,150,公設
332020,0100003695,岡山県倉敷市,消火栓,332020,,倉敷市福田町古新田２６０番地５,岡山県,倉敷市,,,,133.758877,34.541799,75,公設
332020,0100003696,岡山県倉敷市,消火栓,332020,,倉敷市福田町古新田７７３番地４,岡山県,倉敷市,,,,133.7685,34.542613,75,公設
332020,0100003697,岡山県倉敷市,消火栓,332020,,倉敷市北畝１丁目１９番１２号,岡山県,倉敷市,,,,133.748587,34.539427,75,公設
332020,0100003698,岡山県倉敷市,消火栓,332020,,倉敷市南畝３丁目２番３０号,岡山県,倉敷市,,,,133.746736,34.523625,75,公設
332020,0100003699,岡山県倉敷市,消火栓,332020,,倉敷市南畝１丁目７番４号,岡山県,倉敷市,,,,133.741062,34.522787,100,公設
332020,0100003700,岡山県倉敷市,消火栓,332020,,倉敷市福田町古新田２５２－２,岡山県,倉敷市,,,,133.758009,34.54304,100,公設
332020,0100003701,岡山県倉敷市,消火栓,332020,,倉敷市福田町古新田１６０番地,岡山県,倉敷市,,,,133.757145,34.544243,100,公設
332020,0100003702,岡山県倉敷市,消火栓,332020,,倉敷市福田町浦田２４０２番地１１,岡山県,倉敷市,,,,133.756907,34.560849,100,公設
332020,0100003703,岡山県倉敷市,消火栓,332020,,倉敷市東塚７丁目１番１号,岡山県,倉敷市,,,,133.762409,34.522006,200,公設
332020,0100003704,岡山県倉敷市,消火栓,332020,,倉敷市南畝７丁目１２番３３号,岡山県,倉敷市,,,,133.75228,34.517292,75,公設
332020,0100003705,岡山県倉敷市,消火栓,332020,,倉敷市松江１丁目２４番１４号,岡山県,倉敷市,,,,133.761074,34.51785,300,公設
332020,0100003706,岡山県倉敷市,消火栓,332020,,倉敷市福田町古新田８０２番地１,岡山県,倉敷市,,,,133.770175,34.541703,200,公設
332020,0100003707,岡山県倉敷市,消火栓,332020,,倉敷市福田町古新田６３７番地,岡山県,倉敷市,,,,133.768476,34.543926,150,公設
332020,0100003708,岡山県倉敷市,消火栓,332020,,倉敷市中畝７丁目４番１３号,岡山県,倉敷市,,,,133.751282,34.525742,200,公設
332020,0100003709,岡山県倉敷市,消火栓,332020,,倉敷市東塚１丁目２番４０号,岡山県,倉敷市,,,,133.757442,34.52334,100,公設
332020,0100003710,岡山県倉敷市,消火栓,332020,,倉敷市広江２丁目２７番１号,岡山県,倉敷市,,,,133.772783,34.524706,100,公設
332020,0100003711,岡山県倉敷市,消火栓,332020,,倉敷市中畝５丁目８番１６号,岡山県,倉敷市,,,,133.747051,34.534321,75,公設
332020,0100003712,岡山県倉敷市,消火栓,332020,,倉敷市福田町浦田２３７８番地,岡山県,倉敷市,,,,133.754453,34.559634,100,公設
332020,0100003713,岡山県倉敷市,消火栓,332020,,倉敷市福田町古新田７６９番地２３,岡山県,倉敷市,,,,133.767287,34.5419,100,公設
332020,0100003714,岡山県倉敷市,消火栓,332020,,倉敷市北畝１丁目７番３０号,岡山県,倉敷市,,,,133.750319,34.536217,200,公設
332020,0100003715,岡山県倉敷市,消火栓,332020,,倉敷市松江２丁目１番６号,岡山県,倉敷市,,,,133.756083,34.517189,100,公設
332020,0100003716,岡山県倉敷市,消火栓,332020,,倉敷市松江１丁目５番１０号,岡山県,倉敷市,,,,133.761317,34.521988,300,公設
332020,0100003717,岡山県倉敷市,消火栓,332020,,倉敷市南畝３丁目３番１２号,岡山県,倉敷市,,,,133.747323,34.5237,75,公設
332020,0100003718,岡山県倉敷市,消火栓,332020,,倉敷市中畝１０丁目６番７号,岡山県,倉敷市,,,,133.752336,34.534964,250,公設
332020,0100003719,岡山県倉敷市,消火栓,332020,,倉敷市福田町福田８３１番地,岡山県,倉敷市,,,,133.770288,34.545694,150,公設
332020,0100003720,岡山県倉敷市,消火栓,332020,,倉敷市福田町福田７１２番地,岡山県,倉敷市,,,,133.771403,34.544374,100,公設
332020,0100003721,岡山県倉敷市,消火栓,332020,,倉敷市北畝４丁目８番２５号,岡山県,倉敷市,,,,133.757707,34.536619,150,公設
332020,0100003722,岡山県倉敷市,消火栓,332020,,倉敷市北畝４丁目８番４２号,岡山県,倉敷市,,,,133.757256,34.535611,75,公設
332020,0100003723,岡山県倉敷市,消火栓,332020,,倉敷市東塚３丁目７番３４号,岡山県,倉敷市,,,,133.757686,34.52851,100,公設
332020,0100003724,岡山県倉敷市,消火栓,332020,,倉敷市東塚２丁目８番３１号,岡山県,倉敷市,,,,133.759128,34.525206,100,公設
332020,0100003725,岡山県倉敷市,消火栓,332020,,倉敷市福田町古新田９３３番地４６,岡山県,倉敷市,,,,133.770348,34.539568,75,公設
332020,0100003726,岡山県倉敷市,消火栓,332020,,倉敷市北畝６丁目１７番８号,岡山県,倉敷市,,,,133.752854,34.54437,75,公設
332020,0100003727,岡山県倉敷市,消火栓,332020,,倉敷市松江１丁目１３番１１号,岡山県,倉敷市,,,,133.759695,34.520017,100,公設
332020,0100003728,岡山県倉敷市,消火栓,332020,,倉敷市福田町福田２３３８番地６,岡山県,倉敷市,,,,133.759363,34.549999,75,公設
332020,0100003729,岡山県倉敷市,消火栓,332020,,倉敷市中畝２丁目１１番２０号,岡山県,倉敷市,,,,133.748022,34.527213,75,公設
332020,0100003730,岡山県倉敷市,消火栓,332020,,倉敷市東塚４丁目１２番２６号,岡山県,倉敷市,,,,133.760447,34.532091,100,公設
332020,0100003731,岡山県倉敷市,消火栓,332020,,倉敷市南畝６丁目１２番１号,岡山県,倉敷市,,,,133.750794,34.516218,200,公設
332020,0100003732,岡山県倉敷市,消火栓,332020,,倉敷市南畝６丁目１３－１,岡山県,倉敷市,,,,133.752187,34.515484,75,公設
332020,0100003733,岡山県倉敷市,消火栓,332020,,倉敷市福田町古新田６６６番３号,岡山県,倉敷市,,,,133.765871,34.539324,75,公設
332020,0100003734,岡山県倉敷市,消火栓,332020,,倉敷市福田町浦田２３８０番地５,岡山県,倉敷市,,,,133.752943,34.559824,100,公設
332020,0100003735,岡山県倉敷市,消火栓,332020,,倉敷市北畝７丁目９番３１号,岡山県,倉敷市,,,,133.752258,34.548207,100,公設
332020,0100003736,岡山県倉敷市,消火栓,332020,,倉敷市中畝１０丁目１０番１１号,岡山県,倉敷市,,,,133.753848,34.533038,75,公設
332020,0100003737,岡山県倉敷市,消火栓,332020,,倉敷市東塚５丁目５番３５号,岡山県,倉敷市,,,,133.764061,34.529963,75,公設
332020,0100003738,岡山県倉敷市,消火栓,332020,,倉敷市東塚６丁目９番１２号,岡山県,倉敷市,,,,133.767158,34.526012,75,公設
332020,0100003739,岡山県倉敷市,消火栓,332020,,倉敷市中畝８丁目１２番３７号,岡山県,倉敷市,,,,133.753859,34.527287,75,公設
332020,0100003740,岡山県倉敷市,消火栓,332020,,倉敷市中畝４丁目７番１３号,岡山県,倉敷市,,,,133.743841,34.533386,100,公設
332020,0100003741,岡山県倉敷市,消火栓,332020,,倉敷市松江２丁目１２番３８号,岡山県,倉敷市,,,,133.759579,34.513863,200,公設
332020,0100003742,岡山県倉敷市,消火栓,332020,,倉敷市中畝８丁目７番１１号,岡山県,倉敷市,,,,133.752176,34.52832,100,公設
332020,0100003743,岡山県倉敷市,消火栓,332020,,倉敷市中畝７丁目１５番３号,岡山県,倉敷市,,,,133.754578,34.52648,75,公設
332020,0100003744,岡山県倉敷市,消火栓,332020,,倉敷市福田町浦田２１４８番１号,岡山県,倉敷市,,,,133.752273,34.556073,75,公設
332020,0100003745,岡山県倉敷市,消火栓,332020,,倉敷市東塚３丁目１１番３３号,岡山県,倉敷市,,,,133.758886,34.528985,75,公設
332020,0100003746,岡山県倉敷市,消火栓,332020,,倉敷市中畝３丁目１５番３５号,岡山県,倉敷市,,,,133.749151,34.528336,75,公設
332020,0100003747,岡山県倉敷市,消火栓,332020,,倉敷市北畝４丁目１７番３７号,岡山県,倉敷市,,,,133.755535,34.53603,100,公設
332020,0100003748,岡山県倉敷市,消火栓,332020,,倉敷市中畝９丁目６番２７号,岡山県,倉敷市,,,,133.751814,34.531241,100,公設
332020,0100003749,岡山県倉敷市,消火栓,332020,,倉敷市松江１丁目１３番２８号,岡山県,倉敷市,,,,133.758871,34.519023,75,公設
332020,0100003750,岡山県倉敷市,消火栓,332020,,倉敷市北畝６丁目１２番３６号,岡山県,倉敷市,,,,133.751798,34.541888,100,公設
332020,0100003751,岡山県倉敷市,消火栓,332020,,倉敷市北畝６丁目１９番３６号,岡山県,倉敷市,,,,133.75192,34.543615,75,公設
332020,0100003752,岡山県倉敷市,消火栓,332020,,倉敷市中畝１０丁目５番４０号,岡山県,倉敷市,,,,133.753123,34.533059,75,公設
332020,0100003753,岡山県倉敷市,消火栓,332020,,倉敷市中畝１０丁目９番１２号,岡山県,倉敷市,,,,133.754855,34.53394,75,公設
332020,0100003754,岡山県倉敷市,消火栓,332020,,倉敷市松江４丁目６番地,岡山県,倉敷市,,,,133.763005,34.51214,200,公設
332020,0100003755,岡山県倉敷市,消火栓,332020,,倉敷市広江２丁目２６８９番１５号,岡山県,倉敷市,,,,133.770708,34.526116,100,公設
332020,0100003756,岡山県倉敷市,消火栓,332020,,倉敷市福田町古新田８９９番３０号,岡山県,倉敷市,,,,133.767522,34.537019,100,公設
332020,0100003757,岡山県倉敷市,消火栓,332020,,倉敷市東塚６丁目５番１号,岡山県,倉敷市,,,,133.765237,34.525048,75,公設
332020,0100003758,岡山県倉敷市,消火栓,332020,,倉敷市中畝７丁目９番１４号,岡山県,倉敷市,,,,133.753538,34.526041,75,公設
332020,0100003759,岡山県倉敷市,消火栓,332020,,倉敷市福田町福田１５０４番地,岡山県,倉敷市,,,,133.770647,34.546564,75,公設
332020,0100003760,岡山県倉敷市,消火栓,332020,,倉敷市東塚７丁目１５番８号,岡山県,倉敷市,,,,133.768177,34.521849,200,公設
332020,0100003761,岡山県倉敷市,消火栓,332020,,倉敷市北畝５丁目８番１４号,岡山県,倉敷市,,,,133.75637,34.538945,75,公設
332020,0100003762,岡山県倉敷市,消火栓,332020,,倉敷市南畝７丁目５番８号,岡山県,倉敷市,,,,133.753164,34.520198,150,公設
332020,0100003763,岡山県倉敷市,消火栓,332020,,倉敷市福田町古新田３２２番地,岡山県,倉敷市,,,,133.763975,34.548074,100,公設
332020,0100003764,岡山県倉敷市,消火栓,332020,,倉敷市福田町浦田２２６２番地　地先,岡山県,倉敷市,,,,133.755027,34.558964,75,公設
332020,0100003765,岡山県倉敷市,消火栓,332020,,倉敷市広江５丁目６番８号地先,岡山県,倉敷市,,,,133.782715,34.526168,75,公設
332020,0100003766,岡山県倉敷市,消火栓,332020,,倉敷市福田町古新田３６８番２号地先,岡山県,倉敷市,,,,133.759906,34.538443,75,公設
332020,0100003767,岡山県倉敷市,消火栓,332020,,倉敷市広江２丁目１４番１５号地先,岡山県,倉敷市,,,,133.770779,34.524033,75,公設
332020,0100003768,岡山県倉敷市,消火栓,332020,,倉敷市福田町浦田１７１２番１号地先,岡山県,倉敷市,,,,133.759099,34.559313,75,公設
332020,0100003769,岡山県倉敷市,消火栓,332020,,倉敷市松江３丁目１８番２１号地先,岡山県,倉敷市,,,,133.749792,34.509867,100,公設
332020,0100003770,岡山県倉敷市,消火栓,332020,,倉敷市南畝６丁目１４６５,岡山県,倉敷市,,,,133.750408,34.513668,200,公設
332020,0100003771,岡山県倉敷市,消火栓,332020,,倉敷市北畝７丁目５番２５号の６の地先,岡山県,倉敷市,,,,133.752156,34.547209,100,公設
332020,0100003772,岡山県倉敷市,消火栓,332020,,倉敷市北畝７丁目２番２８号地先,岡山県,倉敷市,,,,133.75201,34.545107,100,公設
332020,0100003773,岡山県倉敷市,消火栓,332020,,倉敷市松江３丁目３番９号地先,岡山県,倉敷市,,,,133.755286,34.513324,75,公設
332020,0100003774,岡山県倉敷市,消火栓,332020,,倉敷市東塚７丁目７番３５号地先,岡山県,倉敷市,,,,133.765999,34.522996,100,公設
332020,0100003775,岡山県倉敷市,消火栓,332020,,倉敷市東塚６丁目１０番５号地先,岡山県,倉敷市,,,,133.769577,34.524907,75,公設
332020,0100003776,岡山県倉敷市,消火栓,332020,,倉敷市広江２丁目１３番２５号,岡山県,倉敷市,,,,133.773245,34.523778,75,公設
332020,0100003777,岡山県倉敷市,消火栓,332020,,倉敷市中畝１０丁目１番４５号,岡山県,倉敷市,,,,133.751276,34.533674,100,公設
332020,0100003778,岡山県倉敷市,消火栓,332020,,倉敷市南畝７丁目１番９号,岡山県,倉敷市,,,,133.754022,34.522202,100,公設
332020,0100003779,岡山県倉敷市,消火栓,332020,,倉敷市南畝３丁目１１番３０号,岡山県,倉敷市,,,,133.7463,34.519454,100,公設
332020,0100003780,岡山県倉敷市,消火栓,332020,,倉敷市南畝３丁目１５番５号,岡山県,倉敷市,,,,133.746409,34.518381,75,公設
332020,0100003781,岡山県倉敷市,消火栓,332020,,倉敷市福田町古新田８１６番１２号,岡山県,倉敷市,,,,133.767898,34.540281,75,公設
332020,0100003782,岡山県倉敷市,消火栓,332020,,倉敷市松江１丁目１番１１号,岡山県,倉敷市,,,,133.75662,34.522177,100,公設
332020,0100003783,岡山県倉敷市,消火栓,332020,,倉敷市福田町浦田２１６８番４３号,岡山県,倉敷市,,,,133.750412,34.552484,150,公設
332020,0100003784,岡山県倉敷市,消火栓,332020,,倉敷市北畝４丁目１２番２３号地先,岡山県,倉敷市,,,,133.759535,34.537303,100,公設
332020,0100003785,岡山県倉敷市,消火栓,332020,,倉敷市北畝６丁目１５番３号,岡山県,倉敷市,,,,133.754435,34.5435,100,公設
332020,0100003786,岡山県倉敷市,消火栓,332020,,倉敷市広江２丁目６番５２号,岡山県,倉敷市,,,,133.771993,34.524938,75,公設
332020,0100003787,岡山県倉敷市,消火栓,332020,,倉敷市福田町古新田１００１番１２号地先,岡山県,倉敷市,,,,133.771784,34.536848,150,公設
332020,0100003788,岡山県倉敷市,消火栓,332020,,倉敷市福田町古新田５５４番３号,岡山県,倉敷市,,,,133.762411,34.538126,100,公設
332020,0100003789,岡山県倉敷市,消火栓,332020,,倉敷市中畝３丁目１０番１８号,岡山県,倉敷市,,,,133.747178,34.530018,200,公設
332020,0100003790,岡山県倉敷市,消火栓,332020,,倉敷市福田町浦田１２５６番５号,岡山県,倉敷市,,,,133.764977,34.557317,75,公設
332020,0100003791,岡山県倉敷市,消火栓,332020,,倉敷市中畝６丁目１番２２号,岡山県,倉敷市,,,,133.750925,34.524629,200,公設
332020,0100003792,岡山県倉敷市,消火栓,332020,,倉敷市中畝６丁目２番１１号,岡山県,倉敷市,,,,133.749794,34.524012,100,公設
332020,0100003793,岡山県倉敷市,消火栓,332020,,倉敷市南畝３丁目６番２号,岡山県,倉敷市,,,,133.746098,34.522505,100,公設
332020,0100003794,岡山県倉敷市,消火栓,332020,,倉敷市松江３丁目２番１２号,岡山県,倉敷市,,,,133.750941,34.512805,250,公設
332020,0100003795,岡山県倉敷市,消火栓,332020,,倉敷市福田町浦田２１７５番地先,岡山県,倉敷市,,,,133.751327,34.555182,250,公設
332020,0100003796,岡山県倉敷市,消火栓,332020,,倉敷市福田町古新田８６８番地先,岡山県,倉敷市,,,,133.765284,34.53294,100,公設
332020,0100003797,岡山県倉敷市,消火栓,332020,,倉敷市福田町古新田８７８番９号,岡山県,倉敷市,,,,133.765408,34.533165,100,公設
332020,0100003798,岡山県倉敷市,消火栓,332020,,倉敷市北畝４丁目７番５２号,岡山県,倉敷市,,,,133.7575,34.534672,250,公設
332020,0100003800,岡山県倉敷市,消火栓,332020,,倉敷市福田町福田２３７１番地,岡山県,倉敷市,,,,133.757002,34.548385,200,公設
332020,0100003801,岡山県倉敷市,消火栓,332020,,倉敷市福田町古新田４３０番地,岡山県,倉敷市,,,,133.765414,34.546118,200,公設
332020,0100003802,岡山県倉敷市,消火栓,332020,,倉敷市中畝１丁目５番３８号地先,岡山県,倉敷市,,,,133.746228,34.525214,100,公設
332020,0100003803,岡山県倉敷市,消火栓,332020,,倉敷市福田町古新田９４０番地先,岡山県,倉敷市,,,,133.76812,34.535499,75,公設
332020,0100003804,岡山県倉敷市,消火栓,332020,,倉敷市中畝３丁目４番１３号地先,岡山県,倉敷市,,,,133.74417,34.53038,150,公設
332020,0100003805,岡山県倉敷市,消火栓,332020,,倉敷市中畝８丁目３番３６号,岡山県,倉敷市,,,,133.75029,34.530019,200,公設
332020,0100003806,岡山県倉敷市,消火栓,332020,,倉敷市東塚３丁目５番２２号地先,岡山県,倉敷市,,,,133.757391,34.529543,75,公設
332020,0100003807,岡山県倉敷市,消火栓,332020,,倉敷市北畝７丁目３番５０号地先,岡山県,倉敷市,,,,133.752275,34.546071,100,公設
332020,0100003808,岡山県倉敷市,消火栓,332020,,倉敷市福田町浦田２４６３番１１号,岡山県,倉敷市,,,,133.751476,34.562164,75,公設
332020,0100003809,岡山県倉敷市,消火栓,332020,,倉敷市南畝１丁目１２番１号,岡山県,倉敷市,,,,133.740875,34.520342,75,公設
332020,0100003810,岡山県倉敷市,消火栓,332020,,倉敷市福田町浦田２６５３番地４９地先,岡山県,倉敷市,,,,133.747768,34.564157,350,公設
332020,0100003811,岡山県倉敷市,消火栓,332020,,倉敷市北畝６丁目５６０番地９地先,岡山県,倉敷市,,,,133.752066,34.543041,100,公設
332020,0100003812,岡山県倉敷市,消火栓,332020,,倉敷市福田町古新田２３５５番地３,岡山県,倉敷市,,,,133.760095,34.54818,100,公設
332020,0100003813,岡山県倉敷市,消火栓,332020,,倉敷市南畝５丁目４番１８号,岡山県,倉敷市,,,,133.749617,34.520433,100,公設
332020,0100003814,岡山県倉敷市,消火栓,332020,,倉敷市南畝６丁目７番４０号,岡山県,倉敷市,,,,133.752316,34.51825,75,公設
332020,0100003815,岡山県倉敷市,消火栓,332020,,倉敷市中畝１０丁目５番１０号,岡山県,倉敷市,,,,133.752355,34.5339,100,公設
332020,0100003839,岡山県倉敷市,消火栓,332020,,倉敷市児島稗田町１１７８番地,岡山県,倉敷市,,,,133.815236,34.501597,150,公設
332020,0100003840,岡山県倉敷市,消火栓,332020,,倉敷市児島稗田町１１６０,岡山県,倉敷市,,,,133.814302,34.50148,150,公設
332020,0100003841,岡山県倉敷市,消火栓,332020,,倉敷市児島稗田町１１３９番地,岡山県,倉敷市,,,,133.813521,34.502021,150,公設
332020,0100003842,岡山県倉敷市,消火栓,332020,,倉敷市児島稗田町１４７３番地,岡山県,倉敷市,,,,133.813324,34.502906,100,公設
332020,0100003843,岡山県倉敷市,消火栓,332020,,倉敷市児島稗田町１５１１,岡山県,倉敷市,,,,133.811974,34.501343,150,公設
332020,0100003844,岡山県倉敷市,消火栓,332020,,倉敷市児島稗田町１５２９,岡山県,倉敷市,,,,133.810554,34.500414,150,公設
332020,0100003845,岡山県倉敷市,消火栓,332020,,倉敷市児島稗田町２３５３－１,岡山県,倉敷市,,,,133.807955,34.502041,100,公設
332020,0100003846,岡山県倉敷市,消火栓,332020,,倉敷市児島稗田町１７５０,岡山県,倉敷市,,,,133.80737,34.50062,150,公設
332020,0100003847,岡山県倉敷市,消火栓,332020,,倉敷市児島稗田町１７６７,岡山県,倉敷市,,,,133.806205,34.499436,150,公設
332020,0100003848,岡山県倉敷市,消火栓,332020,,倉敷市児島稗田町１８０２－２０,岡山県,倉敷市,,,,133.804191,34.497525,150,公設
332020,0100003849,岡山県倉敷市,消火栓,332020,,倉敷市児島稗田町９０１３,岡山県,倉敷市,,,,133.802657,34.49606,100,公設
332020,0100003850,岡山県倉敷市,消火栓,332020,,倉敷市児島柳田町１７６番地３,岡山県,倉敷市,,,,133.80217,34.493831,150,公設
332020,0100003851,岡山県倉敷市,消火栓,332020,,倉敷市児島柳田町５９２,岡山県,倉敷市,,,,133.801401,34.492316,150,公設
332020,0100003852,岡山県倉敷市,消火栓,332020,,倉敷市児島柳田町８５１,岡山県,倉敷市,,,,133.799899,34.489325,150,公設
332020,0100003853,岡山県倉敷市,消火栓,332020,,倉敷市児島柳田町８７８－１,岡山県,倉敷市,,,,133.799302,34.487281,150,公設
332020,0100003854,岡山県倉敷市,消火栓,332020,,倉敷市児島柳田町２４９５,岡山県,倉敷市,,,,133.798751,34.483762,150,公設
332020,0100003855,岡山県倉敷市,消火栓,332020,,倉敷市児島柳田町２３６３４,岡山県,倉敷市,,,,133.796324,34.483283,75,公設
332020,0100003856,岡山県倉敷市,消火栓,332020,,倉敷市児島柳田町２３９７３,岡山県,倉敷市,,,,133.79675,34.482423,75,公設
332020,0100003857,岡山県倉敷市,消火栓,332020,,倉敷市児島小川７丁目８３１,岡山県,倉敷市,,,,133.800949,34.483098,75,公設
332020,0100003858,岡山県倉敷市,消火栓,332020,,倉敷市児島小川７丁目８番２６号,岡山県,倉敷市,,,,133.801936,34.483039,75,公設
332020,0100003859,岡山県倉敷市,消火栓,332020,,倉敷市児島小川７丁目４番５１号,岡山県,倉敷市,,,,133.800463,34.481817,100,公設
332020,0100003860,岡山県倉敷市,消火栓,332020,,倉敷市児島小川７丁目５番５２号,岡山県,倉敷市,,,,133.8009,34.480548,150,公設
332020,0100003861,岡山県倉敷市,消火栓,332020,,倉敷市児島小川７丁目１２３０,岡山県,倉敷市,,,,133.803798,34.482101,75,公設
332020,0100003862,岡山県倉敷市,消火栓,332020,,倉敷市児島小川６丁目３１２,岡山県,倉敷市,,,,133.802001,34.478773,150,公設
332020,0100003863,岡山県倉敷市,消火栓,332020,,倉敷市児島小川６丁目７３３,岡山県,倉敷市,,,,133.804473,34.48005,75,公設
332020,0100003864,岡山県倉敷市,消火栓,332020,,倉敷市児島小川４丁目３４番,岡山県,倉敷市,,,,133.805675,34.47554,100,公設
332020,0100003865,岡山県倉敷市,消火栓,332020,,倉敷市児島小川４丁目６番５２号,岡山県,倉敷市,,,,133.804772,34.474173,150,公設
332020,0100003866,岡山県倉敷市,消火栓,332020,,倉敷市児島小川４丁目２番２６号,岡山県,倉敷市,,,,133.8056,34.472887,150,公設
332020,0100003867,岡山県倉敷市,消火栓,332020,,倉敷市児島小川４丁目３番１号,岡山県,倉敷市,,,,133.804495,34.472285,250,公設
332020,0100003868,岡山県倉敷市,消火栓,332020,,倉敷市児島小川３丁目２番２１号,岡山県,倉敷市,,,,133.806201,34.470867,75,公設
332020,0100003869,岡山県倉敷市,消火栓,332020,,倉敷市児島小川３丁目７２,岡山県,倉敷市,,,,133.807653,34.470804,75,公設
332020,0100003870,岡山県倉敷市,消火栓,332020,,倉敷市児島小川３丁目９番２号,岡山県,倉敷市,,,,133.806284,34.472168,150,公設
332020,0100003871,岡山県倉敷市,消火栓,332020,,倉敷市児島小川３丁目６番９号,岡山県,倉敷市,,,,133.806155,34.47173,75,公設
332020,0100003872,岡山県倉敷市,消火栓,332020,,倉敷市児島小川１丁目５２２,岡山県,倉敷市,,,,133.80762,34.47037,100,公設
332020,0100003873,岡山県倉敷市,消火栓,332020,,倉敷市児島小川１丁目１６１,岡山県,倉敷市,,,,133.809716,34.470088,100,公設
332020,0100003874,岡山県倉敷市,消火栓,332020,,倉敷市児島小川２丁目６番２１号,岡山県,倉敷市,,,,133.812547,34.469054,100,公設
332020,0100003875,岡山県倉敷市,消火栓,332020,,倉敷市児島小川１丁目５５０,岡山県,倉敷市,,,,133.808053,34.469347,100,公設
332020,0100003876,岡山県倉敷市,消火栓,332020,,倉敷市児島小川１０丁目２,岡山県,倉敷市,,,,133.811179,34.486185,200,公設
332020,0100003877,岡山県倉敷市,消火栓,332020,,倉敷市児島小川２丁目８１７,岡山県,倉敷市,,,,133.813497,34.471757,75,公設
332020,0100003878,岡山県倉敷市,消火栓,332020,,倉敷市児島稗田町２３１４,岡山県,倉敷市,,,,133.806288,34.502296,100,公設
332020,0100003879,岡山県倉敷市,消火栓,332020,,倉敷市児島稗田町２１３３,岡山県,倉敷市,,,,133.804356,34.502947,100,公設
332020,0100003880,岡山県倉敷市,消火栓,332020,,倉敷市児島稗田町３０５４,岡山県,倉敷市,,,,133.802335,34.504676,100,公設
332020,0100003881,岡山県倉敷市,消火栓,332020,,倉敷市児島稗田町３１０３,岡山県,倉敷市,,,,133.8023,34.506092,75,公設
332020,0100003882,岡山県倉敷市,消火栓,332020,,倉敷市児島稗田町３６９９番地,岡山県,倉敷市,,,,133.801255,34.503841,100,公設
332020,0100003883,岡山県倉敷市,消火栓,332020,,倉敷市児島稗田町３３６８１,岡山県,倉敷市,,,,133.797505,34.505414,100,公設
332020,0100003884,岡山県倉敷市,消火栓,332020,,倉敷市児島小川４丁目１番６９号,岡山県,倉敷市,,,,133.806346,34.473901,75,公設
332020,0100003885,岡山県倉敷市,消火栓,332020,,倉敷市児島柳田町２１２,岡山県,倉敷市,,,,133.799995,34.494258,100,公設
332020,0100003886,岡山県倉敷市,消火栓,332020,,倉敷市児島柳田町１１０３８,岡山県,倉敷市,,,,133.797202,34.486442,150,公設
332020,0100003887,岡山県倉敷市,消火栓,332020,,倉敷市児島柳田町１７７６１,岡山県,倉敷市,,,,133.793694,34.485842,150,公設
332020,0100003888,岡山県倉敷市,消火栓,332020,,倉敷市児島柳田町１４２０１,岡山県,倉敷市,,,,133.791953,34.486913,100,公設
332020,0100003889,岡山県倉敷市,消火栓,332020,,倉敷市児島柳田町１６７５２,岡山県,倉敷市,,,,133.79266,34.484823,75,公設
332020,0100003890,岡山県倉敷市,消火栓,332020,,倉敷市児島柳田町１６７８番地１,岡山県,倉敷市,,,,133.792593,34.483943,75,公設
332020,0100003891,岡山県倉敷市,消火栓,332020,,倉敷市児島柳田町１７１８,岡山県,倉敷市,,,,133.79163,34.48328,75,公設
332020,0100003892,岡山県倉敷市,消火栓,332020,,倉敷市児島柳田町２３３１３,岡山県,倉敷市,,,,133.797968,34.484628,100,公設
332020,0100003893,岡山県倉敷市,消火栓,332020,,倉敷市児島稗田町１６０番地,岡山県,倉敷市,,,,133.810404,34.49901,100,公設
332020,0100003894,岡山県倉敷市,消火栓,332020,,倉敷市児島稗田町１９０番地,岡山県,倉敷市,,,,133.811455,34.497279,100,公設
332020,0100003895,岡山県倉敷市,消火栓,332020,,倉敷市児島稗田町３０４番地,岡山県,倉敷市,,,,133.812553,34.494912,150,公設
332020,0100003896,岡山県倉敷市,消火栓,332020,,倉敷市児島小川５丁目３番３８号,岡山県,倉敷市,,,,133.803364,34.475686,200,公設
332020,0100003897,岡山県倉敷市,消火栓,332020,,倉敷市児島小川５丁目７番８号,岡山県,倉敷市,,,,133.804496,34.476667,75,公設
332020,0100003898,岡山県倉敷市,消火栓,332020,,倉敷市児島稗田町２４２４－１,岡山県,倉敷市,,,,133.808038,34.50403,75,公設
332020,0100003899,岡山県倉敷市,消火栓,332020,,倉敷市児島小川９丁目６－６５,岡山県,倉敷市,,,,133.807437,34.49194,150,公設
332020,0100003900,岡山県倉敷市,消火栓,332020,,倉敷市児島小川４丁目４番２号,岡山県,倉敷市,,,,133.803413,34.473591,100,公設
332020,0100003901,岡山県倉敷市,消火栓,332020,,倉敷市児島柳田町８２５,岡山県,倉敷市,,,,133.79782,34.48746,75,公設
332020,0100003902,岡山県倉敷市,消火栓,332020,,倉敷市児島柳田町９４９２,岡山県,倉敷市,,,,133.797062,34.488455,100,公設
332020,0100003903,岡山県倉敷市,消火栓,332020,,倉敷市児島柳田町１０１８,岡山県,倉敷市,,,,133.795851,34.489294,100,公設
332020,0100003904,岡山県倉敷市,消火栓,332020,,倉敷市児島小川７丁目２５２,岡山県,倉敷市,,,,133.799119,34.483556,100,公設
332020,0100003905,岡山県倉敷市,消火栓,332020,,倉敷市児島小川３丁目９番５０号,岡山県,倉敷市,,,,133.806768,34.472292,75,公設
332020,0100003906,岡山県倉敷市,消火栓,332020,,倉敷市児島小川２丁目４５３,岡山県,倉敷市,,,,133.811124,34.469689,100,公設
332020,0100003907,岡山県倉敷市,消火栓,332020,,倉敷市児島小川６丁目２２２,岡山県,倉敷市,,,,133.799864,34.479826,75,公設
332020,0100003908,岡山県倉敷市,消火栓,332020,,倉敷市児島小川３丁目８番６号,岡山県,倉敷市,,,,133.807055,34.471581,150,公設
332020,0100003909,岡山県倉敷市,消火栓,332020,,倉敷市児島小川５丁目２番１８号,岡山県,倉敷市,,,,133.802493,34.477649,150,公設
332020,0100003910,岡山県倉敷市,消火栓,332020,,倉敷市児島小川１０丁目６－７,岡山県,倉敷市,,,,133.809466,34.486823,150,公設
332020,0100003911,岡山県倉敷市,消火栓,332020,,倉敷市児島小川９丁目１－１５,岡山県,倉敷市,,,,133.800768,34.487562,150,公設
332020,0100003912,岡山県倉敷市,消火栓,332020,,倉敷市児島小川９丁目４－１１,岡山県,倉敷市,,,,133.802216,34.4883,150,公設
332020,0100003913,岡山県倉敷市,消火栓,332020,,倉敷市児島小川９丁目５－３０,岡山県,倉敷市,,,,133.804267,34.489358,150,公設
332020,0100003914,岡山県倉敷市,消火栓,332020,,倉敷市児島小川４丁目７番３４号,岡山県,倉敷市,,,,133.805208,34.476156,150,公設
332020,0100003915,岡山県倉敷市,消火栓,332020,,倉敷市児島小川４丁目８番８２号,岡山県,倉敷市,,,,133.809398,34.476333,150,公設
332020,0100003916,岡山県倉敷市,消火栓,332020,,倉敷市児島柳田町４０２番地２１,岡山県,倉敷市,,,,133.793527,34.493188,75,公設
332020,0100003917,岡山県倉敷市,消火栓,332020,,倉敷市児島稗田町４０００,岡山県,倉敷市,,,,133.804048,34.500304,75,公設
332020,0100003918,岡山県倉敷市,消火栓,332020,,倉敷市児島稗田町３９９０１１,岡山県,倉敷市,,,,133.80502,34.500494,75,公設
332020,0100003919,岡山県倉敷市,消火栓,332020,,倉敷市児島稗田町４０９７,岡山県,倉敷市,,,,133.800751,34.498539,100,公設
332020,0100003920,岡山県倉敷市,消火栓,332020,,倉敷市児島小川１丁目５１７,岡山県,倉敷市,,,,133.807178,34.469938,100,公設
332020,0100003921,岡山県倉敷市,消火栓,332020,,倉敷市児島柳田町２４６４１,岡山県,倉敷市,,,,133.797201,34.483098,150,公設
332020,0100003922,岡山県倉敷市,消火栓,332020,,倉敷市児島柳田町８４１番地,岡山県,倉敷市,,,,133.799521,34.490408,75,公設
332020,0100003923,岡山県倉敷市,消火栓,332020,,倉敷市児島小川１丁目１１７,岡山県,倉敷市,,,,133.810173,34.46915,150,公設
332020,0100003924,岡山県倉敷市,消火栓,332020,,倉敷市児島柳田町２４０２－４８,岡山県,倉敷市,,,,133.797091,34.481492,75,公設
332020,0100003925,岡山県倉敷市,消火栓,332020,,倉敷市児島小川７丁目７番４８号,岡山県,倉敷市,,,,133.80131,34.482232,100,公設
332020,0100003926,岡山県倉敷市,消火栓,332020,,倉敷市児島小川７丁目６５４,岡山県,倉敷市,,,,133.801802,34.481216,75,公設
332020,0100003927,岡山県倉敷市,消火栓,332020,,倉敷市児島稗田町２７９３１,岡山県,倉敷市,,,,133.806195,34.509982,100,公設
332020,0100003928,岡山県倉敷市,消火栓,332020,,倉敷市児島小川４丁目５番２１号,岡山県,倉敷市,,,,133.802692,34.474385,200,公設
332020,0100003929,岡山県倉敷市,消火栓,332020,,倉敷市児島稗田町４８１,岡山県,倉敷市,,,,133.804978,34.493213,150,公設
332020,0100003930,岡山県倉敷市,消火栓,332020,,倉敷市児島柳田町１７１５,岡山県,倉敷市,,,,133.79525,34.486211,150,公設
332020,0100003931,岡山県倉敷市,消火栓,332020,,倉敷市児島小川５丁目１番１７号,岡山県,倉敷市,,,,133.801329,34.476153,300,公設
332020,0100003932,岡山県倉敷市,消火栓,332020,,倉敷市児島柳田町６５６２,岡山県,倉敷市,,,,133.799442,34.492483,100,公設
332020,0100003933,岡山県倉敷市,消火栓,332020,,倉敷市児島小川３丁目１０番４１号,岡山県,倉敷市,,,,133.807871,34.47214,75,公設
332020,0100003934,岡山県倉敷市,消火栓,332020,,倉敷市児島柳田町８９５,岡山県,倉敷市,,,,133.799007,34.485942,150,公設
332020,0100003935,岡山県倉敷市,消火栓,332020,,倉敷市児島稗田町２７９３１,岡山県,倉敷市,,,,133.80519,34.509716,75,公設
332020,0100003936,岡山県倉敷市,消火栓,332020,,倉敷市児島稗田町２７９３１,岡山県,倉敷市,,,,133.805572,34.509476,200,公設
332020,0100003937,岡山県倉敷市,消火栓,332020,,倉敷市児島稗田町１８９１番地３,岡山県,倉敷市,,,,133.805306,34.498614,150,公設
332020,0100003938,岡山県倉敷市,消火栓,332020,,倉敷市児島柳田町２３５７,岡山県,倉敷市,,,,133.797452,34.483696,75,公設
332020,0100003939,岡山県倉敷市,消火栓,332020,,倉敷市児島小川６丁目２番６６号,岡山県,倉敷市,,,,133.801156,34.478187,75,公設
332020,0100003940,岡山県倉敷市,消火栓,332020,,倉敷市児島稗田町２９４０,岡山県,倉敷市,,,,133.805772,34.507738,100,公設
332020,0100003941,岡山県倉敷市,消火栓,332020,,倉敷市児島稗田町３５４番地,岡山県,倉敷市,,,,133.811255,34.495798,150,公設
332020,0100003942,岡山県倉敷市,消火栓,332020,,倉敷市児島柳田町１４３２,岡山県,倉敷市,,,,133.792759,34.486087,100,公設
332020,0100003943,岡山県倉敷市,消火栓,332020,,倉敷市児島稗田町２７８７,岡山県,倉敷市,,,,133.80624,34.51202,100,公設
332020,0100003944,岡山県倉敷市,消火栓,332020,,倉敷市児島稗田町２７８７,岡山県,倉敷市,,,,133.806144,34.512446,100,公設
332020,0100003945,岡山県倉敷市,消火栓,332020,,倉敷市児島稗田町２７８７番地,岡山県,倉敷市,,,,133.806135,34.512927,100,公設
332020,0100003946,岡山県倉敷市,消火栓,332020,,倉敷市児島稗田町２７８７,岡山県,倉敷市,,,,133.806108,34.513423,100,公設
332020,0100003947,岡山県倉敷市,消火栓,332020,,倉敷市児島稗田町２７８７,岡山県,倉敷市,,,,133.806072,34.513901,100,公設
332020,0100003948,岡山県倉敷市,消火栓,332020,,倉敷市児島稗田町２９６６番地,岡山県,倉敷市,,,,133.805689,34.506095,100,公設
332020,0100003949,岡山県倉敷市,消火栓,332020,,倉敷市児島柳田町６４５１,岡山県,倉敷市,,,,133.799954,34.491318,100,公設
332020,0100003950,岡山県倉敷市,消火栓,332020,,倉敷市児島小川１丁目４２７,岡山県,倉敷市,,,,133.807248,34.468536,100,公設
332020,0100003951,岡山県倉敷市,消火栓,332020,,倉敷市児島小川１丁目４５,岡山県,倉敷市,,,,133.808263,34.468846,300,公設
332020,0100003952,岡山県倉敷市,消火栓,332020,,倉敷市児島小川１丁目２５８,岡山県,倉敷市,,,,133.810137,34.468304,100,公設
332020,0100003953,岡山県倉敷市,消火栓,332020,,倉敷市児島小川１丁目２３５,岡山県,倉敷市,,,,133.810851,34.469006,300,公設
332020,0100003954,岡山県倉敷市,消火栓,332020,,倉敷市児島小川７丁目１１番１４号,岡山県,倉敷市,,,,133.803158,34.483258,75,公設
332020,0100003955,岡山県倉敷市,消火栓,332020,,倉敷市児島柳田町９８５,岡山県,倉敷市,,,,133.796819,34.490286,75,公設
332020,0100003956,岡山県倉敷市,消火栓,332020,,倉敷市児島柳田町７８８,岡山県,倉敷市,,,,133.798484,34.49002,75,公設
332020,0100003957,岡山県倉敷市,消火栓,332020,,倉敷市児島柳田町１７９５番地１,岡山県,倉敷市,,,,133.795713,34.484899,100,公設
332020,0100003958,岡山県倉敷市,消火栓,332020,,倉敷市児島稗田町６８６番地１,岡山県,倉敷市,,,,133.804515,34.495214,75,公設
332020,0100003959,岡山県倉敷市,消火栓,332020,,倉敷市児島小川２丁目２５５,岡山県,倉敷市,,,,133.809543,34.471768,75,公設
332020,0100003960,岡山県倉敷市,消火栓,332020,,倉敷市児島稗田町１４９０,岡山県,倉敷市,,,,133.801701,34.496915,100,公設
332020,0100003961,岡山県倉敷市,消火栓,332020,,倉敷市児島小川６丁目１１５,岡山県,倉敷市,,,,133.800596,34.477854,75,公設
332020,0100003962,岡山県倉敷市,消火栓,332020,,倉敷市児島小川１丁目５１０,岡山県,倉敷市,,,,133.806627,34.46951,100,公設
332020,0100003963,岡山県倉敷市,消火栓,332020,,倉敷市児島小川６丁目２１３,岡山県,倉敷市,,,,133.800108,34.478976,75,公設
332020,0100003964,岡山県倉敷市,消火栓,332020,,倉敷市児島小川１０丁目１－４,岡山県,倉敷市,,,,133.809798,34.484897,200,公設
332020,0100003965,岡山県倉敷市,消火栓,332020,,倉敷市児島小川１０丁目４－３,岡山県,倉敷市,,,,133.8101,34.485509,75,公設
332020,0100003966,岡山県倉敷市,消火栓,332020,,倉敷市児島小川１０丁目４－３,岡山県,倉敷市,,,,133.810529,34.485458,200,公設
332020,0100003967,岡山県倉敷市,消火栓,332020,,倉敷市児島小川１０丁目１－１２,岡山県,倉敷市,,,,133.810607,34.484959,100,公設
332020,0100003968,岡山県倉敷市,消火栓,332020,,倉敷市児島柳田町２４８５番地６,岡山県,倉敷市,,,,133.798137,34.48213,75,公設
332020,0100003969,岡山県倉敷市,消火栓,332020,,倉敷市児島稗田町２０２７１,岡山県,倉敷市,,,,133.804832,34.501791,100,公設
332020,0100003970,岡山県倉敷市,消火栓,332020,,倉敷市児島小川７丁目１番２１号,岡山県,倉敷市,,,,133.799277,34.481368,150,公設
332020,0100003971,岡山県倉敷市,消火栓,332020,,倉敷市児島稗田町３６１６番地３,岡山県,倉敷市,,,,133.794706,34.503577,75,公設
332020,0100003972,岡山県倉敷市,消火栓,332020,,倉敷市児島小川２丁目５番４６号,岡山県,倉敷市,,,,133.813716,34.468538,75,公設
332020,0100003973,岡山県倉敷市,消火栓,332020,,倉敷市児島小川町３６９５,岡山県,倉敷市,,,,133.814723,34.466589,100,公設
332020,0100003974,岡山県倉敷市,消火栓,332020,,倉敷市児島柳田町１０１２,岡山県,倉敷市,,,,133.794873,34.489723,75,公設
332020,0100003975,岡山県倉敷市,消火栓,332020,,倉敷市児島稗田町２６５５,岡山県,倉敷市,,,,133.807391,34.50979,150,公設
332020,0100003976,岡山県倉敷市,消火栓,332020,,倉敷市児島稗田町２５８８－２,岡山県,倉敷市,,,,133.80992,34.509377,100,公設
332020,0100003977,岡山県倉敷市,消火栓,332020,,倉敷市児島小川６丁目８１３,岡山県,倉敷市,,,,133.805542,34.4793,75,公設
332020,0100003978,岡山県倉敷市,消火栓,332020,,倉敷市児島小川３丁目１１８,岡山県,倉敷市,,,,133.806252,34.470463,100,公設
332020,0100003979,岡山県倉敷市,消火栓,332020,,倉敷市児島小川３丁目１０番２７号,岡山県,倉敷市,,,,133.807741,34.473259,100,公設
332020,0100003980,岡山県倉敷市,消火栓,332020,,倉敷市児島稗田町１７１４番地４,岡山県,倉敷市,,,,133.808846,34.500629,150,公設
332020,0100003981,岡山県倉敷市,消火栓,332020,,倉敷市児島稗田町３６７２,岡山県,倉敷市,,,,133.800838,34.504581,100,公設
332020,0100003982,岡山県倉敷市,消火栓,332020,,倉敷市児島柳田町５６０,岡山県,倉敷市,,,,133.798122,34.494206,100,公設
332020,0100003983,岡山県倉敷市,消火栓,332020,,倉敷市児島稗田町５１３５,岡山県,倉敷市,,,,133.803315,34.493454,150,公設
332020,0100003984,岡山県倉敷市,消火栓,332020,,倉敷市児島小川１０丁目２－２,岡山県,倉敷市,,,,133.811104,34.485474,150,公設
332020,0100003985,岡山県倉敷市,消火栓,332020,,倉敷市児島小川１０丁目２－２,岡山県,倉敷市,,,,133.811275,34.485116,100,公設
332020,0100003986,岡山県倉敷市,消火栓,332020,,倉敷市児島小川９丁目５－６０,岡山県,倉敷市,,,,133.807011,34.489428,75,公設
332020,0100003987,岡山県倉敷市,消火栓,332020,,倉敷市児島小川６丁目５１３,岡山県,倉敷市,,,,133.803558,34.479324,100,公設
332020,0100003988,岡山県倉敷市,消火栓,332020,,倉敷市児島小川４丁目８番１８号,岡山県,倉敷市,,,,133.806355,34.474037,100,公設
332020,0100003989,岡山県倉敷市,消火栓,332020,,倉敷市児島小川１０丁目４－８９０,岡山県,倉敷市,,,,133.809541,34.485527,150,公設
332020,0100003990,岡山県倉敷市,消火栓,332020,,倉敷市児島小川１０丁目４－４,岡山県,倉敷市,,,,133.809986,34.486138,150,公設
332020,0100003991,岡山県倉敷市,消火栓,332020,,倉敷市児島小川１０丁目９－１,岡山県,倉敷市,,,,133.809256,34.487712,150,公設
332020,0100003993,岡山県倉敷市,消火栓,332020,,倉敷市児島稗田町４０６６７,岡山県,倉敷市,,,,133.802202,34.497265,75,公設
332020,0100003994,岡山県倉敷市,消火栓,332020,,倉敷市児島稗田町３８３８番地２,岡山県,倉敷市,,,,133.802691,34.503097,100,公設
332020,0100003995,岡山県倉敷市,消火栓,332020,,倉敷市児島稗田町３３番地１９,岡山県,倉敷市,,,,133.814007,34.49611,75,公設
332020,0100003996,岡山県倉敷市,消火栓,332020,,倉敷市児島稗田町２７番地１４,岡山県,倉敷市,,,,133.814448,34.496091,100,公設
332020,0100003997,岡山県倉敷市,消火栓,332020,,倉敷市児島稗田町２７２３,岡山県,倉敷市,,,,133.814887,34.496074,75,公設
332020,0100003998,岡山県倉敷市,消火栓,332020,,倉敷市児島小川７丁目１３９,岡山県,倉敷市,,,,133.80525,34.482971,100,公設
332020,0100003999,岡山県倉敷市,消火栓,332020,,倉敷市児島小川８丁目４７,岡山県,倉敷市,,,,133.800824,34.484178,100,公設
332020,0100004000,岡山県倉敷市,消火栓,332020,,倉敷市児島稗田町４３５－４６,岡山県,倉敷市,,,,133.806496,34.493663,150,公設
332020,0100004001,岡山県倉敷市,消火栓,332020,,倉敷市児島稗田町３９０番地,岡山県,倉敷市,,,,133.807317,34.494375,150,公設
332020,0100004002,岡山県倉敷市,消火栓,332020,,倉敷市児島稗田町９４８番地８,岡山県,倉敷市,,,,133.81473,34.498486,150,公設
332020,0100004003,岡山県倉敷市,消火栓,332020,,倉敷市児島稗田町９５７番地２２,岡山県,倉敷市,,,,133.815557,34.498767,100,公設
332020,0100004004,岡山県倉敷市,消火栓,332020,,倉敷市児島稗田町３６番地７,岡山県,倉敷市,,,,133.813569,34.49614,75,公設
332020,0100004005,岡山県倉敷市,消火栓,332020,,倉敷市児島稗田町８７番地２６,岡山県,倉敷市,,,,133.814619,34.497428,150,公設
332020,0100004006,岡山県倉敷市,消火栓,332020,,倉敷市児島稗田町２３６８６,岡山県,倉敷市,,,,133.806634,34.504004,100,公設
332020,0100004007,岡山県倉敷市,消火栓,332020,,倉敷市児島小川町３６７２,岡山県,倉敷市,,,,133.810817,34.467248,150,公設
332020,0100004008,岡山県倉敷市,消火栓,332020,,倉敷市児島小川８丁目５５,岡山県,倉敷市,,,,133.802511,34.484231,100,公設
332020,0100004009,岡山県倉敷市,消火栓,332020,,倉敷市児島小川１丁目３３８,岡山県,倉敷市,,,,133.809236,34.46893,300,公設
332020,0100004010,岡山県倉敷市,消火栓,332020,,倉敷市児島小川１丁目１８１,岡山県,倉敷市,,,,133.812123,34.468728,300,公設
332020,0100004011,岡山県倉敷市,消火栓,332020,,倉敷市児島小川町３６７７２,岡山県,倉敷市,,,,133.814589,34.468292,300,公設
332020,0100004012,岡山県倉敷市,消火栓,332020,,倉敷市児島稗田町１９１２－１,岡山県,倉敷市,,,,133.805168,34.499486,150,公設
332020,0100004013,岡山県倉敷市,消火栓,332020,,倉敷市児島稗田町５８３,岡山県,倉敷市,,,,133.806569,34.494265,75,公設
332020,0100004014,岡山県倉敷市,消火栓,332020,,倉敷市児島柳田町１０３３－１,岡山県,倉敷市,,,,133.794499,34.488905,75,公設
332020,0100004015,岡山県倉敷市,消火栓,332020,,倉敷市児島小川５丁目３番１８号,岡山県,倉敷市,,,,133.803204,34.476984,75,公設
332020,0100004016,岡山県倉敷市,消火栓,332020,,倉敷市児島柳田町１８１６番地１,岡山県,倉敷市,,,,133.794393,34.483755,100,公設
332020,0100004017,岡山県倉敷市,消火栓,332020,,倉敷市児島柳田町１８２２,岡山県,倉敷市,,,,133.79336,34.483218,75,公設
332020,0100004018,岡山県倉敷市,消火栓,332020,,倉敷市児島小川７丁目１３２,岡山県,倉敷市,,,,133.803751,34.481421,75,公設
332020,0100004019,岡山県倉敷市,消火栓,332020,,倉敷市児島稗田町２７８２,岡山県,倉敷市,,,,133.806741,34.511472,100,公設
332020,0100004020,岡山県倉敷市,消火栓,332020,,倉敷市児島稗田町３５９番地１２,岡山県,倉敷市,,,,133.810477,34.495546,75,公設
332020,0100004021,岡山県倉敷市,消火栓,332020,,倉敷市児島稗田町３００５番３号,岡山県,倉敷市,,,,133.804324,34.505768,75,公設
332020,0100004022,岡山県倉敷市,消火栓,332020,,倉敷市児島稗田町３０３２番１４号,岡山県,倉敷市,,,,133.80318,34.505305,75,公設
332020,0100004023,岡山県倉敷市,消火栓,332020,,倉敷市児島柳田町４２７番地２５,岡山県,倉敷市,,,,133.797575,34.494267,100,公設
332020,0100004024,岡山県倉敷市,消火栓,332020,,倉敷市児島柳田町４３４番３号,岡山県,倉敷市,,,,133.796421,34.493263,100,公設
332020,0100004025,岡山県倉敷市,消火栓,332020,,倉敷市児島柳田町５２９番４５号,岡山県,倉敷市,,,,133.796721,34.491229,100,公設
332020,0100004026,岡山県倉敷市,消火栓,332020,,倉敷市児島柳田町５０５－１０９,岡山県,倉敷市,,,,133.794224,34.4908,100,公設
332020,0100004027,岡山県倉敷市,消火栓,332020,,倉敷市児島柳田町４５６３,岡山県,倉敷市,,,,133.793224,34.492681,100,公設
332020,0100004028,岡山県倉敷市,消火栓,332020,,倉敷市児島柳田町４５２－２２,岡山県,倉敷市,,,,133.79404,34.493098,75,公設
332020,0100004029,岡山県倉敷市,消火栓,332020,,倉敷市児島小川９丁目１－１５,岡山県,倉敷市,,,,133.800994,34.488398,75,公設
332020,0100004030,岡山県倉敷市,消火栓,332020,,倉敷市児島小川９丁目７－３１,岡山県,倉敷市,,,,133.809884,34.489968,75,公設
332020,0100004031,岡山県倉敷市,消火栓,332020,,倉敷市児島小川１０丁目３－５,岡山県,倉敷市,,,,133.808967,34.486177,150,公設
332020,0100004032,岡山県倉敷市,消火栓,332020,,倉敷市児島小川１０丁目８－２,岡山県,倉敷市,,,,133.808534,34.487137,150,公設
332020,0100004034,岡山県倉敷市,消火栓,332020,,倉敷市児島小川１０丁目９,岡山県,倉敷市,,,,133.808518,34.488129,150,公設
332020,0100004035,岡山県倉敷市,消火栓,332020,,倉敷市児島小川１０丁目５－１,岡山県,倉敷市,,,,133.810502,34.48622,200,公設
332020,0100004036,岡山県倉敷市,消火栓,332020,,倉敷市児島小川１０丁目５－１０,岡山県,倉敷市,,,,133.810339,34.486846,200,公設
332020,0100004037,岡山県倉敷市,消火栓,332020,,倉敷市児島小川１０丁目１０－１,岡山県,倉敷市,,,,133.810093,34.487667,200,公設
332020,0100004038,岡山県倉敷市,消火栓,332020,,倉敷市児島小川１０丁目１１－３,岡山県,倉敷市,,,,133.809752,34.488812,200,公設
332020,0100004040,岡山県倉敷市,消火栓,332020,,倉敷市児島柳田町４４５－２,岡山県,倉敷市,,,,133.795319,34.493509,75,公設
332020,0100004041,岡山県倉敷市,消火栓,332020,,倉敷市児島小川町３６８２番地６,岡山県,倉敷市,,,,133.812023,34.46688,150,公設
332020,0100004042,岡山県倉敷市,消火栓,332020,,倉敷市児島小川町３６８２番地２５,岡山県,倉敷市,,,,133.812532,34.465534,75,公設
332020,0100004043,岡山県倉敷市,消火栓,332020,,倉敷市児島稗田町２１８２番地１４,岡山県,倉敷市,,,,133.803907,34.504596,75,公設
332020,0100004044,岡山県倉敷市,消火栓,332020,,倉敷市児島小川９丁目７－３１,岡山県,倉敷市,,,,133.808925,34.489847,75,公設
332020,0100004045,岡山県倉敷市,消火栓,332020,,倉敷市児島小川９丁目３－１,岡山県,倉敷市,,,,133.801422,34.491011,75,公設
332020,0100004046,岡山県倉敷市,消火栓,332020,,倉敷市児島柳田町１１８８８,岡山県,倉敷市,,,,133.793933,34.48807,75,公設
332020,0100004047,岡山県倉敷市,消火栓,332020,,倉敷市児島稗田町９５８,岡山県,倉敷市,,,,133.814743,34.499642,75,公設
332020,0100004048,岡山県倉敷市,消火栓,332020,,倉敷市児島小川町３６７７番地８,岡山県,倉敷市,,,,133.813812,34.468132,75,公設
332020,0100004049,岡山県倉敷市,消火栓,332020,,倉敷市児島小川５丁目８番１０号,岡山県,倉敷市,,,,133.807485,34.476662,150,公設
332020,0100004050,岡山県倉敷市,消火栓,332020,,倉敷市児島小川７丁目１４１,岡山県,倉敷市,,,,133.805395,34.481108,75,公設
332020,0100004051,岡山県倉敷市,消火栓,332020,,倉敷市児島小川４丁目８－１－５２,岡山県,倉敷市,,,,133.807579,34.475051,100,公設
332020,0100004052,岡山県倉敷市,消火栓,332020,,倉敷市児島小川４丁目８－１－３,岡山県,倉敷市,,,,133.808486,34.473938,75,公設
332020,0100004053,岡山県倉敷市,消火栓,332020,,倉敷市児島小川９丁目３－１８－４,岡山県,倉敷市,,,,133.801646,34.489615,100,公設
332020,0100004054,岡山県倉敷市,消火栓,332020,,倉敷市児島柳田町４５６番地２５,岡山県,倉敷市,,,,133.793582,34.491881,100,公設
332020,0100004055,岡山県倉敷市,消火栓,332020,,倉敷市児島柳田町４５６番地２７,岡山県,倉敷市,,,,133.794831,34.492272,75,公設
332020,0100004056,岡山県倉敷市,消火栓,332020,,倉敷市児島小川９丁目７－３１,岡山県,倉敷市,,,,133.808331,34.490216,100,公設
332020,0100004057,岡山県倉敷市,消火栓,332020,,倉敷市児島柳田町１３６４,岡山県,倉敷市,,,,133.790862,34.488593,75,公設
332020,0100004058,岡山県倉敷市,消火栓,332020,,倉敷市児島柳田町５７６－３５,岡山県,倉敷市,,,,133.799828,34.493091,75,公設
332020,0100004059,岡山県倉敷市,消火栓,332020,,倉敷市児島小川町３６８８番地１２,岡山県,倉敷市,,,,133.809473,34.467031,75,公設
332020,0100004060,岡山県倉敷市,消火栓,332020,,倉敷市児島稗田町３７６番地８,岡山県,倉敷市,,,,133.80962,34.494868,100,公設
332020,0100004061,岡山県倉敷市,消火栓,332020,,倉敷市児島小川町３６８１番地３,岡山県,倉敷市,,,,133.814051,34.467556,150,公設
332020,0100004062,岡山県倉敷市,消火栓,332020,,倉敷市児島小川４丁目８－１－７４,岡山県,倉敷市,,,,133.80705,34.475737,75,公設
332020,0100004063,岡山県倉敷市,消火栓,332020,,倉敷市児島小川９丁目５－５０,岡山県,倉敷市,,,,133.806605,34.490008,150,公設
332020,0100004064,岡山県倉敷市,消火栓,332020,,倉敷市児島小川９丁目５９８,岡山県,倉敷市,,,,133.806451,34.491185,150,公設
332020,0100004065,岡山県倉敷市,消火栓,332020,,倉敷市児島小川９丁目３－６７,岡山県,倉敷市,,,,133.804407,34.49094,200,公設
332020,0100004066,岡山県倉敷市,消火栓,332020,,倉敷市児島小川９丁目６－１４,岡山県,倉敷市,,,,133.802931,34.491745,200,公設
332020,0100004067,岡山県倉敷市,消火栓,332020,,倉敷市児島柳田町１１１－７,岡山県,倉敷市,,,,133.800865,34.495448,75,公設
332020,0100004068,岡山県倉敷市,消火栓,332020,,倉敷市児島柳田町１２６７,岡山県,倉敷市,,,,133.791114,34.487852,75,公設
332020,0100004069,岡山県倉敷市,消火栓,332020,,倉敷市児島稗田町４０９７,岡山県,倉敷市,,,,133.800464,34.499768,100,公設
332020,0100004070,岡山県倉敷市,消火栓,332020,,倉敷市児島柳田町３９２－２２,岡山県,倉敷市,,,,133.791399,34.49343,100,公設
332020,0100004071,岡山県倉敷市,消火栓,332020,,倉敷市児島柳田町１３１５番１５号,岡山県,倉敷市,,,,133.791458,34.49221,150,公設
332020,0100004072,岡山県倉敷市,消火栓,332020,,倉敷市児島柳田町３８６－２６,岡山県,倉敷市,,,,133.790261,34.492662,100,公設
332020,0100004073,岡山県倉敷市,消火栓,332020,,倉敷市児島稗田町１６８０番地,岡山県,倉敷市,,,,133.809734,34.502636,100,公設
332020,0100004074,岡山県倉敷市,消火栓,332020,,倉敷市児島稗田町３９０１番１号,岡山県,倉敷市,,,,133.804087,34.501795,75,公設
332020,0100004075,岡山県倉敷市,消火栓,332020,,倉敷市児島稗田町２０００４,岡山県,倉敷市,,,,133.805585,34.500881,100,公設
332020,0100004076,岡山県倉敷市,消火栓,332020,,倉敷市児島小川町３６８６番地１,岡山県,倉敷市,,,,133.810469,34.466592,100,公設
332020,0100004077,岡山県倉敷市,消火栓,332020,,倉敷市児島小川町３６７７番地１,岡山県,倉敷市,,,,133.812888,34.467393,100,公設
332020,0100004078,岡山県倉敷市,消火栓,332020,,倉敷市児島稗田町６－４６５－２４,岡山県,倉敷市,,,,133.806636,34.492563,75,公設
332020,0100004079,岡山県倉敷市,消火栓,332020,,倉敷市児島稗田町２６１７番地,岡山県,倉敷市,,,,133.807922,34.508491,75,公設
332020,0100004080,岡山県倉敷市,消火栓,332020,,倉敷市児島稗田町２１０２番地,岡山県,倉敷市,,,,133.803234,34.503747,100,公設
332020,0100004081,岡山県倉敷市,消火栓,332020,,倉敷市児島稗田町３６４２,岡山県,倉敷市,,,,133.795882,34.504518,200,公設
332020,0100004082,岡山県倉敷市,消火栓,332020,,倉敷市児島小川町２８３１,岡山県,倉敷市,,,,133.808592,34.48058,150,公設
332020,0100004083,岡山県倉敷市,消火栓,332020,,倉敷市児島稗田町７８４番地１,岡山県,倉敷市,,,,133.807735,34.499369,75,公設
332020,0100004084,岡山県倉敷市,消火栓,332020,,倉敷市児島小川８丁目８番地１１号,岡山県,倉敷市,,,,133.805612,34.488597,100,公設
332020,0100004085,岡山県倉敷市,消火栓,332020,,倉敷市児島柳田町１４５番地,岡山県,倉敷市,,,,133.803268,34.495727,100,公設
332020,0100004086,岡山県倉敷市,消火栓,332020,,倉敷市児島稗田町２４１番地１,岡山県,倉敷市,,,,133.808545,34.496587,75,公設
332020,0100004087,岡山県倉敷市,消火栓,332020,,倉敷市児島稗田町２３４８番地,岡山県,倉敷市,,,,133.80665,34.502147,100,公設
332020,0100004088,岡山県倉敷市,消火栓,332020,,倉敷市児島小川町３６８５番地,岡山県,倉敷市,,,,133.810676,34.465709,100,公設
332020,0100004089,岡山県倉敷市,消火栓,332020,,倉敷市児島柳田町４０２番地１２８,岡山県,倉敷市,,,,133.792364,34.493634,75,公設
332020,0100004090,岡山県倉敷市,消火栓,332020,,倉敷市児島小川６丁目３番１２号,岡山県,倉敷市,,,,133.801457,34.479461,150,公設
332020,0100004091,岡山県倉敷市,消火栓,332020,,倉敷市児島稗田町６０８番地２５,岡山県,倉敷市,,,,133.805284,34.494156,75,公設
332020,0100004092,岡山県倉敷市,消火栓,332020,,倉敷市児島柳田町５０５番地６０,岡山県,倉敷市,,,,133.795794,34.492248,100,公設
332020,0100004093,岡山県倉敷市,消火栓,332020,,倉敷市児島柳田町５０５番地１００,岡山県,倉敷市,,,,133.795304,34.491038,100,公設
332020,0100004094,岡山県倉敷市,消火栓,332020,,倉敷市児島柳田町６８４番地１６,岡山県,倉敷市,,,,133.798571,34.491208,200,公設
332020,0100004095,岡山県倉敷市,消火栓,332020,,倉敷市児島稗田町３２４４番地,岡山県,倉敷市,,,,133.799476,34.505155,100,公設
332020,0100004096,岡山県倉敷市,消火栓,332020,,倉敷市児島稗田町１５３９番地２,岡山県,倉敷市,,,,133.810845,34.502021,100,公設
332020,0100004097,岡山県倉敷市,消火栓,332020,,倉敷市児島稗田町１７７５番地２,岡山県,倉敷市,,,,133.806967,34.49885,75,公設
332020,0100004098,岡山県倉敷市,消火栓,332020,,倉敷市児島柳田町２３３７番地,岡山県,倉敷市,,,,133.796676,34.48495,75,公設
332020,0100004099,岡山県倉敷市,消火栓,332020,,倉敷市児島小川９丁目６番１６号,岡山県,倉敷市,,,,133.803468,34.492195,75,公設
332020,0100004100,岡山県倉敷市,消火栓,332020,,倉敷市児島小川２丁目２番５号,岡山県,倉敷市,,,,133.809389,34.470888,75,公設
332020,0100004101,岡山県倉敷市,消火栓,332020,,倉敷市児島稗田町１３２番地２,岡山県,倉敷市,,,,133.811823,34.498233,75,公設
332020,0100004102,岡山県倉敷市,消火栓,332020,,倉敷市児島稗田町２６６０番地８,岡山県,倉敷市,,,,133.808267,34.509744,150,公設
332020,0100004103,岡山県倉敷市,消火栓,332020,,倉敷市児島小川９丁目３番１７号,岡山県,倉敷市,,,,133.801068,34.489351,100,公設
332020,0100004104,岡山県倉敷市,消火栓,332020,,倉敷市児島稗田町４８２番地,岡山県,倉敷市,,,,133.804209,34.492369,75,公設
332020,0100004105,岡山県倉敷市,消火栓,332020,,倉敷市児島柳田町１２７５番地３９,岡山県,倉敷市,,,,133.792454,34.490761,100,公設
332020,0100004106,岡山県倉敷市,消火栓,332020,,倉敷市児島小川町９４５－５,岡山県,倉敷市,,,,133.806324,34.484654,150,公設
332020,0100004107,岡山県倉敷市,消火栓,332020,,倉敷市児島小川町８６６－８,岡山県,倉敷市,,,,133.806927,34.485505,100,公設
332020,0100004108,岡山県倉敷市,消火栓,332020,,倉敷市児島稗田町３１７６番地２２,岡山県,倉敷市,,,,133.800546,34.506444,200,公設
332020,0100004109,岡山県倉敷市,消火栓,332020,,倉敷市児島小川町４１４２,岡山県,倉敷市,,,,133.807525,34.487976,100,公設
332020,0100004110,岡山県倉敷市,消火栓,332020,,倉敷市児島小川町４０９９,岡山県,倉敷市,,,,133.806095,34.487675,150,公設
332020,0100004111,岡山県倉敷市,消火栓,332020,,倉敷市児島小川町４１１４,岡山県,倉敷市,,,,133.806758,34.487292,100,公設
332020,0100004112,岡山県倉敷市,消火栓,332020,,倉敷市児島小川町４１６５－９,岡山県,倉敷市,,,,133.807917,34.486914,200,公設
332020,0100004113,岡山県倉敷市,消火栓,332020,,倉敷市児島小川町４０５７－３,岡山県,倉敷市,,,,133.806596,34.486628,200,公設
332020,0100004114,岡山県倉敷市,消火栓,332020,,倉敷市児島小川町４０６７番地,岡山県,倉敷市,,,,133.805534,34.486613,150,公設
332020,0100004115,岡山県倉敷市,消火栓,332020,,倉敷市児島小川町４１７６番地,岡山県,倉敷市,,,,133.807064,34.486058,100,公設
332020,0100004116,岡山県倉敷市,消火栓,332020,,倉敷市児島小川町４１７３－１,岡山県,倉敷市,,,,133.807603,34.485512,100,公設
332020,0100004117,岡山県倉敷市,消火栓,332020,,倉敷市児島小川町９２８－２０,岡山県,倉敷市,,,,133.805611,34.485488,150,公設
332020,0100004118,岡山県倉敷市,消火栓,332020,,倉敷市児島小川町４００５番地,岡山県,倉敷市,,,,133.804463,34.48383,100,公設
332020,0100004119,岡山県倉敷市,消火栓,332020,,倉敷市児島小川９丁目３番７７号,岡山県,倉敷市,,,,133.803518,34.490398,100,公設
332020,0100004120,岡山県倉敷市,消火栓,332020,,倉敷市児島柳田町１１７８番地,岡山県,倉敷市,,,,133.794119,34.486974,75,公設
332020,0100004121,岡山県倉敷市,消火栓,332020,,倉敷市児島稗田町,岡山県,倉敷市,,,,133.802038,34.508352,200,公設
332020,0100004122,岡山県倉敷市,消火栓,332020,,倉敷市児島小川町９１１－１８９,岡山県,倉敷市,,,,133.808216,34.486151,75,公設
332020,0100004123,岡山県倉敷市,消火栓,332020,,倉敷市児島稗田町３７７番地６,岡山県,倉敷市,,,,133.808087,34.495402,150,公設
332020,0100004124,岡山県倉敷市,消火栓,332020,,倉敷市児島小川町１５８６番１号,岡山県,倉敷市,,,,133.8067,34.483879,150,公設
332020,0100004125,岡山県倉敷市,消火栓,332020,,倉敷市児島稗田町２９０番地２,岡山県,倉敷市,,,,133.812008,34.496442,150,公設
332020,0100004126,岡山県倉敷市,消火栓,332020,,倉敷市児島小川７丁目２番５３号,岡山県,倉敷市,,,,133.799663,34.482294,100,公設
332020,0100004127,岡山県倉敷市,消火栓,332020,,倉敷市児島小川町３６６７番地,岡山県,倉敷市,,,,133.808515,34.467979,100,公設
332020,0100004128,岡山県倉敷市,消火栓,332020,,倉敷市児島稗田町２２８４番３号,岡山県,倉敷市,,,,133.805604,34.504181,100,公設
332020,0100004129,岡山県倉敷市,消火栓,332020,,倉敷市児島柳田町４６５番３５号,岡山県,倉敷市,,,,133.792897,34.491451,75,公設
332020,0100004130,岡山県倉敷市,消火栓,332020,,倉敷市児島柳田町９０２番地,岡山県,倉敷市,,,,133.79889,34.48482,200,公設
332020,0100004131,岡山県倉敷市,消火栓,332020,,倉敷市児島小川４丁目５番２８号,岡山県,倉敷市,,,,133.803716,34.475136,200,公設
332020,0100004132,岡山県倉敷市,消火栓,332020,,倉敷市児島小川町３６８５番地,岡山県,倉敷市,,,,133.810919,34.464683,200,公設
332020,0100004133,岡山県倉敷市,消火栓,332020,,倉敷市児島稗田町４１３番地１５,岡山県,倉敷市,,,,133.808287,34.493513,100,公設
332020,0100004134,岡山県倉敷市,消火栓,332020,,倉敷市児島稗田町２７８７番地,岡山県,倉敷市,,,,133.806981,34.513962,350,公設
332020,0100004135,岡山県倉敷市,消火栓,332020,,倉敷市児島小川町３６９６番地,岡山県,倉敷市,,,,133.813476,34.463663,200,公設
332020,0100004136,岡山県倉敷市,消火栓,332020,,倉敷市児島稗田町２６８４番地２,岡山県,倉敷市,,,,133.807142,34.512278,75,公設
332020,0100004137,岡山県倉敷市,消火栓,332020,,倉敷市児島稗田町２４７９番地,岡山県,倉敷市,,,,133.808063,34.507108,75,公設
332020,0100004138,岡山県倉敷市,消火栓,332020,,倉敷市児島小川町２８３１番地,岡山県,倉敷市,,,,133.808298,34.482254,150,公設
332020,0100004139,岡山県倉敷市,消火栓,332020,,倉敷市児島柳田町２０９５番地,岡山県,倉敷市,,,,133.793024,34.481776,75,公設
332020,0100004140,岡山県倉敷市,消火栓,332020,,倉敷市児島味野上２丁目８番３１号,岡山県,倉敷市,,,,133.798966,34.481717,150,公設
332020,0100004141,岡山県倉敷市,消火栓,332020,,倉敷市児島味野上２丁目７番３７号,岡山県,倉敷市,,,,133.799505,34.479999,150,公設
332020,0100004142,岡山県倉敷市,消火栓,332020,,倉敷市児島味野上２丁目３番１１号,岡山県,倉敷市,,,,133.796171,34.478314,100,公設
332020,0100004143,岡山県倉敷市,消火栓,332020,,倉敷市児島味野上２丁目２番,岡山県,倉敷市,,,,133.798091,34.478671,100,公設
332020,0100004144,岡山県倉敷市,消火栓,332020,,倉敷市児島味野上１丁目８番３号,岡山県,倉敷市,,,,133.800228,34.477909,150,公設
332020,0100004145,岡山県倉敷市,消火栓,332020,,倉敷市児島味野上１丁目３番５号,岡山県,倉敷市,,,,133.80052,34.476251,75,公設
332020,0100004146,岡山県倉敷市,消火栓,332020,,倉敷市児島味野１丁目１５番地１,岡山県,倉敷市,,,,133.802126,34.474691,150,公設
332020,0100004147,岡山県倉敷市,消火栓,332020,,倉敷市児島味野１丁目１４番１９号,岡山県,倉敷市,,,,133.802919,34.473611,150,公設
332020,0100004148,岡山県倉敷市,消火栓,332020,,倉敷市児島味野１丁目１３番４０号,岡山県,倉敷市,,,,133.803736,34.472979,100,公設
332020,0100004149,岡山県倉敷市,消火栓,332020,,倉敷市児島味野城２丁目１０番３９号,岡山県,倉敷市,,,,133.797006,34.471213,100,公設
332020,0100004150,岡山県倉敷市,消火栓,332020,,倉敷市児島味野１丁目１１番１９号,岡山県,倉敷市,,,,133.803475,34.471723,150,公設
332020,0100004151,岡山県倉敷市,消火栓,332020,,倉敷市児島味野１丁目８番１９号,岡山県,倉敷市,,,,133.803609,34.47123,150,公設
332020,0100004152,岡山県倉敷市,消火栓,332020,,倉敷市菰池３丁目１番３０号,岡山県,倉敷市,,,,133.79261,34.45702,75,公設
332020,0100004153,岡山県倉敷市,消火栓,332020,,倉敷市児島味野１丁目４番１５号,岡山県,倉敷市,,,,133.8052,34.469538,75,公設
332020,0100004154,岡山県倉敷市,消火栓,332020,,倉敷市児島赤崎３丁目４番１０号,岡山県,倉敷市,,,,133.794302,34.457529,75,公設
332020,0100004155,岡山県倉敷市,消火栓,332020,,倉敷市菰池３丁目１１番５号,岡山県,倉敷市,,,,133.791276,34.456975,100,公設
332020,0100004156,岡山県倉敷市,消火栓,332020,,倉敷市児島阿津１丁目１０番地２５,岡山県,倉敷市,,,,133.807539,34.451052,75,公設
332020,0100004157,岡山県倉敷市,消火栓,332020,,倉敷市児島駅前３丁目１７番１号,岡山県,倉敷市,,,,133.808662,34.461863,150,公設
332020,0100004158,岡山県倉敷市,消火栓,332020,,倉敷市児島駅前４丁目９８,岡山県,倉敷市,,,,133.807329,34.461508,150,公設
332020,0100004159,岡山県倉敷市,消火栓,332020,,倉敷市児島味野３丁目３番５９号,岡山県,倉敷市,,,,133.800854,34.466516,75,公設
332020,0100004160,岡山県倉敷市,消火栓,332020,,倉敷市児島味野１丁目７番１１号,岡山県,倉敷市,,,,133.804477,34.469716,200,公設
332020,0100004161,岡山県倉敷市,消火栓,332020,,倉敷市児島味野１丁目１０番３号,岡山県,倉敷市,,,,133.803463,34.469711,75,公設
332020,0100004162,岡山県倉敷市,消火栓,332020,,倉敷市児島駅前１丁目８８番地,岡山県,倉敷市,,,,133.803053,34.464745,100,公設
332020,0100004163,岡山県倉敷市,消火栓,332020,,倉敷市児島味野１丁目９番２１号,岡山県,倉敷市,,,,133.802824,34.470764,150,公設
332020,0100004164,岡山県倉敷市,消火栓,332020,,倉敷市児島駅前１丁目６７番地,岡山県,倉敷市,,,,133.80335,34.464189,75,公設
332020,0100004165,岡山県倉敷市,消火栓,332020,,倉敷市児島味野城１丁目１番１５号,岡山県,倉敷市,,,,133.801259,34.470179,100,公設
332020,0100004166,岡山県倉敷市,消火栓,332020,,倉敷市菰池３丁目９番２１号,岡山県,倉敷市,,,,133.78988,34.457544,75,公設
332020,0100004167,岡山県倉敷市,消火栓,332020,,倉敷市児島味野１丁目４番地１６,岡山県,倉敷市,,,,133.801759,34.471569,75,公設
332020,0100004168,岡山県倉敷市,消火栓,332020,,倉敷市児島味野城２丁目８番地１,岡山県,倉敷市,,,,133.799049,34.471602,100,公設
332020,0100004170,岡山県倉敷市,消火栓,332020,,倉敷市児島味野城２丁目１番３４号,岡山県,倉敷市,,,,133.799879,34.470622,100,公設
332020,0100004171,岡山県倉敷市,消火栓,332020,,倉敷市児島味野城２丁目２番９号,岡山県,倉敷市,,,,133.800064,34.469156,100,公設
332020,0100004172,岡山県倉敷市,消火栓,332020,,倉敷市児島駅前１丁目１００番,岡山県,倉敷市,,,,133.803528,34.466201,200,公設
332020,0100004173,岡山県倉敷市,消火栓,332020,,倉敷市児島味野３丁目６番４１号,岡山県,倉敷市,,,,133.799686,34.46846,150,公設
332020,0100004174,岡山県倉敷市,消火栓,332020,,倉敷市児島駅前２丁目３３番,岡山県,倉敷市,,,,133.804113,34.465979,150,公設
332020,0100004175,岡山県倉敷市,消火栓,332020,,倉敷市児島駅前２丁目３５番,岡山県,倉敷市,,,,133.80525,34.466844,150,公設
332020,0100004176,岡山県倉敷市,消火栓,332020,,倉敷市児島味野３丁目６番２９号,岡山県,倉敷市,,,,133.799222,34.467634,150,公設
332020,0100004177,岡山県倉敷市,消火栓,332020,,倉敷市児島味野６丁目５番１４号,岡山県,倉敷市,,,,133.796824,34.467459,150,公設
332020,0100004178,岡山県倉敷市,消火栓,332020,,倉敷市児島味野３丁目７番２９号,岡山県,倉敷市,,,,133.798759,34.466606,150,公設
332020,0100004179,岡山県倉敷市,消火栓,332020,,倉敷市児島味野５丁目４番１１号,岡山県,倉敷市,,,,133.797471,34.466038,75,公設
332020,0100004180,岡山県倉敷市,消火栓,332020,,倉敷市児島味野５丁目２番１２号,岡山県,倉敷市,,,,133.797851,34.465137,75,公設
332020,0100004181,岡山県倉敷市,消火栓,332020,,倉敷市児島味野３丁目７番１５号,岡山県,倉敷市,,,,133.799033,34.465889,150,公設
332020,0100004182,岡山県倉敷市,消火栓,332020,,倉敷市児島駅前２丁目２７番,岡山県,倉敷市,,,,133.804878,34.466045,100,公設
332020,0100004183,岡山県倉敷市,消火栓,332020,,倉敷市児島味野４丁目１１番４４号,岡山県,倉敷市,,,,133.799365,34.4648,75,公設
332020,0100004184,岡山県倉敷市,消火栓,332020,,倉敷市児島味野３丁目２－３６５５,岡山県,倉敷市,,,,133.802417,34.466894,200,公設
332020,0100004185,岡山県倉敷市,消火栓,332020,,倉敷市児島味野４丁目２番５６号,岡山県,倉敷市,,,,133.800849,34.463663,100,公設
332020,0100004186,岡山県倉敷市,消火栓,332020,,倉敷市児島駅前１丁目５３,岡山県,倉敷市,,,,133.804694,34.465113,200,公設
332020,0100004187,岡山県倉敷市,消火栓,332020,,倉敷市児島味野４丁目８番７号,岡山県,倉敷市,,,,133.801015,34.464686,200,公設
332020,0100004188,岡山県倉敷市,消火栓,332020,,倉敷市児島駅前１丁目７６番,岡山県,倉敷市,,,,133.804114,34.464865,100,公設
332020,0100004189,岡山県倉敷市,消火栓,332020,,倉敷市児島赤崎４丁目１番５７号,岡山県,倉敷市,,,,133.798257,34.461862,150,公設
332020,0100004190,岡山県倉敷市,消火栓,332020,,倉敷市児島味野１丁目１７番地３３,岡山県,倉敷市,,,,133.800393,34.462081,200,公設
332020,0100004191,岡山県倉敷市,消火栓,332020,,倉敷市児島味野４丁目１２番５８号,岡山県,倉敷市,,,,133.797677,34.463513,150,公設
332020,0100004192,岡山県倉敷市,消火栓,332020,,倉敷市児島赤崎４丁目９番９号,岡山県,倉敷市,,,,133.797368,34.461096,75,公設
332020,0100004193,岡山県倉敷市,消火栓,332020,,倉敷市児島赤崎４丁目１０番１３号,岡山県,倉敷市,,,,133.796127,34.461086,75,公設
332020,0100004194,岡山県倉敷市,消火栓,332020,,倉敷市児島赤崎４丁目６番６号,岡山県,倉敷市,,,,133.795811,34.460301,100,公設
332020,0100004195,岡山県倉敷市,消火栓,332020,,倉敷市児島赤崎４丁目６番１１号,岡山県,倉敷市,,,,133.794781,34.459867,100,公設
332020,0100004196,岡山県倉敷市,消火栓,332020,,倉敷市児島赤崎４丁目１６番１６号,岡山県,倉敷市,,,,133.789726,34.460967,100,公設
332020,0100004197,岡山県倉敷市,消火栓,332020,,倉敷市児島赤崎１丁目２番３７号,岡山県,倉敷市,,,,133.799092,34.460645,150,公設
332020,0100004198,岡山県倉敷市,消火栓,332020,,倉敷市児島赤崎１丁目１番２６号,岡山県,倉敷市,,,,133.798196,34.460294,100,公設
332020,0100004199,岡山県倉敷市,消火栓,332020,,倉敷市児島赤崎１丁目２０番６０号,岡山県,倉敷市,,,,133.800998,34.459406,200,公設
332020,0100004200,岡山県倉敷市,消火栓,332020,,倉敷市児島阿津１丁目１番地３２,岡山県,倉敷市,,,,133.801337,34.457888,200,公設
332020,0100004201,岡山県倉敷市,消火栓,332020,,倉敷市児島阿津１丁目７番地６４,岡山県,倉敷市,,,,133.802575,34.456632,100,公設
332020,0100004202,岡山県倉敷市,消火栓,332020,,倉敷市児島阿津１丁目６番地２８,岡山県,倉敷市,,,,133.804324,34.456101,100,公設
332020,0100004203,岡山県倉敷市,消火栓,332020,,倉敷市児島阿津１丁目８番３４号,岡山県,倉敷市,,,,133.805905,34.456401,100,公設
332020,0100004204,岡山県倉敷市,消火栓,332020,,倉敷市児島阿津１丁目２１番１７号,岡山県,倉敷市,,,,133.807232,34.456424,100,公設
332020,0100004205,岡山県倉敷市,消火栓,332020,,倉敷市児島元浜町６番３号,岡山県,倉敷市,,,,133.808802,34.44871,250,公設
332020,0100004206,岡山県倉敷市,消火栓,332020,,倉敷市児島阿津１丁目１４番２０号,岡山県,倉敷市,,,,133.805285,34.453732,250,公設
332020,0100004207,岡山県倉敷市,消火栓,332020,,倉敷市児島阿津１丁目１２番地１,岡山県,倉敷市,,,,133.804968,34.454992,250,公設
332020,0100004208,岡山県倉敷市,消火栓,332020,,倉敷市児島阿津１丁目３番２２号,岡山県,倉敷市,,,,133.802486,34.455839,250,公設
332020,0100004209,岡山県倉敷市,消火栓,332020,,倉敷市児島赤崎２丁目１番５９号,岡山県,倉敷市,,,,133.798742,34.455636,100,公設
332020,0100004210,岡山県倉敷市,消火栓,332020,,倉敷市児島赤崎１丁目４番２１号,岡山県,倉敷市,,,,133.799911,34.457387,100,公設
332020,0100004211,岡山県倉敷市,消火栓,332020,,倉敷市児島赤崎１丁目１５番２３号,岡山県,倉敷市,,,,133.800368,34.458755,100,公設
332020,0100004212,岡山県倉敷市,消火栓,332020,,倉敷市児島赤崎１丁目３番１５号,岡山県,倉敷市,,,,133.798981,34.458976,75,公設
332020,0100004213,岡山県倉敷市,消火栓,332020,,倉敷市児島赤崎３丁目６番２号,岡山県,倉敷市,,,,133.796875,34.458496,150,公設
332020,0100004214,岡山県倉敷市,消火栓,332020,,倉敷市児島赤崎３丁目４番１号,岡山県,倉敷市,,,,133.795638,34.457279,150,公設
332020,0100004215,岡山県倉敷市,消火栓,332020,,倉敷市菰池１丁目１番４５号,岡山県,倉敷市,,,,133.794443,34.456109,150,公設
332020,0100004216,岡山県倉敷市,消火栓,332020,,倉敷市菰池１丁目４番１４号,岡山県,倉敷市,,,,133.793781,34.454314,100,公設
332020,0100004217,岡山県倉敷市,消火栓,332020,,倉敷市菰池１丁目９番５号,岡山県,倉敷市,,,,133.792556,34.453877,100,公設
332020,0100004218,岡山県倉敷市,消火栓,332020,,倉敷市菰池１丁目８番１６号,岡山県,倉敷市,,,,133.790251,34.452442,100,公設
332020,0100004219,岡山県倉敷市,消火栓,332020,,倉敷市菰池３丁目４番４０号,岡山県,倉敷市,,,,133.79079,34.455187,100,公設
332020,0100004220,岡山県倉敷市,消火栓,332020,,倉敷市児島赤崎３丁目４番１１号,岡山県,倉敷市,,,,133.794767,34.456485,150,公設
332020,0100004221,岡山県倉敷市,消火栓,332020,,倉敷市菰池３丁目１番１３号,岡山県,倉敷市,,,,133.792027,34.456186,150,公設
332020,0100004222,岡山県倉敷市,消火栓,332020,,倉敷市児島阿津３丁目１番１７号,岡山県,倉敷市,,,,133.801245,34.45511,75,公設
332020,0100004223,岡山県倉敷市,消火栓,332020,,倉敷市児島駅前２丁目２７番,岡山県,倉敷市,,,,133.805976,34.465756,100,公設
332020,0100004224,岡山県倉敷市,消火栓,332020,,倉敷市児島赤崎２丁目７番２０号,岡山県,倉敷市,,,,133.798624,34.454217,75,公設
332020,0100004225,岡山県倉敷市,消火栓,332020,,倉敷市児島阿津３丁目３番５号,岡山県,倉敷市,,,,133.799116,34.452966,75,公設
332020,0100004226,岡山県倉敷市,消火栓,332020,,倉敷市児島阿津１丁目１７番１８号,岡山県,倉敷市,,,,133.8076,34.451905,75,公設
332020,0100004227,岡山県倉敷市,消火栓,332020,,倉敷市児島駅前２丁目５番,岡山県,倉敷市,,,,133.805538,34.464891,150,公設
332020,0100004228,岡山県倉敷市,消火栓,332020,,倉敷市児島駅前２丁目１７番,岡山県,倉敷市,,,,133.806502,34.465964,150,公設
332020,0100004229,岡山県倉敷市,消火栓,332020,,倉敷市菰池１丁目３番４号,岡山県,倉敷市,,,,133.794607,34.45488,150,公設
332020,0100004230,岡山県倉敷市,消火栓,332020,,倉敷市児島赤崎２丁目１番５９号,岡山県,倉敷市,,,,133.799261,34.456008,100,公設
332020,0100004231,岡山県倉敷市,消火栓,332020,,倉敷市児島味野１丁目８番１号,岡山県,倉敷市,,,,133.805018,34.470443,150,公設
332020,0100004232,岡山県倉敷市,消火栓,332020,,倉敷市児島味野１丁目８番８号,岡山県,倉敷市,,,,133.804378,34.470378,150,公設
332020,0100004233,岡山県倉敷市,消火栓,332020,,倉敷市児島味野１丁目８番１５号,岡山県,倉敷市,,,,133.803912,34.470884,150,公設
332020,0100004234,岡山県倉敷市,消火栓,332020,,倉敷市児島味野１丁目９番２７号,岡山県,倉敷市,,,,133.803357,34.471339,150,公設
332020,0100004235,岡山県倉敷市,消火栓,332020,,倉敷市児島味野２丁目３番地２０,岡山県,倉敷市,,,,133.802607,34.470293,150,公設
332020,0100004236,岡山県倉敷市,消火栓,332020,,倉敷市児島味野２丁目３番地１７,岡山県,倉敷市,,,,133.802204,34.469957,200,公設
332020,0100004237,岡山県倉敷市,消火栓,332020,,倉敷市児島味野２丁目２番８２号,岡山県,倉敷市,,,,133.803117,34.469372,200,公設
332020,0100004238,岡山県倉敷市,消火栓,332020,,倉敷市児島味野１丁目１０番８号,岡山県,倉敷市,,,,133.803116,34.469899,150,公設
332020,0100004239,岡山県倉敷市,消火栓,332020,,倉敷市児島味野１丁目７番１９号,岡山県,倉敷市,,,,133.803847,34.469957,100,公設
332020,0100004240,岡山県倉敷市,消火栓,332020,,倉敷市児島駅前２丁目５番地,岡山県,倉敷市,,,,133.806457,34.465198,100,公設
332020,0100004241,岡山県倉敷市,消火栓,332020,,倉敷市児島阿津２丁目１５番２３号,岡山県,倉敷市,,,,133.803652,34.452736,75,公設
332020,0100004242,岡山県倉敷市,消火栓,332020,,倉敷市児島赤崎１丁目１６番７４号,岡山県,倉敷市,,,,133.799954,34.46039,100,公設
332020,0100004243,岡山県倉敷市,消火栓,332020,,倉敷市児島赤崎３丁目９番２４号,岡山県,倉敷市,,,,133.793421,34.460267,250,公設
332020,0100004244,岡山県倉敷市,消火栓,332020,,倉敷市児島味野３丁目２番２８号,岡山県,倉敷市,,,,133.800664,34.46557,150,公設
332020,0100004245,岡山県倉敷市,消火栓,332020,,倉敷市児島味野３丁目７番１１号,岡山県,倉敷市,,,,133.799819,34.465829,200,公設
332020,0100004246,岡山県倉敷市,消火栓,332020,,倉敷市児島味野３丁目３番３７号,岡山県,倉敷市,,,,133.79983,34.466668,200,公設
332020,0100004247,岡山県倉敷市,消火栓,332020,,倉敷市児島阿津１丁目９番３７号,岡山県,倉敷市,,,,133.805863,34.455391,75,公設
332020,0100004248,岡山県倉敷市,消火栓,332020,,倉敷市児島味野２丁目６番１４号,岡山県,倉敷市,,,,133.800697,34.469366,75,公設
332020,0100004249,岡山県倉敷市,消火栓,332020,,倉敷市児島赤崎２丁目１番５９号,岡山県,倉敷市,,,,133.799552,34.456364,250,公設
332020,0100004250,岡山県倉敷市,消火栓,332020,,倉敷市児島駅前２丁目１０－１８,岡山県,倉敷市,,,,133.807701,34.465312,150,公設
332020,0100004251,岡山県倉敷市,消火栓,332020,,倉敷市児島味野３丁目３番４８号,岡山県,倉敷市,,,,133.800229,34.467427,200,公設
332020,0100004252,岡山県倉敷市,消火栓,332020,,倉敷市児島味野３丁目５番３号,岡山県,倉敷市,,,,133.800705,34.468056,200,公設
332020,0100004253,岡山県倉敷市,消火栓,332020,,倉敷市児島味野２丁目２番５６号,岡山県,倉敷市,,,,133.801132,34.46877,200,公設
332020,0100004254,岡山県倉敷市,消火栓,332020,,倉敷市児島味野２丁目２番６５号,岡山県,倉敷市,,,,133.801557,34.469494,200,公設
332020,0100004255,岡山県倉敷市,消火栓,332020,,倉敷市児島駅前１丁目４７,岡山県,倉敷市,,,,133.806558,34.464434,200,公設
332020,0100004256,岡山県倉敷市,消火栓,332020,,倉敷市児島赤崎３丁目１番１２号,岡山県,倉敷市,,,,133.798447,34.45774,250,公設
332020,0100004257,岡山県倉敷市,消火栓,332020,,倉敷市菰池１丁目１１番６２号,岡山県,倉敷市,,,,133.791614,34.455291,100,公設
332020,0100004258,岡山県倉敷市,消火栓,332020,,倉敷市児島味野城２丁目９番９号,岡山県,倉敷市,,,,133.798599,34.470941,150,公設
332020,0100004259,岡山県倉敷市,消火栓,332020,,倉敷市児島赤崎３丁目３番１１号,岡山県,倉敷市,,,,133.795871,34.456613,100,公設
332020,0100004260,岡山県倉敷市,消火栓,332020,,倉敷市児島赤崎３丁目１番４２号,岡山県,倉敷市,,,,133.797752,34.456772,100,公設
332020,0100004261,岡山県倉敷市,消火栓,332020,,倉敷市児島赤崎４丁目３番１０号,岡山県,倉敷市,,,,133.798058,34.459619,150,公設
332020,0100004262,岡山県倉敷市,消火栓,332020,,倉敷市児島味野５丁目６番１４号,岡山県,倉敷市,,,,133.794907,34.468022,75,公設
332020,0100004263,岡山県倉敷市,消火栓,332020,,倉敷市児島味野５丁目６番３５号,岡山県,倉敷市,,,,133.794745,34.470107,75,公設
332020,0100004264,岡山県倉敷市,消火栓,332020,,倉敷市児島味野城１丁目１番２号,岡山県,倉敷市,,,,133.802119,34.470606,150,公設
332020,0100004265,岡山県倉敷市,消火栓,332020,,倉敷市児島味野城１丁目２番３２号,岡山県,倉敷市,,,,133.801089,34.471316,150,公設
332020,0100004266,岡山県倉敷市,消火栓,332020,,倉敷市児島味野城２丁目４番地４４,岡山県,倉敷市,,,,133.799929,34.471285,150,公設
332020,0100004267,岡山県倉敷市,消火栓,332020,,倉敷市児島味野上２丁目９番１５号,岡山県,倉敷市,,,,133.797771,34.481484,150,公設
332020,0100004268,岡山県倉敷市,消火栓,332020,,倉敷市児島赤崎１丁目１１番１１号,岡山県,倉敷市,,,,133.800724,34.457303,100,公設
332020,0100004269,岡山県倉敷市,消火栓,332020,,倉敷市児島味野４０５１－１２,岡山県,倉敷市,,,,133.813741,34.460366,75,公設
332020,0100004270,岡山県倉敷市,消火栓,332020,,倉敷市児島味野城２丁目２番９号,岡山県,倉敷市,,,,133.798617,34.469482,150,公設
332020,0100004271,岡山県倉敷市,消火栓,332020,,倉敷市児島味野６丁目２番４３号,岡山県,倉敷市,,,,133.797891,34.468584,150,公設
332020,0100004272,岡山県倉敷市,消火栓,332020,,倉敷市児島阿津３丁目３番５１号,岡山県,倉敷市,,,,133.801593,34.454143,100,公設
332020,0100004273,岡山県倉敷市,消火栓,332020,,倉敷市児島味野１丁目４番７号,岡山県,倉敷市,,,,133.80573,34.468412,75,公設
332020,0100004274,岡山県倉敷市,消火栓,332020,,倉敷市児島赤崎４丁目１３番９号,岡山県,倉敷市,,,,133.79497,34.460868,100,公設
332020,0100004275,岡山県倉敷市,消火栓,332020,,倉敷市児島赤崎２丁目１１番３８号,岡山県,倉敷市,,,,133.796668,34.455849,150,公設
332020,0100004276,岡山県倉敷市,消火栓,332020,,倉敷市菰池２丁目２番３号,岡山県,倉敷市,,,,133.786473,34.453249,200,公設
332020,0100004277,岡山県倉敷市,消火栓,332020,,倉敷市児島赤崎２丁目９番９号,岡山県,倉敷市,,,,133.797689,34.455753,75,公設
332020,0100004278,岡山県倉敷市,消火栓,332020,,倉敷市菰池３丁目５番４１号,岡山県,倉敷市,,,,133.788379,34.457594,75,公設
332020,0100004279,岡山県倉敷市,消火栓,332020,,倉敷市菰池２丁目４番１号,岡山県,倉敷市,,,,133.785892,34.453151,200,公設
332020,0100004280,岡山県倉敷市,消火栓,332020,,倉敷市菰池２丁目６番１２号,岡山県,倉敷市,,,,133.784591,34.453103,200,公設
332020,0100004281,岡山県倉敷市,消火栓,332020,,倉敷市菰池２丁目３番３８号,岡山県,倉敷市,,,,133.785842,34.452382,100,公設
332020,0100004282,岡山県倉敷市,消火栓,332020,,倉敷市菰池２丁目５番４号,岡山県,倉敷市,,,,133.785135,34.452646,100,公設
332020,0100004283,岡山県倉敷市,消火栓,332020,,倉敷市菰池２丁目６番７号,岡山県,倉敷市,,,,133.784264,34.452323,100,公設
332020,0100004284,岡山県倉敷市,消火栓,332020,,倉敷市菰池２丁目８番１号,岡山県,倉敷市,,,,133.784914,34.451816,100,公設
332020,0100004285,岡山県倉敷市,消火栓,332020,,倉敷市児島阿津３丁目１０番１号,岡山県,倉敷市,,,,133.802569,34.448515,75,公設
332020,0100004286,岡山県倉敷市,消火栓,332020,,倉敷市児島味野上２丁目８番８号,岡山県,倉敷市,,,,133.798463,34.480678,150,公設
332020,0100004287,岡山県倉敷市,消火栓,332020,,倉敷市児島味野４０５１番地２,岡山県,倉敷市,,,,133.810276,34.46242,75,公設
332020,0100004288,岡山県倉敷市,消火栓,332020,,倉敷市児島味野４０５１番地１,岡山県,倉敷市,,,,133.810976,34.46172,75,公設
332020,0100004289,岡山県倉敷市,消火栓,332020,,倉敷市児島阿津３丁目４番地,岡山県,倉敷市,,,,133.801706,34.452955,100,公設
332020,0100004290,岡山県倉敷市,消火栓,332020,,倉敷市児島駅前２丁目１,岡山県,倉敷市,,,,133.807354,34.464551,150,公設
332020,0100004291,岡山県倉敷市,消火栓,332020,,倉敷市児島阿津２丁目１０番６号,岡山県,倉敷市,,,,133.806669,34.4508,75,公設
332020,0100004292,岡山県倉敷市,消火栓,332020,,倉敷市菰池２丁目１番１３号,岡山県,倉敷市,,,,133.787894,34.452671,200,公設
332020,0100004293,岡山県倉敷市,消火栓,332020,,倉敷市児島味野２丁目２番９０号,岡山県,倉敷市,,,,133.803616,34.469013,150,公設
332020,0100004294,岡山県倉敷市,消火栓,332020,,倉敷市児島味野２丁目２番３９号,岡山県,倉敷市,,,,133.803168,34.468511,150,公設
332020,0100004295,岡山県倉敷市,消火栓,332020,,倉敷市児島味野２丁目２番４３号,岡山県,倉敷市,,,,133.802672,34.468913,150,公設
332020,0100004296,岡山県倉敷市,消火栓,332020,,倉敷市児島味野２丁目２番６６号,岡山県,倉敷市,,,,133.802146,34.469224,150,公設
332020,0100004297,岡山県倉敷市,消火栓,332020,,倉敷市児島味野２丁目２番５０号,岡山県,倉敷市,,,,133.801442,34.4685,150,公設
332020,0100004298,岡山県倉敷市,消火栓,332020,,倉敷市児島味野２丁目２番４５号,岡山県,倉敷市,,,,133.802122,34.468232,150,公設
332020,0100004299,岡山県倉敷市,消火栓,332020,,倉敷市児島味野２丁目２番４０号,岡山県,倉敷市,,,,133.802623,34.467865,150,公設
332020,0100004300,岡山県倉敷市,消火栓,332020,,倉敷市児島味野２丁目２番３０号,岡山県,倉敷市,,,,133.802154,34.467524,150,公設
332020,0100004301,岡山県倉敷市,消火栓,332020,,倉敷市児島味野２丁目２番３０号,岡山県,倉敷市,,,,133.801581,34.467854,150,公設
332020,0100004302,岡山県倉敷市,消火栓,332020,,倉敷市菰池３丁目１２番６号,岡山県,倉敷市,,,,133.792568,34.458541,100,公設
332020,0100004303,岡山県倉敷市,消火栓,332020,,倉敷市児島赤崎４丁目１６番８号,岡山県,倉敷市,,,,133.78995,34.460477,250,公設
332020,0100004304,岡山県倉敷市,消火栓,332020,,倉敷市児島赤崎４丁目５番２８号,岡山県,倉敷市,,,,133.795658,34.459355,250,公設
332020,0100004305,岡山県倉敷市,消火栓,332020,,倉敷市児島赤崎１丁目３番３７号,岡山県,倉敷市,,,,133.797589,34.458257,250,公設
332020,0100004306,岡山県倉敷市,消火栓,332020,,倉敷市児島赤崎１丁目５番２６号,岡山県,倉敷市,,,,133.79937,34.45656,250,公設
332020,0100004307,岡山県倉敷市,消火栓,332020,,倉敷市児島赤崎１丁目１３番２１号,岡山県,倉敷市,,,,133.800995,34.456233,250,公設
332020,0100004308,岡山県倉敷市,消火栓,332020,,倉敷市児島元浜町６番３号,岡山県,倉敷市,,,,133.808732,34.449517,250,公設
332020,0100004309,岡山県倉敷市,消火栓,332020,,倉敷市児島味野１丁目４番２３号,岡山県,倉敷市,,,,133.805155,34.469758,200,公設
332020,0100004310,岡山県倉敷市,消火栓,332020,,倉敷市児島味野５丁目２－４３,岡山県,倉敷市,,,,133.79696,34.463154,75,公設
332020,0100004311,岡山県倉敷市,消火栓,332020,,倉敷市児島味野上２丁目４番１０号,岡山県,倉敷市,,,,133.793188,34.477734,75,公設
332020,0100004312,岡山県倉敷市,消火栓,332020,,倉敷市児島味野３丁目４番３号,岡山県,倉敷市,,,,133.801359,34.467226,100,公設
332020,0100004313,岡山県倉敷市,消火栓,332020,,倉敷市児島味野城２丁目１番２３０１号,岡山県,倉敷市,,,,133.794462,34.473303,100,公設
332020,0100004314,岡山県倉敷市,消火栓,332020,,倉敷市児島赤崎４丁目３番２７号,岡山県,倉敷市,,,,133.797067,34.460268,100,公設
332020,0100004315,岡山県倉敷市,消火栓,332020,,倉敷市児島味野城１丁目７番３２号,岡山県,倉敷市,,,,133.799807,34.475404,150,公設
332020,0100004316,岡山県倉敷市,消火栓,332020,,倉敷市児島味野城１丁目７番６０号,岡山県,倉敷市,,,,133.797516,34.475079,150,公設
332020,0100004317,岡山県倉敷市,消火栓,332020,,倉敷市児島味野城２丁目１１番２７号,岡山県,倉敷市,,,,133.796789,34.47352,200,公設
332020,0100004318,岡山県倉敷市,消火栓,332020,,倉敷市児島味野６丁目１０番２号,岡山県,倉敷市,,,,133.795606,34.470705,200,公設
332020,0100004319,岡山県倉敷市,消火栓,332020,,倉敷市菰池２丁目９番２号,岡山県,倉敷市,,,,133.783248,34.453233,200,公設
332020,0100004320,岡山県倉敷市,消火栓,332020,,倉敷市菰池１丁目２番４８号,岡山県,倉敷市,,,,133.792654,34.455537,100,公設
332020,0100004321,岡山県倉敷市,消火栓,332020,,倉敷市菰池１丁目２番３６号,岡山県,倉敷市,,,,133.792592,34.454602,100,公設
332020,0100004322,岡山県倉敷市,消火栓,332020,,倉敷市児島味野１丁目２番３８号,岡山県,倉敷市,,,,133.806371,34.468806,400,公設
332020,0100004323,岡山県倉敷市,消火栓,332020,,倉敷市児島味野１丁目４番２３号,岡山県,倉敷市,,,,133.805618,34.469872,400,公設
332020,0100004328,岡山県倉敷市,消火栓,332020,,倉敷市児島阿津３丁目,岡山県,倉敷市,,,,133.802142,34.451718,100,公設
332020,0100004329,岡山県倉敷市,消火栓,332020,,倉敷市児島阿津３丁目２番２号,岡山県,倉敷市,,,,133.801685,34.455469,100,公設
332020,0100004330,岡山県倉敷市,消火栓,332020,,倉敷市児島元浜町２７７６番地,岡山県,倉敷市,,,,133.807937,34.456897,150,公設
332020,0100004331,岡山県倉敷市,消火栓,332020,,倉敷市児島阿津１丁目７番地３２,岡山県,倉敷市,,,,133.805871,34.45675,100,公設
332020,0100004332,岡山県倉敷市,消火栓,332020,,倉敷市児島味野城２丁目８番地３,岡山県,倉敷市,,,,133.79878,34.471467,150,公設
332020,0100004333,岡山県倉敷市,消火栓,332020,,倉敷市児島味野城２丁目７番地１８３９,岡山県,倉敷市,,,,133.798913,34.472059,100,公設
332020,0100004334,岡山県倉敷市,消火栓,332020,,倉敷市児島味野城２丁目７番５０号,岡山県,倉敷市,,,,133.799326,34.472846,100,公設
332020,0100004335,岡山県倉敷市,消火栓,332020,,倉敷市児島味野城１丁目６番６号,岡山県,倉敷市,,,,133.799656,34.47214,100,公設
332020,0100004336,岡山県倉敷市,消火栓,332020,,倉敷市児島味野城１丁目３番地３３,岡山県,倉敷市,,,,133.8009,34.471788,100,公設
332020,0100004337,岡山県倉敷市,消火栓,332020,,倉敷市児島駅前２丁目,岡山県,倉敷市,,,,133.805147,34.4681,400,公設
332020,0100004338,岡山県倉敷市,消火栓,332020,,倉敷市児島駅前２丁目,岡山県,倉敷市,,,,133.803497,34.467162,400,公設
332020,0100004339,岡山県倉敷市,消火栓,332020,,倉敷市児島駅前１丁目１０３番,岡山県,倉敷市,,,,133.802398,34.465518,400,公設
332020,0100004340,岡山県倉敷市,消火栓,332020,,倉敷市児島駅前１丁目８４番,岡山県,倉敷市,,,,133.802479,34.463506,400,公設
332020,0100004341,岡山県倉敷市,消火栓,332020,,倉敷市児島駅前４丁目８３番,岡山県,倉敷市,,,,133.802646,34.461942,400,公設
332020,0100004342,岡山県倉敷市,消火栓,332020,,倉敷市児島駅前４丁目９５番,岡山県,倉敷市,,,,133.80331,34.45991,400,公設
332020,0100004343,岡山県倉敷市,消火栓,332020,,倉敷市児島阿津１丁目２番１３号,岡山県,倉敷市,,,,133.802041,34.456978,300,公設
332020,0100004344,岡山県倉敷市,消火栓,332020,,倉敷市児島元浜町１１５番地１,岡山県,倉敷市,,,,133.803884,34.456962,400,公設
332020,0100004345,岡山県倉敷市,消火栓,332020,,倉敷市児島元浜町１２３番地１４,岡山県,倉敷市,,,,133.806866,34.456959,400,公設
332020,0100004346,岡山県倉敷市,消火栓,332020,,倉敷市児島元浜町７９５番１号,岡山県,倉敷市,,,,133.807498,34.455997,400,公設
332020,0100004347,岡山県倉敷市,消火栓,332020,,倉敷市児島元浜町１２３番地１０,岡山県,倉敷市,,,,133.808059,34.453553,400,公設
332020,0100004348,岡山県倉敷市,消火栓,332020,,倉敷市児島元浜町６番地３,岡山県,倉敷市,,,,133.808651,34.450398,400,公設
332020,0100004349,岡山県倉敷市,消火栓,332020,,倉敷市児島元浜町１３９番地,岡山県,倉敷市,,,,133.803684,34.458293,100,公設
332020,0100004350,岡山県倉敷市,消火栓,332020,,倉敷市菰池１丁目６番２１号,岡山県,倉敷市,,,,133.791437,34.45306,100,公設
332020,0100004351,岡山県倉敷市,消火栓,332020,,倉敷市児島味野６丁目９番２号,岡山県,倉敷市,,,,133.796514,34.469301,150,公設
332020,0100004352,岡山県倉敷市,消火栓,332020,,倉敷市児島味野５丁目５番３３号,岡山県,倉敷市,,,,133.795992,34.468727,150,公設
332020,0100004353,岡山県倉敷市,消火栓,332020,,倉敷市児島味野５丁目５番２４号,岡山県,倉敷市,,,,133.796512,34.468011,150,公設
332020,0100004354,岡山県倉敷市,消火栓,332020,,倉敷市児島味野６丁目４番１８号,岡山県,倉敷市,,,,133.79724,34.466999,150,公設
332020,0100004355,岡山県倉敷市,消火栓,332020,,倉敷市児島味野６丁目４番４号,岡山県,倉敷市,,,,133.797969,34.466185,150,公設
332020,0100004356,岡山県倉敷市,消火栓,332020,,倉敷市児島味野６丁目８番１５号,岡山県,倉敷市,,,,133.796182,34.469953,75,公設
332020,0100004357,岡山県倉敷市,消火栓,332020,,倉敷市児島阿津１丁目１７番地４０,岡山県,倉敷市,,,,133.806272,34.452157,250,公設
332020,0100004358,岡山県倉敷市,消火栓,332020,,倉敷市菰池３丁目４番５３号,岡山県,倉敷市,,,,133.789924,34.453961,100,公設
332020,0100004359,岡山県倉敷市,消火栓,332020,,倉敷市児島阿津２丁目１５番３５号,岡山県,倉敷市,,,,133.804576,34.453178,75,公設
332020,0100004360,岡山県倉敷市,消火栓,332020,,倉敷市菰池３丁目４番４８号,岡山県,倉敷市,,,,133.790313,34.454224,75,公設
332020,0100004361,岡山県倉敷市,消火栓,332020,,倉敷市児島元浜町１１９番地５,岡山県,倉敷市,,,,133.805071,34.457,100,公設
332020,0100004362,岡山県倉敷市,消火栓,332020,,倉敷市児島元浜町１４５番地,岡山県,倉敷市,,,,133.804922,34.457932,100,公設
332020,0100004363,岡山県倉敷市,消火栓,332020,,倉敷市児島元浜町１５５番地４,岡山県,倉敷市,,,,133.80613,34.458036,75,公設
332020,0100004364,岡山県倉敷市,消火栓,332020,,倉敷市児島元浜町１０８,岡山県,倉敷市,,,,133.80254,34.457863,75,公設
332020,0100004365,岡山県倉敷市,消火栓,332020,,倉敷市児島元浜町２７８９番地,岡山県,倉敷市,,,,133.808457,34.458102,100,公設
332020,0100004366,岡山県倉敷市,消火栓,332020,,倉敷市児島元浜町２８９６番１号,岡山県,倉敷市,,,,133.809804,34.457699,100,公設
332020,0100004367,岡山県倉敷市,消火栓,332020,,倉敷市児島元浜町２８１９番地,岡山県,倉敷市,,,,133.808981,34.457131,100,公設
332020,0100004368,岡山県倉敷市,消火栓,332020,,倉敷市児島元浜町２９００番地２,岡山県,倉敷市,,,,133.809825,34.456952,75,公設
332020,0100004369,岡山県倉敷市,消火栓,332020,,倉敷市菰池２丁目９番２号,岡山県,倉敷市,,,,133.783172,34.452258,75,公設
332020,0100004370,岡山県倉敷市,消火栓,332020,,倉敷市児島味野４丁目１２－３,岡山県,倉敷市,,,,133.799557,34.463335,75,公設
332020,0100004371,岡山県倉敷市,消火栓,332020,,倉敷市児島赤崎１丁目２０番地８,岡山県,倉敷市,,,,133.801647,34.459884,75,公設
332020,0100004372,岡山県倉敷市,消火栓,332020,,倉敷市児島駅前１丁目２２番１号,岡山県,倉敷市,,,,133.804779,34.462006,150,公設
332020,0100004373,岡山県倉敷市,消火栓,332020,,倉敷市菰池３丁目１５番地,岡山県,倉敷市,,,,133.791053,34.460577,250,公設
332020,0100004374,岡山県倉敷市,消火栓,332020,,倉敷市菰池２丁目２番１２号,岡山県,倉敷市,,,,133.78673,34.452309,75,公設
332020,0100004375,岡山県倉敷市,消火栓,332020,,倉敷市児島味野６丁目５番３８号,岡山県,倉敷市,,,,133.797969,34.467627,150,公設
332020,0100004376,岡山県倉敷市,消火栓,332020,,倉敷市菰池３丁目４番地,岡山県,倉敷市,,,,133.789424,34.454419,75,公設
332020,0100004377,岡山県倉敷市,消火栓,332020,,倉敷市菰池３丁目４番４８号,岡山県,倉敷市,,,,133.788984,34.455057,75,公設
332020,0100004378,岡山県倉敷市,消火栓,332020,,倉敷市児島味野城２丁目１０番３５号,岡山県,倉敷市,,,,133.796537,34.472086,200,公設
332020,0100004379,岡山県倉敷市,消火栓,332020,,倉敷市児島阿津１丁目２１番２１号,岡山県,倉敷市,,,,133.807062,34.455683,75,公設
332020,0100004380,岡山県倉敷市,消火栓,332020,,倉敷市児島味野城２丁目１５番２８号,岡山県,倉敷市,,,,133.794935,34.471709,75,公設
332020,0100004381,岡山県倉敷市,消火栓,332020,,倉敷市児島味野城１丁目６番４４号,岡山県,倉敷市,,,,133.800662,34.473189,150,公設
332020,0100004382,岡山県倉敷市,消火栓,332020,,倉敷市菰池２丁目１０番１８号,岡山県,倉敷市,,,,133.787216,34.455586,200,公設
332020,0100004383,岡山県倉敷市,消火栓,332020,,倉敷市児島味野４丁目１１番８号,岡山県,倉敷市,,,,133.799689,34.464146,150,公設
332020,0100004384,岡山県倉敷市,消火栓,332020,,倉敷市児島味野４丁目１０番１０号,岡山県,倉敷市,,,,133.799741,34.464973,150,公設
332020,0100004385,岡山県倉敷市,消火栓,332020,,倉敷市児島味野４丁目１２番１８号,岡山県,倉敷市,,,,133.799543,34.462212,150,公設
332020,0100004386,岡山県倉敷市,消火栓,332020,,倉敷市児島味野城２丁目１０番地１８,岡山県,倉敷市,,,,133.797382,34.472134,100,公設
332020,0100004387,岡山県倉敷市,消火栓,332020,,倉敷市菰池３丁目３番１号,岡山県,倉敷市,,,,133.790633,34.456583,75,公設
332020,0100004388,岡山県倉敷市,消火栓,332020,,倉敷市菰池３丁目３番１号,岡山県,倉敷市,,,,133.789783,34.456621,75,公設
332020,0100004389,岡山県倉敷市,消火栓,332020,,倉敷市児島味野５丁目１番１１号,岡山県,倉敷市,,,,133.798576,34.464807,150,公設
332020,0100004390,岡山県倉敷市,消火栓,332020,,倉敷市児島赤崎４丁目１２番１号,岡山県,倉敷市,,,,133.796278,34.461773,150,公設
332020,0100004391,岡山県倉敷市,消火栓,332020,,倉敷市児島駅前１丁目,岡山県,倉敷市,,,,133.808025,34.464235,200,公設
332020,0100004392,岡山県倉敷市,消火栓,332020,,倉敷市児島駅前４丁目１番,岡山県,倉敷市,,,,133.806657,34.461594,75,公設
332020,0100004393,岡山県倉敷市,消火栓,332020,,倉敷市児島駅前４丁目７４番地,岡山県,倉敷市,,,,133.805135,34.461804,75,公設
332020,0100004394,岡山県倉敷市,消火栓,332020,,倉敷市児島駅前４丁目６４番２号,岡山県,倉敷市,,,,133.804689,34.461541,75,公設
332020,0100004395,岡山県倉敷市,消火栓,332020,,倉敷市児島駅前４丁目５９番２号,岡山県,倉敷市,,,,133.805559,34.461136,100,公設
332020,0100004396,岡山県倉敷市,消火栓,332020,,倉敷市児島駅前４丁目８３,岡山県,倉敷市,,,,133.803283,34.461315,100,公設
332020,0100004397,岡山県倉敷市,消火栓,332020,,倉敷市児島駅前４丁目７８番地,岡山県,倉敷市,,,,133.803889,34.461977,75,公設
332020,0100004398,岡山県倉敷市,消火栓,332020,,倉敷市児島駅前１丁目４６番地,岡山県,倉敷市,,,,133.804966,34.46391,150,公設
332020,0100004399,岡山県倉敷市,消火栓,332020,,倉敷市児島駅前１丁目４０番地１,岡山県,倉敷市,,,,133.805911,34.464042,100,公設
332020,0100004400,岡山県倉敷市,消火栓,332020,,倉敷市児島駅前３丁目１６番１号,岡山県,倉敷市,,,,133.809285,34.462947,150,公設
332020,0100004401,岡山県倉敷市,消火栓,332020,,倉敷市児島駅前１丁目８４番地,岡山県,倉敷市,,,,133.803242,34.462819,100,公設
332020,0100004402,岡山県倉敷市,消火栓,332020,,倉敷市児島駅前１丁目３７,岡山県,倉敷市,,,,133.804782,34.462796,150,公設
332020,0100004403,岡山県倉敷市,消火栓,332020,,倉敷市児島駅前４丁目５６番地,岡山県,倉敷市,,,,133.804527,34.460808,75,公設
332020,0100004404,岡山県倉敷市,消火栓,332020,,倉敷市児島駅前４丁目５３,岡山県,倉敷市,,,,133.80561,34.460218,75,公設
332020,0100004405,岡山県倉敷市,消火栓,332020,,倉敷市児島駅前４丁目２８番地,岡山県,倉敷市,,,,133.806565,34.46049,150,公設
332020,0100004406,岡山県倉敷市,消火栓,332020,,倉敷市児島駅前３丁目２８番地,岡山県,倉敷市,,,,133.808423,34.460055,100,公設
332020,0100004407,岡山県倉敷市,消火栓,332020,,倉敷市児島駅前４丁目４７番地２,岡山県,倉敷市,,,,133.804922,34.459506,75,公設
332020,0100004408,岡山県倉敷市,消火栓,332020,,倉敷市児島駅前４丁目３１番地,岡山県,倉敷市,,,,133.8061,34.459585,75,公設
332020,0100004409,岡山県倉敷市,消火栓,332020,,倉敷市児島駅前４丁目３１番地１０,岡山県,倉敷市,,,,133.806525,34.459188,150,公設
332020,0100004410,岡山県倉敷市,消火栓,332020,,倉敷市児島駅前３丁目３３番地,岡山県,倉敷市,,,,133.807461,34.458011,350,公設
332020,0100004411,岡山県倉敷市,消火栓,332020,,倉敷市児島駅前３丁目３２番１号,岡山県,倉敷市,,,,133.807657,34.459207,350,公設
332020,0100004412,岡山県倉敷市,消火栓,332020,,倉敷市児島駅前３丁目２３番地,岡山県,倉敷市,,,,133.807883,34.460703,350,公設
332020,0100004413,岡山県倉敷市,消火栓,332020,,倉敷市児島駅前３丁目１７－１,岡山県,倉敷市,,,,133.8081,34.461948,350,公設
332020,0100004414,岡山県倉敷市,消火栓,332020,,倉敷市児島駅前３丁目１６番１号,岡山県,倉敷市,,,,133.808531,34.463397,350,公設
332020,0100004415,岡山県倉敷市,消火栓,332020,,倉敷市児島駅前４丁目１０番地,岡山県,倉敷市,,,,133.806155,34.461805,150,公設
332020,0100004416,岡山県倉敷市,消火栓,332020,,倉敷市児島駅前１丁目４０－１,岡山県,倉敷市,,,,133.805994,34.463061,150,公設
332020,0100004417,岡山県倉敷市,消火栓,332020,,倉敷市児島駅前４丁目３７番地５,岡山県,倉敷市,,,,133.806334,34.458392,75,公設
332020,0100004418,岡山県倉敷市,消火栓,332020,,倉敷市児島駅前１丁目,岡山県,倉敷市,,,,133.806877,34.462471,100,公設
332020,0100004419,岡山県倉敷市,消火栓,332020,,倉敷市児島駅前１丁目１番地,岡山県,倉敷市,,,,133.807118,34.463574,100,公設
332020,0100004420,岡山県倉敷市,消火栓,332020,,倉敷市児島駅前１丁目１２－１,岡山県,倉敷市,,,,133.808798,34.4642,150,公設
332020,0100004421,岡山県倉敷市,消火栓,332020,,倉敷市児島駅前３丁目１６番１号,岡山県,倉敷市,,,,133.809001,34.464919,75,公設
332020,0100004422,岡山県倉敷市,消火栓,332020,,倉敷市児島駅前２丁目１７番地,岡山県,倉敷市,,,,133.80811,34.465911,75,公設
332020,0100004423,岡山県倉敷市,消火栓,332020,,倉敷市児島駅前２丁目３９番地,岡山県,倉敷市,,,,133.807125,34.466872,75,公設
332020,0100004424,岡山県倉敷市,消火栓,332020,,倉敷市児島駅前２丁目３９番地,岡山県,倉敷市,,,,133.806006,34.467724,100,公設
332020,0100004425,岡山県倉敷市,消火栓,332020,,倉敷市児島赤崎３丁目７番１２号,岡山県,倉敷市,,,,133.795889,34.458297,100,公設
332020,0100004426,岡山県倉敷市,消火栓,332020,,倉敷市児島味野上１丁目４番２０号,岡山県,倉敷市,,,,133.799255,34.477829,75,公設
332020,0100004427,岡山県倉敷市,消火栓,332020,,倉敷市菰池１丁目１０９７番地,岡山県,倉敷市,,,,133.794773,34.455253,150,公設
332020,0100004428,岡山県倉敷市,消火栓,332020,,倉敷市児島赤崎１丁目１８番６号,岡山県,倉敷市,,,,133.801485,34.46209,75,公設
332020,0100004429,岡山県倉敷市,消火栓,332020,,倉敷市児島赤崎３丁目７番３０号,岡山県,倉敷市,,,,133.794472,34.459013,75,公設
332020,0100004430,岡山県倉敷市,消火栓,332020,,倉敷市菰池２丁目４番９８号,岡山県,倉敷市,,,,133.787968,34.454459,350,公設
332020,0100004431,岡山県倉敷市,消火栓,332020,,倉敷市菰池２丁目２番６１号,岡山県,倉敷市,,,,133.786567,34.45097,300,公設
332020,0100004432,岡山県倉敷市,消火栓,332020,,倉敷市児島阿津３丁目３番５７号,岡山県,倉敷市,,,,133.800562,34.453044,100,公設
332020,0100004433,岡山県倉敷市,消火栓,332020,,倉敷市児島味野１丁目６番２号,岡山県,倉敷市,,,,133.804036,34.469413,200,公設
332020,0100004434,岡山県倉敷市,消火栓,332020,,倉敷市児島阿津３丁目３番４４号,岡山県,倉敷市,,,,133.800819,34.454197,100,公設
332020,0100004435,岡山県倉敷市,消火栓,332020,,倉敷市児島味野１丁目１３番１３号,岡山県,倉敷市,,,,133.80329,34.472706,150,公設
332020,0100004436,岡山県倉敷市,消火栓,332020,,倉敷市児島赤崎１丁目１９番地５２,岡山県,倉敷市,,,,133.800647,34.46083,200,公設
332020,0100004437,岡山県倉敷市,消火栓,332020,,倉敷市児島阿津２丁目２番地１５,岡山県,倉敷市,,,,133.803824,34.455437,250,公設
332020,0100004438,岡山県倉敷市,消火栓,332020,,倉敷市児島阿津１丁目２１番２７号,岡山県,倉敷市,,,,133.807515,34.455159,100,公設
332020,0100004439,岡山県倉敷市,消火栓,332020,,倉敷市児島赤崎４丁目１４番２０号,岡山県,倉敷市,,,,133.794538,34.461332,75,公設
332020,0100004440,岡山県倉敷市,消火栓,332020,,倉敷市児島味野上１丁目７番８号,岡山県,倉敷市,,,,133.797482,34.478246,75,公設
332020,0100004441,岡山県倉敷市,消火栓,332020,,倉敷市児島赤崎２丁目１０番１５号,岡山県,倉敷市,,,,133.795886,34.455894,100,公設
332020,0100004442,岡山県倉敷市,消火栓,332020,,倉敷市菰池１丁目２番４５号,岡山県,倉敷市,,,,133.793565,34.455341,100,公設
332020,0100004443,岡山県倉敷市,消火栓,332020,,倉敷市児島味野３丁目２番１０,岡山県,倉敷市,,,,133.801612,34.466002,200,公設
332020,0100004444,岡山県倉敷市,消火栓,332020,,倉敷市児島阿津１丁目１番８号,岡山県,倉敷市,,,,133.801962,34.458649,75,公設
332020,0100004445,岡山県倉敷市,消火栓,332020,,倉敷市菰池３丁目１６番２８号,岡山県,倉敷市,,,,133.791675,34.460234,75,公設
332020,0100004446,岡山県倉敷市,消火栓,332020,,倉敷市大畠１丁目１番２号,岡山県,倉敷市,,,,133.808627,34.446283,75,公設
332020,0100004447,岡山県倉敷市,消火栓,332020,,倉敷市大畠１丁目２番５３号,岡山県,倉敷市,,,,133.810754,34.442374,250,公設
332020,0100004448,岡山県倉敷市,消火栓,332020,,倉敷市大畠１丁目１８番１８号,岡山県,倉敷市,,,,133.810475,34.440859,250,公設
332020,0100004449,岡山県倉敷市,消火栓,332020,,倉敷市大畠１丁目１１番４６号,岡山県,倉敷市,,,,133.811389,34.440369,150,公設
332020,0100004450,岡山県倉敷市,消火栓,332020,,倉敷市大畠１丁目１７番８号,岡山県,倉敷市,,,,133.810681,34.440426,75,公設
332020,0100004451,岡山県倉敷市,消火栓,332020,,倉敷市大畠２丁目１６番１号,岡山県,倉敷市,,,,133.810087,34.439951,75,公設
332020,0100004452,岡山県倉敷市,消火栓,332020,,倉敷市大畠２丁目１４番６号,岡山県,倉敷市,,,,133.810572,34.439724,75,公設
332020,0100004453,岡山県倉敷市,消火栓,332020,,倉敷市大畠２丁目１５番８号,岡山県,倉敷市,,,,133.81109,34.439134,75,公設
332020,0100004454,岡山県倉敷市,消火栓,332020,,倉敷市大畠２丁目１１番２号,岡山県,倉敷市,,,,133.811801,34.439452,150,公設
332020,0100004455,岡山県倉敷市,消火栓,332020,,倉敷市大畠２丁目３番９号,岡山県,倉敷市,,,,133.812419,34.43933,100,公設
332020,0100004456,岡山県倉敷市,消火栓,332020,,倉敷市大畠２丁目５番９号,岡山県,倉敷市,,,,133.813154,34.439182,75,公設
332020,0100004457,岡山県倉敷市,消火栓,332020,,倉敷市下津井田之浦１丁目１４番２５号,岡山県,倉敷市,,,,133.806789,34.439594,250,公設
332020,0100004458,岡山県倉敷市,消火栓,332020,,倉敷市下津井田之浦２丁目１２番２０号,岡山県,倉敷市,,,,133.805951,34.439171,150,公設
332020,0100004459,岡山県倉敷市,消火栓,332020,,倉敷市下津井吹上１丁目４番８号,岡山県,倉敷市,,,,133.801852,34.438867,150,公設
332020,0100004460,岡山県倉敷市,消火栓,332020,,倉敷市下津井田之浦２丁目１２番３号,岡山県,倉敷市,,,,133.805109,34.438947,150,公設
332020,0100004461,岡山県倉敷市,消火栓,332020,,倉敷市下津井田之浦１丁目１番１３－１８号,岡山県,倉敷市,,,,133.808345,34.435371,250,公設
332020,0100004462,岡山県倉敷市,消火栓,332020,,倉敷市下津井田之浦２丁目３番１７号,岡山県,倉敷市,,,,133.805343,34.438116,150,公設
332020,0100004463,岡山県倉敷市,消火栓,332020,,倉敷市下津井田之浦１丁目８番８号,岡山県,倉敷市,,,,133.805354,34.437639,150,公設
332020,0100004464,岡山県倉敷市,消火栓,332020,,倉敷市下津井田之浦１丁目１番５２号,岡山県,倉敷市,,,,133.805262,34.436966,200,公設
332020,0100004465,岡山県倉敷市,消火栓,332020,,倉敷市下津井田之浦１丁目１－４１,岡山県,倉敷市,,,,133.806441,34.436629,200,公設
332020,0100004466,岡山県倉敷市,消火栓,332020,,倉敷市下津井田之浦２丁目１７,岡山県,倉敷市,,,,133.804671,34.436903,200,公設
332020,0100004467,岡山県倉敷市,消火栓,332020,,倉敷市下津井吹上１丁目２番１号,岡山県,倉敷市,,,,133.803678,34.43719,200,公設
332020,0100004468,岡山県倉敷市,消火栓,332020,,倉敷市下津井吹上１丁目３番１６号,岡山県,倉敷市,,,,133.802408,34.438245,75,公設
332020,0100004469,岡山県倉敷市,消火栓,332020,,倉敷市下津井吹上１丁目３番５号,岡山県,倉敷市,,,,133.801936,34.437664,300,公設
332020,0100004470,岡山県倉敷市,消火栓,332020,,倉敷市下津井吹上１丁目４番４号,岡山県,倉敷市,,,,133.801887,34.438581,150,公設
332020,0100004471,岡山県倉敷市,消火栓,332020,,倉敷市下津井吹上１丁目９番７号,岡山県,倉敷市,,,,133.801935,34.441439,100,公設
332020,0100004472,岡山県倉敷市,消火栓,332020,,倉敷市下津井吹上１丁目５番２０号,岡山県,倉敷市,,,,133.801343,34.440382,150,公設
332020,0100004473,岡山県倉敷市,消火栓,332020,,倉敷市下津井吹上２丁目５番６１号,岡山県,倉敷市,,,,133.801187,34.43906,75,公設
332020,0100004474,岡山県倉敷市,消火栓,332020,,倉敷市下津井吹上２丁目４番２３号,岡山県,倉敷市,,,,133.801185,34.437827,150,公設
332020,0100004475,岡山県倉敷市,消火栓,332020,,倉敷市下津井吹上２丁目１番１０号,岡山県,倉敷市,,,,133.801071,34.437428,200,公設
332020,0100004476,岡山県倉敷市,消火栓,332020,,倉敷市下津井１丁目１番３８号,岡山県,倉敷市,,,,133.799984,34.436972,150,公設
332020,0100004477,岡山県倉敷市,消火栓,332020,,倉敷市下津井１丁目２番１７号,岡山県,倉敷市,,,,133.798706,34.437557,150,公設
332020,0100004478,岡山県倉敷市,消火栓,332020,,倉敷市下津井１丁目９番３２号,岡山県,倉敷市,,,,133.796926,34.437801,150,公設
332020,0100004479,岡山県倉敷市,消火栓,332020,,倉敷市下津井１丁目１０番８号,岡山県,倉敷市,,,,133.796379,34.438109,100,公設
332020,0100004480,岡山県倉敷市,消火栓,332020,,倉敷市下津井１丁目１２番２７号,岡山県,倉敷市,,,,133.795826,34.437536,150,公設
332020,0100004481,岡山県倉敷市,消火栓,332020,,倉敷市下津井２丁目２番９号,岡山県,倉敷市,,,,133.794597,34.438421,150,公設
332020,0100004482,岡山県倉敷市,消火栓,332020,,倉敷市下津井２丁目４番８１号,岡山県,倉敷市,,,,133.793757,34.439009,150,公設
332020,0100004483,岡山県倉敷市,消火栓,332020,,倉敷市下津井２丁目５番２号,岡山県,倉敷市,,,,133.79189,34.439664,200,公設
332020,0100004484,岡山県倉敷市,消火栓,332020,,倉敷市下津井２丁目１０番８号,岡山県,倉敷市,,,,133.791219,34.441743,100,公設
332020,0100004485,岡山県倉敷市,消火栓,332020,,倉敷市下津井２丁目６番３４号,岡山県,倉敷市,,,,133.791622,34.44024,100,公設
332020,0100004486,岡山県倉敷市,消火栓,332020,,倉敷市下津井２丁目７－９,岡山県,倉敷市,,,,133.790299,34.43945,300,公設
332020,0100004487,岡山県倉敷市,消火栓,332020,,倉敷市下津井４丁目１－１２,岡山県,倉敷市,,,,133.790373,34.438486,100,公設
332020,0100004488,岡山県倉敷市,消火栓,332020,,倉敷市下津井４丁目３番１号,岡山県,倉敷市,,,,133.789138,34.439139,200,公設
332020,0100004489,岡山県倉敷市,消火栓,332020,,倉敷市下津井４丁目２番３７号,岡山県,倉敷市,,,,133.788495,34.438379,100,公設
332020,0100004490,岡山県倉敷市,消火栓,332020,,倉敷市下津井１丁目６番４号,岡山県,倉敷市,,,,133.798676,34.436929,100,公設
332020,0100004491,岡山県倉敷市,消火栓,332020,,倉敷市大畠１６６６番地１,岡山県,倉敷市,,,,133.819313,34.431185,75,公設
332020,0100004492,岡山県倉敷市,消火栓,332020,,倉敷市下津井５丁目６番２号,岡山県,倉敷市,,,,133.782203,34.441746,100,公設
332020,0100004493,岡山県倉敷市,消火栓,332020,,倉敷市下津井５丁目６番５１号,岡山県,倉敷市,,,,133.781754,34.443151,150,公設
332020,0100004494,岡山県倉敷市,消火栓,332020,,倉敷市下津井５丁目２番２号,岡山県,倉敷市,,,,133.781736,34.440639,100,公設
332020,0100004495,岡山県倉敷市,消火栓,332020,,倉敷市下津井田之浦２丁目５番３５号,岡山県,倉敷市,,,,133.803883,34.440437,75,公設
332020,0100004496,岡山県倉敷市,消火栓,332020,,倉敷市大畠１６６６番地２,岡山県,倉敷市,,,,133.814589,34.431906,150,公設
332020,0100004497,岡山県倉敷市,消火栓,332020,,倉敷市下津井田之浦１丁目１３番２８号,岡山県,倉敷市,,,,133.806415,34.437643,250,公設
332020,0100004498,岡山県倉敷市,消火栓,332020,,倉敷市下津井１丁目１２,岡山県,倉敷市,,,,133.796386,34.437042,300,公設
332020,0100004499,岡山県倉敷市,消火栓,332020,,倉敷市大畠１丁目２０番１８号,岡山県,倉敷市,,,,133.808803,34.440274,250,公設
332020,0100004500,岡山県倉敷市,消火栓,332020,,倉敷市下津井田之浦１丁目１３番２６号,岡山県,倉敷市,,,,133.806196,34.438356,150,公設
332020,0100004501,岡山県倉敷市,消火栓,332020,,倉敷市大畠１６６６番地２,岡山県,倉敷市,,,,133.815657,34.432734,100,公設
332020,0100004502,岡山県倉敷市,消火栓,332020,,倉敷市大畠２丁目１０番１４号,岡山県,倉敷市,,,,133.811522,34.438646,75,公設
332020,0100004503,岡山県倉敷市,消火栓,332020,,倉敷市下津井１丁目１５番２９号,岡山県,倉敷市,,,,133.795333,34.438701,75,公設
332020,0100004504,岡山県倉敷市,消火栓,332020,,倉敷市大畠２丁目５番３５号,岡山県,倉敷市,,,,133.813511,34.438535,100,公設
332020,0100004505,岡山県倉敷市,消火栓,332020,,倉敷市下津井吹上２丁目１番１８号,岡山県,倉敷市,,,,133.800862,34.436637,100,公設
332020,0100004506,岡山県倉敷市,消火栓,332020,,倉敷市下津井吹上１丁目２番８号,岡山県,倉敷市,,,,133.802813,34.437488,200,公設
332020,0100004507,岡山県倉敷市,消火栓,332020,,倉敷市下津井１丁目７番２５号,岡山県,倉敷市,,,,133.797769,34.437749,150,公設
332020,0100004508,岡山県倉敷市,消火栓,332020,,倉敷市下津井吹上１３２番地２,岡山県,倉敷市,,,,133.802651,34.441699,200,公設
332020,0100004509,岡山県倉敷市,消火栓,332020,,倉敷市下津井吹上２丁目６５０番地,岡山県,倉敷市,,,,133.801842,34.437249,100,公設
332020,0100004510,岡山県倉敷市,消火栓,332020,,倉敷市大畠１丁目６番３号,岡山県,倉敷市,,,,133.810069,34.446181,100,公設
332020,0100004511,岡山県倉敷市,消火栓,332020,,倉敷市大畠１丁目７番４号,岡山県,倉敷市,,,,133.810755,34.444815,100,公設
332020,0100004512,岡山県倉敷市,消火栓,332020,,倉敷市大畠１丁目１０番３号,岡山県,倉敷市,,,,133.811187,34.443475,100,公設
332020,0100004513,岡山県倉敷市,消火栓,332020,,倉敷市大畠１丁目１１番７２号,岡山県,倉敷市,,,,133.810745,34.442774,100,公設
332020,0100004514,岡山県倉敷市,消火栓,332020,,倉敷市大畠１丁目２番１８号,岡山県,倉敷市,,,,133.809183,34.444834,75,公設
332020,0100004515,岡山県倉敷市,消火栓,332020,,倉敷市下津井吹上１丁目６番１８号,岡山県,倉敷市,,,,133.802398,34.440475,75,公設
332020,0100004516,岡山県倉敷市,消火栓,332020,,倉敷市大畠１丁目５番３９号,岡山県,倉敷市,,,,133.809323,34.445975,250,公設
332020,0100004517,岡山県倉敷市,消火栓,332020,,倉敷市大畠１丁目１２２,岡山県,倉敷市,,,,133.809837,34.444679,250,公設
332020,0100004518,岡山県倉敷市,消火栓,332020,,倉敷市下津井１４９６番地７,岡山県,倉敷市,,,,133.786794,34.448826,200,公設
332020,0100004519,岡山県倉敷市,消火栓,332020,,倉敷市下津井吹上３４７番地,岡山県,倉敷市,,,,133.796563,34.443275,200,公設
332020,0100004520,岡山県倉敷市,消火栓,332020,,倉敷市下津井吹上１丁目１０番２５号,岡山県,倉敷市,,,,133.798653,34.442175,150,公設
332020,0100004521,岡山県倉敷市,消火栓,332020,,倉敷市下津井吹上２丁目６番４号,岡山県,倉敷市,,,,133.800532,34.441039,150,公設
332020,0100004522,岡山県倉敷市,消火栓,332020,,倉敷市下津井２丁目２番１号,岡山県,倉敷市,,,,133.795148,34.437846,150,公設
332020,0100004523,岡山県倉敷市,消火栓,332020,,倉敷市下津井４丁目３番３４号,岡山県,倉敷市,,,,133.787842,34.439578,200,公設
332020,0100004524,岡山県倉敷市,消火栓,332020,,倉敷市下津井１３７９,岡山県,倉敷市,,,,133.788328,34.446916,200,公設
332020,0100004525,岡山県倉敷市,消火栓,332020,,倉敷市下津井吹上２１３番地２,岡山県,倉敷市,,,,133.800732,34.441942,200,公設
332020,0100004526,岡山県倉敷市,消火栓,332020,,倉敷市下津井吹上２７９番地,岡山県,倉敷市,,,,133.799383,34.442439,200,公設
332020,0100004527,岡山県倉敷市,消火栓,332020,,倉敷市下津井吹上３１０番地５,岡山県,倉敷市,,,,133.797877,34.442876,200,公設
332020,0100004528,岡山県倉敷市,消火栓,332020,,倉敷市下津井２丁目２番８０号,岡山県,倉敷市,,,,133.79601,34.438965,100,公設
332020,0100004529,岡山県倉敷市,消火栓,332020,,倉敷市大畠２丁目１８番３４号,岡山県,倉敷市,,,,133.808657,34.439457,100,公設
332020,0100004530,岡山県倉敷市,消火栓,332020,,倉敷市大畠２丁目１９番３４号,岡山県,倉敷市,,,,133.810574,34.43893,150,公設
332020,0100004531,岡山県倉敷市,消火栓,332020,,倉敷市下津井５丁目３番５４号,岡山県,倉敷市,,,,133.784088,34.441018,150,公設
332020,0100004532,岡山県倉敷市,消火栓,332020,,倉敷市下津井田之浦２丁目５番６号,岡山県,倉敷市,,,,133.804657,34.439686,75,公設
332020,0100004533,岡山県倉敷市,消火栓,332020,,倉敷市下津井吹上２丁目３９４－２,岡山県,倉敷市,,,,133.79802,34.440617,75,公設
332020,0100004534,岡山県倉敷市,消火栓,332020,,倉敷市大畠２丁目２番２３号,岡山県,倉敷市,,,,133.812063,34.439901,100,公設
332020,0100004535,岡山県倉敷市,消火栓,332020,,倉敷市下津井１４８２番地２５,岡山県,倉敷市,,,,133.783336,34.446725,100,公設
332020,0100004536,岡山県倉敷市,消火栓,332020,,倉敷市下津井１４８２番地２５,岡山県,倉敷市,,,,133.784132,34.446791,100,公設
332020,0100004537,岡山県倉敷市,消火栓,332020,,倉敷市下津井吹上２丁目５－１４,岡山県,倉敷市,,,,133.798724,34.439762,75,公設
332020,0100004538,岡山県倉敷市,消火栓,332020,,倉敷市下津井５丁目８－４９,岡山県,倉敷市,,,,133.781261,34.444874,100,公設
332020,0100004539,岡山県倉敷市,消火栓,332020,,倉敷市下津井２丁目３５９番地２,岡山県,倉敷市,,,,133.795689,34.442797,75,公設
332020,0100004540,岡山県倉敷市,消火栓,332020,,倉敷市下津井１丁目１０番６号,岡山県,倉敷市,,,,133.800308,34.441405,75,公設
332020,0100004541,岡山県倉敷市,消火栓,332020,,倉敷市大畠１６６６番地１,岡山県,倉敷市,,,,133.820673,34.430645,75,公設
332020,0100004542,岡山県倉敷市,消火栓,332020,,倉敷市下津井田之浦１丁目１番１３号１３,岡山県,倉敷市,,,,133.808054,34.435293,200,公設
332020,0100004543,岡山県倉敷市,消火栓,332020,,倉敷市下津井２丁目８番３３号,岡山県,倉敷市,,,,133.791471,34.44094,100,公設
332020,0100004544,岡山県倉敷市,消火栓,332020,,倉敷市下津井１３４０番地,岡山県,倉敷市,,,,133.789862,34.445596,200,公設
332020,0100004545,岡山県倉敷市,消火栓,332020,,倉敷市下津井２丁目８１５番地１,岡山県,倉敷市,,,,133.792339,34.439137,100,公設
332020,0100004546,岡山県倉敷市,消火栓,332020,,倉敷市下津井２丁目８００番地１２,岡山県,倉敷市,,,,133.793593,34.438438,100,公設
332020,0100004547,岡山県倉敷市,消火栓,332020,,倉敷市下津井田之浦１丁目１番８号,岡山県,倉敷市,,,,133.804498,34.43641,100,公設
332020,0100004548,岡山県倉敷市,消火栓,332020,,倉敷市大畠２丁目４番３４号,岡山県,倉敷市,,,,133.813948,34.437829,100,公設
332020,0100004549,岡山県倉敷市,消火栓,332020,,倉敷市下津井４丁目８番１４号,岡山県,倉敷市,,,,133.785855,34.439912,200,公設
332020,0100004550,岡山県倉敷市,消火栓,332020,,倉敷市下津井３丁目１２４番地,岡山県,倉敷市,,,,133.788513,34.443648,300,公設
332020,0100004551,岡山県倉敷市,消火栓,332020,,倉敷市下津井３丁目６７,岡山県,倉敷市,,,,133.788967,34.442584,300,公設
332020,0100004552,岡山県倉敷市,消火栓,332020,,倉敷市下津井３丁目２０,岡山県,倉敷市,,,,133.789435,34.441549,300,公設
332020,0100004553,岡山県倉敷市,消火栓,332020,,倉敷市下津井３丁目６,岡山県,倉敷市,,,,133.790231,34.44095,75,公設
332020,0100004554,岡山県倉敷市,消火栓,332020,,倉敷市下津井３丁目１４７番地,岡山県,倉敷市,,,,133.789808,34.444352,150,公設
332020,0100004555,岡山県倉敷市,消火栓,332020,,倉敷市下津井３丁目１０１番地,岡山県,倉敷市,,,,133.790421,34.443442,150,公設
332020,0100004556,岡山県倉敷市,消火栓,332020,,倉敷市下津井２丁目１０番１５号,岡山県,倉敷市,,,,133.790927,34.442343,100,公設
332020,0100004557,岡山県倉敷市,消火栓,332020,,倉敷市下津井３丁目２２３番地,岡山県,倉敷市,,,,133.791997,34.443783,200,公設
332020,0100004558,岡山県倉敷市,消火栓,332020,,倉敷市大畠２丁目６番１９号,岡山県,倉敷市,,,,133.815973,34.436515,100,公設
332020,0100004559,岡山県倉敷市,消火栓,332020,,倉敷市大畠２丁目６番１９号,岡山県,倉敷市,,,,133.817897,34.434325,100,公設
332020,0100004560,岡山県倉敷市,消火栓,332020,,倉敷市下津井田之浦２丁目１２番４６号,岡山県,倉敷市,,,,133.804208,34.441586,100,公設
332020,0100004561,岡山県倉敷市,消火栓,332020,,倉敷市下津井１４１９番地,岡山県,倉敷市,,,,133.787866,34.447268,300,公設
332020,0100004562,岡山県倉敷市,消火栓,332020,,倉敷市下津井１３１１番地１,岡山県,倉敷市,,,,133.78858,34.44536,300,公設
332020,0100004563,岡山県倉敷市,消火栓,332020,,倉敷市下津井３丁目１７９５－１,岡山県,倉敷市,,,,133.789783,34.440552,300,公設
332020,0100004564,岡山県倉敷市,消火栓,332020,,倉敷市大畠１丁目１２番８号,岡山県,倉敷市,,,,133.811016,34.44159,250,公設
332020,0100004565,岡山県倉敷市,消火栓,332020,,倉敷市下津井吹上１丁目１５,岡山県,倉敷市,,,,133.803078,34.437036,100,公設
332020,0100004566,岡山県倉敷市,消火栓,332020,,倉敷市下津井田之浦１丁目１番１３号２４,岡山県,倉敷市,,,,133.810527,34.434039,150,公設
332020,0100004567,岡山県倉敷市,消火栓,332020,,倉敷市下津井田之浦１番地１,岡山県,倉敷市,,,,133.812349,34.433242,150,公設
332020,0100004568,岡山県倉敷市,消火栓,332020,,倉敷市下津井田之浦２丁目８３９,岡山県,倉敷市,,,,133.804647,34.440827,250,公設
332020,0100004569,岡山県倉敷市,消火栓,332020,,倉敷市大畠１６６６番地４,岡山県,倉敷市,,,,133.819133,34.432717,100,公設
332020,0100004570,岡山県倉敷市,消火栓,332020,,倉敷市大畠１６６６番地４,岡山県,倉敷市,,,,133.818735,34.432307,100,公設
332020,0100004571,岡山県倉敷市,消火栓,332020,,倉敷市大畠１６６６番地２,岡山県,倉敷市,,,,133.816867,34.433409,100,公設
332020,0100004572,岡山県倉敷市,消火栓,332020,,倉敷市下津井１丁目９番２４号,岡山県,倉敷市,,,,133.79656,34.43728,100,公設
332020,0100004573,岡山県倉敷市,消火栓,332020,,倉敷市下津井１丁目１３番１５号,岡山県,倉敷市,,,,133.795618,34.436797,75,公設
332020,0100004574,岡山県倉敷市,消火栓,332020,,倉敷市下津井田之浦１丁目１２番７号,岡山県,倉敷市,,,,133.805188,34.43915,150,公設
332020,0100004575,岡山県倉敷市,消火栓,332020,,倉敷市下津井田之浦１丁目１番１３号１６,岡山県,倉敷市,,,,133.808523,34.43453,75,公設
332020,0100004576,岡山県倉敷市,消火栓,332020,,倉敷市下津井田之浦２丁目９番１２号,岡山県,倉敷市,,,,133.805596,34.440197,250,公設
332020,0100004577,岡山県倉敷市,消火栓,332020,,倉敷市大畠１丁目１番３３号,岡山県,倉敷市,,,,133.810257,34.44364,250,公設
332020,0100004578,岡山県倉敷市,消火栓,332020,,倉敷市大畠２丁目８番２５号,岡山県,倉敷市,,,,133.812468,34.438569,150,公設
332020,0100004579,岡山県倉敷市,消火栓,332020,,倉敷市児島下の町１丁目１番,岡山県,倉敷市,,,,133.814868,34.468891,100,公設
332020,0100004580,岡山県倉敷市,消火栓,332020,,倉敷市児島下の町１丁目２番９号,岡山県,倉敷市,,,,133.814874,34.469928,100,公設
332020,0100004581,岡山県倉敷市,消火栓,332020,,倉敷市児島下の町１丁目５番４５号,岡山県,倉敷市,,,,133.815847,34.469978,100,公設
332020,0100004582,岡山県倉敷市,消火栓,332020,,倉敷市児島下の町１丁目７番２０号,岡山県,倉敷市,,,,133.817796,34.469926,75,公設
332020,0100004583,岡山県倉敷市,消火栓,332020,,倉敷市児島下の町１丁目９番２１号,岡山県,倉敷市,,,,133.818812,34.470216,100,公設
332020,0100004584,岡山県倉敷市,消火栓,332020,,倉敷市児島下の町１丁目１０番２４号,岡山県,倉敷市,,,,133.819856,34.471099,100,公設
332020,0100004585,岡山県倉敷市,消火栓,332020,,倉敷市児島下の町２丁目１番,岡山県,倉敷市,,,,133.821678,34.472201,100,公設
332020,0100004586,岡山県倉敷市,消火栓,332020,,倉敷市児島下の町２丁目１５番１３号,岡山県,倉敷市,,,,133.822761,34.472663,100,公設
332020,0100004587,岡山県倉敷市,消火栓,332020,,倉敷市児島下の町２丁目１２番２号,岡山県,倉敷市,,,,133.822294,34.474646,150,公設
332020,0100004588,岡山県倉敷市,消火栓,332020,,倉敷市児島下の町２丁目１４番１１号,岡山県,倉敷市,,,,133.821903,34.473266,250,公設
332020,0100004589,岡山県倉敷市,消火栓,332020,,倉敷市児島下の町２丁目３番３１号,岡山県,倉敷市,,,,133.820808,34.472101,250,公設
332020,0100004590,岡山県倉敷市,消火栓,332020,,倉敷市児島下の町２丁目３番,岡山県,倉敷市,,,,133.820048,34.47297,100,公設
332020,0100004591,岡山県倉敷市,消火栓,332020,,倉敷市児島下の町２丁目６番３２号,岡山県,倉敷市,,,,133.819747,34.473613,100,公設
332020,0100004592,岡山県倉敷市,消火栓,332020,,倉敷市児島下の町２丁目６番２１号,岡山県,倉敷市,,,,133.818634,34.473723,75,公設
332020,0100004593,岡山県倉敷市,消火栓,332020,,倉敷市児島下の町２丁目７番４３号,岡山県,倉敷市,,,,133.820504,34.474641,100,公設
332020,0100004594,岡山県倉敷市,消火栓,332020,,倉敷市児島下の町３丁目５番４６号,岡山県,倉敷市,,,,133.819953,34.475445,150,公設
332020,0100004595,岡山県倉敷市,消火栓,332020,,倉敷市児島下の町３丁目１２番１号,岡山県,倉敷市,,,,133.81933,34.476583,150,公設
332020,0100004596,岡山県倉敷市,消火栓,332020,,倉敷市児島下の町３丁目９番２２号,岡山県,倉敷市,,,,133.818455,34.477575,100,公設
332020,0100004597,岡山県倉敷市,消火栓,332020,,倉敷市児島下の町４丁目２番２３号,岡山県,倉敷市,,,,133.817104,34.4788,75,公設
332020,0100004598,岡山県倉敷市,消火栓,332020,,倉敷市児島下の町４丁目１番１７号,岡山県,倉敷市,,,,133.818711,34.479413,100,公設
332020,0100004599,岡山県倉敷市,消火栓,332020,,倉敷市児島下の町４丁目１番１号,岡山県,倉敷市,,,,133.819867,34.47912,300,公設
332020,0100004600,岡山県倉敷市,消火栓,332020,,倉敷市児島下の町５丁目４番５,岡山県,倉敷市,,,,133.821025,34.479815,150,公設
332020,0100004601,岡山県倉敷市,消火栓,332020,,倉敷市児島下の町４丁目１番３２号,岡山県,倉敷市,,,,133.819508,34.479909,75,公設
332020,0100004602,岡山県倉敷市,消火栓,332020,,倉敷市児島下の町４丁目７番４３号,岡山県,倉敷市,,,,133.817033,34.481921,100,公設
332020,0100004603,岡山県倉敷市,消火栓,332020,,倉敷市児島下の町５丁目６番３９号,岡山県,倉敷市,,,,133.817943,34.482639,150,公設
332020,0100004604,岡山県倉敷市,消火栓,332020,,倉敷市児島下の町５丁目９番１１号,岡山県,倉敷市,,,,133.818352,34.48301,100,公設
332020,0100004605,岡山県倉敷市,消火栓,332020,,倉敷市児島上の町１丁目９番２８号,岡山県,倉敷市,,,,133.817134,34.484045,150,公設
332020,0100004606,岡山県倉敷市,消火栓,332020,,倉敷市児島上の町１丁目９番４３号,岡山県,倉敷市,,,,133.817304,34.484878,100,公設
332020,0100004607,岡山県倉敷市,消火栓,332020,,倉敷市児島上の町１丁目７－２９,岡山県,倉敷市,,,,133.816242,34.485682,150,公設
332020,0100004608,岡山県倉敷市,消火栓,332020,,倉敷市児島上の町１丁目７－１２,岡山県,倉敷市,,,,133.815164,34.484946,75,公設
332020,0100004609,岡山県倉敷市,消火栓,332020,,倉敷市児島上の町１丁目１１番３８号,岡山県,倉敷市,,,,133.81695,34.486525,100,公設
332020,0100004610,岡山県倉敷市,消火栓,332020,,倉敷市児島上の町１丁目１３－１３,岡山県,倉敷市,,,,133.816801,34.487409,100,公設
332020,0100004611,岡山県倉敷市,消火栓,332020,,倉敷市児島上の町２丁目８番４３号,岡山県,倉敷市,,,,133.813299,34.492612,75,公設
332020,0100004612,岡山県倉敷市,消火栓,332020,,倉敷市児島上の町２丁目６－４５,岡山県,倉敷市,,,,133.813912,34.492842,150,公設
332020,0100004613,岡山県倉敷市,消火栓,332020,,倉敷市児島上の町３丁目１４－９４,岡山県,倉敷市,,,,133.814772,34.493269,75,公設
332020,0100004614,岡山県倉敷市,消火栓,332020,,倉敷市児島上の町２丁目６番６２号,岡山県,倉敷市,,,,133.814881,34.49154,150,公設
332020,0100004615,岡山県倉敷市,消火栓,332020,,倉敷市児島上の町２丁目６－７６,岡山県,倉敷市,,,,133.815433,34.490386,150,公設
332020,0100004616,岡山県倉敷市,消火栓,332020,,倉敷市児島上の町３丁目１５番１９号,岡山県,倉敷市,,,,133.818652,34.492856,75,公設
332020,0100004617,岡山県倉敷市,消火栓,332020,,倉敷市児島上の町３丁目４－１８,岡山県,倉敷市,,,,133.817944,34.491845,100,公設
332020,0100004618,岡山県倉敷市,消火栓,332020,,倉敷市児島上の町２丁目４番１６号,岡山県,倉敷市,,,,133.814977,34.488724,250,公設
332020,0100004619,岡山県倉敷市,消火栓,332020,,倉敷市児島上の町２丁目２番７号,岡山県,倉敷市,,,,133.813119,34.488071,75,公設
332020,0100004620,岡山県倉敷市,消火栓,332020,,倉敷市児島上の町３丁目３－６４,岡山県,倉敷市,,,,133.817965,34.489948,100,公設
332020,0100004621,岡山県倉敷市,消火栓,332020,,倉敷市児島上の町３丁目６－７２,岡山県,倉敷市,,,,133.819681,34.490743,75,公設
332020,0100004622,岡山県倉敷市,消火栓,332020,,倉敷市児島上の町４丁目４－８,岡山県,倉敷市,,,,133.816364,34.489074,150,公設
332020,0100004623,岡山県倉敷市,消火栓,332020,,倉敷市児島上の町１丁目１２番３７号,岡山県,倉敷市,,,,133.817234,34.487969,150,公設
332020,0100004624,岡山県倉敷市,消火栓,332020,,倉敷市児島上の町４丁目１２番１１号,岡山県,倉敷市,,,,133.818627,34.488406,100,公設
332020,0100004625,岡山県倉敷市,消火栓,332020,,倉敷市児島上の町４丁目９番４３号,岡山県,倉敷市,,,,133.820331,34.488801,100,公設
332020,0100004626,岡山県倉敷市,消火栓,332020,,倉敷市児島上の町４丁目２番８号,岡山県,倉敷市,,,,133.817906,34.486465,200,公設
332020,0100004627,岡山県倉敷市,消火栓,332020,,倉敷市児島上の町４丁目１番２１号,岡山県,倉敷市,,,,133.818497,34.485276,200,公設
332020,0100004628,岡山県倉敷市,消火栓,332020,,倉敷市児島上の町１丁目９番２号,岡山県,倉敷市,,,,133.819427,34.483527,200,公設
332020,0100004629,岡山県倉敷市,消火栓,332020,,倉敷市児島上の町４丁目１６番２１号,岡山県,倉敷市,,,,133.820598,34.484201,100,公設
332020,0100004630,岡山県倉敷市,消火栓,332020,,倉敷市児島上の町４丁目１７番２１号,岡山県,倉敷市,,,,133.821714,34.484725,75,公設
332020,0100004631,岡山県倉敷市,消火栓,332020,,倉敷市児島下の町５丁目７番２６号,岡山県,倉敷市,,,,133.820416,34.482278,200,公設
332020,0100004632,岡山県倉敷市,消火栓,332020,,倉敷市児島下の町６丁目９番２２号,岡山県,倉敷市,,,,133.822424,34.481669,75,公設
332020,0100004633,岡山県倉敷市,消火栓,332020,,倉敷市児島下の町７丁目１－２０,岡山県,倉敷市,,,,133.822669,34.479854,75,公設
332020,0100004634,岡山県倉敷市,消火栓,332020,,倉敷市児島下の町５丁目７番１０号,岡山県,倉敷市,,,,133.821353,34.481124,200,公設
332020,0100004635,岡山県倉敷市,消火栓,332020,,倉敷市児島下の町６丁目１番２号,岡山県,倉敷市,,,,133.822823,34.47927,200,公設
332020,0100004636,岡山県倉敷市,消火栓,332020,,倉敷市児島下の町７丁目１－３９,岡山県,倉敷市,,,,133.824157,34.4766,100,公設
332020,0100004637,岡山県倉敷市,消火栓,332020,,倉敷市児島下の町１０丁目３番１４号,岡山県,倉敷市,,,,133.823671,34.475404,100,公設
332020,0100004638,岡山県倉敷市,消火栓,332020,,倉敷市児島下の町１０丁目２番８号,岡山県,倉敷市,,,,133.823411,34.474044,250,公設
332020,0100004639,岡山県倉敷市,消火栓,332020,,倉敷市児島下の町１０丁目２番３５号,岡山県,倉敷市,,,,133.823694,34.473606,75,公設
332020,0100004640,岡山県倉敷市,消火栓,332020,,倉敷市児島下の町１０丁目２番２５号,岡山県,倉敷市,,,,133.825004,34.473981,75,公設
332020,0100004641,岡山県倉敷市,消火栓,332020,,倉敷市児島下の町１０丁目７番１０号,岡山県,倉敷市,,,,133.824818,34.474573,250,公設
332020,0100004642,岡山県倉敷市,消火栓,332020,,倉敷市児島下の町１０丁目８番１７号,岡山県,倉敷市,,,,133.825917,34.474676,75,公設
332020,0100004643,岡山県倉敷市,消火栓,332020,,倉敷市児島下の町１０丁目６番３３号,岡山県,倉敷市,,,,133.826514,34.475494,200,公設
332020,0100004644,岡山県倉敷市,消火栓,332020,,倉敷市児島下の町９丁目１番１号,岡山県,倉敷市,,,,133.827626,34.474721,250,公設
332020,0100004645,岡山県倉敷市,消火栓,332020,,倉敷市児島下の町１０丁目５番３４号,岡山県,倉敷市,,,,133.825583,34.475775,100,公設
332020,0100004646,岡山県倉敷市,消火栓,332020,,倉敷市児島下の町１０丁目５番１４号,岡山県,倉敷市,,,,133.825433,34.476619,200,公設
332020,0100004647,岡山県倉敷市,消火栓,332020,,倉敷市児島下の町７丁目４１６,岡山県,倉敷市,,,,133.824173,34.477814,200,公設
332020,0100004648,岡山県倉敷市,消火栓,332020,,倉敷市児島下の町７丁目６番２０号,岡山県,倉敷市,,,,133.825814,34.478294,100,公設
332020,0100004649,岡山県倉敷市,消火栓,332020,,倉敷市児島下の町７丁目３番２１号,岡山県,倉敷市,,,,133.824398,34.479075,75,公設
332020,0100004650,岡山県倉敷市,消火栓,332020,,倉敷市児島下の町７丁目５２７,岡山県,倉敷市,,,,133.826356,34.477145,100,公設
332020,0100004651,岡山県倉敷市,消火栓,332020,,倉敷市児島下の町７丁目１３番２０号,岡山県,倉敷市,,,,133.82702,34.478801,100,公設
332020,0100004652,岡山県倉敷市,消火栓,332020,,倉敷市児島下の町７丁目１２番２０号,岡山県,倉敷市,,,,133.826529,34.479601,100,公設
332020,0100004653,岡山県倉敷市,消火栓,332020,,倉敷市児島下の町７丁目１０番３９号,岡山県,倉敷市,,,,133.826259,34.48082,75,公設
332020,0100004654,岡山県倉敷市,消火栓,332020,,倉敷市児島下の町８丁目４番１５号,岡山県,倉敷市,,,,133.827591,34.476825,100,公設
332020,0100004655,岡山県倉敷市,消火栓,332020,,倉敷市児島下の町９丁目６番２５号,岡山県,倉敷市,,,,133.829528,34.476559,100,公設
332020,0100004656,岡山県倉敷市,消火栓,332020,,倉敷市児島下の町９丁目６番１６号,岡山県,倉敷市,,,,133.830248,34.476889,200,公設
332020,0100004657,岡山県倉敷市,消火栓,332020,,倉敷市児島下の町９丁目９番１９号,岡山県,倉敷市,,,,133.831286,34.476427,100,公設
332020,0100004658,岡山県倉敷市,消火栓,332020,,倉敷市児島下の町９丁目１０番６号,岡山県,倉敷市,,,,133.831588,34.476989,200,公設
332020,0100004659,岡山県倉敷市,消火栓,332020,,倉敷市児島下の町９丁目２番１８号,岡山県,倉敷市,,,,133.827176,34.475889,200,公設
332020,0100004660,岡山県倉敷市,消火栓,332020,,倉敷市児島下の町９丁目４番１５号,岡山県,倉敷市,,,,133.828259,34.476362,200,公設
332020,0100004661,岡山県倉敷市,消火栓,332020,,倉敷市児島下の町８丁目８番２５号,岡山県,倉敷市,,,,133.83279,34.477077,200,公設
332020,0100004662,岡山県倉敷市,消火栓,332020,,倉敷市児島下の町１丁目１番３５号,岡山県,倉敷市,,,,133.81613,34.4696,100,公設
332020,0100004663,岡山県倉敷市,消火栓,332020,,倉敷市児島上の町１丁目１１番１５号,岡山県,倉敷市,,,,133.814993,34.486547,75,公設
332020,0100004664,岡山県倉敷市,消火栓,332020,,倉敷市児島下の町６丁目７番１５号,岡山県,倉敷市,,,,133.821528,34.483194,200,公設
332020,0100004665,岡山県倉敷市,消火栓,332020,,倉敷市児島下の町６丁目６番５９号,岡山県,倉敷市,,,,133.823414,34.482964,150,公設
332020,0100004666,岡山県倉敷市,消火栓,332020,,倉敷市児島下の町２丁目６番４号,岡山県,倉敷市,,,,133.819198,34.472927,100,公設
332020,0100004667,岡山県倉敷市,消火栓,332020,,倉敷市児島下の町２丁目１４番２３号,岡山県,倉敷市,,,,133.82326,34.473844,100,公設
332020,0100004668,岡山県倉敷市,消火栓,332020,,倉敷市児島下の町３丁目６番３号,岡山県,倉敷市,,,,133.821382,34.475696,150,公設
332020,0100004669,岡山県倉敷市,消火栓,332020,,倉敷市児島下の町５丁目２番１７号,岡山県,倉敷市,,,,133.82124,34.477492,150,公設
332020,0100004670,岡山県倉敷市,消火栓,332020,,倉敷市児島下の町５丁目４番５号,岡山県,倉敷市,,,,133.82163,34.480117,150,公設
332020,0100004671,岡山県倉敷市,消火栓,332020,,倉敷市児島下の町１丁目１０番２８号,岡山県,倉敷市,,,,133.820711,34.471354,75,公設
332020,0100004672,岡山県倉敷市,消火栓,332020,,倉敷市児島下の町８丁目５番２６号,岡山県,倉敷市,,,,133.830554,34.477913,75,公設
332020,0100004673,岡山県倉敷市,消火栓,332020,,倉敷市児島下の町９丁目７番２２号,岡山県,倉敷市,,,,133.830347,34.476363,100,公設
332020,0100004674,岡山県倉敷市,消火栓,332020,,倉敷市児島下の町９丁目６番２５号,岡山県,倉敷市,,,,133.829289,34.476748,200,公設
332020,0100004675,岡山県倉敷市,消火栓,332020,,倉敷市児島下の町８丁目３番２８号,岡山県,倉敷市,,,,133.826738,34.476417,100,公設
332020,0100004676,岡山県倉敷市,消火栓,332020,,倉敷市児島下の町１０丁目７番１８号,岡山県,倉敷市,,,,133.825647,34.474896,250,公設
332020,0100004677,岡山県倉敷市,消火栓,332020,,倉敷市児島下の町６丁目８番３２号,岡山県,倉敷市,,,,133.822653,34.482174,75,公設
332020,0100004678,岡山県倉敷市,消火栓,332020,,倉敷市児島下の町９丁目３番３０号,岡山県,倉敷市,,,,133.828457,34.475414,100,公設
332020,0100004679,岡山県倉敷市,消火栓,332020,,倉敷市児島下の町４丁目１０番１号,岡山県,倉敷市,,,,133.815283,34.482082,150,公設
332020,0100004680,岡山県倉敷市,消火栓,332020,,倉敷市児島下の町４丁目１１番１号,岡山県,倉敷市,,,,133.815924,34.481382,100,公設
332020,0100004681,岡山県倉敷市,消火栓,332020,,倉敷市児島上の町４丁目１７番２２号,岡山県,倉敷市,,,,133.821566,34.484172,75,公設
332020,0100004682,岡山県倉敷市,消火栓,332020,,倉敷市児島上の町４丁目１５番３９号,岡山県,倉敷市,,,,133.819456,34.484218,75,公設
332020,0100004683,岡山県倉敷市,消火栓,332020,,倉敷市児島上の町４丁目２番５９号,岡山県,倉敷市,,,,133.818763,34.485727,75,公設
332020,0100004684,岡山県倉敷市,消火栓,332020,,倉敷市児島下の町２丁目１１番４４号,岡山県,倉敷市,,,,133.821131,34.474169,150,公設
332020,0100004685,岡山県倉敷市,消火栓,332020,,倉敷市児島下の町７丁目９番２３号,岡山県,倉敷市,,,,133.825261,34.47885,75,公設
332020,0100004686,岡山県倉敷市,消火栓,332020,,倉敷市児島下の町１０丁目４番４０号,岡山県,倉敷市,,,,133.824613,34.475546,100,公設
332020,0100004688,岡山県倉敷市,消火栓,332020,,倉敷市児島上の町４丁目３番１号,岡山県,倉敷市,,,,133.817187,34.488599,75,公設
332020,0100004689,岡山県倉敷市,消火栓,332020,,倉敷市児島上の町２丁目８番３号,岡山県,倉敷市,,,,133.814165,34.490123,150,公設
332020,0100004690,岡山県倉敷市,消火栓,332020,,倉敷市児島下の町４丁目１２番３０号,岡山県,倉敷市,,,,133.81603,34.484393,150,公設
332020,0100004691,岡山県倉敷市,消火栓,332020,,倉敷市児島下の町１丁目３番２２号,岡山県,倉敷市,,,,133.8143,34.483683,150,公設
332020,0100004692,岡山県倉敷市,消火栓,332020,,倉敷市児島下の町４丁目１０番７２号,岡山県,倉敷市,,,,133.81318,34.48243,150,公設
332020,0100004693,岡山県倉敷市,消火栓,332020,,倉敷市児島上の町１丁目２番９号,岡山県,倉敷市,,,,133.811729,34.480728,100,公設
332020,0100004694,岡山県倉敷市,消火栓,332020,,倉敷市児島下の町２丁目１４番２０号,岡山県,倉敷市,,,,133.822999,34.473442,75,公設
332020,0100004695,岡山県倉敷市,消火栓,332020,,倉敷市児島下の町６丁目９－１０,岡山県,倉敷市,,,,133.822281,34.480867,75,公設
332020,0100004696,岡山県倉敷市,消火栓,332020,,倉敷市児島下の町６丁目４番６１号,岡山県,倉敷市,,,,133.82073,34.482381,75,公設
332020,0100004697,岡山県倉敷市,消火栓,332020,,倉敷市児島下の町７丁目５番１４,岡山県,倉敷市,,,,133.825656,34.477686,75,公設
332020,0100004698,岡山県倉敷市,消火栓,332020,,倉敷市児島下の町６丁目１０番５６号,岡山県,倉敷市,,,,133.824375,34.482808,75,公設
332020,0100004699,岡山県倉敷市,消火栓,332020,,倉敷市児島下の町４丁目３番１３号,岡山県,倉敷市,,,,133.816127,34.477892,300,公設
332020,0100004700,岡山県倉敷市,消火栓,332020,,倉敷市児島下の町９丁目１６番３４号,岡山県,倉敷市,,,,133.83231,34.471743,100,公設
332020,0100004701,岡山県倉敷市,消火栓,332020,,倉敷市児島下の町３丁目１１番６７号,岡山県,倉敷市,,,,133.81741,34.478038,300,公設
332020,0100004702,岡山県倉敷市,消火栓,332020,,倉敷市児島上の町１丁目３番１６号,岡山県,倉敷市,,,,133.813205,34.483996,100,公設
332020,0100004703,岡山県倉敷市,消火栓,332020,,倉敷市児島下の町９丁目１４番１２号,岡山県,倉敷市,,,,133.831839,34.472494,100,公設
332020,0100004704,岡山県倉敷市,消火栓,332020,,倉敷市児島下の町６丁目１２番１６号,岡山県,倉敷市,,,,133.822891,34.484749,150,公設
332020,0100004705,岡山県倉敷市,消火栓,332020,,倉敷市児島下の町４丁目１０番１８号,岡山県,倉敷市,,,,133.81295,34.480066,150,公設
332020,0100004706,岡山県倉敷市,消火栓,332020,,倉敷市児島下の町４丁目１０番２号,岡山県,倉敷市,,,,133.814479,34.480535,150,公設
332020,0100004707,岡山県倉敷市,消火栓,332020,,倉敷市児島上の町３丁目１番２３号,岡山県,倉敷市,,,,133.816636,34.490808,100,公設
332020,0100004708,岡山県倉敷市,消火栓,332020,,倉敷市児島下の町７丁目１４番６号,岡山県,倉敷市,,,,133.826997,34.477703,100,公設
332020,0100004709,岡山県倉敷市,消火栓,332020,,倉敷市児島下の町３丁目４番１１号,岡山県,倉敷市,,,,133.818214,34.475324,300,公設
332020,0100004710,岡山県倉敷市,消火栓,332020,,倉敷市児島下の町３丁目１３番４号,岡山県,倉敷市,,,,133.817684,34.476464,300,公設
332020,0100004711,岡山県倉敷市,消火栓,332020,,倉敷市児島下の町１丁目４番１号,岡山県,倉敷市,,,,133.814417,34.471099,75,公設
332020,0100004712,岡山県倉敷市,消火栓,332020,,倉敷市児島上の町４丁目１３－１４,岡山県,倉敷市,,,,133.818444,34.486753,75,公設
332020,0100004713,岡山県倉敷市,消火栓,332020,,倉敷市児島上の町１丁目１０番１０号,岡山県,倉敷市,,,,133.817445,34.485431,75,公設
332020,0100004714,岡山県倉敷市,消火栓,332020,,倉敷市児島下の町９丁目１２番１２号,岡山県,倉敷市,,,,133.830349,34.475815,150,公設
332020,0100004715,岡山県倉敷市,消火栓,332020,,倉敷市児島下の町９丁目１１番３０号,岡山県,倉敷市,,,,133.831766,34.476078,100,公設
332020,0100004716,岡山県倉敷市,消火栓,332020,,倉敷市児島上の町２丁目８番２５号,岡山県,倉敷市,,,,133.81276,34.491016,150,公設
332020,0100004717,岡山県倉敷市,消火栓,332020,,倉敷市児島下の町５丁目２番７０号,岡山県,倉敷市,,,,133.823179,34.476394,150,公設
332020,0100004718,岡山県倉敷市,消火栓,332020,,倉敷市児島上の町３丁目２－３３,岡山県,倉敷市,,,,133.818044,34.490758,75,公設
332020,0100004719,岡山県倉敷市,消火栓,332020,,倉敷市児島上の町４丁目１４番６８号,岡山県,倉敷市,,,,133.819457,34.485205,75,公設
332020,0100004720,岡山県倉敷市,消火栓,332020,,倉敷市児島下の町６丁目１２番４１号,岡山県,倉敷市,,,,133.823693,34.484315,200,公設
332020,0100004721,岡山県倉敷市,消火栓,332020,,倉敷市児島下の町６丁目１２番５５号,岡山県,倉敷市,,,,133.824604,34.485441,200,公設
332020,0100004722,岡山県倉敷市,消火栓,332020,,倉敷市児島下の町３丁目８番５４号,岡山県,倉敷市,,,,133.820464,34.478583,150,公設
332020,0100004723,岡山県倉敷市,消火栓,332020,,倉敷市児島下の町６丁目９番３号,岡山県,倉敷市,,,,133.822311,34.48028,100,公設
332020,0100004724,岡山県倉敷市,消火栓,332020,,倉敷市児島下の町３丁目１１番３６号,岡山県,倉敷市,,,,133.816775,34.477283,300,公設
332020,0100004725,岡山県倉敷市,消火栓,332020,,倉敷市児島上の町３丁目８番４７号,岡山県,倉敷市,,,,133.819749,34.492137,75,公設
332020,0100004726,岡山県倉敷市,消火栓,332020,,倉敷市児島下の町１丁目８番２４号,岡山県,倉敷市,,,,133.817125,34.469803,100,公設
332020,0100004727,岡山県倉敷市,消火栓,332020,,倉敷市児島下の町１０丁目４番２５号,岡山県,倉敷市,,,,133.824445,34.476026,150,公設
332020,0100004728,岡山県倉敷市,消火栓,332020,,倉敷市児島上の町１丁目１番１５号,岡山県,倉敷市,,,,133.810481,34.478997,150,公設
332020,0100004729,岡山県倉敷市,消火栓,332020,,倉敷市児島下の町６丁目１３番１８号,岡山県,倉敷市,,,,133.826314,34.486415,100,公設
332020,0100004730,岡山県倉敷市,消火栓,332020,,倉敷市児島下の町６丁目１５番２４号,岡山県,倉敷市,,,,133.826427,34.487032,100,公設
332020,0100004731,岡山県倉敷市,消火栓,332020,,倉敷市児島下の町６丁目１５番７号,岡山県,倉敷市,,,,133.82551,34.486808,100,公設
332020,0100004732,岡山県倉敷市,消火栓,332020,,倉敷市児島上の町２丁目１番３５号,岡山県,倉敷市,,,,133.813745,34.488078,100,公設
332020,0100004733,岡山県倉敷市,消火栓,332020,,倉敷市児島上の町１丁目１－１７,岡山県,倉敷市,,,,133.812959,34.487228,100,公設
332020,0100004734,岡山県倉敷市,消火栓,332020,,倉敷市児島下の町１丁目３番４４号,岡山県,倉敷市,,,,133.814001,34.469818,100,公設
332020,0100004735,岡山県倉敷市,消火栓,332020,,倉敷市児島下の町５丁目６番１８号,岡山県,倉敷市,,,,133.818901,34.48104,150,公設
332020,0100004736,岡山県倉敷市,消火栓,332020,,倉敷市児島下の町４丁目３番１３号,岡山県,倉敷市,,,,133.815985,34.478244,75,公設
332020,0100004737,岡山県倉敷市,消火栓,332020,,倉敷市児島下の町３丁目１４番６号,岡山県,倉敷市,,,,133.814523,34.477736,100,公設
332020,0100004738,岡山県倉敷市,消火栓,332020,,倉敷市児島下の町８丁目６番５号,岡山県,倉敷市,,,,133.832314,34.477728,100,公設
332020,0100004739,岡山県倉敷市,消火栓,332020,,倉敷市児島上の町３丁目１３番６７号,岡山県,倉敷市,,,,133.814382,34.493858,75,公設
332020,0100004740,岡山県倉敷市,消火栓,332020,,倉敷市児島下の町４丁目５番２３号,岡山県,倉敷市,,,,133.814702,34.478304,75,公設
332020,0100004741,岡山県倉敷市,消火栓,332020,,倉敷市児島上の町３丁目１０番６５号,岡山県,倉敷市,,,,133.815646,34.490971,75,公設
332020,0100004742,岡山県倉敷市,消火栓,332020,,倉敷市児島下の町１丁目１番２０号,岡山県,倉敷市,,,,133.816268,34.468486,100,公設
332020,0100004743,岡山県倉敷市,消火栓,332020,,倉敷市児島下の町１丁目１１番３２号,岡山県,倉敷市,,,,133.818915,34.469414,100,公設
332020,0100004744,岡山県倉敷市,消火栓,332020,,倉敷市児島下の町２丁目１番４４号,岡山県,倉敷市,,,,133.821845,34.470988,100,公設
332020,0100004745,岡山県倉敷市,消火栓,332020,,倉敷市児島下の町２丁目１５番１５７０号,岡山県,倉敷市,,,,133.823677,34.472205,100,公設
332020,0100004746,岡山県倉敷市,消火栓,332020,,倉敷市児島下の町１０丁目８番５０号,岡山県,倉敷市,,,,133.826423,34.47406,300,公設
332020,0100004747,岡山県倉敷市,消火栓,332020,,倉敷市児島下の町１０丁目１６番３８５号,岡山県,倉敷市,,,,133.825302,34.473185,200,公設
332020,0100004748,岡山県倉敷市,消火栓,332020,,倉敷市児島下の町２丁目７番２８号,岡山県,倉敷市,,,,133.819311,34.474407,300,公設
332020,0100004749,岡山県倉敷市,消火栓,332020,,倉敷市児島下の町５丁目３番１５号,岡山県,倉敷市,,,,133.821763,34.478794,75,公設
332020,0100004750,岡山県倉敷市,消火栓,332020,,倉敷市児島下の町４丁目１０番６０号,岡山県,倉敷市,,,,133.813589,34.481417,75,公設
332020,0100004751,岡山県倉敷市,消火栓,332020,,倉敷市児島下の町１丁目１２番２７号,岡山県,倉敷市,,,,133.817644,34.468849,300,公設
332020,0100004752,岡山県倉敷市,消火栓,332020,,倉敷市児島下の町２丁目１６番３号,岡山県,倉敷市,,,,133.820457,34.469896,300,公設
332020,0100004753,岡山県倉敷市,消火栓,332020,,倉敷市児島下の町２丁目１６番１５９３号,岡山県,倉敷市,,,,133.822658,34.471364,300,公設
332020,0100004754,岡山県倉敷市,消火栓,332020,,倉敷市児島下の町４丁目１２番４１号,岡山県,倉敷市,,,,133.816271,34.483786,75,公設
332020,0100004755,岡山県倉敷市,消火栓,332020,,倉敷市児島下の町９丁目１１,岡山県,倉敷市,,,,133.830615,34.475,150,公設
332020,0100004756,岡山県倉敷市,消火栓,332020,,倉敷市児島下の町９丁目１２オ２３,岡山県,倉敷市,,,,133.831124,34.473832,150,公設
332020,0100004757,岡山県倉敷市,消火栓,332020,,倉敷市児島下の町９丁目１２番地シ－２５,岡山県,倉敷市,,,,133.832562,34.474744,75,公設
332020,0100004758,岡山県倉敷市,消火栓,332020,,倉敷市児島下の町４丁目８番５１号,岡山県,倉敷市,,,,133.816631,34.480498,75,公設
332020,0100004759,岡山県倉敷市,消火栓,332020,,倉敷市児島下の町４丁目１０番７２号,岡山県,倉敷市,,,,133.814077,34.482924,75,公設
332020,0100004760,岡山県倉敷市,消火栓,332020,,倉敷市児島下の町９丁目１２番地エ－５０,岡山県,倉敷市,,,,133.830403,34.472964,75,公設
332020,0100004761,岡山県倉敷市,消火栓,332020,,倉敷市児島上の町４丁目１４番,岡山県,倉敷市,,,,133.820628,34.485818,100,公設
332020,0100004762,岡山県倉敷市,消火栓,332020,,倉敷市児島下の町１０丁目１６番３７４号,岡山県,倉敷市,,,,133.828488,34.474546,150,公設
332020,0100004763,岡山県倉敷市,消火栓,332020,,倉敷市児島下の町１０丁目３７６－５０,岡山県,倉敷市,,,,133.829078,34.473216,150,公設
332020,0100004764,岡山県倉敷市,消火栓,332020,,倉敷市児島下の町４丁目５番３号,岡山県,倉敷市,,,,133.820004,34.472442,100,公設
332020,0100004765,岡山県倉敷市,消火栓,332020,,倉敷市児島上の町２丁目２番７８号,岡山県,倉敷市,,,,133.813952,34.48928,100,公設
332020,0100004766,岡山県倉敷市,消火栓,332020,,倉敷市児島下の町１０丁目３８４番４３号,岡山県,倉敷市,,,,133.826956,34.471885,100,公設
332020,0100004767,岡山県倉敷市,消火栓,332020,,倉敷市児島下の町５丁目３番２８号,岡山県,倉敷市,,,,133.822824,34.478563,75,公設
332020,0100004768,岡山県倉敷市,消火栓,332020,,倉敷市児島上の町４丁目１８番２８号,岡山県,倉敷市,,,,133.822096,34.485383,150,公設
332020,0100004769,岡山県倉敷市,消火栓,332020,,倉敷市児島上の町４丁目１０番１２号,岡山県,倉敷市,,,,133.821286,34.488995,75,公設
332020,0100004770,岡山県倉敷市,消火栓,332020,,倉敷市児島下の町２丁目１５８４番地,岡山県,倉敷市,,,,133.820833,34.469083,75,公設
332020,0100004771,岡山県倉敷市,消火栓,332020,,倉敷市児島上の町２丁目９番３１号,岡山県,倉敷市,,,,133.811212,34.491716,150,公設
332020,0100004772,岡山県倉敷市,消火栓,332020,,倉敷市児島上の町２丁目２番地,岡山県,倉敷市,,,,133.812427,34.488417,75,公設
332020,0100004773,岡山県倉敷市,消火栓,332020,,倉敷市児島下の町７丁目１４番２４号,岡山県,倉敷市,,,,133.827844,34.479885,75,公設
332020,0100004774,岡山県倉敷市,消火栓,332020,,倉敷市児島下の町１０丁目３７６－１３８,岡山県,倉敷市,,,,133.826691,34.473448,75,公設
332020,0100004775,岡山県倉敷市,消火栓,332020,,倉敷市児島下の町６丁目１１番１２号,岡山県,倉敷市,,,,133.826369,34.483091,75,公設
332020,0100004776,岡山県倉敷市,消火栓,332020,,倉敷市児島下の町９丁目１２番１９号,岡山県,倉敷市,,,,133.833011,34.475611,75,公設
332020,0100004777,岡山県倉敷市,消火栓,332020,,倉敷市児島下の町４丁目９番６８号,岡山県,倉敷市,,,,133.813472,34.479336,75,公設
332020,0100004778,岡山県倉敷市,消火栓,332020,,倉敷市児島下の町４丁目９番６２号,岡山県,倉敷市,,,,133.812373,34.478578,100,公設
332020,0100004779,岡山県倉敷市,消火栓,332020,,倉敷市児島上の町１丁目２番１８号,岡山県,倉敷市,,,,133.810846,34.480984,75,公設
332020,0100004780,岡山県倉敷市,消火栓,332020,,倉敷市児島上の町１丁目３番６１号,岡山県,倉敷市,,,,133.812606,34.484179,75,公設
332020,0100004781,岡山県倉敷市,消火栓,332020,,倉敷市児島下の町７丁目１番１１号,岡山県,倉敷市,,,,133.823805,34.477625,100,公設
332020,0100004782,岡山県倉敷市,消火栓,332020,,倉敷市児島下の町３丁目１０番２３号,岡山県,倉敷市,,,,133.818569,34.478503,300,公設
332020,0100004783,岡山県倉敷市,消火栓,332020,,倉敷市児島上の町４丁目１４番１８号,岡山県,倉敷市,,,,133.819625,34.486082,75,公設
332020,0100004784,岡山県倉敷市,消火栓,332020,,倉敷市児島上の町２丁目６番１８号,岡山県,倉敷市,,,,133.81444,34.491136,75,公設
332020,0100004785,岡山県倉敷市,消火栓,332020,,倉敷市児島上の町２丁目８－４３,岡山県,倉敷市,,,,133.811741,34.490075,100,公設
332020,0100004786,岡山県倉敷市,消火栓,332020,,倉敷市児島上の町２丁目８番２６号,岡山県,倉敷市,,,,133.811995,34.489182,100,公設
332020,0100004787,岡山県倉敷市,消火栓,332020,,倉敷市児島下の町２丁目１６番１７号,岡山県,倉敷市,,,,133.821867,34.469581,100,公設
332020,0100004788,岡山県倉敷市,消火栓,332020,,倉敷市児島上の町１丁目１１番４４号,岡山県,倉敷市,,,,133.815679,34.486588,150,公設
332020,0100004789,岡山県倉敷市,消火栓,332020,,倉敷市児島下の町５丁目２番７７号,岡山県,倉敷市,,,,133.822145,34.476231,150,公設
332020,0100004790,岡山県倉敷市,消火栓,332020,,倉敷市児島下の町３丁目３４０１番１号,岡山県,倉敷市,,,,133.810731,34.477488,100,公設
332020,0100004791,岡山県倉敷市,消火栓,332020,,倉敷市児島下の町９丁目１２番２１号,岡山県,倉敷市,,,,133.832781,34.473459,100,公設
332020,0100004792,岡山県倉敷市,消火栓,332020,,倉敷市児島下の町１０丁目３８５番２６号,岡山県,倉敷市,,,,133.825562,34.47213,100,公設
332020,0100004793,岡山県倉敷市,消火栓,332020,,倉敷市児島上の町１丁目１４番１５号,岡山県,倉敷市,,,,133.814505,34.48765,75,公設
332020,0100004794,岡山県倉敷市,消火栓,332020,,倉敷市児島下の町９丁目１２番キ－１０,岡山県,倉敷市,,,,133.831777,34.475388,100,公設
332020,0100004795,岡山県倉敷市,消火栓,332020,,倉敷市児島上の町４丁目１１番７４号,岡山県,倉敷市,,,,133.820128,34.48757,100,公設
332020,0100004796,岡山県倉敷市,消火栓,332020,,倉敷市児島下の町１２３０番地１,岡山県,倉敷市,,,,133.827626,34.486431,100,公設
332020,0100004797,岡山県倉敷市,消火栓,332020,,倉敷市児島下の町５丁目２７０,岡山県,倉敷市,,,,133.822773,34.477339,75,公設
332020,0100004798,岡山県倉敷市,消火栓,332020,,倉敷市児島下の町１０丁目３７６１９９,岡山県,倉敷市,,,,133.827635,34.472151,75,公設
332020,0100004799,岡山県倉敷市,消火栓,332020,,倉敷市児島下の町４丁目９番６８号,岡山県,倉敷市,,,,133.813926,34.4792,75,公設
332020,0100004800,岡山県倉敷市,消火栓,332020,,倉敷市児島上の町２丁目８番５５号,岡山県,倉敷市,,,,133.813507,34.491616,100,公設
332020,0100004801,岡山県倉敷市,消火栓,332020,,倉敷市児島下の町１０丁目３７６２３７,岡山県,倉敷市,,,,133.828517,34.472493,75,公設
332020,0100004802,岡山県倉敷市,消火栓,332020,,倉敷市児島上の町１丁目１４－８,岡山県,倉敷市,,,,133.81526,34.487509,150,公設
332020,0100004803,岡山県倉敷市,消火栓,332020,,倉敷市児島下の町４丁目９番地,岡山県,倉敷市,,,,133.814796,34.479751,75,公設
332020,0100004804,岡山県倉敷市,消火栓,332020,,倉敷市児島下の町６丁目７番４号,岡山県,倉敷市,,,,133.820452,34.482794,200,公設
332020,0100004805,岡山県倉敷市,消火栓,332020,,倉敷市児島上の町２丁目１０番５３号,岡山県,倉敷市,,,,133.810535,34.493475,150,公設
332020,0100004806,岡山県倉敷市,消火栓,332020,,倉敷市児島上の町３丁目６番６８号,岡山県,倉敷市,,,,133.822817,34.492905,75,公設
332020,0100004807,岡山県倉敷市,消火栓,332020,,倉敷市児島上の町２１２３番地,岡山県,倉敷市,,,,133.825978,34.493278,75,公設
332020,0100004808,岡山県倉敷市,消火栓,332020,,倉敷市児島上の町１丁目１番１７号,岡山県,倉敷市,,,,133.811095,34.479998,150,公設
332020,0100004809,岡山県倉敷市,消火栓,332020,,倉敷市児島下の町３丁目３３７２番５号,岡山県,倉敷市,,,,133.81256,34.477709,100,公設
332020,0100004810,岡山県倉敷市,消火栓,332020,,倉敷市児島下の町３丁目１４番１号,岡山県,倉敷市,,,,133.815477,34.476894,75,公設
332020,0100004811,岡山県倉敷市,消火栓,332020,,倉敷市児島下の町４丁目９番２０号,岡山県,倉敷市,,,,133.810748,34.478795,75,公設
332020,0100004812,岡山県倉敷市,消火栓,332020,,倉敷市児島上の町１丁目１６番４８号,岡山県,倉敷市,,,,133.812863,34.485719,75,公設
332020,0100004813,岡山県倉敷市,消火栓,332020,,倉敷市児島下の町３丁目６番４３号,岡山県,倉敷市,,,,133.820305,34.476949,75,公設
332020,0100004814,岡山県倉敷市,消火栓,332020,,倉敷市児島下の町１丁目１２番２７号,岡山県,倉敷市,,,,133.818668,34.468315,75,公設
332020,0100004815,岡山県倉敷市,消火栓,332020,,倉敷市児島下の町１０丁目３８７番地１,岡山県,倉敷市,,,,133.826011,34.470406,75,公設
332020,0100004816,岡山県倉敷市,消火栓,332020,,倉敷市児島下の町１０丁目１６番４１号,岡山県,倉敷市,,,,133.828079,34.473615,75,公設
332020,0100004817,岡山県倉敷市,消火栓,332020,,倉敷市児島上の町２丁目７番２５号,岡山県,倉敷市,,,,133.812728,34.494058,75,公設
332020,0100004818,岡山県倉敷市,消火栓,332020,,倉敷市児島下の町２丁目１５７５番地２９号,岡山県,倉敷市,,,,133.824155,34.469998,75,公設
332020,0100004819,岡山県倉敷市,消火栓,332020,,倉敷市児島上の町２丁目９－６５－２２,岡山県,倉敷市,,,,133.810861,34.490624,75,公設
332020,0100004820,岡山県倉敷市,消火栓,332020,,倉敷市児島上の町２１１４番地,岡山県,倉敷市,,,,133.827147,34.493787,75,公設
332020,0100004821,岡山県倉敷市,消火栓,332020,,倉敷市児島田の口１丁目７番２２号,岡山県,倉敷市,,,,133.833469,34.477112,200,公設
332020,0100004822,岡山県倉敷市,消火栓,332020,,倉敷市児島田の口１丁目９番５号,岡山県,倉敷市,,,,133.83429,34.477141,200,公設
332020,0100004823,岡山県倉敷市,消火栓,332020,,倉敷市児島田の口１丁目１０番５号,岡山県,倉敷市,,,,133.835028,34.476994,200,公設
332020,0100004824,岡山県倉敷市,消火栓,332020,,倉敷市児島田の口１丁目３番５号,岡山県,倉敷市,,,,133.835454,34.477887,75,公設
332020,0100004825,岡山県倉敷市,消火栓,332020,,倉敷市児島田の口１丁目５番１８号,岡山県,倉敷市,,,,133.83498,34.477763,75,公設
332020,0100004826,岡山県倉敷市,消火栓,332020,,倉敷市児島田の口２７番地,岡山県,倉敷市,,,,133.836195,34.475735,250,公設
332020,0100004827,岡山県倉敷市,消火栓,332020,,倉敷市児島唐琴３丁目４番２９号,岡山県,倉敷市,,,,133.866621,34.470919,100,公設
332020,0100004828,岡山県倉敷市,消火栓,332020,,倉敷市児島田の口１丁目４番２３号,岡山県,倉敷市,,,,133.835261,34.478632,100,公設
332020,0100004829,岡山県倉敷市,消火栓,332020,,倉敷市児島田の口１丁目１０番,岡山県,倉敷市,,,,133.836003,34.476771,200,公設
332020,0100004830,岡山県倉敷市,消火栓,332020,,倉敷市児島田の口１丁目１０番１９号,岡山県,倉敷市,,,,133.836625,34.476637,200,公設
332020,0100004831,岡山県倉敷市,消火栓,332020,,倉敷市児島田の口２丁目１番１３号,岡山県,倉敷市,,,,133.836864,34.477549,100,公設
332020,0100004832,岡山県倉敷市,消火栓,332020,,倉敷市児島田の口２丁目３番１６号,岡山県,倉敷市,,,,133.837836,34.477866,100,公設
332020,0100004833,岡山県倉敷市,消火栓,332020,,倉敷市児島田の口７丁目３番１３号,岡山県,倉敷市,,,,133.837582,34.47642,200,公設
332020,0100004834,岡山県倉敷市,消火栓,332020,,倉敷市児島田の口７丁目４番１１号,岡山県,倉敷市,,,,133.839292,34.47603,200,公設
332020,0100004835,岡山県倉敷市,消火栓,332020,,倉敷市児島田の口７丁目４番３号,岡山県,倉敷市,,,,133.838695,34.475301,100,公設
332020,0100004836,岡山県倉敷市,消火栓,332020,,倉敷市児島田の口２丁目６番２８号,岡山県,倉敷市,,,,133.83951,34.477117,100,公設
332020,0100004837,岡山県倉敷市,消火栓,332020,,倉敷市児島田の口３丁目３番４６号,岡山県,倉敷市,,,,133.841021,34.475646,200,公設
332020,0100004838,岡山県倉敷市,消火栓,332020,,倉敷市児島田の口７丁目４番３５号,岡山県,倉敷市,,,,133.840707,34.474642,100,公設
332020,0100004839,岡山県倉敷市,消火栓,332020,,倉敷市児島田の口７丁目５番１,岡山県,倉敷市,,,,133.839548,34.473596,75,公設
332020,0100004840,岡山県倉敷市,消火栓,332020,,倉敷市児島田の口６丁目２番１号,岡山県,倉敷市,,,,133.84201,34.472524,75,公設
332020,0100004841,岡山県倉敷市,消火栓,332020,,倉敷市児島田の口３丁目４番２２号,岡山県,倉敷市,,,,133.842468,34.476917,150,公設
332020,0100004842,岡山県倉敷市,消火栓,332020,,倉敷市児島田の口４丁目３番４５号,岡山県,倉敷市,,,,133.843587,34.476625,100,公設
332020,0100004843,岡山県倉敷市,消火栓,332020,,倉敷市児島田の口３丁目９番１０号,岡山県,倉敷市,,,,133.842444,34.475306,200,公設
332020,0100004844,岡山県倉敷市,消火栓,332020,,倉敷市児島田の口４丁目２番１５号,岡山県,倉敷市,,,,133.844221,34.476071,100,公設
332020,0100004845,岡山県倉敷市,消火栓,332020,,倉敷市児島田の口４丁目１１番１９号,岡山県,倉敷市,,,,133.845267,34.476261,100,公設
332020,0100004846,岡山県倉敷市,消火栓,332020,,倉敷市児島田の口４丁目１１番３７号,岡山県,倉敷市,,,,133.847212,34.476353,100,公設
332020,0100004847,岡山県倉敷市,消火栓,332020,,倉敷市児島田の口４丁目１６番１９号,岡山県,倉敷市,,,,133.847149,34.477568,200,公設
332020,0100004848,岡山県倉敷市,消火栓,332020,,倉敷市児島田の口４丁目９番１０号,岡山県,倉敷市,,,,133.845978,34.477399,200,公設
332020,0100004849,岡山県倉敷市,消火栓,332020,,倉敷市児島田の口３丁目８番２４号,岡山県,倉敷市,,,,133.844239,34.474958,200,公設
332020,0100004850,岡山県倉敷市,消火栓,332020,,倉敷市児島田の口４丁目１２番５２号,岡山県,倉敷市,,,,133.8458,34.474528,100,公設
332020,0100004851,岡山県倉敷市,消火栓,332020,,倉敷市児島田の口５丁目３番２８号,岡山県,倉敷市,,,,133.849412,34.475351,300,公設
332020,0100004852,岡山県倉敷市,消火栓,332020,,倉敷市児島田の口５丁目２番１０号,岡山県,倉敷市,,,,133.84703,34.474596,300,公設
332020,0100004853,岡山県倉敷市,消火栓,332020,,倉敷市児島田の口５丁目１番１４号,岡山県,倉敷市,,,,133.846353,34.473638,100,公設
332020,0100004854,岡山県倉敷市,消火栓,332020,,倉敷市児島田の口６丁目３番６号,岡山県,倉敷市,,,,133.84656,34.472198,200,公設
332020,0100004855,岡山県倉敷市,消火栓,332020,,倉敷市児島唐琴１丁目２番２９号,岡山県,倉敷市,,,,133.855615,34.469937,75,公設
332020,0100004856,岡山県倉敷市,消火栓,332020,,倉敷市児島田の口３丁目１３番１７号,岡山県,倉敷市,,,,133.84557,34.474013,200,公設
332020,0100004857,岡山県倉敷市,消火栓,332020,,倉敷市児島田の口５丁目７番２５号,岡山県,倉敷市,,,,133.847271,34.471197,200,公設
332020,0100004858,岡山県倉敷市,消火栓,332020,,倉敷市児島田の口５丁目７番１３号,岡山県,倉敷市,,,,133.84767,34.47197,100,公設
332020,0100004859,岡山県倉敷市,消火栓,332020,,倉敷市児島田の口５丁目１１番２１号,岡山県,倉敷市,,,,133.84925,34.470913,100,公設
332020,0100004860,岡山県倉敷市,消火栓,332020,,倉敷市児島田の口５丁目８番３５号,岡山県,倉敷市,,,,133.848392,34.471761,75,公設
332020,0100004861,岡山県倉敷市,消火栓,332020,,倉敷市児島唐琴１丁目３番１６号,岡山県,倉敷市,,,,133.857625,34.469873,100,公設
332020,0100004863,岡山県倉敷市,消火栓,332020,,倉敷市児島唐琴１丁目１４番６号,岡山県,倉敷市,,,,133.859547,34.470398,100,公設
332020,0100004864,岡山県倉敷市,消火栓,332020,,倉敷市児島唐琴１丁目１４番１７号,岡山県,倉敷市,,,,133.860281,34.470933,100,公設
332020,0100004865,岡山県倉敷市,消火栓,332020,,倉敷市児島唐琴１丁目１６番１２号,岡山県,倉敷市,,,,133.859782,34.471805,100,公設
332020,0100004866,岡山県倉敷市,消火栓,332020,,倉敷市児島唐琴４丁目６番９号,岡山県,倉敷市,,,,133.860004,34.46877,100,公設
332020,0100004867,岡山県倉敷市,消火栓,332020,,倉敷市児島唐琴４丁目９番１７号,岡山県,倉敷市,,,,133.861363,34.469104,100,公設
332020,0100004868,岡山県倉敷市,消火栓,332020,,倉敷市児島唐琴４丁目５番１０号,岡山県,倉敷市,,,,133.861338,34.469641,100,公設
332020,0100004869,岡山県倉敷市,消火栓,332020,,倉敷市児島唐琴４丁目１２番５号,岡山県,倉敷市,,,,133.863423,34.469034,100,公設
332020,0100004870,岡山県倉敷市,消火栓,332020,,倉敷市児島唐琴４丁目１４番２６号,岡山県,倉敷市,,,,133.865124,34.468064,100,公設
332020,0100004871,岡山県倉敷市,消火栓,332020,,倉敷市児島唐琴４丁目１５番１３号,岡山県,倉敷市,,,,133.866444,34.46784,100,公設
332020,0100004872,岡山県倉敷市,消火栓,332020,,倉敷市児島唐琴３丁目７番１７号,岡山県,倉敷市,,,,133.867243,34.467962,100,公設
332020,0100004873,岡山県倉敷市,消火栓,332020,,倉敷市児島唐琴３丁目５番４７号,岡山県,倉敷市,,,,133.867261,34.470496,75,公設
332020,0100004874,岡山県倉敷市,消火栓,332020,,倉敷市児島唐琴３丁目１番９号,岡山県,倉敷市,,,,133.863565,34.470277,100,公設
332020,0100004875,岡山県倉敷市,消火栓,332020,,倉敷市児島唐琴３丁目２番５号,岡山県,倉敷市,,,,133.863645,34.471256,100,公設
332020,0100004876,岡山県倉敷市,消火栓,332020,,倉敷市児島唐琴３丁目４番１５号,岡山県,倉敷市,,,,133.865169,34.471019,100,公設
332020,0100004877,岡山県倉敷市,消火栓,332020,,倉敷市児島唐琴２丁目５番２５号,岡山県,倉敷市,,,,133.862358,34.471613,150,公設
332020,0100004878,岡山県倉敷市,消火栓,332020,,倉敷市児島唐琴２丁目４番１号,岡山県,倉敷市,,,,133.861421,34.471549,75,公設
332020,0100004879,岡山県倉敷市,消火栓,332020,,倉敷市児島唐琴１丁目１番３１号,岡山県,倉敷市,,,,133.861263,34.470289,200,公設
332020,0100004880,岡山県倉敷市,消火栓,332020,,倉敷市児島唐琴２丁目２番３号,岡山県,倉敷市,,,,133.862085,34.470081,75,公設
332020,0100004881,岡山県倉敷市,消火栓,332020,,倉敷市児島白尾５６２番地,岡山県,倉敷市,,,,133.853044,34.486522,75,公設
332020,0100004884,岡山県倉敷市,消火栓,332020,,倉敷市児島田の口５丁目１３番２７号,岡山県,倉敷市,,,,133.850972,34.470289,250,公設
332020,0100004885,岡山県倉敷市,消火栓,332020,,倉敷市児島田の口５丁目４番１２号,岡山県,倉敷市,,,,133.847419,34.473387,250,公設
332020,0100004886,岡山県倉敷市,消火栓,332020,,倉敷市児島田の口５丁目４番２９号,岡山県,倉敷市,,,,133.848752,34.472653,250,公設
332020,0100004887,岡山県倉敷市,消火栓,332020,,倉敷市児島田の口５丁目５番３６号,岡山県,倉敷市,,,,133.848295,34.47227,75,公設
332020,0100004888,岡山県倉敷市,消火栓,332020,,倉敷市児島唐琴４丁目１５番３５号,岡山県,倉敷市,,,,133.868504,34.466897,100,公設
332020,0100004889,岡山県倉敷市,消火栓,332020,,倉敷市児島田の口２丁目１番３３号,岡山県,倉敷市,,,,133.837953,34.477137,100,公設
332020,0100004890,岡山県倉敷市,消火栓,332020,,倉敷市児島田の口１丁目３番３５号,岡山県,倉敷市,,,,133.836876,34.477143,100,公設
332020,0100004891,岡山県倉敷市,消火栓,332020,,倉敷市児島田の口７丁目６番９号,岡山県,倉敷市,,,,133.840595,34.473118,75,公設
332020,0100004892,岡山県倉敷市,消火栓,332020,,倉敷市児島田の口２丁目４番１５号,岡山県,倉敷市,,,,133.838972,34.47773,100,公設
332020,0100004893,岡山県倉敷市,消火栓,332020,,倉敷市児島唐琴４丁目４番１号,岡山県,倉敷市,,,,133.859299,34.46974,100,公設
332020,0100004894,岡山県倉敷市,消火栓,332020,,倉敷市児島田の口１丁目５番２２号,岡山県,倉敷市,,,,133.835083,34.477408,75,公設
332020,0100004895,岡山県倉敷市,消火栓,332020,,倉敷市児島田の口２丁目１番４１号,岡山県,倉敷市,,,,133.837582,34.476509,100,公設
332020,0100004896,岡山県倉敷市,消火栓,332020,,倉敷市児島田の口７丁目３番５１号,岡山県,倉敷市,,,,133.837407,34.47609,100,公設
332020,0100004897,岡山県倉敷市,消火栓,332020,,倉敷市児島田の口３丁目３番２８号,岡山県,倉敷市,,,,133.842113,34.475118,100,公設
332020,0100004898,岡山県倉敷市,消火栓,332020,,倉敷市児島田の口５丁目６番２５号,岡山県,倉敷市,,,,133.84707,34.472222,75,公設
332020,0100004899,岡山県倉敷市,消火栓,332020,,倉敷市児島田の口３丁目６番２５号,岡山県,倉敷市,,,,133.843151,34.476201,100,公設
332020,0100004900,岡山県倉敷市,消火栓,332020,,倉敷市児島田の口２丁目２番２４号,岡山県,倉敷市,,,,133.837097,34.478483,75,公設
332020,0100004901,岡山県倉敷市,消火栓,332020,,倉敷市児島田の口４丁目４番５号,岡山県,倉敷市,,,,133.844976,34.476685,75,公設
332020,0100004902,岡山県倉敷市,消火栓,332020,,倉敷市児島唐琴４丁目１０番１８号,岡山県,倉敷市,,,,133.862199,34.468972,100,公設
332020,0100004903,岡山県倉敷市,消火栓,332020,,倉敷市児島田の口５丁目４番３７号,岡山県,倉敷市,,,,133.849231,34.471928,250,公設
332020,0100004904,岡山県倉敷市,消火栓,332020,,倉敷市児島唐琴３丁目３番１５号,岡山県,倉敷市,,,,133.8647,34.471502,75,公設
332020,0100004905,岡山県倉敷市,消火栓,332020,,倉敷市児島田の口３丁目８番８号,岡山県,倉敷市,,,,133.843177,34.475704,100,公設
332020,0100004906,岡山県倉敷市,消火栓,332020,,倉敷市児島唐琴４丁目１１番２０号,岡山県,倉敷市,,,,133.864189,34.469136,75,公設
332020,0100004907,岡山県倉敷市,消火栓,332020,,倉敷市児島田の口２丁目９番２９号,岡山県,倉敷市,,,,133.840681,34.476097,75,公設
332020,0100004908,岡山県倉敷市,消火栓,332020,,倉敷市児島唐琴３丁目１４番５号,岡山県,倉敷市,,,,133.867577,34.468799,100,公設
332020,0100004909,岡山県倉敷市,消火栓,332020,,倉敷市児島田の口５丁目１３番６４号,岡山県,倉敷市,,,,133.85485,34.46997,75,公設
332020,0100004910,岡山県倉敷市,消火栓,332020,,倉敷市児島田の口５丁目１１番１号,岡山県,倉敷市,,,,133.84828,34.4709,200,公設
332020,0100004911,岡山県倉敷市,消火栓,332020,,倉敷市児島田の口５丁目２番４４号,岡山県,倉敷市,,,,133.846778,34.473154,100,公設
332020,0100004912,岡山県倉敷市,消火栓,332020,,倉敷市児島田の口４丁目１番７号,岡山県,倉敷市,,,,133.845575,34.475249,100,公設
332020,0100004913,岡山県倉敷市,消火栓,332020,,倉敷市児島田の口２丁目３番１８号,岡山県,倉敷市,,,,133.838087,34.478273,75,公設
332020,0100004914,岡山県倉敷市,消火栓,332020,,倉敷市児島唐琴１丁目９番１７号,岡山県,倉敷市,,,,133.858567,34.470364,250,公設
332020,0100004915,岡山県倉敷市,消火栓,332020,,倉敷市児島田の口６丁目３番９号,岡山県,倉敷市,,,,133.846532,34.471918,75,公設
332020,0100004916,岡山県倉敷市,消火栓,332020,,倉敷市児島田の口４丁目１０番３２号,岡山県,倉敷市,,,,133.846334,34.476416,100,公設
332020,0100004917,岡山県倉敷市,消火栓,332020,,倉敷市児島唐琴４丁目３番３０号,岡山県,倉敷市,,,,133.859711,34.468351,75,公設
332020,0100004918,岡山県倉敷市,消火栓,332020,,倉敷市児島唐琴２丁目３番２３号,岡山県,倉敷市,,,,133.862962,34.471058,75,公設
332020,0100004919,岡山県倉敷市,消火栓,332020,,倉敷市児島田の口４丁目７番４１号,岡山県,倉敷市,,,,133.846992,34.478325,100,公設
332020,0100004920,岡山県倉敷市,消火栓,332020,,倉敷市児島唐琴３丁目１２番６号,岡山県,倉敷市,,,,133.868131,34.470267,100,公設
332020,0100004921,岡山県倉敷市,消火栓,332020,,倉敷市児島田の口７丁目１番１１号,岡山県,倉敷市,,,,133.837348,34.474802,100,公設
332020,0100004922,岡山県倉敷市,消火栓,332020,,倉敷市児島田の口１番１０号,岡山県,倉敷市,,,,133.835437,34.474672,75,公設
332020,0100004923,岡山県倉敷市,消火栓,332020,,倉敷市児島田の口６丁目２番１号,岡山県,倉敷市,,,,133.842451,34.471519,75,公設
332020,0100004924,岡山県倉敷市,消火栓,332020,,倉敷市児島田の口５丁目１６番５号,岡山県,倉敷市,,,,133.848696,34.47015,75,公設
332020,0100004925,岡山県倉敷市,消火栓,332020,,倉敷市児島田の口４番地１号４,岡山県,倉敷市,,,,133.833492,34.475265,100,公設
332020,0100004926,岡山県倉敷市,消火栓,332020,,倉敷市児島田の口１丁目２番１１号,岡山県,倉敷市,,,,133.836201,34.478015,100,公設
332020,0100004927,岡山県倉敷市,消火栓,332020,,倉敷市児島田の口５丁目１７番８号,岡山県,倉敷市,,,,133.850082,34.469928,75,公設
332020,0100004928,岡山県倉敷市,消火栓,332020,,倉敷市児島田の口３丁目５番１２号,岡山県,倉敷市,,,,133.842004,34.476353,75,公設
332020,0100004929,岡山県倉敷市,消火栓,332020,,倉敷市児島田の口４丁目７番６７号,岡山県,倉敷市,,,,133.84737,34.48001,75,公設
332020,0100004930,岡山県倉敷市,消火栓,332020,,倉敷市児島唐琴２丁目８番３号,岡山県,倉敷市,,,,133.861521,34.472633,100,公設
332020,0100004931,岡山県倉敷市,消火栓,332020,,倉敷市児島唐琴１丁目７番１９号,岡山県,倉敷市,,,,133.858402,34.471303,100,公設
332020,0100004932,岡山県倉敷市,消火栓,332020,,倉敷市児島田の口４丁目６番２４号,岡山県,倉敷市,,,,133.845977,34.478167,75,公設
332020,0100004933,岡山県倉敷市,消火栓,332020,,倉敷市児島田の口６丁目２番１２号,岡山県,倉敷市,,,,133.843085,34.471888,75,公設
332020,0100004934,岡山県倉敷市,消火栓,332020,,倉敷市児島田の口４丁目１４番２３号,岡山県,倉敷市,,,,133.84941,34.477477,75,公設
332020,0100004935,岡山県倉敷市,消火栓,332020,,倉敷市児島田の口７丁目１番１６号,岡山県,倉敷市,,,,133.837817,34.473661,75,公設
332020,0100004936,岡山県倉敷市,消火栓,332020,,倉敷市児島田の口７１番４号,岡山県,倉敷市,,,,133.833123,34.476082,250,公設
332020,0100004937,岡山県倉敷市,消火栓,332020,,倉敷市児島田の口１３番４号,岡山県,倉敷市,,,,133.834279,34.476159,100,公設
332020,0100004938,岡山県倉敷市,消火栓,332020,,倉敷市児島田の口２７番,岡山県,倉敷市,,,,133.83583,34.475647,250,公設
332020,0100004939,岡山県倉敷市,消火栓,332020,,倉敷市児島田の口４１番１号,岡山県,倉敷市,,,,133.836832,34.475428,100,公設
332020,0100004940,岡山県倉敷市,消火栓,332020,,倉敷市児島田の口７丁目２番４１号,岡山県,倉敷市,,,,133.838367,34.474271,100,公設
332020,0100004941,岡山県倉敷市,消火栓,332020,,倉敷市児島田の口７丁目６番５号,岡山県,倉敷市,,,,133.839623,34.473354,200,公設
332020,0100004942,岡山県倉敷市,消火栓,332020,,倉敷市児島田の口３丁目１１番５５号,岡山県,倉敷市,,,,133.841893,34.47306,100,公設
332020,0100004943,岡山県倉敷市,消火栓,332020,,倉敷市児島田の口６丁目２番１４号,岡山県,倉敷市,,,,133.843323,34.472638,200,公設
332020,0100004944,岡山県倉敷市,消火栓,332020,,倉敷市児島田の口３丁目１３番１号,岡山県,倉敷市,,,,133.844743,34.472891,100,公設
332020,0100004945,岡山県倉敷市,消火栓,332020,,倉敷市児島田の口３丁目１３番２５号,岡山県,倉敷市,,,,133.845854,34.473187,200,公設
332020,0100004946,岡山県倉敷市,消火栓,332020,,倉敷市児島唐琴４丁目１３９,岡山県,倉敷市,,,,133.863922,34.467999,75,公設
332020,0100004947,岡山県倉敷市,消火栓,332020,,倉敷市児島田の口６丁目６番３９号,岡山県,倉敷市,,,,133.839258,34.471346,150,公設
332020,0100004948,岡山県倉敷市,消火栓,332020,,倉敷市児島唐琴４丁目５４,岡山県,倉敷市,,,,133.860195,34.469704,75,公設
332020,0100004949,岡山県倉敷市,消火栓,332020,,倉敷市児島田の口２丁目１１番５８号,岡山県,倉敷市,,,,133.840255,34.478053,75,公設
332020,0100004950,岡山県倉敷市,消火栓,332020,,倉敷市児島田の口４丁目１７番１３号,岡山県,倉敷市,,,,133.848146,34.477933,75,公設
332020,0100004951,岡山県倉敷市,消火栓,332020,,倉敷市児島田の口４丁目１４番１号,岡山県,倉敷市,,,,133.847512,34.475834,200,公設
332020,0100004952,岡山県倉敷市,消火栓,332020,,倉敷市児島田の口２丁目６番２６号,岡山県,倉敷市,,,,133.839608,34.477535,100,公設
332020,0100004953,岡山県倉敷市,消火栓,332020,,倉敷市児島唐琴４丁目６番３７号,岡山県,倉敷市,,,,133.860183,34.468321,100,公設
332020,0100004954,岡山県倉敷市,消火栓,332020,,倉敷市児島田の口６丁目２番２２号,岡山県,倉敷市,,,,133.843724,34.47116,75,公設
332020,0100004955,岡山県倉敷市,消火栓,332020,,倉敷市児島田の口４丁目１３番２１号,岡山県,倉敷市,,,,133.848984,34.476539,75,公設
332020,0100004956,岡山県倉敷市,消火栓,332020,,倉敷市児島唐琴町１４２１番１号,岡山県,倉敷市,,,,133.875835,34.460708,100,公設
332020,0100004957,岡山県倉敷市,消火栓,332020,,倉敷市児島唐琴４丁目１２番地２６号,岡山県,倉敷市,,,,133.8633,34.467809,75,公設
332020,0100004958,岡山県倉敷市,消火栓,332020,,倉敷市児島田の口７丁目７番１号,岡山県,倉敷市,,,,133.83865,34.47262,150,公設
332020,0100004959,岡山県倉敷市,消火栓,332020,,倉敷市児島田の口７丁目７番４号,岡山県,倉敷市,,,,133.837698,34.471785,75,公設
332020,0100004960,岡山県倉敷市,消火栓,332020,,倉敷市児島田の口７丁目６番２８号,岡山県,倉敷市,,,,133.839697,34.472284,75,公設
332020,0100004961,岡山県倉敷市,消火栓,332020,,倉敷市児島田の口２丁目１１番２９号,岡山県,倉敷市,,,,133.841356,34.47699,150,公設
332020,0100004962,岡山県倉敷市,消火栓,332020,,倉敷市児島由加３０５２番地,岡山県,倉敷市,,,,133.849505,34.499547,150,公設
332020,0100004963,岡山県倉敷市,消火栓,332020,,倉敷市児島由加２９８４番地,岡山県,倉敷市,,,,133.851349,34.501268,150,公設
332020,0100004964,岡山県倉敷市,消火栓,332020,,倉敷市児島由加３３３５番地,岡山県,倉敷市,,,,133.851708,34.502818,150,公設
332020,0100004965,岡山県倉敷市,消火栓,332020,,倉敷市児島由加２７１６番地,岡山県,倉敷市,,,,133.852175,34.502912,100,公設
332020,0100004966,岡山県倉敷市,消火栓,332020,,倉敷市児島由加２８８９番地,岡山県,倉敷市,,,,133.851424,34.504161,75,公設
332020,0100004967,岡山県倉敷市,消火栓,332020,,倉敷市児島由加２８５５番地,岡山県,倉敷市,,,,133.849778,34.503711,200,公設
332020,0100004968,岡山県倉敷市,消火栓,332020,,倉敷市児島由加２８５５番地,岡山県,倉敷市,,,,133.848347,34.505246,200,公設
332020,0100004969,岡山県倉敷市,消火栓,332020,,倉敷市児島田の口６丁目５番２０号,岡山県,倉敷市,,,,133.841252,34.471222,75,公設
332020,0100004970,岡山県倉敷市,消火栓,332020,,倉敷市児島田の口２６４７番１号,岡山県,倉敷市,,,,133.847442,34.494746,100,公設
332020,0100004971,岡山県倉敷市,消火栓,332020,,倉敷市児島由加１５０１番地,岡山県,倉敷市,,,,133.85845,34.503375,100,公設
332020,0100004973,岡山県倉敷市,消火栓,332020,,倉敷市児島由加１２０３番地,岡山県,倉敷市,,,,133.862796,34.502994,75,公設
332020,0100004974,岡山県倉敷市,消火栓,332020,,倉敷市児島由加１０４番地,岡山県,倉敷市,,,,133.866699,34.502527,75,公設
332020,0100004975,岡山県倉敷市,消火栓,332020,,倉敷市児島白尾２５３番１号,岡山県,倉敷市,,,,133.848383,34.492047,100,公設
332020,0100004976,岡山県倉敷市,消火栓,332020,,倉敷市児島田の口２０８０番地,岡山県,倉敷市,,,,133.845982,34.489663,100,公設
332020,0100004977,岡山県倉敷市,消火栓,332020,,倉敷市児島田の口１９２４番地,岡山県,倉敷市,,,,133.846505,34.488502,100,公設
332020,0100004978,岡山県倉敷市,消火栓,332020,,倉敷市児島田の口７丁目７番１３号,岡山県,倉敷市,,,,133.838343,34.47122,75,公設
332020,0100004979,岡山県倉敷市,消火栓,332020,,倉敷市児島由加２８５５番地,岡山県,倉敷市,,,,133.852299,34.508322,75,公設
332020,0100004980,岡山県倉敷市,消火栓,332020,,倉敷市児島田の口３４０５番１０号,岡山県,倉敷市,,,,133.856203,34.479283,75,公設
332020,0100004981,岡山県倉敷市,消火栓,332020,,倉敷市児島唐琴４丁目１番４８号,岡山県,倉敷市,,,,133.858422,34.468295,75,公設
332020,0100004982,岡山県倉敷市,消火栓,332020,,倉敷市児島唐琴３丁目８番６３号,岡山県,倉敷市,,,,133.865854,34.468655,75,公設
332020,0100004983,岡山県倉敷市,消火栓,332020,,倉敷市児島白尾１３５１番３号,岡山県,倉敷市,,,,133.85405,34.495442,75,公設
332020,0100004984,岡山県倉敷市,消火栓,332020,,倉敷市児島白尾９５４番地,岡山県,倉敷市,,,,133.855445,34.486117,75,公設
332020,0100004985,岡山県倉敷市,消火栓,332020,,倉敷市児島田の口６丁目５番地１号,岡山県,倉敷市,,,,133.840055,34.470986,100,公設
332020,0100004986,岡山県倉敷市,消火栓,332020,,倉敷市児島田の口６丁目５番地１号,岡山県,倉敷市,,,,133.840577,34.470798,100,公設
332020,0100004987,岡山県倉敷市,消火栓,332020,,倉敷市児島唐琴４丁目２番地５５号,岡山県,倉敷市,,,,133.858994,34.468635,75,公設
332020,0100004988,岡山県倉敷市,消火栓,332020,,倉敷市児島田の口２７３８番地,岡山県,倉敷市,,,,133.845501,34.491486,100,公設
332020,0100004989,岡山県倉敷市,消火栓,332020,,倉敷市児島田の口２丁目７番３８号,岡山県,倉敷市,,,,133.841252,34.479258,75,公設
332020,0100004990,岡山県倉敷市,消火栓,332020,,倉敷市児島田の口２９９４番地,岡山県,倉敷市,,,,133.847376,34.486919,100,公設
332020,0100004991,岡山県倉敷市,消火栓,332020,,倉敷市児島田の口５丁目３番地２２号,岡山県,倉敷市,,,,133.848176,34.475533,300,公設
332020,0100004992,岡山県倉敷市,消火栓,332020,,倉敷市児島唐琴１丁目３番地２８号,岡山県,倉敷市,,,,133.856237,34.469894,100,公設
332020,0100004993,岡山県倉敷市,消火栓,332020,,倉敷市児島唐琴４丁目１番地２３号,岡山県,倉敷市,,,,133.857239,34.46953,75,公設
332020,0100004994,岡山県倉敷市,消火栓,332020,,倉敷市児島田の口７丁目７番地１８号,岡山県,倉敷市,,,,133.83875,34.47073,75,公設
332020,0100004995,岡山県倉敷市,消火栓,332020,,倉敷市児島唐琴町１４２２番地,岡山県,倉敷市,,,,133.879114,34.457935,100,公設
332020,0100004996,岡山県倉敷市,消火栓,332020,,倉敷市児島田の口６丁目３番地２６号,岡山県,倉敷市,,,,133.846486,34.470871,200,公設
332020,0100004997,岡山県倉敷市,消火栓,332020,,倉敷市児島田の口７丁目７番地１６号,岡山県,倉敷市,,,,133.83787,34.470583,75,公設
332020,0100004998,岡山県倉敷市,消火栓,332020,,倉敷市児島田の口５丁目１３番１１号,岡山県,倉敷市,,,,133.849817,34.471096,250,公設
332020,0100004999,岡山県倉敷市,消火栓,332020,,倉敷市児島唐琴１丁目１６番地５号,岡山県,倉敷市,,,,133.860243,34.470992,250,公設
332020,0100005000,岡山県倉敷市,消火栓,332020,,倉敷市児島唐琴１丁目１７番地７号,岡山県,倉敷市,,,,133.86135,34.471488,250,公設
332020,0100005001,岡山県倉敷市,消火栓,332020,,倉敷市児島唐琴２丁目９番地７号,岡山県,倉敷市,,,,133.86163,34.473768,75,公設
332020,0100005002,岡山県倉敷市,消火栓,332020,,倉敷市児島唐琴３丁目１番地５０号,岡山県,倉敷市,,,,133.863504,34.469561,100,公設
332020,0100005003,岡山県倉敷市,消火栓,332020,,倉敷市児島唐琴４丁目８番地３３号,岡山県,倉敷市,,,,133.860517,34.467325,100,公設
332020,0100005004,岡山県倉敷市,消火栓,332020,,倉敷市児島白尾２８５番１号,岡山県,倉敷市,,,,133.852022,34.493612,75,公設
332020,0100005005,岡山県倉敷市,消火栓,332020,,倉敷市児島唐琴３丁目８番地１３号,岡山県,倉敷市,,,,133.866537,34.469587,75,公設
332020,0100005006,岡山県倉敷市,消火栓,332020,,倉敷市児島唐琴１丁目１４番地３９号,岡山県,倉敷市,,,,133.859271,34.469899,250,公設
332020,0100005007,岡山県倉敷市,消火栓,332020,,倉敷市児島田の口４丁目１６番地２１号,岡山県,倉敷市,,,,133.847613,34.477149,200,公設
332020,0100005008,岡山県倉敷市,消火栓,332020,,倉敷市福江３７９番地１,岡山県,倉敷市,,,,133.804842,34.527986,100,公設
332020,0100005009,岡山県倉敷市,消火栓,332020,,倉敷市福江５４番地,岡山県,倉敷市,,,,133.805748,34.529957,100,公設
332020,0100005010,岡山県倉敷市,消火栓,332020,,倉敷市福江４６番地,岡山県,倉敷市,,,,133.805391,34.530279,250,公設
332020,0100005011,岡山県倉敷市,消火栓,332020,,倉敷市福江１４２０番地３,岡山県,倉敷市,,,,133.806732,34.531403,75,公設
332020,0100005012,岡山県倉敷市,消火栓,332020,,倉敷市林２０７５番地１,岡山県,倉敷市,,,,133.809009,34.533073,200,公設
332020,0100005013,岡山県倉敷市,消火栓,332020,,倉敷市林２１６６番地１,岡山県,倉敷市,,,,133.809694,34.534102,200,公設
332020,0100005014,岡山県倉敷市,消火栓,332020,,倉敷市福江１４３８番地,岡山県,倉敷市,,,,133.807927,34.532284,250,公設
332020,0100005015,岡山県倉敷市,消火栓,332020,,倉敷市林１４４７番地１,岡山県,倉敷市,,,,133.809995,34.531874,150,公設
332020,0100005016,岡山県倉敷市,消火栓,332020,,倉敷市林１９７０番地,岡山県,倉敷市,,,,133.811238,34.532047,150,公設
332020,0100005017,岡山県倉敷市,消火栓,332020,,倉敷市林１９０６番地１,岡山県,倉敷市,,,,133.81084,34.531111,75,公設
332020,0100005018,岡山県倉敷市,消火栓,332020,,倉敷市福江９９７番地,岡山県,倉敷市,,,,133.802774,34.528079,75,公設
332020,0100005019,岡山県倉敷市,消火栓,332020,,倉敷市林２１４９番地,岡山県,倉敷市,,,,133.8104,34.53521,200,公設
332020,0100005020,岡山県倉敷市,消火栓,332020,,倉敷市林２１１３番地１,岡山県,倉敷市,,,,133.811147,34.536404,200,公設
332020,0100005021,岡山県倉敷市,消火栓,332020,,倉敷市林５７０番地１１,岡山県,倉敷市,,,,133.812541,34.538276,150,公設
332020,0100005022,岡山県倉敷市,消火栓,332020,,倉敷市林１９４４番地,岡山県,倉敷市,,,,133.812145,34.531421,100,公設
332020,0100005023,岡山県倉敷市,消火栓,332020,,倉敷市林１６８８番地１,岡山県,倉敷市,,,,133.813195,34.530238,100,公設
332020,0100005024,岡山県倉敷市,消火栓,332020,,倉敷市林１６４５番地,岡山県,倉敷市,,,,133.813224,34.528823,150,公設
332020,0100005025,岡山県倉敷市,消火栓,332020,,倉敷市林１５７４番地,岡山県,倉敷市,,,,133.813187,34.527386,75,公設
332020,0100005026,岡山県倉敷市,消火栓,332020,,倉敷市林１５０５番地,岡山県,倉敷市,,,,133.812551,34.526516,75,公設
332020,0100005027,岡山県倉敷市,消火栓,332020,,倉敷市林１３８４番地,岡山県,倉敷市,,,,133.814216,34.526664,150,公設
332020,0100005028,岡山県倉敷市,消火栓,332020,,倉敷市林１３３１番地,岡山県,倉敷市,,,,133.816765,34.526671,150,公設
332020,0100005029,岡山県倉敷市,消火栓,332020,,倉敷市福江３２９番地１,岡山県,倉敷市,,,,133.801627,34.52856,100,公設
332020,0100005030,岡山県倉敷市,消火栓,332020,,倉敷市福江３７８番地１,岡山県,倉敷市,,,,133.800317,34.528237,100,公設
332020,0100005031,岡山県倉敷市,消火栓,332020,,倉敷市福江４６９番地１,岡山県,倉敷市,,,,133.798773,34.527615,100,公設
332020,0100005032,岡山県倉敷市,消火栓,332020,,倉敷市福江８１７番地,岡山県,倉敷市,,,,133.797602,34.526856,100,公設
332020,0100005033,岡山県倉敷市,消火栓,332020,,倉敷市福江６７２番地２,岡山県,倉敷市,,,,133.796939,34.526513,100,公設
332020,0100005034,岡山県倉敷市,消火栓,332020,,倉敷市福江８３３番地１,岡山県,倉敷市,,,,133.799291,34.526931,75,公設
332020,0100005035,岡山県倉敷市,消火栓,332020,,倉敷市福江３３９番地,岡山県,倉敷市,,,,133.801272,34.527679,75,公設
332020,0100005036,岡山県倉敷市,消火栓,332020,,倉敷市曽原４１６番地１,岡山県,倉敷市,,,,133.80871,34.533206,300,公設
332020,0100005037,岡山県倉敷市,消火栓,332020,,倉敷市曽原４１６番地,岡山県,倉敷市,,,,133.808106,34.533792,300,公設
332020,0100005038,岡山県倉敷市,消火栓,332020,,倉敷市曽原４３９番地,岡山県,倉敷市,,,,133.807787,34.534134,300,公設
332020,0100005039,岡山県倉敷市,消火栓,332020,,倉敷市曽原４５６番地,岡山県,倉敷市,,,,133.806898,34.534989,150,公設
332020,0100005040,岡山県倉敷市,消火栓,332020,,倉敷市曽原４８４番地１,岡山県,倉敷市,,,,133.805076,34.535117,100,公設
332020,0100005041,岡山県倉敷市,消火栓,332020,,倉敷市曽原５４７番地,岡山県,倉敷市,,,,133.80395,34.534778,100,公設
332020,0100005042,岡山県倉敷市,消火栓,332020,,倉敷市曽原５１７番地,岡山県,倉敷市,,,,133.805901,34.535929,100,公設
332020,0100005043,岡山県倉敷市,消火栓,332020,,倉敷市曽原２７２番地,岡山県,倉敷市,,,,133.807482,34.536648,100,公設
332020,0100005044,岡山県倉敷市,消火栓,332020,,倉敷市曽原１４６番地,岡山県,倉敷市,,,,133.808462,34.537246,100,公設
332020,0100005045,岡山県倉敷市,消火栓,332020,,倉敷市曽原５１番地１,岡山県,倉敷市,,,,133.809823,34.537778,100,公設
332020,0100005046,岡山県倉敷市,消火栓,332020,,倉敷市林２２３３番地２,岡山県,倉敷市,,,,133.81147,34.538496,100,公設
332020,0100005047,岡山県倉敷市,消火栓,332020,,倉敷市林５５８番地１０,岡山県,倉敷市,,,,133.814115,34.538613,150,公設
332020,0100005048,岡山県倉敷市,消火栓,332020,,倉敷市林６６１番地５,岡山県,倉敷市,,,,133.816159,34.538973,150,公設
332020,0100005049,岡山県倉敷市,消火栓,332020,,倉敷市林６９６番地,岡山県,倉敷市,,,,133.817686,34.539206,150,公設
332020,0100005050,岡山県倉敷市,消火栓,332020,,倉敷市林６８４番地,岡山県,倉敷市,,,,133.819686,34.539563,150,公設
332020,0100005051,岡山県倉敷市,消火栓,332020,,倉敷市林４２３番地,岡山県,倉敷市,,,,133.817703,34.540576,150,公設
332020,0100005052,岡山県倉敷市,消火栓,332020,,倉敷市林３８６番地,岡山県,倉敷市,,,,133.817665,34.541421,100,公設
332020,0100005053,岡山県倉敷市,消火栓,332020,,倉敷市林１０８番地１,岡山県,倉敷市,,,,133.818704,34.542238,75,公設
332020,0100005054,岡山県倉敷市,消火栓,332020,,倉敷市林１２１,岡山県,倉敷市,,,,133.818594,34.543361,100,公設
332020,0100005055,岡山県倉敷市,消火栓,332020,,倉敷市林３４４番地１,岡山県,倉敷市,,,,133.816407,34.542016,150,公設
332020,0100005056,岡山県倉敷市,消火栓,332020,,倉敷市林３３７番地,岡山県,倉敷市,,,,133.815769,34.542641,100,公設
332020,0100005057,岡山県倉敷市,消火栓,332020,,倉敷市林２３９番地１,岡山県,倉敷市,,,,133.81522,34.546147,100,公設
332020,0100005058,岡山県倉敷市,消火栓,332020,,倉敷市串田８３４番地,岡山県,倉敷市,,,,133.815133,34.54749,100,公設
332020,0100005059,岡山県倉敷市,消火栓,332020,,倉敷市串田３５８番地,岡山県,倉敷市,,,,133.813555,34.547533,100,公設
332020,0100005060,岡山県倉敷市,消火栓,332020,,倉敷市串田４１４番地,岡山県,倉敷市,,,,133.812511,34.546575,75,公設
332020,0100005061,岡山県倉敷市,消火栓,332020,,倉敷市串田４５５番地,岡山県,倉敷市,,,,133.812133,34.545428,75,公設
332020,0100005062,岡山県倉敷市,消火栓,332020,,倉敷市串田１３９番地,岡山県,倉敷市,,,,133.81406,34.549594,100,公設
332020,0100005063,岡山県倉敷市,消火栓,332020,,倉敷市串田１００番地,岡山県,倉敷市,,,,133.814528,34.550516,100,公設
332020,0100005064,岡山県倉敷市,消火栓,332020,,倉敷市串田４０番地,岡山県,倉敷市,,,,133.816147,34.551544,75,公設
332020,0100005065,岡山県倉敷市,消火栓,332020,,倉敷市林７０５番地,岡山県,倉敷市,,,,133.817672,34.537922,150,公設
332020,0100005066,岡山県倉敷市,消火栓,332020,,倉敷市林９２０番地,岡山県,倉敷市,,,,133.818104,34.536858,150,公設
332020,0100005067,岡山県倉敷市,消火栓,332020,,倉敷市林１００７番地,岡山県,倉敷市,,,,133.818701,34.535719,150,公設
332020,0100005068,岡山県倉敷市,消火栓,332020,,倉敷市林１０１２番地,岡山県,倉敷市,,,,133.818678,34.534728,150,公設
332020,0100005069,岡山県倉敷市,消火栓,332020,,倉敷市木見６８９番地,岡山県,倉敷市,,,,133.819249,34.533583,150,公設
332020,0100005070,岡山県倉敷市,消火栓,332020,,倉敷市木見７６５番地１,岡山県,倉敷市,,,,133.820493,34.532256,150,公設
332020,0100005071,岡山県倉敷市,消火栓,332020,,倉敷市木見６１６番地５,岡山県,倉敷市,,,,133.820802,34.530913,150,公設
332020,0100005072,岡山県倉敷市,消火栓,332020,,倉敷市木見８４９番地１,岡山県,倉敷市,,,,133.821479,34.530271,150,公設
332020,0100005073,岡山県倉敷市,消火栓,332020,,倉敷市木見９０６番地,岡山県,倉敷市,,,,133.822712,34.529317,150,公設
332020,0100005074,岡山県倉敷市,消火栓,332020,,倉敷市木見１１０６番地,岡山県,倉敷市,,,,133.82414,34.527984,150,公設
332020,0100005075,岡山県倉敷市,消火栓,332020,,倉敷市木見１１２８番地７,岡山県,倉敷市,,,,133.826324,34.527896,100,公設
332020,0100005076,岡山県倉敷市,消火栓,332020,,倉敷市木見１２５９番地,岡山県,倉敷市,,,,133.827711,34.528307,75,公設
332020,0100005077,岡山県倉敷市,消火栓,332020,,倉敷市木見１２６５番地,岡山県,倉敷市,,,,133.828506,34.528465,75,公設
332020,0100005078,岡山県倉敷市,消火栓,332020,,倉敷市木見１３３１番地,岡山県,倉敷市,,,,133.830061,34.52807,75,公設
332020,0100005079,岡山県倉敷市,消火栓,332020,,倉敷市木見１７２４番地,岡山県,倉敷市,,,,133.834394,34.526728,75,公設
332020,0100005080,岡山県倉敷市,消火栓,332020,,倉敷市木見８９６番地７,岡山県,倉敷市,,,,133.821895,34.530657,100,公設
332020,0100005081,岡山県倉敷市,消火栓,332020,,倉敷市木見９１４番地,岡山県,倉敷市,,,,133.823001,34.530152,100,公設
332020,0100005082,岡山県倉敷市,消火栓,332020,,倉敷市木見９９９番地,岡山県,倉敷市,,,,133.824297,34.529477,100,公設
332020,0100005083,岡山県倉敷市,消火栓,332020,,倉敷市木見１０９４番地,岡山県,倉敷市,,,,133.825181,34.529081,100,公設
332020,0100005084,岡山県倉敷市,消火栓,332020,,倉敷市木見１２１７番地,岡山県,倉敷市,,,,133.826813,34.528434,100,公設
332020,0100005085,岡山県倉敷市,消火栓,332020,,倉敷市木見３００番地２,岡山県,倉敷市,,,,133.826399,34.523863,200,公設
332020,0100005086,岡山県倉敷市,消火栓,332020,,倉敷市尾原５２番地１,岡山県,倉敷市,,,,133.830187,34.518584,150,公設
332020,0100005087,岡山県倉敷市,消火栓,332020,,倉敷市尾原１４６番地４,岡山県,倉敷市,,,,133.831607,34.518328,150,公設
332020,0100005088,岡山県倉敷市,消火栓,332020,,倉敷市尾原２１６番地１,岡山県,倉敷市,,,,133.833272,34.518292,150,公設
332020,0100005089,岡山県倉敷市,消火栓,332020,,倉敷市尾原３８７番地,岡山県,倉敷市,,,,133.834569,34.517645,150,公設
332020,0100005090,岡山県倉敷市,消火栓,332020,,倉敷市尾原４６８番地,岡山県,倉敷市,,,,133.835365,34.516705,150,公設
332020,0100005091,岡山県倉敷市,消火栓,332020,,倉敷市尾原６８９番地,岡山県,倉敷市,,,,133.836477,34.516522,150,公設
332020,0100005092,岡山県倉敷市,消火栓,332020,,倉敷市尾原７１１番地,岡山県,倉敷市,,,,133.838147,34.515868,100,公設
332020,0100005093,岡山県倉敷市,消火栓,332020,,倉敷市尾原１４３８番地,岡山県,倉敷市,,,,133.838803,34.514914,75,公設
332020,0100005094,岡山県倉敷市,消火栓,332020,,倉敷市尾原１９５１番地１,岡山県,倉敷市,,,,133.839348,34.513925,75,公設
332020,0100005095,岡山県倉敷市,消火栓,332020,,倉敷市曽原１５８番地,岡山県,倉敷市,,,,133.807995,34.538019,100,公設
332020,0100005096,岡山県倉敷市,消火栓,332020,,倉敷市林４８５番地７,岡山県,倉敷市,,,,133.816285,34.540295,75,公設
332020,0100005097,岡山県倉敷市,消火栓,332020,,倉敷市串田５１１番地,岡山県,倉敷市,,,,133.811608,34.546635,75,公設
332020,0100005098,岡山県倉敷市,消火栓,332020,,倉敷市林１２５７番地４,岡山県,倉敷市,,,,133.818338,34.527653,75,公設
332020,0100005099,岡山県倉敷市,消火栓,332020,,倉敷市曽原６４１番地１,岡山県,倉敷市,,,,133.806158,34.533501,75,公設
332020,0100005100,岡山県倉敷市,消火栓,332020,,倉敷市尾原２００番地,岡山県,倉敷市,,,,133.834908,34.519141,75,公設
332020,0100005101,岡山県倉敷市,消火栓,332020,,倉敷市林１６４２番地,岡山県,倉敷市,,,,133.812584,34.528269,100,公設
332020,0100005102,岡山県倉敷市,消火栓,332020,,倉敷市尾原１５７番地１,岡山県,倉敷市,,,,133.82743,34.520727,200,公設
332020,0100005103,岡山県倉敷市,消火栓,332020,,倉敷市林１４５０番地,岡山県,倉敷市,,,,133.809893,34.531142,75,公設
332020,0100005104,岡山県倉敷市,消火栓,332020,,倉敷市曽原５１０番地,岡山県,倉敷市,,,,133.804868,34.535435,75,公設
332020,0100005105,岡山県倉敷市,消火栓,332020,,倉敷市福江１１０番地１,岡山県,倉敷市,,,,133.804325,34.529211,100,公設
332020,0100005106,岡山県倉敷市,消火栓,332020,,倉敷市林５８６番地,岡山県,倉敷市,,,,133.81247,34.536917,100,公設
332020,0100005107,岡山県倉敷市,消火栓,332020,,倉敷市林３９４番地,岡山県,倉敷市,,,,133.817991,34.542484,100,公設
332020,0100005108,岡山県倉敷市,消火栓,332020,,倉敷市福江１３０８番地１,岡山県,倉敷市,,,,133.804987,34.526973,250,公設
332020,0100005109,岡山県倉敷市,消火栓,332020,,倉敷市曽原３８６番地１,岡山県,倉敷市,,,,133.80926,34.534615,100,公設
332020,0100005110,岡山県倉敷市,消火栓,332020,,倉敷市林４７６番地３,岡山県,倉敷市,,,,133.815306,34.540941,75,公設
332020,0100005111,岡山県倉敷市,消火栓,332020,,倉敷市林３５２番地１,岡山県,倉敷市,,,,133.817507,34.543596,100,公設
332020,0100005112,岡山県倉敷市,消火栓,332020,,倉敷市林１９０４番地,岡山県,倉敷市,,,,133.810516,34.530731,75,公設
332020,0100005113,岡山県倉敷市,消火栓,332020,,倉敷市林１９４１番地,岡山県,倉敷市,,,,133.81178,34.530846,75,公設
332020,0100005114,岡山県倉敷市,消火栓,332020,,倉敷市木見１２７,岡山県,倉敷市,,,,133.81959,34.525288,100,公設
332020,0100005115,岡山県倉敷市,消火栓,332020,,倉敷市尾原２４８１番地,岡山県,倉敷市,,,,133.827511,34.516783,75,公設
332020,0100005116,岡山県倉敷市,消火栓,332020,,倉敷市曽原１８４番地,岡山県,倉敷市,,,,133.808487,34.538672,75,公設
332020,0100005117,岡山県倉敷市,消火栓,332020,,倉敷市林５３０番地,岡山県,倉敷市,,,,133.814027,34.539742,75,公設
332020,0100005118,岡山県倉敷市,消火栓,332020,,倉敷市林５３０番地,岡山県,倉敷市,,,,133.813875,34.5393,300,公設
332020,0100005119,岡山県倉敷市,消火栓,332020,,倉敷市林６２０番地,岡山県,倉敷市,,,,133.8145,34.538507,300,公設
332020,0100005120,岡山県倉敷市,消火栓,332020,,倉敷市林６２０番地,岡山県,倉敷市,,,,133.814937,34.537542,300,公設
332020,0100005121,岡山県倉敷市,消火栓,332020,,倉敷市林８７０番地,岡山県,倉敷市,,,,133.81615,34.536406,300,公設
332020,0100005122,岡山県倉敷市,消火栓,332020,,倉敷市林８６０番地１,岡山県,倉敷市,,,,133.817017,34.535589,300,公設
332020,0100005123,岡山県倉敷市,消火栓,332020,,倉敷市林１１０８番地,岡山県,倉敷市,,,,133.817454,34.534215,300,公設
332020,0100005124,岡山県倉敷市,消火栓,332020,,倉敷市林６８１番地４,岡山県,倉敷市,,,,133.818151,34.533289,300,公設
332020,0100005125,岡山県倉敷市,消火栓,332020,,倉敷市木見６４７番地１,岡山県,倉敷市,,,,133.819189,34.532403,300,公設
332020,0100005126,岡山県倉敷市,消火栓,332020,,倉敷市木見６３１番地,岡山県,倉敷市,,,,133.820007,34.531682,300,公設
332020,0100005127,岡山県倉敷市,消火栓,332020,,倉敷市曽原５８２番地,岡山県,倉敷市,,,,133.802826,34.535039,75,公設
332020,0100005128,岡山県倉敷市,消火栓,332020,,倉敷市曽原７６０番地３,岡山県,倉敷市,,,,133.803087,34.533362,75,公設
332020,0100005129,岡山県倉敷市,消火栓,332020,,倉敷市木見１５３番地,岡山県,倉敷市,,,,133.818012,34.525534,100,公設
332020,0100005130,岡山県倉敷市,消火栓,332020,,倉敷市林１３４５番地,岡山県,倉敷市,,,,133.816519,34.527348,75,公設
332020,0100005131,岡山県倉敷市,消火栓,332020,,倉敷市林４６５番地１,岡山県,倉敷市,,,,133.815028,34.542174,75,公設
332020,0100005132,岡山県倉敷市,消火栓,332020,,倉敷市福江７９４番地１,岡山県,倉敷市,,,,133.79801,34.526055,75,公設
332020,0100005133,岡山県倉敷市,消火栓,332020,,倉敷市林１７３６番地６,岡山県,倉敷市,,,,133.817014,34.532432,150,公設
332020,0100005134,岡山県倉敷市,消火栓,332020,,倉敷市林１７２４番地,岡山県,倉敷市,,,,133.816082,34.531687,150,公設
332020,0100005135,岡山県倉敷市,消火栓,332020,,倉敷市林１１４６番地,岡山県,倉敷市,,,,133.814778,34.530754,150,公設
332020,0100005136,岡山県倉敷市,消火栓,332020,,倉敷市林６５９番地,岡山県,倉敷市,,,,133.816653,34.538096,150,公設
332020,0100005137,岡山県倉敷市,消火栓,332020,,倉敷市福江１４７３番地,岡山県,倉敷市,,,,133.808483,34.531187,100,公設
332020,0100005138,岡山県倉敷市,消火栓,332020,,倉敷市木見４８３番地４,岡山県,倉敷市,,,,133.822055,34.528261,100,公設
332020,0100005139,岡山県倉敷市,消火栓,332020,,倉敷市福江１４６６番地１,岡山県,倉敷市,,,,133.808918,34.530609,75,公設
332020,0100005140,岡山県倉敷市,消火栓,332020,,倉敷市木見２４番地１２,岡山県,倉敷市,,,,133.818373,34.527377,100,公設
332020,0100005141,岡山県倉敷市,消火栓,332020,,倉敷市林２１１２番地,岡山県,倉敷市,,,,133.812294,34.534951,150,公設
332020,0100005142,岡山県倉敷市,消火栓,332020,,倉敷市林２００３番地９,岡山県,倉敷市,,,,133.813605,34.533685,150,公設
332020,0100005143,岡山県倉敷市,消火栓,332020,,倉敷市林１７６９番地１,岡山県,倉敷市,,,,133.814892,34.532465,150,公設
332020,0100005144,岡山県倉敷市,消火栓,332020,,倉敷市林８３４番地２,岡山県,倉敷市,,,,133.814967,34.535489,100,公設
332020,0100005145,岡山県倉敷市,消火栓,332020,,倉敷市尾原５１０番地,岡山県,倉敷市,,,,133.837764,34.518831,75,公設
332020,0100005146,岡山県倉敷市,消火栓,332020,,倉敷市木見２１９１,岡山県,倉敷市,,,,133.839518,34.522285,75,公設
332020,0100005147,岡山県倉敷市,消火栓,332020,,倉敷市木見２２７９,岡山県,倉敷市,,,,133.841843,34.523669,75,公設
332020,0100005148,岡山県倉敷市,消火栓,332020,,倉敷市木見２２５２番地,岡山県,倉敷市,,,,133.840263,34.52265,100,公設
332020,0100005149,岡山県倉敷市,消火栓,332020,,倉敷市尾原７６１番地,岡山県,倉敷市,,,,133.839876,34.516633,100,公設
332020,0100005150,岡山県倉敷市,消火栓,332020,,倉敷市尾原８８８番地,岡山県,倉敷市,,,,133.843726,34.517256,75,公設
332020,0100005151,岡山県倉敷市,消火栓,332020,,倉敷市尾原９６６番地,岡山県,倉敷市,,,,133.844811,34.516763,75,公設
332020,0100005152,岡山県倉敷市,消火栓,332020,,倉敷市福江１０１３番地,岡山県,倉敷市,,,,133.803142,34.527033,75,公設
332020,0100005153,岡山県倉敷市,消火栓,332020,,倉敷市串田１番地６,岡山県,倉敷市,,,,133.816704,34.553314,150,公設
332020,0100005154,岡山県倉敷市,消火栓,332020,,倉敷市福江１３９０番地１,岡山県,倉敷市,,,,133.805647,34.52908,100,公設
332020,0100005155,岡山県倉敷市,消火栓,332020,,倉敷市串田３１３番地４,岡山県,倉敷市,,,,133.813622,34.548529,100,公設
332020,0100005156,岡山県倉敷市,消火栓,332020,,倉敷市木見６０１番地６,岡山県,倉敷市,,,,133.819095,34.529953,200,公設
332020,0100005157,岡山県倉敷市,消火栓,332020,,倉敷市林１６９９番地１,岡山県,倉敷市,,,,133.813931,34.531327,75,公設
332020,0100005158,岡山県倉敷市,消火栓,332020,,倉敷市尾原２１９３番地,岡山県,倉敷市,,,,133.836178,34.514639,75,公設
332020,0100005159,岡山県倉敷市,消火栓,332020,,倉敷市尾原２０１３番地,岡山県,倉敷市,,,,133.837837,34.513965,75,公設
332020,0100005160,岡山県倉敷市,消火栓,332020,,倉敷市尾原１９４８番地１,岡山県,倉敷市,,,,133.839622,34.512041,75,公設
332020,0100005161,岡山県倉敷市,消火栓,332020,,倉敷市木見４３５番地３,岡山県,倉敷市,,,,133.822178,34.526923,200,公設
332020,0100005162,岡山県倉敷市,消火栓,332020,,倉敷市尾原２５０３番地,岡山県,倉敷市,,,,133.827804,34.517166,75,公設
332020,0100005163,岡山県倉敷市,消火栓,332020,,倉敷市尾原２４３番地２,岡山県,倉敷市,,,,133.833007,34.516472,150,公設
332020,0100005164,岡山県倉敷市,消火栓,332020,,倉敷市木見１８２番地１０,岡山県,倉敷市,,,,133.81713,34.524717,75,公設
332020,0100005165,岡山県倉敷市,消火栓,332020,,倉敷市木見１４３番地３７,岡山県,倉敷市,,,,133.817869,34.524422,100,公設
332020,0100005166,岡山県倉敷市,消火栓,332020,,倉敷市木見１８８番地４,岡山県,倉敷市,,,,133.817487,34.524044,100,公設
332020,0100005167,岡山県倉敷市,消火栓,332020,,倉敷市福江１２００番地２１,岡山県,倉敷市,,,,133.805537,34.526094,100,公設
332020,0100005168,岡山県倉敷市,消火栓,332020,,倉敷市福江５０３番地７,岡山県,倉敷市,,,,133.79898,34.528733,75,公設
332020,0100005169,岡山県倉敷市,消火栓,332020,,倉敷市林１９９４番地７,岡山県,倉敷市,,,,133.812351,34.532858,100,公設
332020,0100005170,岡山県倉敷市,消火栓,332020,,倉敷市林１２７番地２,岡山県,倉敷市,,,,133.817925,34.543805,75,公設
332020,0100005171,岡山県倉敷市,消火栓,332020,,倉敷市林１６０番地１,岡山県,倉敷市,,,,133.819133,34.545165,75,公設
332020,0100005172,岡山県倉敷市,消火栓,332020,,倉敷市林１２０６番地３,岡山県,倉敷市,,,,133.816858,34.530504,100,公設
332020,0100005173,岡山県倉敷市,消火栓,332020,,倉敷市林１９８６番地１,岡山県,倉敷市,,,,133.813084,34.531965,300,公設
332020,0100005174,岡山県倉敷市,消火栓,332020,,倉敷市林１５２８番地１４,岡山県,倉敷市,,,,133.811506,34.527354,75,公設
332020,0100005175,岡山県倉敷市,消火栓,332020,,倉敷市林１５２１番地２,岡山県,倉敷市,,,,133.811579,34.526738,75,公設
332020,0100005176,岡山県倉敷市,消火栓,332020,,倉敷市林４３５番地２,岡山県,倉敷市,,,,133.816723,34.541016,75,公設
332020,0100005177,岡山県倉敷市,消火栓,332020,,倉敷市串田１０５１番地５,岡山県,倉敷市,,,,133.817428,34.550748,75,公設
332020,0100005178,岡山県倉敷市,消火栓,332020,,倉敷市林２０６４番地,岡山県,倉敷市,,,,133.810513,34.53281,75,公設
332020,0100005179,岡山県倉敷市,消火栓,332020,,倉敷市林３０９番地３,岡山県,倉敷市,,,,133.815427,34.54441,100,公設
332020,0100005180,岡山県倉敷市,消火栓,332020,,倉敷市串田５７９番地,岡山県,倉敷市,,,,133.811582,34.542932,100,公設
332020,0100005181,岡山県倉敷市,消火栓,332020,,倉敷市林６３８番地１,岡山県,倉敷市,,,,133.815457,34.537092,150,公設
332020,0100005182,岡山県倉敷市,消火栓,332020,,倉敷市福江１１２２番地,岡山県,倉敷市,,,,133.803844,34.524587,75,公設
332020,0100005183,岡山県倉敷市,消火栓,332020,,倉敷市曽原３７１番地１,岡山県,倉敷市,,,,133.80831,34.535018,100,公設
332020,0100005184,岡山県倉敷市,消火栓,332020,,倉敷市林７６４番地,岡山県,倉敷市,,,,133.819069,34.537584,75,公設
332020,0100005185,岡山県倉敷市,消火栓,332020,,倉敷市林６９２番地,岡山県,倉敷市,,,,133.818908,34.53856,75,公設
332020,0100005186,岡山県倉敷市,消火栓,332020,,倉敷市福江２９７番地,岡山県,倉敷市,,,,133.79966,34.529728,75,公設
332020,0100005187,岡山県倉敷市,消火栓,332020,,倉敷市福江４１番地４,岡山県,倉敷市,,,,133.804924,34.531438,75,公設
332020,0100005188,岡山県倉敷市,消火栓,332020,,倉敷市木見３７番地,岡山県,倉敷市,,,,133.8199,34.527246,100,公設
332020,0100005189,岡山県倉敷市,消火栓,332020,,倉敷市福江１１９５番地２,岡山県,倉敷市,,,,133.805135,34.524775,250,公設
332020,0100005190,岡山県倉敷市,消火栓,332020,,倉敷市福江１１６０番地４,岡山県,倉敷市,,,,133.80557,34.522956,250,公設
332020,0100005191,岡山県倉敷市,消火栓,332020,,倉敷市福江１６５８番地１８,岡山県,倉敷市,,,,133.805708,34.520786,250,公設
332020,0100005192,岡山県倉敷市,消火栓,332020,,倉敷市串田１８番地,岡山県,倉敷市,,,,133.815505,34.552618,100,公設
332020,0100005193,岡山県倉敷市,消火栓,332020,,倉敷市串田１番地７,岡山県,倉敷市,,,,133.816246,34.553228,100,公設
332020,0100005194,岡山県倉敷市,消火栓,332020,,倉敷市林２０２番地３,岡山県,倉敷市,,,,133.817639,34.546429,75,公設
332020,0100005195,岡山県倉敷市,消火栓,332020,,倉敷市串田５３４番地,岡山県,倉敷市,,,,133.812486,34.544705,100,公設
332020,0100005196,岡山県倉敷市,消火栓,332020,,倉敷市林２０５２番地１,岡山県,倉敷市,,,,133.811544,34.533613,100,公設
332020,0100005197,岡山県倉敷市,消火栓,332020,,倉敷市尾原西原,岡山県,倉敷市,,,,133.830373,34.517215,150,公設
332020,0100005198,岡山県倉敷市,消火栓,332020,,倉敷市林１３２３番地９,岡山県,倉敷市,,,,133.815949,34.524579,150,公設
332020,0100005199,岡山県倉敷市,消火栓,332020,,倉敷市木見１３９０番地１,岡山県,倉敷市,,,,133.83269,34.527524,75,公設
332020,0100005200,岡山県倉敷市,消火栓,332020,,倉敷市木見１９３７番地４,岡山県,倉敷市,,,,133.829759,34.527096,75,公設
332020,0100005201,岡山県倉敷市,消火栓,332020,,倉敷市福江８７６番地３,岡山県,倉敷市,,,,133.800267,34.527244,75,公設
332020,0100005202,岡山県倉敷市,消火栓,332020,,倉敷市尾原２４３番地２,岡山県,倉敷市,,,,133.833632,34.517567,75,公設
332020,0100005203,岡山県倉敷市,消火栓,332020,,倉敷市林２６２番地１,岡山県,倉敷市,,,,133.816743,34.544605,75,公設
332020,0100005204,岡山県倉敷市,消火栓,332020,,倉敷市尾原１６番地１,岡山県,倉敷市,,,,133.828036,34.519094,150,公設
332020,0100005205,岡山県倉敷市,消火栓,332020,,倉敷市林１７６８番地１,岡山県,倉敷市,,,,133.814403,34.532489,75,公設
332020,0100005206,岡山県倉敷市,消火栓,332020,,倉敷市福江５４３番地１,岡山県,倉敷市,,,,133.797129,34.528633,75,公設
332020,0100005207,岡山県倉敷市,消火栓,332020,,倉敷市曽原９２３番地１,岡山県,倉敷市,,,,133.801254,34.530992,75,公設
332020,0100005208,岡山県倉敷市,消火栓,332020,,倉敷市林１７５０番地１,岡山県,倉敷市,,,,133.815775,34.534146,75,公設
332020,0100005209,岡山県倉敷市,消火栓,332020,,倉敷市福江７９番地１,岡山県,倉敷市,,,,133.804201,34.530766,75,公設
332020,0100005210,岡山県倉敷市,消火栓,332020,,倉敷市林２３７番地１６,岡山県,倉敷市,,,,133.815341,34.546083,75,公設
332020,0100005212,岡山県倉敷市,消火栓,332020,,倉敷市曽原５６番地,岡山県,倉敷市,,,,133.80939,34.538383,75,公設
332020,0100005213,岡山県倉敷市,消火栓,332020,,倉敷市林５９９番地１６,岡山県,倉敷市,,,,133.813846,34.537301,100,公設
332020,0100005214,岡山県倉敷市,消火栓,332020,,倉敷市林１７２８番地８,岡山県,倉敷市,,,,133.816085,34.532987,100,公設
332020,0100005215,岡山県倉敷市,消火栓,332020,,倉敷市木見１１１番地１,岡山県,倉敷市,,,,133.820846,34.525965,100,公設
332020,0100005216,岡山県倉敷市,消火栓,332020,,倉敷市尾原５５４番地,岡山県,倉敷市,,,,133.836889,34.520233,75,公設
332020,0100005217,岡山県倉敷市,消火栓,332020,,倉敷市串田７５７番地１,岡山県,倉敷市,,,,133.812903,34.54361,75,公設
332020,0100005218,岡山県倉敷市,消火栓,332020,,倉敷市林４５９番地１,岡山県,倉敷市,,,,133.814849,34.543176,100,公設
332020,0100005219,岡山県倉敷市,消火栓,332020,,倉敷市曽原５６３番地,岡山県,倉敷市,,,,133.803729,34.5356,75,公設
332020,0100005220,岡山県倉敷市,消火栓,332020,,倉敷市曽原４６２番地,岡山県,倉敷市,,,,133.806341,34.534056,75,公設
332020,0100005221,岡山県倉敷市,消火栓,332020,,倉敷市福江１１４３番地８,岡山県,倉敷市,,,,133.806806,34.515902,350,公設
332020,0100005222,岡山県倉敷市,消火栓,332020,,倉敷市林５４８番地３,岡山県,倉敷市,,,,133.813584,34.539625,100,公設
332020,0100005223,岡山県倉敷市,消火栓,332020,,倉敷市尾原１９２４番地,岡山県,倉敷市,,,,133.838837,34.509841,75,公設
332020,0100005224,岡山県倉敷市,消火栓,332020,,倉敷市林１４４６番地４,岡山県,倉敷市,,,,133.809583,34.532286,300,公設
332020,0100005225,岡山県倉敷市,消火栓,332020,,倉敷市林２１５１番地６,岡山県,倉敷市,,,,133.810562,34.534466,100,公設
332020,0100005226,岡山県倉敷市,消火栓,332020,,倉敷市林２０２９番地６,岡山県,倉敷市,,,,133.813351,34.534947,75,公設
332020,0100005271,岡山県倉敷市,消火栓,332020,,倉敷市玉島長尾４９９番地６,岡山県,倉敷市,,,,133.69334,34.578752,200,公設
332020,0100005272,岡山県倉敷市,消火栓,332020,,倉敷市玉島長尾４６７番地５地先,岡山県,倉敷市,,,,133.692293,34.577373,200,公設
332020,0100005273,岡山県倉敷市,消火栓,332020,,倉敷市玉島長尾４０５番地４地先,岡山県,倉敷市,,,,133.692249,34.576443,75,公設
332020,0100005274,岡山県倉敷市,消火栓,332020,,倉敷市玉島長尾４５４番地２,岡山県,倉敷市,,,,133.691021,34.575826,200,公設
332020,0100005275,岡山県倉敷市,消火栓,332020,,倉敷市玉島長尾上之町,岡山県,倉敷市,,,,133.691327,34.574522,150,公設
332020,0100005276,岡山県倉敷市,消火栓,332020,,倉敷市玉島長尾１３３９番地４,岡山県,倉敷市,,,,133.681993,34.583898,75,公設
332020,0100005277,岡山県倉敷市,消火栓,332020,,倉敷市玉島長尾９１２番地３,岡山県,倉敷市,,,,133.688932,34.583381,100,公設
332020,0100005278,岡山県倉敷市,消火栓,332020,,倉敷市玉島長尾７９４番地１地先,岡山県,倉敷市,,,,133.69059,34.582477,75,公設
332020,0100005279,岡山県倉敷市,消火栓,332020,,倉敷市玉島長尾９２７番地４地先,岡山県,倉敷市,,,,133.687668,34.582368,100,公設
332020,0100005280,岡山県倉敷市,消火栓,332020,,倉敷市玉島上成４３１番地１　北,岡山県,倉敷市,,,,133.693555,34.566035,100,公設
332020,0100005281,岡山県倉敷市,消火栓,332020,,倉敷市玉島長尾１２４２番地１,岡山県,倉敷市,,,,133.683418,34.579974,200,公設
332020,0100005282,岡山県倉敷市,消火栓,332020,,倉敷市玉島長尾７５４番地８地先,岡山県,倉敷市,,,,133.68661,34.579914,100,公設
332020,0100005283,岡山県倉敷市,消火栓,332020,,倉敷市玉島長尾１００３,岡山県,倉敷市,,,,133.686033,34.578662,200,公設
332020,0100005284,岡山県倉敷市,消火栓,332020,,倉敷市玉島長尾１５０１番地１２,岡山県,倉敷市,,,,133.682316,34.5784,300,公設
332020,0100005285,岡山県倉敷市,消火栓,332020,,倉敷市玉島長尾３２７５番地１,岡山県,倉敷市,,,,133.681264,34.578211,300,公設
332020,0100005286,岡山県倉敷市,消火栓,332020,,倉敷市玉島長尾４１７５番地３,岡山県,倉敷市,,,,133.679995,34.580702,75,公設
332020,0100005287,岡山県倉敷市,消火栓,332020,,倉敷市玉島長尾４１５８番地１,岡山県,倉敷市,,,,133.679444,34.579009,75,公設
332020,0100005288,岡山県倉敷市,消火栓,332020,,倉敷市玉島長尾３５９７番地３,岡山県,倉敷市,,,,133.677632,34.577403,100,公設
332020,0100005289,岡山県倉敷市,消火栓,332020,,倉敷市玉島長尾７４０－１,岡山県,倉敷市,,,,133.687127,34.577896,100,公設
332020,0100005290,岡山県倉敷市,消火栓,332020,,倉敷市玉島長尾１６８９,岡山県,倉敷市,,,,133.684622,34.577983,200,公設
332020,0100005291,岡山県倉敷市,消火栓,332020,,倉敷市玉島上成３６２番地,岡山県,倉敷市,,,,133.695107,34.565179,100,公設
332020,0100005292,岡山県倉敷市,消火栓,332020,,倉敷市玉島長尾１５０５－１,岡山県,倉敷市,,,,133.682457,34.576953,100,公設
332020,0100005293,岡山県倉敷市,消火栓,332020,,倉敷市玉島長尾１６７１,岡山県,倉敷市,,,,133.685909,34.577244,200,公設
332020,0100005295,岡山県倉敷市,消火栓,332020,,倉敷市玉島長尾１７０４－３,岡山県,倉敷市,,,,133.686263,34.576451,200,公設
332020,0100005296,岡山県倉敷市,消火栓,332020,,倉敷市玉島長尾１７８０,岡山県,倉敷市,,,,133.684642,34.57597,75,公設
332020,0100005298,岡山県倉敷市,消火栓,332020,,倉敷市玉島長尾明見,岡山県,倉敷市,,,,133.687739,34.575617,100,公設
332020,0100005299,岡山県倉敷市,消火栓,332020,,倉敷市玉島長尾１７１５,岡山県,倉敷市,,,,133.686483,34.575483,200,公設
332020,0100005300,岡山県倉敷市,消火栓,332020,,倉敷市玉島長尾１６２３,岡山県,倉敷市,,,,133.685811,34.575167,75,公設
332020,0100005301,岡山県倉敷市,消火栓,332020,,倉敷市玉島長尾１８０５,岡山県,倉敷市,,,,133.684468,34.57477,75,公設
332020,0100005302,岡山県倉敷市,消火栓,332020,,倉敷市玉島上成３７６番地,岡山県,倉敷市,,,,133.696956,34.565406,75,公設
332020,0100005303,岡山県倉敷市,消火栓,332020,,倉敷市玉島長尾１８６２,岡山県,倉敷市,,,,133.683543,34.574682,150,公設
332020,0100005304,岡山県倉敷市,消火栓,332020,,倉敷市玉島長尾上之町,岡山県,倉敷市,,,,133.688915,34.574355,200,公設
332020,0100005305,岡山県倉敷市,消火栓,332020,,倉敷市玉島長尾１７２１,岡山県,倉敷市,,,,133.686703,34.574492,200,公設
332020,0100005306,岡山県倉敷市,消火栓,332020,,倉敷市玉島長尾１７２２,岡山県,倉敷市,,,,133.68603,34.574445,150,公設
332020,0100005307,岡山県倉敷市,消火栓,332020,,倉敷市玉島長尾１７８０番地,岡山県,倉敷市,,,,133.685114,34.574094,150,公設
332020,0100005308,岡山県倉敷市,消火栓,332020,,倉敷市玉島長尾１８２４,岡山県,倉敷市,,,,133.683647,34.573718,100,公設
332020,0100005309,岡山県倉敷市,消火栓,332020,,倉敷市玉島長尾４００－６,岡山県,倉敷市,,,,133.691838,34.573049,100,公設
332020,0100005310,岡山県倉敷市,消火栓,332020,,倉敷市玉島長尾３５４－９,岡山県,倉敷市,,,,133.689887,34.572494,100,公設
332020,0100005311,岡山県倉敷市,消火栓,332020,,倉敷市玉島長尾,岡山県,倉敷市,,,,133.689779,34.573632,150,公設
332020,0100005312,岡山県倉敷市,消火栓,332020,,倉敷市玉島長尾,岡山県,倉敷市,,,,133.687448,34.573751,200,公設
332020,0100005313,岡山県倉敷市,消火栓,332020,,倉敷市玉島上成７１番地１　地先,岡山県,倉敷市,,,,133.697529,34.564867,100,公設
332020,0100005314,岡山県倉敷市,消火栓,332020,,倉敷市玉島長尾上之町,岡山県,倉敷市,,,,133.686902,34.573427,200,公設
332020,0100005315,岡山県倉敷市,消火栓,332020,,倉敷市玉島長尾上之町,岡山県,倉敷市,,,,133.686145,34.57307,75,公設
332020,0100005316,岡山県倉敷市,消火栓,332020,,倉敷市玉島長尾上之町,岡山県,倉敷市,,,,133.687823,34.572386,200,公設
332020,0100005317,岡山県倉敷市,消火栓,332020,,倉敷市玉島長尾上之町,岡山県,倉敷市,,,,133.68702,34.571923,150,公設
332020,0100005318,岡山県倉敷市,消火栓,332020,,倉敷市玉島長尾上之町,岡山県,倉敷市,,,,133.686542,34.572471,200,公設
332020,0100005319,岡山県倉敷市,消火栓,332020,,倉敷市玉島長尾上之町,岡山県,倉敷市,,,,133.687077,34.571283,100,公設
332020,0100005320,岡山県倉敷市,消火栓,332020,,倉敷市玉島長尾上之町,岡山県,倉敷市,,,,133.685477,34.572122,200,公設
332020,0100005321,岡山県倉敷市,消火栓,332020,,倉敷市玉島長尾２０６６,岡山県,倉敷市,,,,133.684779,34.572931,100,公設
332020,0100005322,岡山県倉敷市,消火栓,332020,,倉敷市玉島長尾２００９,岡山県,倉敷市,,,,133.683978,34.573021,100,公設
332020,0100005323,岡山県倉敷市,消火栓,332020,,倉敷市玉島長尾２０１８,岡山県,倉敷市,,,,133.683391,34.572328,75,公設
332020,0100005324,岡山県倉敷市,消火栓,332020,,倉敷市玉島上成１１３番地３　地先,岡山県,倉敷市,,,,133.696752,34.563466,150,公設
332020,0100005325,岡山県倉敷市,消火栓,332020,,倉敷市玉島長尾２５１５,岡山県,倉敷市,,,,133.683899,34.572309,75,公設
332020,0100005326,岡山県倉敷市,消火栓,332020,,倉敷市玉島長尾２１４０,岡山県,倉敷市,,,,133.684062,34.571803,75,公設
332020,0100005327,岡山県倉敷市,消火栓,332020,,倉敷市玉島長尾上之町,岡山県,倉敷市,,,,133.685047,34.571651,200,公設
332020,0100005328,岡山県倉敷市,消火栓,332020,,倉敷市玉島長尾宮原,岡山県,倉敷市,,,,133.685453,34.570511,75,公設
332020,0100005329,岡山県倉敷市,消火栓,332020,,倉敷市玉島長尾２２２１番地,岡山県,倉敷市,,,,133.684486,34.570791,75,公設
332020,0100005330,岡山県倉敷市,消火栓,332020,,倉敷市玉島長尾上之町,岡山県,倉敷市,,,,133.68413,34.571101,200,公設
332020,0100005331,岡山県倉敷市,消火栓,332020,,倉敷市玉島長尾下之町,岡山県,倉敷市,,,,133.683469,34.571014,100,公設
332020,0100005332,岡山県倉敷市,消火栓,332020,,倉敷市玉島長尾２４４５,岡山県,倉敷市,,,,133.683264,34.570324,200,公設
332020,0100005333,岡山県倉敷市,消火栓,332020,,倉敷市玉島長尾２４３８,岡山県,倉敷市,,,,133.682511,34.570645,75,公設
332020,0100005334,岡山県倉敷市,消火栓,332020,,倉敷市玉島長尾２４１０,岡山県,倉敷市,,,,133.682622,34.570215,75,公設
332020,0100005335,岡山県倉敷市,消火栓,332020,,倉敷市玉島上成３７３番地,岡山県,倉敷市,,,,133.695691,34.563806,150,公設
332020,0100005337,岡山県倉敷市,消火栓,332020,,倉敷市玉島長尾宮原,岡山県,倉敷市,,,,133.684887,34.569413,75,公設
332020,0100005338,岡山県倉敷市,消火栓,332020,,倉敷市玉島長尾２３４７,岡山県,倉敷市,,,,133.684331,34.56987,100,公設
332020,0100005339,岡山県倉敷市,消火栓,332020,,倉敷市玉島長尾２３９０,岡山県,倉敷市,,,,133.683083,34.569727,200,公設
332020,0100005340,岡山県倉敷市,消火栓,332020,,倉敷市玉島長尾２３２１番地,岡山県,倉敷市,,,,133.683972,34.568938,75,公設
332020,0100005341,岡山県倉敷市,消火栓,332020,,倉敷市玉島長尾２３８６－１,岡山県,倉敷市,,,,133.682708,34.569206,75,公設
332020,0100005342,岡山県倉敷市,消火栓,332020,,倉敷市玉島長尾２６１６番地,岡山県,倉敷市,,,,133.682747,34.568641,200,公設
332020,0100005343,岡山県倉敷市,消火栓,332020,,倉敷市玉島長尾２２８－１,岡山県,倉敷市,,,,133.692469,34.570393,100,公設
332020,0100005344,岡山県倉敷市,消火栓,332020,,倉敷市玉島長尾２４３,岡山県,倉敷市,,,,133.690898,34.570126,100,公設
332020,0100005345,岡山県倉敷市,消火栓,332020,,倉敷市玉島長尾３０３番地７,岡山県,倉敷市,,,,133.688878,34.569801,100,公設
332020,0100005346,岡山県倉敷市,消火栓,332020,,倉敷市玉島上成３３５番地１５　地先,岡山県,倉敷市,,,,133.693654,34.564266,150,公設
332020,0100005347,岡山県倉敷市,消火栓,332020,,倉敷市玉島長尾３００－６,岡山県,倉敷市,,,,133.688434,34.570372,200,公設
332020,0100005348,岡山県倉敷市,消火栓,332020,,倉敷市玉島長尾２７４－５,岡山県,倉敷市,,,,133.687042,34.569491,100,公設
332020,0100005349,岡山県倉敷市,消火栓,332020,,倉敷市玉島長尾５２番地５,岡山県,倉敷市,,,,133.693709,34.568134,150,公設
332020,0100005350,岡山県倉敷市,消火栓,332020,,倉敷市玉島長尾２１２－３,岡山県,倉敷市,,,,133.69172,34.569099,75,公設
332020,0100005351,岡山県倉敷市,消火栓,332020,,倉敷市玉島長尾１９８－２７,岡山県,倉敷市,,,,133.691328,34.568362,100,公設
332020,0100005352,岡山県倉敷市,消火栓,332020,,倉敷市玉島長尾１８７番地１４,岡山県,倉敷市,,,,133.690094,34.56808,100,公設
332020,0100005353,岡山県倉敷市,消火栓,332020,,倉敷市玉島長尾１７７番地６,岡山県,倉敷市,,,,133.688642,34.568469,200,公設
332020,0100005354,岡山県倉敷市,消火栓,332020,,倉敷市玉島長尾１０３番地１,岡山県,倉敷市,,,,133.689067,34.566503,200,公設
332020,0100005355,岡山県倉敷市,消火栓,332020,,倉敷市玉島長尾４８番地４,岡山県,倉敷市,,,,133.693302,34.565304,75,公設
332020,0100005356,岡山県倉敷市,消火栓,332020,,倉敷市玉島長尾４５０番地１４,岡山県,倉敷市,,,,133.690583,34.564824,150,公設
332020,0100005357,岡山県倉敷市,消火栓,332020,,倉敷市玉島上成４４８番地,岡山県,倉敷市,,,,133.692147,34.564972,150,公設
332020,0100005358,岡山県倉敷市,消火栓,332020,,倉敷市玉島長尾２２番地２,岡山県,倉敷市,,,,133.689294,34.564712,300,公設
332020,0100005359,岡山県倉敷市,消火栓,332020,,倉敷市玉島長尾６番地,岡山県,倉敷市,,,,133.687663,34.565563,200,公設
332020,0100005360,岡山県倉敷市,消火栓,332020,,倉敷市玉島長尾２３０５－５,岡山県,倉敷市,,,,133.685129,34.569021,100,公設
332020,0100005361,岡山県倉敷市,消火栓,332020,,倉敷市玉島長尾１４８－２,岡山県,倉敷市,,,,133.684972,34.568014,100,公設
332020,0100005362,岡山県倉敷市,消火栓,332020,,倉敷市玉島長尾２６１８,岡山県,倉敷市,,,,133.681731,34.56842,200,公設
332020,0100005363,岡山県倉敷市,消火栓,332020,,倉敷市玉島長尾２６２８－３,岡山県,倉敷市,,,,133.680851,34.569041,75,公設
332020,0100005364,岡山県倉敷市,消火栓,332020,,倉敷市玉島長尾２６２７,岡山県,倉敷市,,,,133.679618,34.569316,75,公設
332020,0100005365,岡山県倉敷市,消火栓,332020,,倉敷市玉島長尾３０２７番地,岡山県,倉敷市,,,,133.678835,34.572518,100,公設
332020,0100005366,岡山県倉敷市,消火栓,332020,,倉敷市玉島長尾３０００番地,岡山県,倉敷市,,,,133.678619,34.570595,150,公設
332020,0100005368,岡山県倉敷市,消火栓,332020,,倉敷市玉島上成１１３番地９　地先,岡山県,倉敷市,,,,133.69646,34.562343,200,公設
332020,0100005369,岡山県倉敷市,消火栓,332020,,倉敷市玉島長尾２６６９番地,岡山県,倉敷市,,,,133.678437,34.569016,150,公設
332020,0100005370,岡山県倉敷市,消火栓,332020,,倉敷市玉島長尾２９７１番地５,岡山県,倉敷市,,,,133.677683,34.569844,100,公設
332020,0100005371,岡山県倉敷市,消火栓,332020,,倉敷市玉島長尾２９５０番地３,岡山県,倉敷市,,,,133.677255,34.569908,100,公設
332020,0100005372,岡山県倉敷市,消火栓,332020,,倉敷市玉島長尾２６２５番地２,岡山県,倉敷市,,,,133.680392,34.568246,200,公設
332020,0100005373,岡山県倉敷市,消火栓,332020,,倉敷市玉島長尾２６７９番地２,岡山県,倉敷市,,,,133.679253,34.568061,200,公設
332020,0100005374,岡山県倉敷市,消火栓,332020,,倉敷市玉島長尾２６８０,岡山県,倉敷市,,,,133.678825,34.568017,150,公設
332020,0100005375,岡山県倉敷市,消火栓,332020,,倉敷市玉島長尾２７４０番地,岡山県,倉敷市,,,,133.674004,34.569095,75,公設
332020,0100005376,岡山県倉敷市,消火栓,332020,,倉敷市玉島長尾２６８４番地,岡山県,倉敷市,,,,133.677932,34.567854,200,公設
332020,0100005377,岡山県倉敷市,消火栓,332020,,倉敷市玉島長尾２９２８番地２,岡山県,倉敷市,,,,133.676578,34.570249,75,公設
332020,0100005378,岡山県倉敷市,消火栓,332020,,倉敷市玉島長尾２９５３番地,岡山県,倉敷市,,,,133.676516,34.569153,75,公設
332020,0100005379,岡山県倉敷市,消火栓,332020,,倉敷市玉島上成１８１番地,岡山県,倉敷市,,,,133.695823,34.561217,200,公設
332020,0100005380,岡山県倉敷市,消火栓,332020,,倉敷市玉島長尾３２番地５,岡山県,倉敷市,,,,133.690597,34.565987,100,公設
332020,0100005381,岡山県倉敷市,消火栓,332020,,倉敷市玉島長尾１２１３番地１,岡山県,倉敷市,,,,133.683319,34.581691,200,公設
332020,0100005382,岡山県倉敷市,消火栓,332020,,倉敷市玉島長尾６８番地５,岡山県,倉敷市,,,,133.692256,34.566194,75,公設
332020,0100005383,岡山県倉敷市,消火栓,332020,,倉敷市玉島長尾３１６－４,岡山県,倉敷市,,,,133.690011,34.571146,75,公設
332020,0100005384,岡山県倉敷市,消火栓,332020,,倉敷市玉島長尾６３番地７,岡山県,倉敷市,,,,133.692216,34.567081,150,公設
332020,0100005385,岡山県倉敷市,消火栓,332020,,倉敷市玉島長尾２２１番地６,岡山県,倉敷市,,,,133.69302,34.568981,150,公設
332020,0100005386,岡山県倉敷市,消火栓,332020,,倉敷市玉島長尾４８５番地２地先,岡山県,倉敷市,,,,133.693002,34.581253,75,公設
332020,0100005387,岡山県倉敷市,消火栓,332020,,倉敷市玉島長尾,岡山県,倉敷市,,,,133.680412,34.576575,300,公設
332020,0100005388,岡山県倉敷市,消火栓,332020,,倉敷市玉島長尾,岡山県,倉敷市,,,,133.679441,34.574346,150,公設
332020,0100005389,岡山県倉敷市,消火栓,332020,,倉敷市玉島長尾２８９７番地１２,岡山県,倉敷市,,,,133.6767,34.571126,150,公設
332020,0100005390,岡山県倉敷市,消火栓,332020,,倉敷市玉島上成２８６番地２２　地先,岡山県,倉敷市,,,,133.695353,34.560945,100,公設
332020,0100005391,岡山県倉敷市,消火栓,332020,,倉敷市玉島長尾２９９６番地１,岡山県,倉敷市,,,,133.678742,34.571074,150,公設
332020,0100005392,岡山県倉敷市,消火栓,332020,,倉敷市玉島長尾１２８－８,岡山県,倉敷市,,,,133.686945,34.566787,75,公設
332020,0100005393,岡山県倉敷市,消火栓,332020,,倉敷市玉島長尾１１７,岡山県,倉敷市,,,,133.687725,34.568417,75,公設
332020,0100005394,岡山県倉敷市,消火栓,332020,,倉敷市玉島長尾１６７番地１,岡山県,倉敷市,,,,133.688887,34.567446,200,公設
332020,0100005395,岡山県倉敷市,消火栓,332020,,倉敷市玉島長尾３５９３番地３,岡山県,倉敷市,,,,133.679154,34.578073,100,公設
332020,0100005396,岡山県倉敷市,消火栓,332020,,倉敷市玉島長尾１５９０,岡山県,倉敷市,,,,133.684569,34.577111,75,公設
332020,0100005397,岡山県倉敷市,消火栓,332020,,倉敷市玉島長尾,岡山県,倉敷市,,,,133.693183,34.567143,150,公設
332020,0100005398,岡山県倉敷市,消火栓,332020,,倉敷市玉島長尾,岡山県,倉敷市,,,,133.690088,34.575052,200,公設
332020,0100005399,岡山県倉敷市,消火栓,332020,,倉敷市玉島長尾３４２－３,岡山県,倉敷市,,,,133.691921,34.571458,75,公設
332020,0100005400,岡山県倉敷市,消火栓,332020,,倉敷市玉島上成３３４番地４　地先,岡山県,倉敷市,,,,133.693253,34.563495,150,公設
332020,0100005401,岡山県倉敷市,消火栓,332020,,倉敷市玉島上成６０６番地,岡山県,倉敷市,,,,133.692596,34.562377,150,公設
332020,0100005402,岡山県倉敷市,消火栓,332020,,倉敷市玉島上成５９５番地,岡山県,倉敷市,,,,133.691521,34.563017,100,公設
332020,0100005403,岡山県倉敷市,消火栓,332020,,倉敷市玉島上成６２９番地２０　地先,岡山県,倉敷市,,,,133.693556,34.561508,100,公設
332020,0100005404,岡山県倉敷市,消火栓,332020,,倉敷市玉島上成６４８番地８　地先,岡山県,倉敷市,,,,133.692256,34.561791,500,公設
332020,0100005405,岡山県倉敷市,消火栓,332020,,倉敷市玉島上成６５２番地４　地先,岡山県,倉敷市,,,,133.691736,34.561971,400,公設
332020,0100005406,岡山県倉敷市,消火栓,332020,,倉敷市玉島上成７０４番地１　地先,岡山県,倉敷市,,,,133.695157,34.560034,200,公設
332020,0100005407,岡山県倉敷市,消火栓,332020,,倉敷市玉島上成７１７番地４　地先,岡山県,倉敷市,,,,133.6946,34.559087,200,公設
332020,0100005408,岡山県倉敷市,消火栓,332020,,倉敷市玉島上成７１８番地　地先,岡山県,倉敷市,,,,133.693675,34.559422,75,公設
332020,0100005409,岡山県倉敷市,消火栓,332020,,倉敷市玉島上成７２４番地１　地先,岡山県,倉敷市,,,,133.692624,34.559776,100,公設
332020,0100005410,岡山県倉敷市,消火栓,332020,,倉敷市玉島上成６８２番地　地先,岡山県,倉敷市,,,,133.691345,34.560166,500,公設
332020,0100005411,岡山県倉敷市,消火栓,332020,,倉敷市玉島上成８９５番地１９　地先,岡山県,倉敷市,,,,133.695232,34.558305,75,公設
332020,0100005412,岡山県倉敷市,消火栓,332020,,倉敷市玉島上成８５２番地７地先,岡山県,倉敷市,,,,133.693678,34.558724,75,公設
332020,0100005413,岡山県倉敷市,消火栓,332020,,倉敷市玉島上成８７７番地　地先,岡山県,倉敷市,,,,133.69549,34.557344,75,公設
332020,0100005414,岡山県倉敷市,消火栓,332020,,倉敷市玉島上成８６０番地１６　地先,岡山県,倉敷市,,,,133.693891,34.557901,200,公設
332020,0100005415,岡山県倉敷市,消火栓,332020,,倉敷市玉島上成１０２２番地　地先,岡山県,倉敷市,,,,133.69523,34.555805,75,公設
332020,0100005416,岡山県倉敷市,消火栓,332020,,倉敷市玉島上成１０５１番地　地先,岡山県,倉敷市,,,,133.693622,34.556555,75,公設
332020,0100005417,岡山県倉敷市,消火栓,332020,,倉敷市玉島上成１０６４番地　地先,岡山県,倉敷市,,,,133.692559,34.556397,200,公設
332020,0100005418,岡山県倉敷市,消火栓,332020,,倉敷市玉島上成１４２２番地　地先,岡山県,倉敷市,,,,133.691284,34.555351,75,公設
332020,0100005419,岡山県倉敷市,消火栓,332020,,倉敷市玉島上成１１５０番地５,岡山県,倉敷市,,,,133.690871,34.55659,150,公設
332020,0100005420,岡山県倉敷市,消火栓,332020,,倉敷市玉島上成１１５０番地２　地先,岡山県,倉敷市,,,,133.690236,34.555534,75,公設
332020,0100005421,岡山県倉敷市,消火栓,332020,,倉敷市玉島上成１２７５番地３０　地先,岡山県,倉敷市,,,,133.692868,34.554506,75,公設
332020,0100005422,岡山県倉敷市,消火栓,332020,,倉敷市玉島上成１２７５番地２　地先,岡山県,倉敷市,,,,133.692283,34.553938,150,公設
332020,0100005423,岡山県倉敷市,消火栓,332020,,倉敷市玉島上成４９６番地５　地先,岡山県,倉敷市,,,,133.689521,34.564087,300,公設
332020,0100005424,岡山県倉敷市,消火栓,332020,,倉敷市玉島上成４８４番地　地先,岡山県,倉敷市,,,,133.689546,34.563576,75,公設
332020,0100005425,岡山県倉敷市,消火栓,332020,,倉敷市玉島上成４８３番地３　地先,岡山県,倉敷市,,,,133.690058,34.563656,300,公設
332020,0100005426,岡山県倉敷市,消火栓,332020,,倉敷市玉島上成４５３番地６　地先,岡山県,倉敷市,,,,133.689853,34.563287,300,公設
332020,0100005427,岡山県倉敷市,消火栓,332020,,倉敷市玉島上成５８５番地３　地先,岡山県,倉敷市,,,,133.689274,34.562664,300,公設
332020,0100005428,岡山県倉敷市,消火栓,332020,,倉敷市玉島上成５１６番地　地先,岡山県,倉敷市,,,,133.687857,34.564593,150,公設
332020,0100005429,岡山県倉敷市,消火栓,332020,,倉敷市玉島上成５１０番地７　地先,岡山県,倉敷市,,,,133.687773,34.564295,75,公設
332020,0100005430,岡山県倉敷市,消火栓,332020,,倉敷市玉島上成５３８番地１５,岡山県,倉敷市,,,,133.687568,34.563207,100,公設
332020,0100005431,岡山県倉敷市,消火栓,332020,,倉敷市玉島上成５３９番地５　地先,岡山県,倉敷市,,,,133.687089,34.562847,300,公設
332020,0100005432,岡山県倉敷市,消火栓,332020,,倉敷市玉島上成５３９番地７　地先,岡山県,倉敷市,,,,133.686278,34.562764,200,公設
332020,0100005433,岡山県倉敷市,消火栓,332020,,倉敷市玉島上成５５９番地１　地先,岡山県,倉敷市,,,,133.686306,34.561469,200,公設
332020,0100005434,岡山県倉敷市,消火栓,332020,,倉敷市玉島上成７８１番地６　地先,岡山県,倉敷市,,,,133.686422,34.559803,200,公設
332020,0100005435,岡山県倉敷市,消火栓,332020,,倉敷市玉島上成１１２７番地６　地先,岡山県,倉敷市,,,,133.686604,34.557576,200,公設
332020,0100005436,岡山県倉敷市,消火栓,332020,,倉敷市玉島上成１８５０番地１　地先,岡山県,倉敷市,,,,133.686758,34.555973,150,公設
332020,0100005437,岡山県倉敷市,消火栓,332020,,倉敷市玉島上成１４７０番地４　地先,岡山県,倉敷市,,,,133.686878,34.554534,150,公設
332020,0100005438,岡山県倉敷市,消火栓,332020,,倉敷市玉島上成１４６１番地１　地先,岡山県,倉敷市,,,,133.688466,34.555877,75,公設
332020,0100005439,岡山県倉敷市,消火栓,332020,,倉敷市玉島上成８２６番地１　地先,岡山県,倉敷市,,,,133.691919,34.557538,100,公設
332020,0100005440,岡山県倉敷市,消火栓,332020,,倉敷市玉島上成１１３７番地３　地先,岡山県,倉敷市,,,,133.688734,34.55697,150,公設
332020,0100005441,岡山県倉敷市,消火栓,332020,,倉敷市玉島上成１０８７番地６　地先,岡山県,倉敷市,,,,133.689823,34.557241,75,公設
332020,0100005442,岡山県倉敷市,消火栓,332020,,倉敷市玉島上成６８８番地１　地先,岡山県,倉敷市,,,,133.692875,34.56063,100,公設
332020,0100005443,岡山県倉敷市,消火栓,332020,,倉敷市玉島上成４７３番地　地先,岡山県,倉敷市,,,,133.691613,34.56364,75,公設
332020,0100005444,岡山県倉敷市,消火栓,332020,,倉敷市玉島上成３０２番地　地先,岡山県,倉敷市,,,,133.695071,34.562628,100,公設
332020,0100005445,岡山県倉敷市,消火栓,332020,,倉敷市玉島八島２１７５番地　地先,岡山県,倉敷市,,,,133.672042,34.568081,150,公設
332020,0100005446,岡山県倉敷市,消火栓,332020,,倉敷市玉島八島２１６２番地　地先,岡山県,倉敷市,,,,133.672523,34.567353,75,公設
332020,0100005447,岡山県倉敷市,消火栓,332020,,倉敷市玉島八島２１２８番地　地先,岡山県,倉敷市,,,,133.670384,34.567546,150,公設
332020,0100005448,岡山県倉敷市,消火栓,332020,,倉敷市玉島八島１６０４番地２　地先,岡山県,倉敷市,,,,133.669326,34.566095,200,公設
332020,0100005449,岡山県倉敷市,消火栓,332020,,倉敷市玉島八島２０６５番地１　地先,岡山県,倉敷市,,,,133.668575,34.566851,150,公設
332020,0100005450,岡山県倉敷市,消火栓,332020,,倉敷市玉島八島２０３６番地,岡山県,倉敷市,,,,133.667559,34.566504,200,公設
332020,0100005451,岡山県倉敷市,消火栓,332020,,倉敷市玉島八島３４６３番地　地先,岡山県,倉敷市,,,,133.666429,34.566571,100,公設
332020,0100005452,岡山県倉敷市,消火栓,332020,,倉敷市玉島八島１９９０番地１,岡山県,倉敷市,,,,133.665755,34.565904,200,公設
332020,0100005453,岡山県倉敷市,消火栓,332020,,倉敷市玉島八島３４８６番地１　地先,岡山県,倉敷市,,,,133.665168,34.566113,100,公設
332020,0100005454,岡山県倉敷市,消火栓,332020,,倉敷市玉島八島１６５８番地　地先,岡山県,倉敷市,,,,133.665713,34.565016,200,公設
332020,0100005455,岡山県倉敷市,消火栓,332020,,倉敷市玉島八島１９６５番地１２　地先,岡山県,倉敷市,,,,133.664521,34.565529,200,公設
332020,0100005456,岡山県倉敷市,消火栓,332020,,倉敷市玉島八島１９４６番地　地先,岡山県,倉敷市,,,,133.663398,34.56527,100,公設
332020,0100005457,岡山県倉敷市,消火栓,332020,,倉敷市玉島八島１９４７番地５,岡山県,倉敷市,,,,133.663623,34.564396,200,公設
332020,0100005458,岡山県倉敷市,消火栓,332020,,倉敷市玉島八島３４５５番地１,岡山県,倉敷市,,,,133.665651,34.567524,75,公設
332020,0100005459,岡山県倉敷市,消火栓,332020,,倉敷市玉島八島３５４９番地　地先,岡山県,倉敷市,,,,133.664096,34.567459,100,公設
332020,0100005460,岡山県倉敷市,消火栓,332020,,倉敷市玉島八島１５５９番地１　地先,岡山県,倉敷市,,,,133.672695,34.565015,100,公設
332020,0100005461,岡山県倉敷市,消火栓,332020,,倉敷市玉島八島３４９８番地　地先,岡山県,倉敷市,,,,133.663191,34.566429,100,公設
332020,0100005462,岡山県倉敷市,消火栓,332020,,倉敷市玉島八島３４９７番地　地先,岡山県,倉敷市,,,,133.663403,34.566006,100,公設
332020,0100005463,岡山県倉敷市,消火栓,332020,,倉敷市玉島八島３５２８番地　地先,岡山県,倉敷市,,,,133.662314,34.567504,75,公設
332020,0100005464,岡山県倉敷市,消火栓,332020,,倉敷市玉島八島３５０６番地１　地先,岡山県,倉敷市,,,,133.662176,34.566389,100,公設
332020,0100005465,岡山県倉敷市,消火栓,332020,,倉敷市玉島八島４０５８番地,岡山県,倉敷市,,,,133.661029,34.565663,100,公設
332020,0100005466,岡山県倉敷市,消火栓,332020,,倉敷市玉島八島４１１６番地,岡山県,倉敷市,,,,133.659988,34.56623,75,公設
332020,0100005467,岡山県倉敷市,消火栓,332020,,倉敷市玉島八島４１９２番地,岡山県,倉敷市,,,,133.658285,34.565953,100,公設
332020,0100005468,岡山県倉敷市,消火栓,332020,,倉敷市玉島八島４１７１番地,岡山県,倉敷市,,,,133.656937,34.56579,75,公設
332020,0100005469,岡山県倉敷市,消火栓,332020,,倉敷市玉島八島４０６３番地１,岡山県,倉敷市,,,,133.66024,34.565458,100,公設
332020,0100005470,岡山県倉敷市,消火栓,332020,,倉敷市玉島八島４０６９番地,岡山県,倉敷市,,,,133.661554,34.564556,150,公設
332020,0100005471,岡山県倉敷市,消火栓,332020,,倉敷市玉島八島１７１５番地２,岡山県,倉敷市,,,,133.661248,34.563351,200,公設
332020,0100005472,岡山県倉敷市,消火栓,332020,,倉敷市玉島八島４０８９番地,岡山県,倉敷市,,,,133.659145,34.565205,100,公設
332020,0100005473,岡山県倉敷市,消火栓,332020,,倉敷市玉島八島１８７７番地２,岡山県,倉敷市,,,,133.659638,34.564107,150,公設
332020,0100005474,岡山県倉敷市,消火栓,332020,,倉敷市玉島八島１８９０番地,岡山県,倉敷市,,,,133.660262,34.562887,200,公設
332020,0100005475,岡山県倉敷市,消火栓,332020,,倉敷市玉島八島１７３７番地７　地先,岡山県,倉敷市,,,,133.661214,34.561367,100,公設
332020,0100005476,岡山県倉敷市,消火栓,332020,,倉敷市玉島八島４０９５番地１１　地先,岡山県,倉敷市,,,,133.657829,34.564835,100,公設
332020,0100005477,岡山県倉敷市,消火栓,332020,,倉敷市玉島八島１７９８番地６　地先,岡山県,倉敷市,,,,133.658621,34.563405,100,公設
332020,0100005478,岡山県倉敷市,消火栓,332020,,倉敷市玉島八島１７４９番地３　地先,岡山県,倉敷市,,,,133.65963,34.561664,100,公設
332020,0100005479,岡山県倉敷市,消火栓,332020,,倉敷市玉島八島１１４９番地６　地先,岡山県,倉敷市,,,,133.661576,34.558125,75,公設
332020,0100005480,岡山県倉敷市,消火栓,332020,,倉敷市玉島八島６９番地　地先,岡山県,倉敷市,,,,133.663056,34.556482,150,公設
332020,0100005481,岡山県倉敷市,消火栓,332020,,倉敷市玉島八島１７９２番地１　地先,岡山県,倉敷市,,,,133.658578,34.56236,300,公設
332020,0100005482,岡山県倉敷市,消火栓,332020,,倉敷市玉島八島１７９２番地２,岡山県,倉敷市,,,,133.658776,34.561738,100,公設
332020,0100005483,岡山県倉敷市,消火栓,332020,,倉敷市玉島八島１７６０番地　地先,岡山県,倉敷市,,,,133.658532,34.56075,75,公設
332020,0100005484,岡山県倉敷市,消火栓,332020,,倉敷市玉島八島３０７５番地　地先,岡山県,倉敷市,,,,133.656816,34.564618,100,公設
332020,0100005485,岡山県倉敷市,消火栓,332020,,倉敷市玉島八島１８６０番地２　地先,岡山県,倉敷市,,,,133.656333,34.564165,75,公設
332020,0100005486,岡山県倉敷市,消火栓,332020,,倉敷市玉島八島１８１８番地６　地先,岡山県,倉敷市,,,,133.656427,34.563017,100,公設
332020,0100005487,岡山県倉敷市,消火栓,332020,,倉敷市玉島八島１７７４番地　地先,岡山県,倉敷市,,,,133.656776,34.561756,300,公設
332020,0100005488,岡山県倉敷市,消火栓,332020,,倉敷市玉島八島１３８４番地２　地先,岡山県,倉敷市,,,,133.659752,34.556782,150,公設
332020,0100005489,岡山県倉敷市,消火栓,332020,,倉敷市玉島八島８１０番地　地先,岡山県,倉敷市,,,,133.676558,34.557278,150,公設
332020,0100005490,岡山県倉敷市,消火栓,332020,,倉敷市玉島八島７７１番地２　地先,岡山県,倉敷市,,,,133.676457,34.556415,150,公設
332020,0100005491,岡山県倉敷市,消火栓,332020,,倉敷市玉島八島７８０番地５　地先,岡山県,倉敷市,,,,133.675929,34.555301,150,公設
332020,0100005492,岡山県倉敷市,消火栓,332020,,倉敷市玉島八島６５７番地１　地先,岡山県,倉敷市,,,,133.675568,34.55421,150,公設
332020,0100005493,岡山県倉敷市,消火栓,332020,,倉敷市玉島八島７２２番地１　地先,岡山県,倉敷市,,,,133.676045,34.553196,75,公設
332020,0100005494,岡山県倉敷市,消火栓,332020,,倉敷市玉島八島６１７番地４　地先,岡山県,倉敷市,,,,133.673694,34.554069,150,公設
332020,0100005495,岡山県倉敷市,消火栓,332020,,倉敷市玉島八島８９１番地　地先,岡山県,倉敷市,,,,133.672203,34.554571,150,公設
332020,0100005496,岡山県倉敷市,消火栓,332020,,倉敷市玉島八島４２１番地３　地先,岡山県,倉敷市,,,,133.670521,34.554967,150,公設
332020,0100005497,岡山県倉敷市,消火栓,332020,,倉敷市玉島八島４１２番地２　地先,岡山県,倉敷市,,,,133.669349,34.555137,150,公設
332020,0100005498,岡山県倉敷市,消火栓,332020,,倉敷市玉島八島１６６番地１　地先,岡山県,倉敷市,,,,133.667839,34.555502,100,公設
332020,0100005499,岡山県倉敷市,消火栓,332020,,倉敷市玉島八島９７９番地１　地先,岡山県,倉敷市,,,,133.667237,34.556562,75,公設
332020,0100005500,岡山県倉敷市,消火栓,332020,,倉敷市玉島八島１２７番地　地先,岡山県,倉敷市,,,,133.664699,34.55639,100,公設
332020,0100005501,岡山県倉敷市,消火栓,332020,,倉敷市玉島八島１１９番地　地先,岡山県,倉敷市,,,,133.664107,34.556175,150,公設
332020,0100005502,岡山県倉敷市,消火栓,332020,,倉敷市玉島八島２１１番地５　地先,岡山県,倉敷市,,,,133.664539,34.555412,150,公設
332020,0100005503,岡山県倉敷市,消火栓,332020,,倉敷市玉島八島２１１番地５　地先,岡山県,倉敷市,,,,133.664633,34.555335,75,公設
332020,0100005504,岡山県倉敷市,消火栓,332020,,倉敷市玉島八島２４４番地　地先,岡山県,倉敷市,,,,133.664866,34.55481,150,公設
332020,0100005505,岡山県倉敷市,消火栓,332020,,倉敷市玉島八島３６０番地　地先,岡山県,倉敷市,,,,133.665558,34.554349,150,公設
332020,0100005506,岡山県倉敷市,消火栓,332020,,倉敷市玉島八島１０番地１３　地先,岡山県,倉敷市,,,,133.66446,34.553933,75,公設
332020,0100005507,岡山県倉敷市,消火栓,332020,,倉敷市玉島八島２５９番地１　地先,岡山県,倉敷市,,,,133.66557,34.553087,75,公設
332020,0100005508,岡山県倉敷市,消火栓,332020,,倉敷市玉島八島２７５番地１,岡山県,倉敷市,,,,133.667037,34.553652,150,公設
332020,0100005509,岡山県倉敷市,消火栓,332020,,倉敷市玉島八島６８０番地３　地先,岡山県,倉敷市,,,,133.674099,34.553145,75,公設
332020,0100005510,岡山県倉敷市,消火栓,332020,,倉敷市玉島八島６３６番地　地先,岡山県,倉敷市,,,,133.673652,34.552657,150,公設
332020,0100005511,岡山県倉敷市,消火栓,332020,,倉敷市玉島八島５０９番地４　地先,岡山県,倉敷市,,,,133.672323,34.552802,150,公設
332020,0100005512,岡山県倉敷市,消火栓,332020,,倉敷市玉島八島４６６番地　地先,岡山県,倉敷市,,,,133.670336,34.553258,150,公設
332020,0100005513,岡山県倉敷市,消火栓,332020,,倉敷市玉島八島２８０番地５,岡山県,倉敷市,,,,133.66899,34.553581,150,公設
332020,0100005514,岡山県倉敷市,消火栓,332020,,倉敷市玉島八島１５８１番地　地先,岡山県,倉敷市,,,,133.670868,34.566624,75,公設
332020,0100005515,岡山県倉敷市,消火栓,332020,,倉敷市玉島八島７０９番地　地先,岡山県,倉敷市,,,,133.675157,34.552885,150,公設
332020,0100005516,岡山県倉敷市,消火栓,332020,,倉敷市玉島八島８５６番地１　地先,岡山県,倉敷市,,,,133.673776,34.556615,150,公設
332020,0100005517,岡山県倉敷市,消火栓,332020,,倉敷市玉島八島１４４１番地１　地先,岡山県,倉敷市,,,,133.660716,34.559742,100,公設
332020,0100005518,岡山県倉敷市,消火栓,332020,,倉敷市玉島八島１５５番地４　地先,岡山県,倉敷市,,,,133.666301,34.555982,100,公設
332020,0100005519,岡山県倉敷市,消火栓,332020,,倉敷市玉島八島３８７番地２　地先,岡山県,倉敷市,,,,133.667948,34.554514,75,公設
332020,0100005520,岡山県倉敷市,消火栓,332020,,倉敷市玉島八島１４６８番地　地先,岡山県,倉敷市,,,,133.666291,34.563042,100,公設
332020,0100005521,岡山県倉敷市,消火栓,332020,,倉敷市玉島八島１４６８番地　地先,岡山県,倉敷市,,,,133.666892,34.561617,100,公設
332020,0100005522,岡山県倉敷市,消火栓,332020,,倉敷市玉島八島１５２９番地１　地先,岡山県,倉敷市,,,,133.669368,34.562775,250,公設
332020,0100005523,岡山県倉敷市,消火栓,332020,,倉敷市玉島八島１５４３番地１　地先,岡山県,倉敷市,,,,133.67186,34.564554,100,公設
332020,0100005524,岡山県倉敷市,消火栓,332020,,倉敷市玉島八島１５２９番地１　地先,岡山県,倉敷市,,,,133.67023,34.564322,100,公設
332020,0100005525,岡山県倉敷市,消火栓,332020,,倉敷市玉島八島１７６３番地４　地先,岡山県,倉敷市,,,,133.658283,34.55973,100,公設
332020,0100005526,岡山県倉敷市,消火栓,332020,,倉敷市玉島八島１５０７番地１,岡山県,倉敷市,,,,133.667947,34.563656,100,公設
332020,0100005527,岡山県倉敷市,消火栓,332020,,倉敷市玉島八島９５９番地５　地先,岡山県,倉敷市,,,,133.669669,34.556308,150,公設
332020,0100005528,岡山県倉敷市,消火栓,332020,,倉敷市玉島八島１８１番地１　地先,岡山県,倉敷市,,,,133.666703,34.555035,75,公設
332020,0100005529,岡山県倉敷市,消火栓,332020,,倉敷市玉島八島２２０５番地　地先,岡山県,倉敷市,,,,133.671248,34.568856,75,公設
332020,0100005530,岡山県倉敷市,消火栓,332020,,倉敷市玉島八島１４７７番地　地先,岡山県,倉敷市,,,,133.664825,34.562778,100,公設
332020,0100005531,岡山県倉敷市,消火栓,332020,,倉敷市玉島八島１４５４番地１　地先,岡山県,倉敷市,,,,133.66258,34.561851,100,公設
332020,0100005532,岡山県倉敷市,消火栓,332020,,倉敷市玉島八島２４番地１　地先,岡山県,倉敷市,,,,133.662809,34.55531,75,公設
332020,0100005533,岡山県倉敷市,消火栓,332020,,倉敷市玉島八島３３７８番地　地先,岡山県,倉敷市,,,,133.663701,34.568086,75,公設
332020,0100005534,岡山県倉敷市,消火栓,332020,,倉敷市玉島八島８５６番地１　地先,岡山県,倉敷市,,,,133.674754,34.555538,150,公設
332020,0100005535,岡山県倉敷市,消火栓,332020,,倉敷市玉島道越４６番地　地先,岡山県,倉敷市,,,,133.655838,34.561075,100,公設
332020,0100005536,岡山県倉敷市,消火栓,332020,,倉敷市玉島道越２８,岡山県,倉敷市,,,,133.654626,34.56071,150,公設
332020,0100005537,岡山県倉敷市,消火栓,332020,,倉敷市玉島道越１０１番地１９,岡山県,倉敷市,,,,133.655007,34.558906,75,公設
332020,0100005538,岡山県倉敷市,消火栓,332020,,倉敷市玉島道越１０１番地１３　地先,岡山県,倉敷市,,,,133.654113,34.559176,150,公設
332020,0100005539,岡山県倉敷市,消火栓,332020,,倉敷市玉島道越１７０番地　地先,岡山県,倉敷市,,,,133.653871,34.557762,150,公設
332020,0100005540,岡山県倉敷市,消火栓,332020,,倉敷市玉島道越１４４番地４　地先,岡山県,倉敷市,,,,133.654527,34.556303,150,公設
332020,0100005541,岡山県倉敷市,消火栓,332020,,倉敷市玉島道越５８６番地４,岡山県,倉敷市,,,,133.653891,34.556161,200,公設
332020,0100005542,岡山県倉敷市,消火栓,332020,,倉敷市玉島道越２２０番地,岡山県,倉敷市,,,,133.655473,34.554865,200,公設
332020,0100005543,岡山県倉敷市,消火栓,332020,,倉敷市玉島道越１２７９番地２,岡山県,倉敷市,,,,133.654346,34.554232,75,公設
332020,0100005544,岡山県倉敷市,消火栓,332020,,倉敷市玉島道越３０１番地１１　地先,岡山県,倉敷市,,,,133.660281,34.555,150,公設
332020,0100005545,岡山県倉敷市,消火栓,332020,,倉敷市玉島道越３０１番地３０,岡山県,倉敷市,,,,133.66031,34.55447,75,公設
332020,0100005546,岡山県倉敷市,消火栓,332020,,倉敷市玉島道越３０１番地５７　地先,岡山県,倉敷市,,,,133.660569,34.554226,75,公設
332020,0100005547,岡山県倉敷市,消火栓,332020,,倉敷市玉島道越２５０番地３,岡山県,倉敷市,,,,133.658272,34.554354,150,公設
332020,0100005548,岡山県倉敷市,消火栓,332020,,倉敷市玉島道越５０９番地,岡山県,倉敷市,,,,133.656245,34.553701,100,公設
332020,0100005549,岡山県倉敷市,消火栓,332020,,倉敷市玉島道越５０４－１,岡山県,倉敷市,,,,133.656884,34.552474,200,公設
332020,0100005550,岡山県倉敷市,消火栓,332020,,倉敷市玉島道越４５３番地１　地先,岡山県,倉敷市,,,,133.65878,34.550081,200,公設
332020,0100005551,岡山県倉敷市,消火栓,332020,,倉敷市玉島道越５７２番地１,岡山県,倉敷市,,,,133.656202,34.548907,75,公設
332020,0100005552,岡山県倉敷市,消火栓,332020,,倉敷市玉島道越５１１番地３　地先,岡山県,倉敷市,,,,133.654667,34.55331,150,公設
332020,0100005553,岡山県倉敷市,消火栓,332020,,倉敷市玉島道越５１９番地９　地先,岡山県,倉敷市,,,,133.654621,34.552291,75,公設
332020,0100005554,岡山県倉敷市,消火栓,332020,,倉敷市玉島道越１２１３番地　地先,岡山県,倉敷市,,,,133.653246,34.55286,150,公設
332020,0100005555,岡山県倉敷市,消火栓,332020,,倉敷市玉島道越６６０番地１　地先,岡山県,倉敷市,,,,133.652048,34.553356,150,公設
332020,0100005556,岡山県倉敷市,消火栓,332020,,倉敷市玉島道越６２２番地１　地先,岡山県,倉敷市,,,,133.652829,34.551559,75,公設
332020,0100005557,岡山県倉敷市,消火栓,332020,,倉敷市玉島道越６４１番地１　地先,岡山県,倉敷市,,,,133.651664,34.552302,100,公設
332020,0100005558,岡山県倉敷市,消火栓,332020,,倉敷市玉島道越１１４９番地,岡山県,倉敷市,,,,133.650736,34.569883,150,公設
332020,0100005559,岡山県倉敷市,消火栓,332020,,倉敷市玉島道越６６９番地１　地先,岡山県,倉敷市,,,,133.650337,34.551828,150,公設
332020,0100005560,岡山県倉敷市,消火栓,332020,,倉敷市玉島道越１０８８番地　地先,岡山県,倉敷市,,,,133.649107,34.551247,150,公設
332020,0100005561,岡山県倉敷市,消火栓,332020,,倉敷市玉島道越８４０,岡山県,倉敷市,,,,133.647519,34.550529,150,公設
332020,0100005562,岡山県倉敷市,消火栓,332020,,倉敷市玉島道越９４４番地,岡山県,倉敷市,,,,133.644572,34.549576,150,公設
332020,0100005565,岡山県倉敷市,消火栓,332020,,倉敷市玉島道越９５６番地１,岡山県,倉敷市,,,,133.645139,34.54735,75,公設
332020,0100005566,岡山県倉敷市,消火栓,332020,,倉敷市玉島道越９７４番地　地先,岡山県,倉敷市,,,,133.643415,34.548735,150,公設
332020,0100005567,岡山県倉敷市,消火栓,332020,,倉敷市玉島道越２７１番地４,岡山県,倉敷市,,,,133.657325,34.55707,75,公設
332020,0100005568,岡山県倉敷市,消火栓,332020,,倉敷市玉島道越９６番地５,岡山県,倉敷市,,,,133.656195,34.558703,100,公設
332020,0100005569,岡山県倉敷市,消火栓,332020,,倉敷市玉島道越２３９番地５　地先,岡山県,倉敷市,,,,133.657545,34.555536,100,公設
332020,0100005570,岡山県倉敷市,消火栓,332020,,倉敷市玉島道越８８８番地１　地先,岡山県,倉敷市,,,,133.65018,34.546146,150,公設
332020,0100005571,岡山県倉敷市,消火栓,332020,,倉敷市玉島道越７３番地５　地先,岡山県,倉敷市,,,,133.656758,34.559263,100,公設
332020,0100005572,岡山県倉敷市,消火栓,332020,,倉敷市玉島道口５３２４番地６　地先,岡山県,倉敷市,,,,133.645815,34.579768,75,公設
332020,0100005573,岡山県倉敷市,消火栓,332020,,倉敷市玉島道口４９１０番地１　地先,岡山県,倉敷市,,,,133.643394,34.578806,75,公設
332020,0100005574,岡山県倉敷市,消火栓,332020,,倉敷市玉島道口４７３５番地　地先,岡山県,倉敷市,,,,133.638494,34.579053,75,公設
332020,0100005575,岡山県倉敷市,消火栓,332020,,倉敷市玉島道口４７３５番地　地先,岡山県,倉敷市,,,,133.637903,34.57897,75,公設
332020,0100005576,岡山県倉敷市,消火栓,332020,,倉敷市玉島道口５０６０番地　地先,岡山県,倉敷市,,,,133.646478,34.578925,100,公設
332020,0100005577,岡山県倉敷市,消火栓,332020,,倉敷市玉島道口３８７７番地１１　地先,岡山県,倉敷市,,,,133.647001,34.578363,100,公設
332020,0100005578,岡山県倉敷市,消火栓,332020,,倉敷市玉島道口３８３９番地１　地先,岡山県,倉敷市,,,,133.648372,34.578143,100,公設
332020,0100005579,岡山県倉敷市,消火栓,332020,,倉敷市玉島道口５１３８番地　地先,岡山県,倉敷市,,,,133.649528,34.579184,75,公設
332020,0100005580,岡山県倉敷市,消火栓,332020,,倉敷市玉島道口５１８８番地５　地先,岡山県,倉敷市,,,,133.650115,34.578352,100,公設
332020,0100005581,岡山県倉敷市,消火栓,332020,,倉敷市玉島道口３７３６番地１　地先,岡山県,倉敷市,,,,133.650198,34.577875,100,公設
332020,0100005582,岡山県倉敷市,消火栓,332020,,倉敷市玉島道口３８７０番地　地先,岡山県,倉敷市,,,,133.648113,34.577162,75,公設
332020,0100005583,岡山県倉敷市,消火栓,332020,,倉敷市玉島道口３８１１番地１　地先,岡山県,倉敷市,,,,133.648827,34.576733,75,公設
332020,0100005585,岡山県倉敷市,消火栓,332020,,倉敷市玉島道口４０３０番地　地先,岡山県,倉敷市,,,,133.647356,34.575487,75,公設
332020,0100005586,岡山県倉敷市,消火栓,332020,,倉敷市玉島道口３９２９番地　地先,岡山県,倉敷市,,,,133.645843,34.574139,75,公設
332020,0100005587,岡山県倉敷市,消火栓,332020,,倉敷市玉島道口４４４６番地３　地先,岡山県,倉敷市,,,,133.644741,34.573608,150,公設
332020,0100005588,岡山県倉敷市,消火栓,332020,,倉敷市玉島道口１９００番地　地先,岡山県,倉敷市,,,,133.643228,34.57418,75,公設
332020,0100005589,岡山県倉敷市,消火栓,332020,,倉敷市玉島道口４５１１番地　地先,岡山県,倉敷市,,,,133.64241,34.574553,75,公設
332020,0100005590,岡山県倉敷市,消火栓,332020,,倉敷市玉島道口４４１７番地１２,岡山県,倉敷市,,,,133.645435,34.572468,150,公設
332020,0100005591,岡山県倉敷市,消火栓,332020,,倉敷市玉島道口４３５１番地１　地先,岡山県,倉敷市,,,,133.646387,34.572074,75,公設
332020,0100005592,岡山県倉敷市,消火栓,332020,,倉敷市玉島道口１９４２番地７,岡山県,倉敷市,,,,133.645519,34.571134,150,公設
332020,0100005593,岡山県倉敷市,消火栓,332020,,倉敷市玉島道口１９４８番地１,岡山県,倉敷市,,,,133.644921,34.570945,100,公設
332020,0100005594,岡山県倉敷市,消火栓,332020,,倉敷市玉島道口４３２５番地７,岡山県,倉敷市,,,,133.645668,34.56993,150,公設
332020,0100005595,岡山県倉敷市,消火栓,332020,,倉敷市玉島道口１３００番地１　地先,岡山県,倉敷市,,,,133.643838,34.56947,100,公設
332020,0100005596,岡山県倉敷市,消火栓,332020,,倉敷市玉島道口２６８０番地　地先,岡山県,倉敷市,,,,133.646666,34.568764,200,公設
332020,0100005597,岡山県倉敷市,消火栓,332020,,倉敷市玉島道口２７１９番地２　地先,岡山県,倉敷市,,,,133.648726,34.568525,200,公設
332020,0100005598,岡山県倉敷市,消火栓,332020,,倉敷市玉島道口２７２５番地　地先,岡山県,倉敷市,,,,133.650367,34.567862,75,公設
332020,0100005600,岡山県倉敷市,消火栓,332020,,倉敷市玉島道口２４６５番地　地先,岡山県,倉敷市,,,,133.65096,34.565657,150,公設
332020,0100005601,岡山県倉敷市,消火栓,332020,,倉敷市玉島道口２５３１番地　地先,岡山県,倉敷市,,,,133.64941,34.565705,75,公設
332020,0100005602,岡山県倉敷市,消火栓,332020,,倉敷市玉島道口３０６０番地１　地先,岡山県,倉敷市,,,,133.656303,34.565349,75,公設
332020,0100005603,岡山県倉敷市,消火栓,332020,,倉敷市玉島道口３０１１番地２　地先,岡山県,倉敷市,,,,133.655219,34.565273,75,公設
332020,0100005604,岡山県倉敷市,消火栓,332020,,倉敷市玉島道口３０８３番地　地先,岡山県,倉敷市,,,,133.655534,34.564683,100,公設
332020,0100005605,岡山県倉敷市,消火栓,332020,,倉敷市玉島道口２８４４番地　地先,岡山県,倉敷市,,,,133.654736,34.564386,100,公設
332020,0100005606,岡山県倉敷市,消火栓,332020,,倉敷市玉島道口８５番地,岡山県,倉敷市,,,,133.654031,34.56387,300,公設
332020,0100005607,岡山県倉敷市,消火栓,332020,,倉敷市玉島道口８５番地　地先,岡山県,倉敷市,,,,133.653643,34.563951,300,公設
332020,0100005608,岡山県倉敷市,消火栓,332020,,倉敷市玉島道口２７９１番地　地先,岡山県,倉敷市,,,,133.652617,34.564751,150,公設
332020,0100005609,岡山県倉敷市,消火栓,332020,,倉敷市玉島道口１２２番地１　地先,岡山県,倉敷市,,,,133.652078,34.563691,150,公設
332020,0100005610,岡山県倉敷市,消火栓,332020,,倉敷市玉島道口１３２番地５　地先,岡山県,倉敷市,,,,133.650577,34.563954,100,公設
332020,0100005611,岡山県倉敷市,消火栓,332020,,倉敷市玉島道口２５５２番地２,岡山県,倉敷市,,,,133.649132,34.565064,75,公設
332020,0100005612,岡山県倉敷市,消火栓,332020,,倉敷市玉島道口８１番地２　地先,岡山県,倉敷市,,,,133.654437,34.563021,300,公設
332020,0100005613,岡山県倉敷市,消火栓,332020,,倉敷市玉島道口５６番地　地先,岡山県,倉敷市,,,,133.653255,34.562944,200,公設
332020,0100005614,岡山県倉敷市,消火栓,332020,,倉敷市玉島道口２８番地８,岡山県,倉敷市,,,,133.655107,34.561952,300,公設
332020,0100005615,岡山県倉敷市,消火栓,332020,,倉敷市玉島道口３０７番地１　地先,岡山県,倉敷市,,,,133.652306,34.561675,200,公設
332020,0100005616,岡山県倉敷市,消火栓,332020,,倉敷市玉島道口４６８番地　地先,岡山県,倉敷市,,,,133.652621,34.560077,200,公設
332020,0100005617,岡山県倉敷市,消火栓,332020,,倉敷市玉島道口１０番地５,岡山県,倉敷市,,,,133.652791,34.559196,200,公設
332020,0100005618,岡山県倉敷市,消火栓,332020,,倉敷市玉島道口４７３番地３,岡山県,倉敷市,,,,133.652069,34.559393,75,公設
332020,0100005619,岡山県倉敷市,消火栓,332020,,倉敷市玉島道口５２５番地　地先,岡山県,倉敷市,,,,133.653116,34.558219,200,公設
332020,0100005620,岡山県倉敷市,消火栓,332020,,倉敷市玉島道口８１０,岡山県,倉敷市,,,,133.650393,34.557157,75,公設
332020,0100005621,岡山県倉敷市,消火栓,332020,,倉敷市玉島道口８０１番地　地先,岡山県,倉敷市,,,,133.649948,34.556242,75,公設
332020,0100005622,岡山県倉敷市,消火栓,332020,,倉敷市玉島道口５４７番地　地先,岡山県,倉敷市,,,,133.651554,34.55624,100,公設
332020,0100005623,岡山県倉敷市,消火栓,332020,,倉敷市玉島道口６２９番地１０　地先,岡山県,倉敷市,,,,133.652053,34.555105,75,公設
332020,0100005624,岡山県倉敷市,消火栓,332020,,倉敷市玉島道口６３３番地５,岡山県,倉敷市,,,,133.65166,34.555268,75,公設
332020,0100005625,岡山県倉敷市,消火栓,332020,,倉敷市玉島道口６０２番地３　地内,岡山県,倉敷市,,,,133.65318,34.554379,75,公設
332020,0100005626,岡山県倉敷市,消火栓,332020,,倉敷市玉島道口６７１番地１　地先,岡山県,倉敷市,,,,133.649959,34.554111,75,公設
332020,0100005627,岡山県倉敷市,消火栓,332020,,倉敷市玉島道口５１０－１１,岡山県,倉敷市,,,,133.652588,34.558304,75,公設
332020,0100005628,岡山県倉敷市,消火栓,332020,,倉敷市玉島道口６１番地９　地先,岡山県,倉敷市,,,,133.65378,34.562026,75,公設
332020,0100005629,岡山県倉敷市,消火栓,332020,,倉敷市玉島道口６４７番地３　地先,岡山県,倉敷市,,,,133.651357,34.554744,100,公設
332020,0100005630,岡山県倉敷市,消火栓,332020,,倉敷市玉島道口２７６１番地１,岡山県,倉敷市,,,,133.653277,34.565369,200,公設
332020,0100005631,岡山県倉敷市,消火栓,332020,,倉敷市玉島道口２７５４番地１　地先,岡山県,倉敷市,,,,133.651973,34.566546,200,公設
332020,0100005632,岡山県倉敷市,消火栓,332020,,倉敷市玉島道口４３１９番地３　地先,岡山県,倉敷市,,,,133.64657,34.570203,75,公設
332020,0100005633,岡山県倉敷市,消火栓,332020,,倉敷市玉島道口２０３８番地１,岡山県,倉敷市,,,,133.64317,34.570284,75,公設
332020,0100005634,岡山県倉敷市,消火栓,332020,,倉敷市玉島道口１８３９番地５　地先,岡山県,倉敷市,,,,133.640616,34.574489,75,公設
332020,0100005635,岡山県倉敷市,消火栓,332020,,倉敷市玉島道口２８５７－１,岡山県,倉敷市,,,,133.654172,34.565488,75,公設
332020,0100005636,岡山県倉敷市,消火栓,332020,,倉敷市玉島道口２７５４番地１　地先,岡山県,倉敷市,,,,133.651361,34.567093,200,公設
332020,0100005637,岡山県倉敷市,消火栓,332020,,倉敷市玉島富１１５,岡山県,倉敷市,,,,133.635963,34.579532,150,公設
332020,0100005638,岡山県倉敷市,消火栓,332020,,倉敷市玉島富１６１,岡山県,倉敷市,,,,133.634512,34.579718,150,公設
332020,0100005639,岡山県倉敷市,消火栓,332020,,倉敷市玉島富１７５,岡山県,倉敷市,,,,133.633279,34.579854,150,公設
332020,0100005640,岡山県倉敷市,消火栓,332020,,倉敷市玉島富２９５,岡山県,倉敷市,,,,133.633902,34.578181,150,公設
332020,0100005641,岡山県倉敷市,消火栓,332020,,倉敷市玉島富６１３,岡山県,倉敷市,,,,133.632483,34.578147,150,公設
332020,0100005642,岡山県倉敷市,消火栓,332020,,倉敷市玉島富８７８,岡山県,倉敷市,,,,133.631264,34.577649,100,公設
332020,0100005643,岡山県倉敷市,消火栓,332020,,倉敷市玉島富字西谷,岡山県,倉敷市,,,,133.633033,34.576579,75,公設
332020,0100005644,岡山県倉敷市,消火栓,332020,,倉敷市玉島富８５７,岡山県,倉敷市,,,,133.632343,34.576841,100,公設
332020,0100005645,岡山県倉敷市,消火栓,332020,,倉敷市玉島富９８２,岡山県,倉敷市,,,,133.631151,34.576107,75,公設
332020,0100005646,岡山県倉敷市,消火栓,332020,,倉敷市玉島黒崎５２２番地１,岡山県,倉敷市,,,,133.63931,34.529196,75,公設
332020,0100005647,岡山県倉敷市,消火栓,332020,,倉敷市玉島黒崎５８４番地,岡山県,倉敷市,,,,133.639908,34.526855,100,公設
332020,0100005648,岡山県倉敷市,消火栓,332020,,倉敷市玉島黒崎７３０番地,岡山県,倉敷市,,,,133.641748,34.524851,150,公設
332020,0100005649,岡山県倉敷市,消火栓,332020,,倉敷市玉島黒崎１００６番地,岡山県,倉敷市,,,,133.637822,34.523,100,公設
332020,0100005650,岡山県倉敷市,消火栓,332020,,倉敷市玉島黒崎９１３番地１,岡山県,倉敷市,,,,133.63632,34.52111,75,公設
332020,0100005651,岡山県倉敷市,消火栓,332020,,倉敷市玉島黒崎２６８８番地,岡山県,倉敷市,,,,133.637645,34.518184,75,公設
332020,0100005652,岡山県倉敷市,消火栓,332020,,倉敷市玉島黒崎１１９４番地,岡山県,倉敷市,,,,133.635187,34.518773,75,公設
332020,0100005653,岡山県倉敷市,消火栓,332020,,倉敷市玉島黒崎１２９６番地,岡山県,倉敷市,,,,133.634149,34.517125,100,公設
332020,0100005654,岡山県倉敷市,消火栓,332020,,倉敷市玉島黒崎２４４５番地,岡山県,倉敷市,,,,133.636716,34.515889,75,公設
332020,0100005655,岡山県倉敷市,消火栓,332020,,倉敷市玉島黒崎２３９７番地,岡山県,倉敷市,,,,133.635467,34.514767,75,公設
332020,0100005656,岡山県倉敷市,消火栓,332020,,倉敷市玉島黒崎１９１５番地１,岡山県,倉敷市,,,,133.632883,34.515624,75,公設
332020,0100005657,岡山県倉敷市,消火栓,332020,,倉敷市玉島黒崎１４８０番地,岡山県,倉敷市,,,,133.631299,34.517535,75,公設
332020,0100005658,岡山県倉敷市,消火栓,332020,,倉敷市玉島黒崎２７８９番地,岡山県,倉敷市,,,,133.64315,34.524019,150,公設
332020,0100005659,岡山県倉敷市,消火栓,332020,,倉敷市玉島黒崎３０７９番地,岡山県,倉敷市,,,,133.644822,34.523328,150,公設
332020,0100005660,岡山県倉敷市,消火栓,332020,,倉敷市玉島黒崎３１３７番地,岡山県,倉敷市,,,,133.64584,34.522512,150,公設
332020,0100005661,岡山県倉敷市,消火栓,332020,,倉敷市玉島黒崎３０５５番地,岡山県,倉敷市,,,,133.644131,34.522424,75,公設
332020,0100005662,岡山県倉敷市,消火栓,332020,,倉敷市玉島黒崎３１１１番地,岡山県,倉敷市,,,,133.645337,34.522022,75,公設
332020,0100005663,岡山県倉敷市,消火栓,332020,,倉敷市玉島黒崎２９８８番地,岡山県,倉敷市,,,,133.644569,34.521597,75,公設
332020,0100005664,岡山県倉敷市,消火栓,332020,,倉敷市玉島黒崎３０２２番地,岡山県,倉敷市,,,,133.646465,34.521375,150,公設
332020,0100005665,岡山県倉敷市,消火栓,332020,,倉敷市玉島黒崎２９７８番地,岡山県,倉敷市,,,,133.644781,34.520101,75,公設
332020,0100005666,岡山県倉敷市,消火栓,332020,,倉敷市玉島黒崎３１８０番地,岡山県,倉敷市,,,,133.647621,34.519963,150,公設
332020,0100005667,岡山県倉敷市,消火栓,332020,,倉敷市玉島黒崎３１８６番地１,岡山県,倉敷市,,,,133.646811,34.519744,150,公設
332020,0100005668,岡山県倉敷市,消火栓,332020,,倉敷市玉島黒崎３４１２番地,岡山県,倉敷市,,,,133.645606,34.519474,75,公設
332020,0100005669,岡山県倉敷市,消火栓,332020,,倉敷市玉島黒崎３３７３番地,岡山県,倉敷市,,,,133.646243,34.518599,150,公設
332020,0100005670,岡山県倉敷市,消火栓,332020,,倉敷市玉島黒崎３５０８,岡山県,倉敷市,,,,133.645079,34.5177,75,公設
332020,0100005671,岡山県倉敷市,消火栓,332020,,倉敷市玉島黒崎３４８１番地,岡山県,倉敷市,,,,133.645652,34.517361,150,公設
332020,0100005672,岡山県倉敷市,消火栓,332020,,倉敷市玉島黒崎３４９１番地２,岡山県,倉敷市,,,,133.644929,34.517059,75,公設
332020,0100005673,岡山県倉敷市,消火栓,332020,,倉敷市玉島黒崎３９０８番地,岡山県,倉敷市,,,,133.645367,34.516205,150,公設
332020,0100005674,岡山県倉敷市,消火栓,332020,,倉敷市玉島黒崎新町６番地１,岡山県,倉敷市,,,,133.648665,34.515987,150,公設
332020,0100005675,岡山県倉敷市,消火栓,332020,,倉敷市玉島黒崎３２９７番地１,岡山県,倉敷市,,,,133.646212,34.515073,300,公設
332020,0100005676,岡山県倉敷市,消火栓,332020,,倉敷市玉島黒崎新町１０番地１,岡山県,倉敷市,,,,133.650369,34.513889,150,公設
332020,0100005677,岡山県倉敷市,消火栓,332020,,倉敷市玉島黒崎３２６２番地１１,岡山県,倉敷市,,,,133.649032,34.513307,75,公設
332020,0100005678,岡山県倉敷市,消火栓,332020,,倉敷市玉島黒崎３２６９番地５,岡山県,倉敷市,,,,133.647898,34.513314,75,公設
332020,0100005679,岡山県倉敷市,消火栓,332020,,倉敷市玉島黒崎３２９０番地１,岡山県,倉敷市,,,,133.646779,34.513373,250,公設
332020,0100005680,岡山県倉敷市,消火栓,332020,,倉敷市玉島黒崎４２８７番地,岡山県,倉敷市,,,,133.64665,34.513281,75,公設
332020,0100005681,岡山県倉敷市,消火栓,332020,,倉敷市玉島黒崎３２８０番地,岡山県,倉敷市,,,,133.647602,34.512564,150,公設
332020,0100005682,岡山県倉敷市,消火栓,332020,,倉敷市玉島黒崎４３５０番地,岡山県,倉敷市,,,,133.647956,34.511474,250,公設
332020,0100005683,岡山県倉敷市,消火栓,332020,,倉敷市玉島黒崎４４７９番地,岡山県,倉敷市,,,,133.647171,34.510362,75,公設
332020,0100005684,岡山県倉敷市,消火栓,332020,,倉敷市玉島黒崎４４８３番地１,岡山県,倉敷市,,,,133.647919,34.510218,250,公設
332020,0100005685,岡山県倉敷市,消火栓,332020,,倉敷市玉島黒崎４４３１番地,岡山県,倉敷市,,,,133.646746,34.509673,75,公設
332020,0100005686,岡山県倉敷市,消火栓,332020,,倉敷市玉島黒崎４５２２番地,岡山県,倉敷市,,,,133.647185,34.509324,75,公設
332020,0100005687,岡山県倉敷市,消火栓,332020,,倉敷市玉島黒崎４５２６番地,岡山県,倉敷市,,,,133.648193,34.509502,250,公設
332020,0100005688,岡山県倉敷市,消火栓,332020,,倉敷市玉島黒崎４５７５番地１,岡山県,倉敷市,,,,133.64712,34.508835,250,公設
332020,0100005689,岡山県倉敷市,消火栓,332020,,倉敷市玉島黒崎４５９１番地,岡山県,倉敷市,,,,133.647793,34.507191,75,公設
332020,0100005690,岡山県倉敷市,消火栓,332020,,倉敷市玉島黒崎４９３２番地,岡山県,倉敷市,,,,133.644878,34.507747,250,公設
332020,0100005691,岡山県倉敷市,消火栓,332020,,倉敷市玉島黒崎４７３２番地,岡山県,倉敷市,,,,133.6448,34.506351,75,公設
332020,0100005692,岡山県倉敷市,消火栓,332020,,倉敷市玉島黒崎４７２８番地,岡山県,倉敷市,,,,133.644886,34.505103,75,公設
332020,0100005693,岡山県倉敷市,消火栓,332020,,倉敷市玉島黒崎４８０７番地,岡山県,倉敷市,,,,133.642972,34.506767,250,公設
332020,0100005694,岡山県倉敷市,消火栓,332020,,倉敷市玉島黒崎５０７２番地,岡山県,倉敷市,,,,133.641988,34.506329,250,公設
332020,0100005695,岡山県倉敷市,消火栓,332020,,倉敷市玉島黒崎５０７０番地,岡山県,倉敷市,,,,133.642099,34.505634,75,公設
332020,0100005696,岡山県倉敷市,消火栓,332020,,倉敷市玉島黒崎５０８９番地,岡山県,倉敷市,,,,133.640827,34.506003,250,公設
332020,0100005697,岡山県倉敷市,消火栓,332020,,倉敷市玉島黒崎５１６５番地,岡山県,倉敷市,,,,133.639447,34.505986,75,公設
332020,0100005698,岡山県倉敷市,消火栓,332020,,倉敷市玉島黒崎５４６３番地２,岡山県,倉敷市,,,,133.639181,34.505212,250,公設
332020,0100005699,岡山県倉敷市,消火栓,332020,,倉敷市玉島黒崎５５０５番地２,岡山県,倉敷市,,,,133.637326,34.505583,75,公設
332020,0100005700,岡山県倉敷市,消火栓,332020,,倉敷市玉島黒崎５６４０番地２,岡山県,倉敷市,,,,133.637713,34.504655,250,公設
332020,0100005701,岡山県倉敷市,消火栓,332020,,倉敷市玉島黒崎５５４５番地６,岡山県,倉敷市,,,,133.637676,34.502879,75,公設
332020,0100005702,岡山県倉敷市,消火栓,332020,,倉敷市玉島黒崎５５６９番地２,岡山県,倉敷市,,,,133.636562,34.503529,250,公設
332020,0100005703,岡山県倉敷市,消火栓,332020,,倉敷市玉島黒崎５６７５番地,岡山県,倉敷市,,,,133.635728,34.50563,75,公設
332020,0100005704,岡山県倉敷市,消火栓,332020,,倉敷市玉島黒崎５９１７番地７,岡山県,倉敷市,,,,133.635747,34.504941,150,公設
332020,0100005705,岡山県倉敷市,消火栓,332020,,倉敷市玉島黒崎５５８８番地,岡山県,倉敷市,,,,133.635207,34.503942,75,公設
332020,0100005706,岡山県倉敷市,消火栓,332020,,倉敷市玉島黒崎５５８８番地１,岡山県,倉敷市,,,,133.635085,34.503454,250,公設
332020,0100005707,岡山県倉敷市,消火栓,332020,,倉敷市玉島黒崎５８８４番地,岡山県,倉敷市,,,,133.634411,34.505596,150,公設
332020,0100005708,岡山県倉敷市,消火栓,332020,,倉敷市玉島黒崎６１２０番地,岡山県,倉敷市,,,,133.63365,34.50582,100,公設
332020,0100005709,岡山県倉敷市,消火栓,332020,,倉敷市玉島黒崎６１４０番地,岡山県,倉敷市,,,,133.632506,34.506441,75,公設
332020,0100005710,岡山県倉敷市,消火栓,332020,,倉敷市玉島黒崎６０９７番地,岡山県,倉敷市,,,,133.632427,34.505158,150,公設
332020,0100005711,岡山県倉敷市,消火栓,332020,,倉敷市玉島黒崎６０４５番地４,岡山県,倉敷市,,,,133.633325,34.503415,250,公設
332020,0100005712,岡山県倉敷市,消火栓,332020,,倉敷市玉島黒崎６０７２番地２,岡山県,倉敷市,,,,133.631502,34.504143,150,公設
332020,0100005713,岡山県倉敷市,消火栓,332020,,倉敷市玉島黒崎６０７２番地６,岡山県,倉敷市,,,,133.631599,34.503371,250,公設
332020,0100005714,岡山県倉敷市,消火栓,332020,,倉敷市玉島黒崎６５９０番地１,岡山県,倉敷市,,,,133.629999,34.503305,250,公設
332020,0100005715,岡山県倉敷市,消火栓,332020,,倉敷市玉島黒崎６６１８番地,岡山県,倉敷市,,,,133.627055,34.504659,75,公設
332020,0100005716,岡山県倉敷市,消火栓,332020,,倉敷市玉島黒崎６１４７番地,岡山県,倉敷市,,,,133.628496,34.503112,250,公設
332020,0100005717,岡山県倉敷市,消火栓,332020,,倉敷市玉島黒崎６８８９番地６,岡山県,倉敷市,,,,133.626866,34.502342,250,公設
332020,0100005718,岡山県倉敷市,消火栓,332020,,倉敷市玉島黒崎７０２４番地１,岡山県,倉敷市,,,,133.625428,34.501187,250,公設
332020,0100005719,岡山県倉敷市,消火栓,332020,,倉敷市玉島黒崎７１７１番地３,岡山県,倉敷市,,,,133.622151,34.497679,75,公設
332020,0100005720,岡山県倉敷市,消火栓,332020,,倉敷市玉島黒崎７３１０番地３,岡山県,倉敷市,,,,133.621702,34.497625,75,公設
332020,0100005721,岡山県倉敷市,消火栓,332020,,倉敷市玉島黒崎７１６３,岡山県,倉敷市,,,,133.621901,34.49605,75,公設
332020,0100005722,岡山県倉敷市,消火栓,332020,,倉敷市玉島黒崎７３７８番地８,岡山県,倉敷市,,,,133.622122,34.495365,250,公設
332020,0100005723,岡山県倉敷市,消火栓,332020,,倉敷市玉島黒崎７４３６番地,岡山県,倉敷市,,,,133.621018,34.494914,75,公設
332020,0100005724,岡山県倉敷市,消火栓,332020,,倉敷市玉島黒崎７４８２番地２,岡山県,倉敷市,,,,133.620997,34.494264,250,公設
332020,0100005725,岡山県倉敷市,消火栓,332020,,倉敷市玉島黒崎７９２１番地,岡山県,倉敷市,,,,133.615563,34.498102,75,公設
332020,0100005726,岡山県倉敷市,消火栓,332020,,倉敷市玉島黒崎８０６９番地,岡山県,倉敷市,,,,133.616137,34.497274,100,公設
332020,0100005727,岡山県倉敷市,消火栓,332020,,倉敷市玉島黒崎７９６５番,岡山県,倉敷市,,,,133.61627,34.496338,200,公設
332020,0100005728,岡山県倉敷市,消火栓,332020,,倉敷市玉島黒崎８０００番地,岡山県,倉敷市,,,,133.615435,34.495557,200,公設
332020,0100005729,岡山県倉敷市,消火栓,332020,,倉敷市玉島黒崎１０７１９番地,岡山県,倉敷市,,,,133.614019,34.499385,75,公設
332020,0100005730,岡山県倉敷市,消火栓,332020,,倉敷市玉島黒崎１００９０番地１,岡山県,倉敷市,,,,133.613795,34.498303,150,公設
332020,0100005731,岡山県倉敷市,消火栓,332020,,倉敷市玉島黒崎８１８７番地,岡山県,倉敷市,,,,133.613008,34.49637,200,公設
332020,0100005732,岡山県倉敷市,消火栓,332020,,倉敷市玉島黒崎１０００６番地,岡山県,倉敷市,,,,133.611038,34.50006,75,公設
332020,0100005733,岡山県倉敷市,消火栓,332020,,倉敷市玉島黒崎１００５５番地,岡山県,倉敷市,,,,133.611361,34.499081,150,公設
332020,0100005734,岡山県倉敷市,消火栓,332020,,倉敷市玉島黒崎８３１１番地１,岡山県,倉敷市,,,,133.611867,34.498426,75,公設
332020,0100005735,岡山県倉敷市,消火栓,332020,,倉敷市玉島黒崎８５２０番地,岡山県,倉敷市,,,,133.611205,34.496933,100,公設
332020,0100005736,岡山県倉敷市,消火栓,332020,,倉敷市玉島黒崎８４４７番地,岡山県,倉敷市,,,,133.610788,34.498175,75,公設
332020,0100005737,岡山県倉敷市,消火栓,332020,,倉敷市玉島黒崎８６４１番地,岡山県,倉敷市,,,,133.609789,34.497409,100,公設
332020,0100005738,岡山県倉敷市,消火栓,332020,,倉敷市玉島黒崎８７０９番地,岡山県,倉敷市,,,,133.6077,34.497387,100,公設
332020,0100005739,岡山県倉敷市,消火栓,332020,,倉敷市玉島黒崎８７６９番地,岡山県,倉敷市,,,,133.607915,34.495423,75,公設
332020,0100005740,岡山県倉敷市,消火栓,332020,,倉敷市玉島黒崎５５７３番地,岡山県,倉敷市,,,,133.635584,34.502527,150,公設
332020,0100005741,岡山県倉敷市,消火栓,332020,,倉敷市玉島黒崎６０７２番地,岡山県,倉敷市,,,,133.632182,34.502825,150,公設
332020,0100005742,岡山県倉敷市,消火栓,332020,,倉敷市玉島黒崎６５９４番地１１,岡山県,倉敷市,,,,133.628876,34.502325,150,公設
332020,0100005743,岡山県倉敷市,消火栓,332020,,倉敷市玉島黒崎,岡山県,倉敷市,,,,133.642783,34.513513,75,公設
332020,0100005744,岡山県倉敷市,消火栓,332020,,倉敷市玉島黒崎８４３２番地２,岡山県,倉敷市,,,,133.611205,34.495517,75,公設
332020,0100005745,岡山県倉敷市,消火栓,332020,,倉敷市玉島黒崎１２５番地８,岡山県,倉敷市,,,,133.639054,34.533985,100,公設
332020,0100005746,岡山県倉敷市,消火栓,332020,,倉敷市玉島黒崎３００９番地,岡山県,倉敷市,,,,133.646604,34.520449,150,公設
332020,0100005747,岡山県倉敷市,消火栓,332020,,倉敷市玉島黒崎１２９番地３４,岡山県,倉敷市,,,,133.638427,34.53428,75,公設
332020,0100005748,岡山県倉敷市,消火栓,332020,,倉敷市玉島黒崎４９２５番地１１,岡山県,倉敷市,,,,133.646373,34.508305,250,公設
332020,0100005749,岡山県倉敷市,消火栓,332020,,倉敷市玉島黒崎新町１１番地,岡山県,倉敷市,,,,133.649991,34.51654,150,公設
332020,0100005750,岡山県倉敷市,消火栓,332020,,倉敷市玉島黒崎新町３番地１０,岡山県,倉敷市,,,,133.649088,34.514583,200,公設
332020,0100005751,岡山県倉敷市,消火栓,332020,,倉敷市玉島黒崎新町１３番地１０,岡山県,倉敷市,,,,133.650783,34.515287,150,公設
332020,0100005752,岡山県倉敷市,消火栓,332020,,倉敷市玉島黒崎新町１６番地１８,岡山県,倉敷市,,,,133.651801,34.514723,150,公設
332020,0100005753,岡山県倉敷市,消火栓,332020,,倉敷市玉島黒崎新町１８番地８,岡山県,倉敷市,,,,133.652116,34.515796,100,公設
332020,0100005754,岡山県倉敷市,消火栓,332020,,倉敷市玉島黒崎３１９８番地１３,岡山県,倉敷市,,,,133.647716,34.518225,75,公設
332020,0100005755,岡山県倉敷市,消火栓,332020,,倉敷市玉島黒崎新町２番地１,岡山県,倉敷市,,,,133.646819,34.515306,150,公設
332020,0100005756,岡山県倉敷市,消火栓,332020,,倉敷市玉島黒崎新町２番地２,岡山県,倉敷市,,,,133.647909,34.515089,100,公設
332020,0100005757,岡山県倉敷市,消火栓,332020,,倉敷市玉島黒崎新町８番地４,岡山県,倉敷市,,,,133.649586,34.515313,100,公設
332020,0100005758,岡山県倉敷市,消火栓,332020,,倉敷市玉島黒崎新町４番地１,岡山県,倉敷市,,,,133.647608,34.513976,150,公設
332020,0100005762,岡山県倉敷市,消火栓,332020,,倉敷市玉島陶３１１４番地,岡山県,倉敷市,,,,133.684755,34.600236,75,公設
332020,0100005763,岡山県倉敷市,消火栓,332020,,倉敷市玉島陶２６０番地３,岡山県,倉敷市,,,,133.684626,34.599258,75,公設
332020,0100005764,岡山県倉敷市,消火栓,332020,,倉敷市玉島陶４３番地,岡山県,倉敷市,,,,133.685368,34.598448,75,公設
332020,0100005765,岡山県倉敷市,消火栓,332020,,倉敷市玉島陶３０６番地２,岡山県,倉敷市,,,,133.685948,34.59699,75,公設
332020,0100005766,岡山県倉敷市,消火栓,332020,,倉敷市玉島陶１３１８番地,岡山県,倉敷市,,,,133.679794,34.600331,150,公設
332020,0100005767,岡山県倉敷市,消火栓,332020,,倉敷市玉島陶１３７０番地,岡山県,倉敷市,,,,133.680101,34.598211,150,公設
332020,0100005768,岡山県倉敷市,消火栓,332020,,倉敷市玉島陶１６３７番地,岡山県,倉敷市,,,,133.679603,34.596658,150,公設
332020,0100005769,岡山県倉敷市,消火栓,332020,,倉敷市玉島陶１２４５番地,岡山県,倉敷市,,,,133.679183,34.59531,150,公設
332020,0100005770,岡山県倉敷市,消火栓,332020,,倉敷市玉島陶１４１６番地,岡山県,倉敷市,,,,133.678332,34.597973,75,公設
332020,0100005771,岡山県倉敷市,消火栓,332020,,倉敷市玉島陶１６３０番地,岡山県,倉敷市,,,,133.678007,34.596753,150,公設
332020,0100005772,岡山県倉敷市,消火栓,332020,,倉敷市玉島陶１７５８番地,岡山県,倉敷市,,,,133.676742,34.59669,75,公設
332020,0100005773,岡山県倉敷市,消火栓,332020,,倉敷市玉島陶１７９２番地,岡山県,倉敷市,,,,133.677675,34.595458,150,公設
332020,0100005774,岡山県倉敷市,消火栓,332020,,倉敷市玉島陶１７０７番地,岡山県,倉敷市,,,,133.676568,34.593849,150,公設
332020,0100005775,岡山県倉敷市,消火栓,332020,,倉敷市玉島陶４４６番地,岡山県,倉敷市,,,,133.682275,34.591553,100,公設
332020,0100005776,岡山県倉敷市,消火栓,332020,,倉敷市玉島陶５２９番地,岡山県,倉敷市,,,,133.681314,34.591068,200,公設
332020,0100005777,岡山県倉敷市,消火栓,332020,,倉敷市玉島陶１１３８番地１,岡山県,倉敷市,,,,133.679082,34.59206,150,公設
332020,0100005778,岡山県倉敷市,消火栓,332020,,倉敷市玉島陶７３５番地,岡山県,倉敷市,,,,133.677104,34.588654,250,公設
332020,0100005779,岡山県倉敷市,消火栓,332020,,倉敷市玉島陶１８３４番地,岡山県,倉敷市,,,,133.676073,34.592068,75,公設
332020,0100005780,岡山県倉敷市,消火栓,332020,,倉敷市玉島陶１８５０番地９,岡山県,倉敷市,,,,133.675175,34.590296,150,公設
332020,0100005781,岡山県倉敷市,消火栓,332020,,倉敷市玉島陶１９２６番地,岡山県,倉敷市,,,,133.673057,34.58967,150,公設
332020,0100005782,岡山県倉敷市,消火栓,332020,,倉敷市玉島陶１９４２番地,岡山県,倉敷市,,,,133.673388,34.588869,75,公設
332020,0100005783,岡山県倉敷市,消火栓,332020,,倉敷市玉島陶１０６２番地１,岡山県,倉敷市,,,,133.672667,34.587899,75,公設
332020,0100005784,岡山県倉敷市,消火栓,332020,,倉敷市玉島陶１９６２番地,岡山県,倉敷市,,,,133.670886,34.588746,150,公設
332020,0100005785,岡山県倉敷市,消火栓,332020,,倉敷市玉島陶２２５５番地２,岡山県,倉敷市,,,,133.669219,34.589027,150,公設
332020,0100005786,岡山県倉敷市,消火栓,332020,,倉敷市玉島陶２１９８番地１,岡山県,倉敷市,,,,133.667585,34.588422,100,公設
332020,0100005787,岡山県倉敷市,消火栓,332020,,倉敷市玉島陶２１９３番地,岡山県,倉敷市,,,,133.666982,34.587452,150,公設
332020,0100005788,岡山県倉敷市,消火栓,332020,,倉敷市玉島陶２５７４番地１,岡山県,倉敷市,,,,133.667809,34.586041,75,公設
332020,0100005789,岡山県倉敷市,消火栓,332020,,倉敷市玉島陶２５８６,岡山県,倉敷市,,,,133.666601,34.58522,150,公設
332020,0100005790,岡山県倉敷市,消火栓,332020,,倉敷市玉島陶２６２５－７,岡山県,倉敷市,,,,133.665527,34.583226,150,公設
332020,0100005791,岡山県倉敷市,消火栓,332020,,倉敷市玉島陶,岡山県,倉敷市,,,,133.665063,34.582404,150,公設
332020,0100005792,岡山県倉敷市,消火栓,332020,,倉敷市玉島陶字石間崎,岡山県,倉敷市,,,,133.663826,34.581292,150,公設
332020,0100005793,岡山県倉敷市,消火栓,332020,,倉敷市玉島陶２９０５番地,岡山県,倉敷市,,,,133.664422,34.581078,75,公設
332020,0100005794,岡山県倉敷市,消火栓,332020,,倉敷市玉島陶,岡山県,倉敷市,,,,133.661973,34.580882,150,公設
332020,0100005795,岡山県倉敷市,消火栓,332020,,倉敷市玉島陶４２６５番地１,岡山県,倉敷市,,,,133.656781,34.5798,75,公設
332020,0100005796,岡山県倉敷市,消火栓,332020,,倉敷市玉島陶５５１５番地１,岡山県,倉敷市,,,,133.65483,34.606224,150,公設
332020,0100005797,岡山県倉敷市,消火栓,332020,,倉敷市玉島陶５４７６番地１,岡山県,倉敷市,,,,133.647416,34.604547,150,公設
332020,0100005798,岡山県倉敷市,消火栓,332020,,倉敷市玉島陶５５４７番地,岡山県,倉敷市,,,,133.65822,34.60232,75,公設
332020,0100005799,岡山県倉敷市,消火栓,332020,,倉敷市玉島陶５４２６番地,岡山県,倉敷市,,,,133.651496,34.600691,75,公設
332020,0100005800,岡山県倉敷市,消火栓,332020,,倉敷市玉島陶３８１７番地１,岡山県,倉敷市,,,,133.662313,34.587392,75,公設
332020,0100005801,岡山県倉敷市,消火栓,332020,,倉敷市玉島陶３６３３番地,岡山県,倉敷市,,,,133.663236,34.585458,75,公設
332020,0100005802,岡山県倉敷市,消火栓,332020,,倉敷市玉島陶３９７２番地,岡山県,倉敷市,,,,133.65694,34.585111,150,公設
332020,0100005803,岡山県倉敷市,消火栓,332020,,倉敷市玉島陶４０２６番地,岡山県,倉敷市,,,,133.656016,34.584544,150,公設
332020,0100005804,岡山県倉敷市,消火栓,332020,,倉敷市玉島陶４４８３,岡山県,倉敷市,,,,133.654693,34.583469,100,公設
332020,0100005805,岡山県倉敷市,消火栓,332020,,倉敷市玉島陶４６１６番地,岡山県,倉敷市,,,,133.653173,34.584277,100,公設
332020,0100005806,岡山県倉敷市,消火栓,332020,,倉敷市玉島陶４５８１番地１,岡山県,倉敷市,,,,133.651468,34.585817,75,公設
332020,0100005807,岡山県倉敷市,消火栓,332020,,倉敷市玉島陶４５５８,岡山県,倉敷市,,,,133.651513,34.585274,75,公設
332020,0100005808,岡山県倉敷市,消火栓,332020,,倉敷市玉島陶４５６０番地,岡山県,倉敷市,,,,133.65139,34.584852,75,公設
332020,0100005809,岡山県倉敷市,消火栓,332020,,倉敷市玉島陶２１９番地,岡山県,倉敷市,,,,133.685954,34.597862,75,公設
332020,0100005810,岡山県倉敷市,消火栓,332020,,倉敷市玉島陶１１９１番地,岡山県,倉敷市,,,,133.678723,34.593574,150,公設
332020,0100005811,岡山県倉敷市,消火栓,332020,,倉敷市玉島陶,岡山県,倉敷市,,,,133.655408,34.576888,75,公設
332020,0100005812,岡山県倉敷市,消火栓,332020,,倉敷市玉島陶８５６番地１,岡山県,倉敷市,,,,133.676156,34.587753,100,公設
332020,0100005813,岡山県倉敷市,消火栓,332020,,倉敷市玉島陶６８８番１号地先,岡山県,倉敷市,,,,133.677364,34.591814,150,公設
332020,0100005814,岡山県倉敷市,消火栓,332020,,倉敷市玉島服部２０４９番地,岡山県,倉敷市,,,,133.680211,34.610002,150,公設
332020,0100005815,岡山県倉敷市,消火栓,332020,,倉敷市玉島服部２３３９番地,岡山県,倉敷市,,,,133.682887,34.610203,75,公設
332020,0100005816,岡山県倉敷市,消火栓,332020,,倉敷市玉島服部２１４７番地,岡山県,倉敷市,,,,133.680884,34.607476,150,公設
332020,0100005817,岡山県倉敷市,消火栓,332020,,倉敷市玉島服部２１５６番地,岡山県,倉敷市,,,,133.680857,34.606371,150,公設
332020,0100005818,岡山県倉敷市,消火栓,332020,,倉敷市玉島服部３２８６番地１,岡山県,倉敷市,,,,133.680503,34.604423,150,公設
332020,0100005819,岡山県倉敷市,消火栓,332020,,倉敷市玉島服部３１４０番地,岡山県,倉敷市,,,,133.684261,34.601983,75,公設
332020,0100005820,岡山県倉敷市,消火栓,332020,,倉敷市玉島服部３７８２番地,岡山県,倉敷市,,,,133.664227,34.608214,100,公設
332020,0100005821,岡山県倉敷市,消火栓,332020,,倉敷市玉島服部３５８４番地,岡山県,倉敷市,,,,133.658048,34.608107,200,公設
332020,0100005822,岡山県倉敷市,消火栓,332020,,倉敷市船穂町柳井原４６１－１,岡山県,倉敷市,,,,133.720044,34.613752,75,公設
332020,0100005823,岡山県倉敷市,消火栓,332020,,倉敷市船穂町柳井原４６６番地２,岡山県,倉敷市,,,,133.72055,34.612916,100,公設
332020,0100005824,岡山県倉敷市,消火栓,332020,,倉敷市船穂町柳井原４９７番地,岡山県,倉敷市,,,,133.721831,34.612664,75,公設
332020,0100005825,岡山県倉敷市,消火栓,332020,,倉敷市船穂町柳井原８２２番地,岡山県,倉敷市,,,,133.717273,34.612402,100,公設
332020,0100005826,岡山県倉敷市,消火栓,332020,,倉敷市船穂町柳井原６４２,岡山県,倉敷市,,,,133.718759,34.612362,100,公設
332020,0100005827,岡山県倉敷市,消火栓,332020,,倉敷市船穂町柳井原９２３番地,岡山県,倉敷市,,,,133.714541,34.613292,75,公設
332020,0100005828,岡山県倉敷市,消火栓,332020,,倉敷市船穂町柳井原２３０７－１,岡山県,倉敷市,,,,133.715748,34.612853,100,公設
332020,0100005829,岡山県倉敷市,消火栓,332020,,倉敷市船穂町柳井原１４０７番地,岡山県,倉敷市,,,,133.716968,34.608762,75,公設
332020,0100005830,岡山県倉敷市,消火栓,332020,,倉敷市船穂町柳井原１３８９番地,岡山県,倉敷市,,,,133.717248,34.609277,75,公設
332020,0100005831,岡山県倉敷市,消火栓,332020,,倉敷市船穂町柳井原１３２２,岡山県,倉敷市,,,,133.717988,34.610275,100,公設
332020,0100005832,岡山県倉敷市,消火栓,332020,,倉敷市船穂町柳井原１９３６,岡山県,倉敷市,,,,133.723103,34.609206,200,公設
332020,0100005833,岡山県倉敷市,消火栓,332020,,倉敷市船穂町柳井原２１９８番地,岡山県,倉敷市,,,,133.724562,34.607268,100,公設
332020,0100005834,岡山県倉敷市,消火栓,332020,,倉敷市船穂町柳井原２２１７番地,岡山県,倉敷市,,,,133.725313,34.608997,75,公設
332020,0100005835,岡山県倉敷市,消火栓,332020,,倉敷市船穂町水江６９番地３,岡山県,倉敷市,,,,133.726949,34.602496,150,公設
332020,0100005836,岡山県倉敷市,消火栓,332020,,倉敷市船穂町水江１８２番地１,岡山県,倉敷市,,,,133.725491,34.602752,150,公設
332020,0100005837,岡山県倉敷市,消火栓,332020,,倉敷市船穂町水江３１１,岡山県,倉敷市,,,,133.724606,34.603105,150,公設
332020,0100005838,岡山県倉敷市,消火栓,332020,,倉敷市船穂町水江３７６番地２,岡山県,倉敷市,,,,133.725028,34.599636,150,公設
332020,0100005839,岡山県倉敷市,消火栓,332020,,倉敷市船穂町水江３８２番地,岡山県,倉敷市,,,,133.724129,34.599111,150,公設
332020,0100005840,岡山県倉敷市,消火栓,332020,,倉敷市船穂町水江９３８－３,岡山県,倉敷市,,,,133.71901,34.596077,100,公設
332020,0100005841,岡山県倉敷市,消火栓,332020,,倉敷市船穂町水江１３１６,岡山県,倉敷市,,,,133.717737,34.595192,200,公設
332020,0100005842,岡山県倉敷市,消火栓,332020,,倉敷市船穂町水江１３９０,岡山県,倉敷市,,,,133.716404,34.594442,200,公設
332020,0100005843,岡山県倉敷市,消火栓,332020,,倉敷市船穂町水江１２５０番地,岡山県,倉敷市,,,,133.715767,34.593936,200,公設
332020,0100005844,岡山県倉敷市,消火栓,332020,,倉敷市船穂町船穂３０６７番地,岡山県,倉敷市,,,,133.714751,34.593006,200,公設
332020,0100005845,岡山県倉敷市,消火栓,332020,,倉敷市船穂町船穂３０５３番地３,岡山県,倉敷市,,,,133.713804,34.591913,200,公設
332020,0100005846,岡山県倉敷市,消火栓,332020,,倉敷市船穂町水江１２７３－１９,岡山県,倉敷市,,,,133.716367,34.595079,100,公設
332020,0100005847,岡山県倉敷市,消火栓,332020,,倉敷市船穂町水江１１１１番地,岡山県,倉敷市,,,,133.714973,34.596402,75,公設
332020,0100005848,岡山県倉敷市,消火栓,332020,,倉敷市船穂町水江１２８５番地,岡山県,倉敷市,,,,133.715655,34.595442,100,公設
332020,0100005849,岡山県倉敷市,消火栓,332020,,倉敷市船穂町水江１２５２－１,岡山県,倉敷市,,,,133.715475,34.594507,75,公設
332020,0100005850,岡山県倉敷市,消火栓,332020,,倉敷市船穂町水江１２０７番地,岡山県,倉敷市,,,,133.71423,34.594257,75,公設
332020,0100005851,岡山県倉敷市,消火栓,332020,,倉敷市船穂町船穂３１１１番地,岡山県,倉敷市,,,,133.713468,34.593623,75,公設
332020,0100005852,岡山県倉敷市,消火栓,332020,,倉敷市船穂町船穂３４２１番地１,岡山県,倉敷市,,,,133.710637,34.592196,100,公設
332020,0100005853,岡山県倉敷市,消火栓,332020,,倉敷市船穂町船穂３８３３番地,岡山県,倉敷市,,,,133.709907,34.593591,100,公設
332020,0100005854,岡山県倉敷市,消火栓,332020,,倉敷市船穂町船穂３８５５番地,岡山県,倉敷市,,,,133.709306,34.593242,100,公設
332020,0100005855,岡山県倉敷市,消火栓,332020,,倉敷市船穂町船穂３８２８番地６,岡山県,倉敷市,,,,133.709423,34.59251,75,公設
332020,0100005856,岡山県倉敷市,消火栓,332020,,倉敷市船穂町船穂３８４２番地,岡山県,倉敷市,,,,133.709243,34.594086,75,公設
332020,0100005857,岡山県倉敷市,消火栓,332020,,倉敷市船穂町水江３１９２－３,岡山県,倉敷市,,,,133.712725,34.598817,75,公設
332020,0100005858,岡山県倉敷市,消火栓,332020,,倉敷市船穂町船穂１１７５番地,岡山県,倉敷市,,,,133.714133,34.597144,75,公設
332020,0100005859,岡山県倉敷市,消火栓,332020,,倉敷市船穂町船穂４３２,岡山県,倉敷市,,,,133.702208,34.592014,100,公設
332020,0100005860,岡山県倉敷市,消火栓,332020,,倉敷市船穂町船穂４４２５,岡山県,倉敷市,,,,133.704123,34.590114,100,公設
332020,0100005861,岡山県倉敷市,消火栓,332020,,倉敷市船穂町船穂４４８３番地,岡山県,倉敷市,,,,133.702883,34.591094,100,公設
332020,0100005862,岡山県倉敷市,消火栓,332020,,倉敷市船穂町船穂２７５３－４,岡山県,倉敷市,,,,133.704955,34.588901,150,公設
332020,0100005863,岡山県倉敷市,消火栓,332020,,倉敷市船穂町船穂２７５７番地,岡山県,倉敷市,,,,133.705531,34.587576,150,公設
332020,0100005864,岡山県倉敷市,消火栓,332020,,倉敷市船穂町船穂２７７６－４,岡山県,倉敷市,,,,133.707129,34.588243,75,公設
332020,0100005865,岡山県倉敷市,消火栓,332020,,倉敷市船穂町船穂３５５７番地６,岡山県,倉敷市,,,,133.705268,34.589263,75,公設
332020,0100005866,岡山県倉敷市,消火栓,332020,,倉敷市船穂町船穂３５８１－６,岡山県,倉敷市,,,,133.704978,34.590381,100,公設
332020,0100005867,岡山県倉敷市,消火栓,332020,,倉敷市船穂町船穂３５８２－４,岡山県,倉敷市,,,,133.704544,34.590828,75,公設
332020,0100005868,岡山県倉敷市,消火栓,332020,,倉敷市船穂町船穂３５４８番地,岡山県,倉敷市,,,,133.707549,34.589794,75,公設
332020,0100005869,岡山県倉敷市,消火栓,332020,,倉敷市船穂町船穂３６７５,岡山県,倉敷市,,,,133.706405,34.590006,75,公設
332020,0100005870,岡山県倉敷市,消火栓,332020,,倉敷市船穂町船穂３５５１番地７,岡山県,倉敷市,,,,133.706273,34.58957,75,公設
332020,0100005871,岡山県倉敷市,消火栓,332020,,倉敷市船穂町船穂１０番地９,岡山県,倉敷市,,,,133.713057,34.590912,200,公設
332020,0100005872,岡山県倉敷市,消火栓,332020,,倉敷市船穂町船穂３０００番地,岡山県,倉敷市,,,,133.712236,34.58964,200,公設
332020,0100005873,岡山県倉敷市,消火栓,332020,,倉敷市船穂町船穂２９６５番地,岡山県,倉敷市,,,,133.711468,34.588495,200,公設
332020,0100005874,岡山県倉敷市,消火栓,332020,,倉敷市船穂町船穂２９９１番地１,岡山県,倉敷市,,,,133.710684,34.589057,75,公設
332020,0100005875,岡山県倉敷市,消火栓,332020,,倉敷市船穂町船穂２８５６－６,岡山県,倉敷市,,,,133.709554,34.587276,75,公設
332020,0100005876,岡山県倉敷市,消火栓,332020,,倉敷市船穂町船穂３４２５番地,岡山県,倉敷市,,,,133.710288,34.590783,100,公設
332020,0100005877,岡山県倉敷市,消火栓,332020,,倉敷市船穂町船穂２９９２番地１,岡山県,倉敷市,,,,133.710261,34.58917,75,公設
332020,0100005878,岡山県倉敷市,消火栓,332020,,倉敷市船穂町船穂２７９２－２,岡山県,倉敷市,,,,133.70933,34.589907,75,公設
332020,0100005879,岡山県倉敷市,消火栓,332020,,倉敷市船穂町船穂１６９０－１,岡山県,倉敷市,,,,133.70804,34.58354,75,公設
332020,0100005880,岡山県倉敷市,消火栓,332020,,倉敷市船穂町船穂２９２０番地,岡山県,倉敷市,,,,133.709704,34.585859,200,公設
332020,0100005881,岡山県倉敷市,消火栓,332020,,倉敷市船穂町船穂２９０３番地,岡山県,倉敷市,,,,133.708332,34.58505,200,公設
332020,0100005882,岡山県倉敷市,消火栓,332020,,倉敷市船穂町船穂２８５６番地１,岡山県,倉敷市,,,,133.708316,34.586653,75,公設
332020,0100005883,岡山県倉敷市,消火栓,332020,,倉敷市船穂町船穂２９４２番地２,岡山県,倉敷市,,,,133.710771,34.587206,200,公設
332020,0100005884,岡山県倉敷市,消火栓,332020,,倉敷市船穂町船穂８２番地,岡山県,倉敷市,,,,133.709578,34.584712,100,公設
332020,0100005886,岡山県倉敷市,消火栓,332020,,倉敷市船穂町船穂６０地６,岡山県,倉敷市,,,,133.710942,34.585647,75,公設
332020,0100005888,岡山県倉敷市,消火栓,332020,,倉敷市船穂町船穂６９４３番地２,岡山県,倉敷市,,,,133.690975,34.592973,150,公設
332020,0100005889,岡山県倉敷市,消火栓,332020,,倉敷市船穂町船穂６６２０番地,岡山県,倉敷市,,,,133.692202,34.592047,75,公設
332020,0100005891,岡山県倉敷市,消火栓,332020,,倉敷市船穂町船穂７６５４番地,岡山県,倉敷市,,,,133.687262,34.590229,75,公設
332020,0100005892,岡山県倉敷市,消火栓,332020,,倉敷市船穂町船穂７６９１番地,岡山県,倉敷市,,,,133.687106,34.588909,75,公設
332020,0100005893,岡山県倉敷市,消火栓,332020,,倉敷市船穂町船穂７７２７番地,岡山県,倉敷市,,,,133.689754,34.588966,75,公設
332020,0100005894,岡山県倉敷市,消火栓,332020,,倉敷市船穂町船穂７７４９番地,岡山県,倉敷市,,,,133.688462,34.590042,75,公設
332020,0100005895,岡山県倉敷市,消火栓,332020,,倉敷市船穂町船穂７１５１番地３,岡山県,倉敷市,,,,133.686947,34.586873,50,公設
332020,0100005896,岡山県倉敷市,消火栓,332020,,倉敷市船穂町船穂５３７１番地,岡山県,倉敷市,,,,133.69939,34.589662,100,公設
332020,0100005897,岡山県倉敷市,消火栓,332020,,倉敷市船穂町船穂５６９９番地,岡山県,倉敷市,,,,133.697697,34.589584,100,公設
332020,0100005898,岡山県倉敷市,消火栓,332020,,倉敷市船穂町船穂４９３６－１,岡山県,倉敷市,,,,133.69815,34.590872,75,公設
332020,0100005899,岡山県倉敷市,消火栓,332020,,倉敷市船穂町船穂４６９７番地,岡山県,倉敷市,,,,133.699022,34.592799,75,公設
332020,0100005900,岡山県倉敷市,消火栓,332020,,倉敷市船穂町船穂５０７６番地,岡山県,倉敷市,,,,133.698881,34.591964,75,公設
332020,0100005901,岡山県倉敷市,消火栓,332020,,倉敷市船穂町船穂５３３４－２,岡山県,倉敷市,,,,133.703261,34.588312,100,公設
332020,0100005902,岡山県倉敷市,消火栓,332020,,倉敷市船穂町船穂５３３７－２,岡山県,倉敷市,,,,133.702354,34.588905,100,公設
332020,0100005903,岡山県倉敷市,消火栓,332020,,倉敷市船穂町船穂５１７０番地,岡山県,倉敷市,,,,133.700751,34.589309,100,公設
332020,0100005904,岡山県倉敷市,消火栓,332020,,倉敷市船穂町船穂８００６番地,岡山県,倉敷市,,,,133.682707,34.588211,100,公設
332020,0100005905,岡山県倉敷市,消火栓,332020,,倉敷市船穂町船穂８００４－１１,岡山県,倉敷市,,,,133.682588,34.587218,75,公設
332020,0100005906,岡山県倉敷市,消火栓,332020,,倉敷市船穂町船穂７９８４番地２,岡山県,倉敷市,,,,133.682504,34.586401,75,公設
332020,0100005907,岡山県倉敷市,消火栓,332020,,倉敷市船穂町船穂２５９７番地,岡山県,倉敷市,,,,133.701939,34.585413,200,公設
332020,0100005908,岡山県倉敷市,消火栓,332020,,倉敷市船穂町船穂２５７４番地１５,岡山県,倉敷市,,,,133.701131,34.586771,100,公設
332020,0100005909,岡山県倉敷市,消火栓,332020,,倉敷市船穂町船穂２５７１番地３,岡山県,倉敷市,,,,133.699865,34.586751,100,公設
332020,0100005910,岡山県倉敷市,消火栓,332020,,倉敷市船穂町船穂２５３３番地,岡山県,倉敷市,,,,133.700164,34.585742,100,公設
332020,0100005911,岡山県倉敷市,消火栓,332020,,倉敷市船穂町船穂２５１３,岡山県,倉敷市,,,,133.700836,34.584449,200,公設
332020,0100005912,岡山県倉敷市,消火栓,332020,,倉敷市船穂町船穂２５０８番地４,岡山県,倉敷市,,,,133.69963,34.583791,200,公設
332020,0100005913,岡山県倉敷市,消火栓,332020,,倉敷市船穂町船穂２４４４番地３,岡山県,倉敷市,,,,133.698264,34.584751,75,公設
332020,0100005914,岡山県倉敷市,消火栓,332020,,倉敷市船穂町船穂２４８９番地１,岡山県,倉敷市,,,,133.698068,34.582894,200,公設
332020,0100005915,岡山県倉敷市,消火栓,332020,,倉敷市船穂町船穂２４７９番地１,岡山県,倉敷市,,,,133.696616,34.581788,200,公設
332020,0100005916,岡山県倉敷市,消火栓,332020,,倉敷市船穂町船穂２３５１－４,岡山県,倉敷市,,,,133.694737,34.580162,200,公設
332020,0100005917,岡山県倉敷市,消火栓,332020,,倉敷市船穂町船穂２５２８,岡山県,倉敷市,,,,133.701774,34.586437,75,公設
332020,0100005918,岡山県倉敷市,消火栓,332020,,倉敷市船穂町船穂２４１３－２,岡山県,倉敷市,,,,133.694407,34.584899,100,公設
332020,0100005919,岡山県倉敷市,消火栓,332020,,倉敷市船穂町船穂２４７６番地１,岡山県,倉敷市,,,,133.695833,34.583619,100,公設
332020,0100005920,岡山県倉敷市,消火栓,332020,,倉敷市船穂町船穂５５９７番地,岡山県,倉敷市,,,,133.698162,34.587477,75,公設
332020,0100005921,岡山県倉敷市,消火栓,332020,,倉敷市船穂町船穂６１４９番地,岡山県,倉敷市,,,,133.693408,34.582888,75,公設
332020,0100005922,岡山県倉敷市,消火栓,332020,,倉敷市船穂町船穂２３７１番地１,岡山県,倉敷市,,,,133.695421,34.582827,75,公設
332020,0100005923,岡山県倉敷市,消火栓,332020,,倉敷市船穂町船穂２６３６－２,岡山県,倉敷市,,,,133.706054,34.584164,200,公設
332020,0100005924,岡山県倉敷市,消火栓,332020,,倉敷市船穂町船穂２６１９番地,岡山県,倉敷市,,,,133.704248,34.584387,200,公設
332020,0100005925,岡山県倉敷市,消火栓,332020,,倉敷市船穂町船穂２６６５番地,岡山県,倉敷市,,,,133.70321,34.58531,200,公設
332020,0100005927,岡山県倉敷市,消火栓,332020,,倉敷市船穂町船穂２８８５番地,岡山県,倉敷市,,,,133.707123,34.584307,200,公設
332020,0100005928,岡山県倉敷市,消火栓,332020,,倉敷市船穂町船穂２８９７－２,岡山県,倉敷市,,,,133.706714,34.585213,150,公設
332020,0100005929,岡山県倉敷市,消火栓,332020,,倉敷市船穂町船穂２６８０番地,岡山県,倉敷市,,,,133.706152,34.586367,150,公設
332020,0100005930,岡山県倉敷市,消火栓,332020,,倉敷市船穂町船穂１６６７番地,岡山県,倉敷市,,,,133.706632,34.583706,250,公設
332020,0100005931,岡山県倉敷市,消火栓,332020,,倉敷市船穂町船穂２６１０番地５,岡山県,倉敷市,,,,133.704266,34.585332,75,公設
332020,0100005932,岡山県倉敷市,消火栓,332020,,倉敷市船穂町船穂１５９８番地２,岡山県,倉敷市,,,,133.705205,34.581715,100,公設
332020,0100005933,岡山県倉敷市,消火栓,332020,,倉敷市船穂町船穂１６６２番地,岡山県,倉敷市,,,,133.705218,34.583359,75,公設
332020,0100005934,岡山県倉敷市,消火栓,332020,,倉敷市船穂町船穂１９０７番地４,岡山県,倉敷市,,,,133.70379,34.582307,75,公設
332020,0100005935,岡山県倉敷市,消火栓,332020,,倉敷市船穂町船穂１７６８番地,岡山県,倉敷市,,,,133.703809,34.584175,75,公設
332020,0100005936,岡山県倉敷市,消火栓,332020,,倉敷市船穂町船穂１７９４番地５,岡山県,倉敷市,,,,133.702459,34.584155,100,公設
332020,0100005937,岡山県倉敷市,消火栓,332020,,倉敷市船穂町船穂１５５６番地,岡山県,倉敷市,,,,133.707139,34.580726,250,公設
332020,0100005938,岡山県倉敷市,消火栓,332020,,倉敷市船穂町船穂１５３８番地２,岡山県,倉敷市,,,,133.707658,34.579301,250,公設
332020,0100005939,岡山県倉敷市,消火栓,332020,,倉敷市船穂町船穂１６５１番地１,岡山県,倉敷市,,,,133.707073,34.582385,250,公設
332020,0100005940,岡山県倉敷市,消火栓,332020,,倉敷市船穂町船穂１８４番地,岡山県,倉敷市,,,,133.708392,34.580735,75,公設
332020,0100005941,岡山県倉敷市,消火栓,332020,,倉敷市船穂町船穂１５８５番地２,岡山県,倉敷市,,,,133.705459,34.579662,75,公設
332020,0100005942,岡山県倉敷市,消火栓,332020,,倉敷市船穂町船穂１４８５番地１,岡山県,倉敷市,,,,133.706219,34.576961,150,公設
332020,0100005943,岡山県倉敷市,消火栓,332020,,倉敷市船穂町船穂１４７８番地,岡山県,倉敷市,,,,133.705388,34.575913,150,公設
332020,0100005944,岡山県倉敷市,消火栓,332020,,倉敷市船穂町船穂１４３８番地,岡山県,倉敷市,,,,133.704444,34.574695,150,公設
332020,0100005945,岡山県倉敷市,消火栓,332020,,倉敷市船穂町船穂１３８８－１,岡山県,倉敷市,,,,133.70387,34.573331,150,公設
332020,0100005946,岡山県倉敷市,消火栓,332020,,倉敷市船穂町船穂６９３－１,岡山県,倉敷市,,,,133.703215,34.572231,75,公設
332020,0100005947,岡山県倉敷市,消火栓,332020,,倉敷市船穂町船穂６９９番地,岡山県,倉敷市,,,,133.702213,34.571196,75,公設
332020,0100005948,岡山県倉敷市,消火栓,332020,,倉敷市船穂町船穂８０１番地２,岡山県,倉敷市,,,,133.701139,34.570165,75,公設
332020,0100005949,岡山県倉敷市,消火栓,332020,,倉敷市船穂町船穂１４８６番地５,岡山県,倉敷市,,,,133.706977,34.576911,75,公設
332020,0100005950,岡山県倉敷市,消火栓,332020,,倉敷市船穂町船穂１４７８番地,岡山県,倉敷市,,,,133.706,34.575147,75,公設
332020,0100005951,岡山県倉敷市,消火栓,332020,,倉敷市船穂町船穂２０６２－３,岡山県,倉敷市,,,,133.704072,34.575796,75,公設
332020,0100005952,岡山県倉敷市,消火栓,332020,,倉敷市船穂町船穂１３５３番地,岡山県,倉敷市,,,,133.70233,34.573123,150,公設
332020,0100005953,岡山県倉敷市,消火栓,332020,,倉敷市船穂町船穂１３２６番地３,岡山県,倉敷市,,,,133.700778,34.572906,150,公設
332020,0100005954,岡山県倉敷市,消火栓,332020,,倉敷市船穂町船穂１１２４－５,岡山県,倉敷市,,,,133.699321,34.57206,150,公設
332020,0100005955,岡山県倉敷市,消火栓,332020,,倉敷市船穂町船穂９０７番地１０,岡山県,倉敷市,,,,133.697548,34.571598,150,公設
332020,0100005956,岡山県倉敷市,消火栓,332020,,倉敷市船穂町船穂１０７９番地,岡山県,倉敷市,,,,133.693925,34.570712,150,公設
332020,0100005957,岡山県倉敷市,消火栓,332020,,倉敷市船穂町船穂６７８番地,岡山県,倉敷市,,,,133.701526,34.572068,75,公設
332020,0100005958,岡山県倉敷市,消火栓,332020,,倉敷市船穂町船穂７１２番地,岡山県,倉敷市,,,,133.70115,34.571066,75,公設
332020,0100005959,岡山県倉敷市,消火栓,332020,,倉敷市船穂町船穂７９６番地６,岡山県,倉敷市,,,,133.700183,34.569676,75,公設
332020,0100005960,岡山県倉敷市,消火栓,332020,,倉敷市船穂町船穂１５３４－１０,岡山県,倉敷市,,,,133.707328,34.578331,150,公設
332020,0100005961,岡山県倉敷市,消火栓,332020,,倉敷市船穂町船穂１３３７番地４,岡山県,倉敷市,,,,133.701492,34.57412,100,公設
332020,0100005962,岡山県倉敷市,消火栓,332020,,倉敷市船穂町船穂１２８７番地１０,岡山県,倉敷市,,,,133.698402,34.573085,75,公設
332020,0100005963,岡山県倉敷市,消火栓,332020,,倉敷市船穂町船穂５３０番地３,岡山県,倉敷市,,,,133.698412,34.567,75,公設
332020,0100005964,岡山県倉敷市,消火栓,332020,,倉敷市船穂町船穂９７４番地,岡山県,倉敷市,,,,133.696553,34.566269,75,公設
332020,0100005965,岡山県倉敷市,消火栓,332020,,倉敷市船穂町船穂９５３番地,岡山県,倉敷市,,,,133.694641,34.567093,100,公設
332020,0100005966,岡山県倉敷市,消火栓,332020,,倉敷市船穂町船穂７６１－６,岡山県,倉敷市,,,,133.696639,34.567469,75,公設
332020,0100005967,岡山県倉敷市,消火栓,332020,,倉敷市船穂町船穂５２３番地５,岡山県,倉敷市,,,,133.697856,34.56565,75,公設
332020,0100005968,岡山県倉敷市,消火栓,332020,,倉敷市船穂町船穂８７６番地５,岡山県,倉敷市,,,,133.694463,34.569041,500,公設
332020,0100005969,岡山県倉敷市,消火栓,332020,,倉敷市船穂町船穂８７７番地８,岡山県,倉敷市,,,,133.695089,34.568635,75,公設
332020,0100005970,岡山県倉敷市,消火栓,332020,,倉敷市船穂町船穂３４０４番地２,岡山県,倉敷市,,,,133.711913,34.593188,75,公設
332020,0100005971,岡山県倉敷市,消火栓,332020,,倉敷市船穂町船穂１８７８番地３,岡山県,倉敷市,,,,133.700701,34.582247,75,公設
332020,0100005972,岡山県倉敷市,消火栓,332020,,倉敷市船穂町船穂１８９１番地２,岡山県,倉敷市,,,,133.702089,34.582891,75,公設
332020,0100005973,岡山県倉敷市,消火栓,332020,,倉敷市船穂町船穂３８１２番地,岡山県,倉敷市,,,,133.707886,34.59313,75,公設
332020,0100005974,岡山県倉敷市,消火栓,332020,,倉敷市船穂町船穂７０８６番地１,岡山県,倉敷市,,,,133.690855,34.58805,75,公設
332020,0100005975,岡山県倉敷市,消火栓,332020,,倉敷市船穂町船穂２３１０－６,岡山県,倉敷市,,,,133.695566,34.579253,75,公設
332020,0100005976,岡山県倉敷市,消火栓,332020,,倉敷市船穂町船穂４３７３番地,岡山県,倉敷市,,,,133.701357,34.593121,75,公設
332020,0100005977,岡山県倉敷市,消火栓,332020,,倉敷市船穂町船穂２８３２番地７,岡山県,倉敷市,,,,133.707559,34.587168,75,公設
332020,0100005978,岡山県倉敷市,消火栓,332020,,倉敷市船穂町船穂９１７番地３,岡山県,倉敷市,,,,133.695944,34.571283,150,公設
332020,0100005979,岡山県倉敷市,消火栓,332020,,倉敷市船穂町船穂１９５３番地１,岡山県,倉敷市,,,,133.698041,34.580574,100,公設
332020,0100006254,岡山県倉敷市,消火栓,332020,,倉敷市玉島乙島８２６２番２号,岡山県,倉敷市,,,,133.677838,34.502751,350,公設
332020,0100006255,岡山県倉敷市,消火栓,332020,,倉敷市玉島乙島８２５９番地１５,岡山県,倉敷市,,,,133.675487,34.502793,250,公設
332020,0100006256,岡山県倉敷市,消火栓,332020,,倉敷市玉島乙島８２５９番地１２,岡山県,倉敷市,,,,133.677792,34.500741,300,公設
332020,0100006257,岡山県倉敷市,消火栓,332020,,倉敷市玉島乙島８２５９番地１５,岡山県,倉敷市,,,,133.675945,34.50105,100,公設
332020,0100006258,岡山県倉敷市,消火栓,332020,,倉敷市玉島乙島８２５９番地１５,岡山県,倉敷市,,,,133.675105,34.501583,200,公設
332020,0100006259,岡山県倉敷市,消火栓,332020,,倉敷市玉島乙島８２５９番地２,岡山県,倉敷市,,,,133.673494,34.500729,200,公設
332020,0100006260,岡山県倉敷市,消火栓,332020,,倉敷市玉島乙島８２５９番地５,岡山県,倉敷市,,,,133.671365,34.499917,200,公設
332020,0100006261,岡山県倉敷市,消火栓,332020,,倉敷市玉島乙島８２５９番地１７,岡山県,倉敷市,,,,133.669375,34.499228,100,公設
332020,0100006262,岡山県倉敷市,消火栓,332020,,倉敷市玉島乙島８２５９番地１２,岡山県,倉敷市,,,,133.677741,34.499144,300,公設
332020,0100006263,岡山県倉敷市,消火栓,332020,,倉敷市玉島乙島６０９３番地１　地先,岡山県,倉敷市,,,,133.694584,34.552475,100,公設
332020,0100006264,岡山県倉敷市,消火栓,332020,,倉敷市玉島乙島８２５９番地１６,岡山県,倉敷市,,,,133.675922,34.499872,100,公設
332020,0100006265,岡山県倉敷市,消火栓,332020,,倉敷市玉島乙島８２５９番地４３,岡山県,倉敷市,,,,133.673562,34.498743,100,公設
332020,0100006266,岡山県倉敷市,消火栓,332020,,倉敷市玉島乙島８２５９番地１０,岡山県,倉敷市,,,,133.671412,34.498259,100,公設
332020,0100006267,岡山県倉敷市,消火栓,332020,,倉敷市玉島乙島８２６２番地２,岡山県,倉敷市,,,,133.679994,34.501555,300,公設
332020,0100006268,岡山県倉敷市,消火栓,332020,,倉敷市玉島乙島８２６２番地２,岡山県,倉敷市,,,,133.680852,34.503077,100,公設
332020,0100006269,岡山県倉敷市,消火栓,332020,,倉敷市玉島乙島８２６２番地２,岡山県,倉敷市,,,,133.680553,34.503984,100,公設
332020,0100006270,岡山県倉敷市,消火栓,332020,,倉敷市玉島乙島８２６２番地２,岡山県,倉敷市,,,,133.678949,34.504006,100,公設
332020,0100006271,岡山県倉敷市,消火栓,332020,,倉敷市玉島乙島８２６３番地３,岡山県,倉敷市,,,,133.671005,34.495564,150,公設
332020,0100006272,岡山県倉敷市,消火栓,332020,,倉敷市玉島乙島８２６３番地３,岡山県,倉敷市,,,,133.67073,34.496743,75,公設
332020,0100006273,岡山県倉敷市,消火栓,332020,,倉敷市玉島乙島８２６３番地３,岡山県,倉敷市,,,,133.669316,34.495549,100,公設
332020,0100006274,岡山県倉敷市,消火栓,332020,,倉敷市玉島乙島５７９６番地２５　地先,岡山県,倉敷市,,,,133.693595,34.551268,75,公設
332020,0100006275,岡山県倉敷市,消火栓,332020,,倉敷市玉島乙島８２６３番地３,岡山県,倉敷市,,,,133.669344,34.49746,100,公設
332020,0100006276,岡山県倉敷市,消火栓,332020,,倉敷市玉島乙島８２６３番地３,岡山県,倉敷市,,,,133.67037,34.494894,100,公設
332020,0100006277,岡山県倉敷市,消火栓,332020,,倉敷市玉島乙島６３８４番地２　地先,岡山県,倉敷市,,,,133.69273,34.550145,250,公設
332020,0100006278,岡山県倉敷市,消火栓,332020,,倉敷市玉島乙島６３９５番地２　地先,岡山県,倉敷市,,,,133.691578,34.548619,75,公設
332020,0100006279,岡山県倉敷市,消火栓,332020,,倉敷市玉島乙島６３９２１,岡山県,倉敷市,,,,133.692249,34.548001,75,公設
332020,0100006280,岡山県倉敷市,消火栓,332020,,倉敷市玉島乙島６３９８番地６　地先,岡山県,倉敷市,,,,133.690881,34.547276,200,公設
332020,0100006281,岡山県倉敷市,消火栓,332020,,倉敷市玉島乙島６４０３番地　地先,岡山県,倉敷市,,,,133.690511,34.546366,200,公設
332020,0100006283,岡山県倉敷市,消火栓,332020,,倉敷市玉島乙島６５２２番地２　地先,岡山県,倉敷市,,,,133.690057,34.543101,75,公設
332020,0100006285,岡山県倉敷市,消火栓,332020,,倉敷市玉島乙島６１０２,岡山県,倉敷市,,,,133.693086,34.552762,150,公設
332020,0100006286,岡山県倉敷市,消火栓,332020,,倉敷市玉島乙島５８０７番地１　地先,岡山県,倉敷市,,,,133.693241,34.551688,100,公設
332020,0100006287,岡山県倉敷市,消火栓,332020,,倉敷市玉島乙島５７４１番地　地先,岡山県,倉敷市,,,,133.691006,34.5492,75,公設
332020,0100006288,岡山県倉敷市,消火栓,332020,,倉敷市玉島乙島６１２２番地５　地先,岡山県,倉敷市,,,,133.692246,34.553293,100,公設
332020,0100006290,岡山県倉敷市,消火栓,332020,,倉敷市玉島乙島６１２２番地７６　地先,岡山県,倉敷市,,,,133.691523,34.552713,75,公設
332020,0100006292,岡山県倉敷市,消火栓,332020,,倉敷市玉島乙島６０５５,岡山県,倉敷市,,,,133.69193,34.551482,100,公設
332020,0100006293,岡山県倉敷市,消火栓,332020,,倉敷市玉島乙島５８４２番地　地先,岡山県,倉敷市,,,,133.691429,34.550411,100,公設
332020,0100006294,岡山県倉敷市,消火栓,332020,,倉敷市玉島乙島５８４５番地　地先,岡山県,倉敷市,,,,133.690745,34.550622,150,公設
332020,0100006295,岡山県倉敷市,消火栓,332020,,倉敷市玉島乙島５６８５番地２　地先,岡山県,倉敷市,,,,133.690063,34.550034,150,公設
332020,0100006296,岡山県倉敷市,消火栓,332020,,倉敷市玉島乙島５６７１番地　地先,岡山県,倉敷市,,,,133.689009,34.549856,150,公設
332020,0100006297,岡山県倉敷市,消火栓,332020,,倉敷市玉島乙島５６５６番地　地先,岡山県,倉敷市,,,,133.688503,34.549286,150,公設
332020,0100006298,岡山県倉敷市,消火栓,332020,,倉敷市玉島乙島５５６７番地　地先,岡山県,倉敷市,,,,133.687233,34.547963,150,公設
332020,0100006299,岡山県倉敷市,消火栓,332020,,倉敷市玉島乙島８０６番地　地先,岡山県,倉敷市,,,,133.685525,34.547151,150,公設
332020,0100006300,岡山県倉敷市,消火栓,332020,,倉敷市玉島乙島５０３６番地　地先,岡山県,倉敷市,,,,133.686611,34.54622,150,公設
332020,0100006301,岡山県倉敷市,消火栓,332020,,倉敷市玉島乙島５０４７番地　地先,岡山県,倉敷市,,,,133.686991,34.545458,150,公設
332020,0100006302,岡山県倉敷市,消火栓,332020,,倉敷市玉島乙島５０７２番地　地先,岡山県,倉敷市,,,,133.687215,34.544614,150,公設
332020,0100006303,岡山県倉敷市,消火栓,332020,,倉敷市玉島乙島５１４９番地　地先,岡山県,倉敷市,,,,133.687614,34.543592,150,公設
332020,0100006304,岡山県倉敷市,消火栓,332020,,倉敷市玉島乙島５１６５番地１　地先,岡山県,倉敷市,,,,133.686401,34.542411,75,公設
332020,0100006305,岡山県倉敷市,消火栓,332020,,倉敷市玉島乙島６６５９番地　地先,岡山県,倉敷市,,,,133.690781,34.539172,75,公設
332020,0100006306,岡山県倉敷市,消火栓,332020,,倉敷市玉島乙島６８１０１,岡山県,倉敷市,,,,133.690741,34.538131,75,公設
332020,0100006307,岡山県倉敷市,消火栓,332020,,倉敷市玉島乙島６８２４番地　地先,岡山県,倉敷市,,,,133.690704,34.537047,100,公設
332020,0100006308,岡山県倉敷市,消火栓,332020,,倉敷市玉島乙島６８２３番地　地先,岡山県,倉敷市,,,,133.690628,34.536012,100,公設
332020,0100006309,岡山県倉敷市,消火栓,332020,,倉敷市玉島乙島７０６０－１,岡山県,倉敷市,,,,133.69061,34.534808,75,公設
332020,0100006310,岡山県倉敷市,消火栓,332020,,倉敷市玉島乙島７０５６番地１　地先,岡山県,倉敷市,,,,133.690512,34.533807,100,公設
332020,0100006311,岡山県倉敷市,消火栓,332020,,倉敷市玉島乙島７７２９番地　地先,岡山県,倉敷市,,,,133.690615,34.532762,75,公設
332020,0100006312,岡山県倉敷市,消火栓,332020,,倉敷市玉島乙島６７９８番地１３　地先,岡山県,倉敷市,,,,133.689107,34.538172,100,公設
332020,0100006313,岡山県倉敷市,消火栓,332020,,倉敷市玉島乙島６８３８番地　地先,岡山県,倉敷市,,,,133.689387,34.536044,75,公設
332020,0100006314,岡山県倉敷市,消火栓,332020,,倉敷市玉島乙島７２１５番地５　地先,岡山県,倉敷市,,,,133.689268,34.533866,75,公設
332020,0100006315,岡山県倉敷市,消火栓,332020,,倉敷市玉島乙島７４７１番地３０８　地先,岡山県,倉敷市,,,,133.689763,34.531905,75,公設
332020,0100006316,岡山県倉敷市,消火栓,332020,,倉敷市玉島乙島７４７１番地　地先,岡山県,倉敷市,,,,133.689208,34.531054,75,公設
332020,0100006320,岡山県倉敷市,消火栓,332020,,倉敷市玉島乙島６６３３番地５　地先,岡山県,倉敷市,,,,133.688252,34.539263,100,公設
332020,0100006321,岡山県倉敷市,消火栓,332020,,倉敷市玉島乙島６７９４番地５　地先,岡山県,倉敷市,,,,133.688179,34.537123,100,公設
332020,0100006322,岡山県倉敷市,消火栓,332020,,倉敷市玉島乙島６８４２番地５,岡山県,倉敷市,,,,133.687906,34.53607,100,公設
332020,0100006323,岡山県倉敷市,消火栓,332020,,倉敷市玉島乙島７０８９番地４　地先,岡山県,倉敷市,,,,133.68683,34.533913,75,公設
332020,0100006324,岡山県倉敷市,消火栓,332020,,倉敷市玉島乙島７２５１番地１,岡山県,倉敷市,,,,133.686502,34.531757,100,公設
332020,0100006325,岡山県倉敷市,消火栓,332020,,倉敷市玉島乙島６６８７番地１２　地先,岡山県,倉敷市,,,,133.686834,34.538232,100,公設
332020,0100006326,岡山県倉敷市,消火栓,332020,,倉敷市玉島乙島６８５３番地　地先,岡山県,倉敷市,,,,133.68618,34.536115,100,公設
332020,0100006327,岡山県倉敷市,消火栓,332020,,倉敷市玉島乙島７１９６番地１　地先,岡山県,倉敷市,,,,133.68573,34.53393,75,公設
332020,0100006328,岡山県倉敷市,消火栓,332020,,倉敷市玉島乙島４９０１番地２　地先,岡山県,倉敷市,,,,133.684257,34.546994,150,公設
332020,0100006329,岡山県倉敷市,消火栓,332020,,倉敷市玉島乙島４８５１番地　地先,岡山県,倉敷市,,,,133.683075,34.546219,150,公設
332020,0100006330,岡山県倉敷市,消火栓,332020,,倉敷市玉島乙島６５６４番地３　地先,岡山県,倉敷市,,,,133.689548,34.540607,75,公設
332020,0100006331,岡山県倉敷市,消火栓,332020,,倉敷市玉島乙島４４３０番地　地先,岡山県,倉敷市,,,,133.683976,34.541848,100,公設
332020,0100006332,岡山県倉敷市,消火栓,332020,,倉敷市玉島乙島５１８４番地１　地先,岡山県,倉敷市,,,,133.684907,34.540867,75,公設
332020,0100006333,岡山県倉敷市,消火栓,332020,,倉敷市玉島乙島６７０２番地２　地先,岡山県,倉敷市,,,,133.684924,34.538276,100,公設
332020,0100006334,岡山県倉敷市,消火栓,332020,,倉敷市玉島乙島６８６０番地１　地先,岡山県,倉敷市,,,,133.684806,34.536146,250,公設
332020,0100006337,岡山県倉敷市,消火栓,332020,,倉敷市玉島乙島７１９１－１,岡山県,倉敷市,,,,133.684365,34.532918,75,公設
332020,0100006338,岡山県倉敷市,消火栓,332020,,倉敷市玉島乙島７２６７番地２　地先,岡山県,倉敷市,,,,133.68462,34.531798,75,公設
332020,0100006339,岡山県倉敷市,消火栓,332020,,倉敷市玉島乙島７３７６番地　地先,岡山県,倉敷市,,,,133.685033,34.530724,100,公設
332020,0100006340,岡山県倉敷市,消火栓,332020,,倉敷市玉島乙島４５５０番地５,岡山県,倉敷市,,,,133.683914,34.54091,75,公設
332020,0100006341,岡山県倉敷市,消火栓,332020,,倉敷市玉島乙島３３４０番地　地先,岡山県,倉敷市,,,,133.684088,34.539243,100,公設
332020,0100006342,岡山県倉敷市,消火栓,332020,,倉敷市玉島乙島４４２２番地９　地先,岡山県,倉敷市,,,,133.682793,34.543209,200,公設
332020,0100006343,岡山県倉敷市,消火栓,332020,,倉敷市玉島乙島４４４５番地２,岡山県,倉敷市,,,,133.68324,34.541998,200,公設
332020,0100006344,岡山県倉敷市,消火栓,332020,,倉敷市玉島乙島４４９５番地２,岡山県,倉敷市,,,,133.683208,34.540534,200,公設
332020,0100006345,岡山県倉敷市,消火栓,332020,,倉敷市玉島乙島４４７６－１５,岡山県,倉敷市,,,,133.683194,34.539336,200,公設
332020,0100006346,岡山県倉敷市,消火栓,332020,,倉敷市玉島乙島６７５５番地　地先,岡山県,倉敷市,,,,133.683112,34.537905,400,公設
332020,0100006347,岡山県倉敷市,消火栓,332020,,倉敷市玉島乙島６８７２番地１　地先,岡山県,倉敷市,,,,133.683072,34.537299,400,公設
332020,0100006348,岡山県倉敷市,消火栓,332020,,倉敷市玉島乙島６９８４－２,岡山県,倉敷市,,,,133.683026,34.535712,400,公設
332020,0100006349,岡山県倉敷市,消火栓,332020,,倉敷市玉島乙島７１１７番地２地先,岡山県,倉敷市,,,,133.683006,34.535025,400,公設
332020,0100006350,岡山県倉敷市,消火栓,332020,,倉敷市玉島乙島７１８１－９,岡山県,倉敷市,,,,133.682934,34.533059,400,公設
332020,0100006351,岡山県倉敷市,消火栓,332020,,倉敷市玉島乙島７４０４番地１　地先,岡山県,倉敷市,,,,133.682888,34.530742,400,公設
332020,0100006352,岡山県倉敷市,消火栓,332020,,倉敷市玉島乙島７４０５番地５地先,岡山県,倉敷市,,,,133.682844,34.529739,400,公設
332020,0100006353,岡山県倉敷市,消火栓,332020,,倉敷市玉島乙島７４７１番地８１４,岡山県,倉敷市,,,,133.682657,34.529161,75,公設
332020,0100006354,岡山県倉敷市,消火栓,332020,,倉敷市玉島乙島７４７１番地３８６　地先,岡山県,倉敷市,,,,133.682918,34.528366,400,公設
332020,0100006355,岡山県倉敷市,消火栓,332020,,倉敷市玉島乙島７４７１番地１９９　地先,岡山県,倉敷市,,,,133.682807,34.527685,75,公設
332020,0100006356,岡山県倉敷市,消火栓,332020,,倉敷市玉島乙島７４７１番地３２３　地先,岡山県,倉敷市,,,,133.682656,34.52685,100,公設
332020,0100006357,岡山県倉敷市,消火栓,332020,,倉敷市玉島乙島４３８５番地　地先,岡山県,倉敷市,,,,133.681452,34.542484,100,公設
332020,0100006358,岡山県倉敷市,消火栓,332020,,倉敷市玉島乙島４２７０番地　地先,岡山県,倉敷市,,,,133.681897,34.541439,75,公設
332020,0100006359,岡山県倉敷市,消火栓,332020,,倉敷市玉島乙島４１５０,岡山県,倉敷市,,,,133.682071,34.53889,200,公設
332020,0100006360,岡山県倉敷市,消火栓,332020,,倉敷市玉島乙島６９７２番地　地先,岡山県,倉敷市,,,,133.681716,34.536233,75,公設
332020,0100006361,岡山県倉敷市,消火栓,332020,,倉敷市玉島乙島７１３２,岡山県,倉敷市,,,,133.681501,34.534041,75,公設
332020,0100006362,岡山県倉敷市,消火栓,332020,,倉敷市玉島乙島７３６０番地２　地先,岡山県,倉敷市,,,,133.682561,34.531841,200,公設
332020,0100006363,岡山県倉敷市,消火栓,332020,,倉敷市玉島乙島７３５９番地２０,岡山県,倉敷市,,,,133.682123,34.531486,75,公設
332020,0100006364,岡山県倉敷市,消火栓,332020,,倉敷市玉島乙島７４０６番地　地先,岡山県,倉敷市,,,,133.682503,34.529691,150,公設
332020,0100006365,岡山県倉敷市,消火栓,332020,,倉敷市玉島乙島７４７０番地３１　地先,岡山県,倉敷市,,,,133.681658,34.52951,150,公設
332020,0100006366,岡山県倉敷市,消火栓,332020,,倉敷市玉島乙島７４７１番地８１０　地先,岡山県,倉敷市,,,,133.681803,34.528559,75,公設
332020,0100006367,岡山県倉敷市,消火栓,332020,,倉敷市玉島乙島７４７１番地　地先,岡山県,倉敷市,,,,133.681359,34.526832,75,公設
332020,0100006368,岡山県倉敷市,消火栓,332020,,倉敷市玉島乙島７２９３番地　地先,岡山県,倉敷市,,,,133.680886,34.531875,200,公設
332020,0100006369,岡山県倉敷市,消火栓,332020,,倉敷市玉島乙島７４２３番地　地先,岡山県,倉敷市,,,,133.680874,34.530795,100,公設
332020,0100006370,岡山県倉敷市,消火栓,332020,,倉敷市玉島乙島７４１６番地６　地先,岡山県,倉敷市,,,,133.68087,34.530018,75,公設
332020,0100006371,岡山県倉敷市,消火栓,332020,,倉敷市玉島乙島７４７０番地２３,岡山県,倉敷市,,,,133.680656,34.529528,75,公設
332020,0100006372,岡山県倉敷市,消火栓,332020,,倉敷市玉島乙島７４７１番地３３０　地先,岡山県,倉敷市,,,,133.680312,34.526661,100,公設
332020,0100006373,岡山県倉敷市,消火栓,332020,,倉敷市玉島乙島４１０１－１,岡山県,倉敷市,,,,133.681022,34.539631,100,公設
332020,0100006374,岡山県倉敷市,消火栓,332020,,倉敷市玉島乙島６７３０番地５　地先,岡山県,倉敷市,,,,133.680678,34.538365,200,公設
332020,0100006375,岡山県倉敷市,消火栓,332020,,倉敷市玉島乙島６８９７番地２　地先,岡山県,倉敷市,,,,133.680897,34.537046,75,公設
332020,0100006376,岡山県倉敷市,消火栓,332020,,倉敷市玉島乙島６９３４番地７　地先,岡山県,倉敷市,,,,133.680102,34.535838,75,公設
332020,0100006377,岡山県倉敷市,消火栓,332020,,倉敷市真備町妹３１９０番地,岡山県,倉敷市,,,,133.63783,34.616121,75,公設
332020,0100006378,岡山県倉敷市,消火栓,332020,,倉敷市真備町妹２８５３番地５,岡山県,倉敷市,,,,133.647017,34.62196,75,公設
332020,0100006381,岡山県倉敷市,消火栓,332020,,倉敷市真備町妹２６８２番地２,岡山県,倉敷市,,,,133.648678,34.623436,100,公設
332020,0100006382,岡山県倉敷市,消火栓,332020,,倉敷市真備町妹１９４３番地,岡山県,倉敷市,,,,133.647962,34.624866,75,公設
332020,0100006383,岡山県倉敷市,消火栓,332020,,倉敷市真備町妹２０３４番地,岡山県,倉敷市,,,,133.645768,34.626316,75,公設
332020,0100006384,岡山県倉敷市,消火栓,332020,,倉敷市真備町妹２４４５番地,岡山県,倉敷市,,,,133.643201,34.627819,75,公設
332020,0100006385,岡山県倉敷市,消火栓,332020,,倉敷市真備町妹２６３５番地１,岡山県,倉敷市,,,,133.645957,34.625104,75,公設
332020,0100006386,岡山県倉敷市,消火栓,332020,,倉敷市真備町妹１８８４番地,岡山県,倉敷市,,,,133.650034,34.623976,150,公設
332020,0100006387,岡山県倉敷市,消火栓,332020,,倉敷市真備町妹１７７５番地５,岡山県,倉敷市,,,,133.651266,34.624141,150,公設
332020,0100006388,岡山県倉敷市,消火栓,332020,,倉敷市玉島乙島７１６０番地　地先,岡山県,倉敷市,,,,133.679507,34.534041,200,公設
332020,0100006389,岡山県倉敷市,消火栓,332020,,倉敷市真備町妹１４９４番地１,岡山県,倉敷市,,,,133.653144,34.621509,100,公設
332020,0100006390,岡山県倉敷市,消火栓,332020,,倉敷市真備町妹１５４５番地１,岡山県,倉敷市,,,,133.653897,34.624584,200,公設
332020,0100006391,岡山県倉敷市,消火栓,332020,,倉敷市真備町妹１３７１番地５,岡山県,倉敷市,,,,133.652947,34.627946,75,公設
332020,0100006392,岡山県倉敷市,消火栓,332020,,倉敷市真備町妹１１９６番地,岡山県,倉敷市,,,,133.651188,34.631216,75,公設
332020,0100006393,岡山県倉敷市,消火栓,332020,,倉敷市真備町妹６６４番地,岡山県,倉敷市,,,,133.651272,34.632074,75,公設
332020,0100006394,岡山県倉敷市,消火栓,332020,,倉敷市真備町妹１０２４番地,岡山県,倉敷市,,,,133.648834,34.634994,75,公設
332020,0100006395,岡山県倉敷市,消火栓,332020,,倉敷市真備町妹１６８番地,岡山県,倉敷市,,,,133.655198,34.624786,200,公設
332020,0100006396,岡山県倉敷市,消火栓,332020,,倉敷市真備町妹１３７番地,岡山県,倉敷市,,,,133.656424,34.624913,200,公設
332020,0100006397,岡山県倉敷市,消火栓,332020,,倉敷市真備町妹６５番地２,岡山県,倉敷市,,,,133.657122,34.62195,100,公設
332020,0100006398,岡山県倉敷市,消火栓,332020,,倉敷市真備町妹７６番地１,岡山県,倉敷市,,,,133.655443,34.621791,75,公設
332020,0100006399,岡山県倉敷市,消火栓,332020,,倉敷市玉島乙島７１６３番地２　地先,岡山県,倉敷市,,,,133.679366,34.533077,200,公設
332020,0100006400,岡山県倉敷市,消火栓,332020,,倉敷市真備町妹１４５４番地５,岡山県,倉敷市,,,,133.654526,34.621487,100,公設
332020,0100006401,岡山県倉敷市,消火栓,332020,,倉敷市真備町妹４４９９番地１,岡山県,倉敷市,,,,133.65965,34.618578,150,公設
332020,0100006402,岡山県倉敷市,消火栓,332020,,倉敷市真備町妹４４８９番地１,岡山県,倉敷市,,,,133.658336,34.618399,100,公設
332020,0100006403,岡山県倉敷市,消火栓,332020,,倉敷市真備町妹３９９９番地,岡山県,倉敷市,,,,133.657033,34.617802,150,公設
332020,0100006404,岡山県倉敷市,消火栓,332020,,倉敷市真備町妹４０６８番地,岡山県,倉敷市,,,,133.65469,34.617736,150,公設
332020,0100006406,岡山県倉敷市,消火栓,332020,,倉敷市玉島乙島７３１３番地　地先,岡山県,倉敷市,,,,133.679276,34.531995,200,公設
332020,0100006407,岡山県倉敷市,消火栓,332020,,倉敷市玉島乙島７３４４番地　地先,岡山県,倉敷市,,,,133.679158,34.530919,200,公設
332020,0100006408,岡山県倉敷市,消火栓,332020,,倉敷市玉島乙島７４３２番地１　地先,岡山県,倉敷市,,,,133.679103,34.530274,200,公設
332020,0100006409,岡山県倉敷市,消火栓,332020,,倉敷市玉島乙島７４６９番地　地先,岡山県,倉敷市,,,,133.679081,34.529147,200,公設
332020,0100006410,岡山県倉敷市,消火栓,332020,,倉敷市玉島乙島７４７１番地４１６,岡山県,倉敷市,,,,133.679695,34.527407,200,公設
332020,0100006411,岡山県倉敷市,消火栓,332020,,倉敷市玉島乙島１８３８番地２　地先,岡山県,倉敷市,,,,133.678694,34.526747,75,公設
332020,0100006412,岡山県倉敷市,消火栓,332020,,倉敷市玉島乙島４１３１番地　地先,岡山県,倉敷市,,,,133.679725,34.538641,150,公設
332020,0100006413,岡山県倉敷市,消火栓,332020,,倉敷市玉島乙島３２５５番地　地先,岡山県,倉敷市,,,,133.679632,34.538126,150,公設
332020,0100006414,岡山県倉敷市,消火栓,332020,,倉敷市玉島乙島６９１１番地　地先,岡山県,倉敷市,,,,133.679526,34.537461,200,公設
332020,0100006415,岡山県倉敷市,消火栓,332020,,倉敷市玉島乙島６９２６番地　地先,岡山県,倉敷市,,,,133.679752,34.536615,75,公設
332020,0100006416,岡山県倉敷市,消火栓,332020,,倉敷市玉島乙島３２９１番地　地先,岡山県,倉敷市,,,,133.678517,34.538218,100,公設
332020,0100006417,岡山県倉敷市,消火栓,332020,,倉敷市玉島乙島３０７１番地　地先,岡山県,倉敷市,,,,133.678886,34.536616,200,公設
332020,0100006418,岡山県倉敷市,消火栓,332020,,倉敷市玉島乙島３０５６番地　地先,岡山県,倉敷市,,,,133.678612,34.535897,200,公設
332020,0100006419,岡山県倉敷市,消火栓,332020,,倉敷市玉島乙島２１０６番地　地先,岡山県,倉敷市,,,,133.678729,34.535167,200,公設
332020,0100006420,岡山県倉敷市,消火栓,332020,,倉敷市玉島乙島３３７４番地２,岡山県,倉敷市,,,,133.677465,34.538295,75,公設
332020,0100006421,岡山県倉敷市,消火栓,332020,,倉敷市玉島乙島３２０６番地２,岡山県,倉敷市,,,,133.677701,34.538033,75,公設
332020,0100006422,岡山県倉敷市,消火栓,332020,,倉敷市玉島乙島３０８５番地　地先,岡山県,倉敷市,,,,133.677996,34.537473,100,公設
332020,0100006423,岡山県倉敷市,消火栓,332020,,倉敷市玉島乙島３０４２番地　地先,岡山県,倉敷市,,,,133.677702,34.536481,75,公設
332020,0100006424,岡山県倉敷市,消火栓,332020,,倉敷市玉島乙島２９９５番地　地先,岡山県,倉敷市,,,,133.676892,34.535794,75,公設
332020,0100006425,岡山県倉敷市,消火栓,332020,,倉敷市玉島乙島２１４１番地　地先,岡山県,倉敷市,,,,133.677148,34.535328,75,公設
332020,0100006426,岡山県倉敷市,消火栓,332020,,倉敷市玉島乙島２１３９番地,岡山県,倉敷市,,,,133.677563,34.534885,150,公設
332020,0100006427,岡山県倉敷市,消火栓,332020,,倉敷市玉島乙島２１９９番地,岡山県,倉敷市,,,,133.676225,34.534767,150,公設
332020,0100006428,岡山県倉敷市,消火栓,332020,,倉敷市玉島乙島２４５６－８,岡山県,倉敷市,,,,133.674618,34.538432,200,公設
332020,0100006429,岡山県倉敷市,消火栓,332020,,倉敷市玉島乙島２３４１番地　地先,岡山県,倉敷市,,,,133.67487,34.536462,100,公設
332020,0100006430,岡山県倉敷市,消火栓,332020,,倉敷市玉島乙島２４５０番地　地先,岡山県,倉敷市,,,,133.674023,34.536525,75,公設
332020,0100006431,岡山県倉敷市,消火栓,332020,,倉敷市玉島乙島２４３５番地４,岡山県,倉敷市,,,,133.672179,34.53722,100,公設
332020,0100006432,岡山県倉敷市,消火栓,332020,,倉敷市玉島乙島２５０５番地３,岡山県,倉敷市,,,,133.671741,34.536832,100,公設
332020,0100006433,岡山県倉敷市,消火栓,332020,,倉敷市玉島乙島２４１１番地　地先,岡山県,倉敷市,,,,133.672465,34.536373,75,公設
332020,0100006434,岡山県倉敷市,消火栓,332020,,倉敷市玉島乙島２２１３番地２　地先,岡山県,倉敷市,,,,133.675196,34.534662,150,公設
332020,0100006435,岡山県倉敷市,消火栓,332020,,倉敷市玉島乙島２２４０番地　地先,岡山県,倉敷市,,,,133.674574,34.534477,150,公設
332020,0100006436,岡山県倉敷市,消火栓,332020,,倉敷市玉島乙島１５７８番地　地先,岡山県,倉敷市,,,,133.673993,34.534026,150,公設
332020,0100006437,岡山県倉敷市,消火栓,332020,,倉敷市玉島乙島１６５８－１,岡山県,倉敷市,,,,133.675621,34.532822,75,公設
332020,0100006438,岡山県倉敷市,消火栓,332020,,倉敷市玉島乙島１６０１番地２　地先,岡山県,倉敷市,,,,133.675145,34.532651,75,公設
332020,0100006439,岡山県倉敷市,消火栓,332020,,倉敷市玉島乙島１６５４番地　地先,岡山県,倉敷市,,,,133.675719,34.532195,75,公設
332020,0100006440,岡山県倉敷市,消火栓,332020,,倉敷市玉島乙島１７３３番地　地先,岡山県,倉敷市,,,,133.676312,34.531052,200,公設
332020,0100006441,岡山県倉敷市,消火栓,332020,,倉敷市玉島乙島１７４２番地　地先,岡山県,倉敷市,,,,133.675681,34.531413,75,公設
332020,0100006442,岡山県倉敷市,消火栓,332020,,倉敷市玉島乙島１９９６番地　地先,岡山県,倉敷市,,,,133.677632,34.532892,75,公設
332020,0100006443,岡山県倉敷市,消火栓,332020,,倉敷市玉島乙島１７８５番地５　地先,岡山県,倉敷市,,,,133.67591,34.529548,150,公設
332020,0100006444,岡山県倉敷市,消火栓,332020,,倉敷市玉島乙島１４４２番地　地先,岡山県,倉敷市,,,,133.675185,34.529579,100,公設
332020,0100006445,岡山県倉敷市,消火栓,332020,,倉敷市玉島乙島１８１２番地　地先,岡山県,倉敷市,,,,133.677731,34.528333,75,公設
332020,0100006446,岡山県倉敷市,消火栓,332020,,倉敷市玉島乙島１３１７番地　地先,岡山県,倉敷市,,,,133.677653,34.527141,75,公設
332020,0100006447,岡山県倉敷市,消火栓,332020,,倉敷市玉島乙島１２８４番地　地先,岡山県,倉敷市,,,,133.677254,34.526417,75,公設
332020,0100006448,岡山県倉敷市,消火栓,332020,,倉敷市玉島乙島１７８８番地２　地先,岡山県,倉敷市,,,,133.676438,34.528908,75,公設
332020,0100006449,岡山県倉敷市,消火栓,332020,,倉敷市玉島乙島１４０８－７,岡山県,倉敷市,,,,133.676952,34.528342,75,公設
332020,0100006450,岡山県倉敷市,消火栓,332020,,倉敷市玉島乙島１４３４－２,岡山県,倉敷市,,,,133.675129,34.528887,75,公設
332020,0100006451,岡山県倉敷市,消火栓,332020,,倉敷市玉島乙島１３５５－１,岡山県,倉敷市,,,,133.676093,34.527886,75,公設
332020,0100006452,岡山県倉敷市,消火栓,332020,,倉敷市玉島乙島１２７３－１,岡山県,倉敷市,,,,133.676516,34.526822,75,公設
332020,0100006453,岡山県倉敷市,消火栓,332020,,倉敷市玉島乙島１２０２番地　地先,岡山県,倉敷市,,,,133.674866,34.527719,75,公設
332020,0100006454,岡山県倉敷市,消火栓,332020,,倉敷市玉島乙島１２５１－２,岡山県,倉敷市,,,,133.676155,34.526248,75,公設
332020,0100006455,岡山県倉敷市,消火栓,332020,,倉敷市玉島乙島１２９９番地　地先,岡山県,倉敷市,,,,133.677992,34.5254,400,公設
332020,0100006456,岡山県倉敷市,消火栓,332020,,倉敷市玉島乙島８２３０番地　地先,岡山県,倉敷市,,,,133.67837,34.522518,400,公設
332020,0100006457,岡山県倉敷市,消火栓,332020,,倉敷市玉島乙島８２３０番地　地先,岡山県,倉敷市,,,,133.678609,34.520772,400,公設
332020,0100006458,岡山県倉敷市,消火栓,332020,,倉敷市玉島乙島８２５２番地８,岡山県,倉敷市,,,,133.689589,34.519018,100,公設
332020,0100006459,岡山県倉敷市,消火栓,332020,,倉敷市玉島乙島８２５２－２５,岡山県,倉敷市,,,,133.687177,34.518879,150,公設
332020,0100006460,岡山県倉敷市,消火栓,332020,,倉敷市玉島乙島８２５２－４０,岡山県,倉敷市,,,,133.684605,34.518967,150,公設
332020,0100006462,岡山県倉敷市,消火栓,332020,,倉敷市玉島乙島８２５２番地３　地先,岡山県,倉敷市,,,,133.682687,34.519016,250,公設
332020,0100006463,岡山県倉敷市,消火栓,332020,,倉敷市玉島乙島８２５２番地３５　地先,岡山県,倉敷市,,,,133.680659,34.519041,250,公設
332020,0100006464,岡山県倉敷市,消火栓,332020,,倉敷市玉島乙島８２５５番地２３,岡山県,倉敷市,,,,133.678556,34.518568,400,公設
332020,0100006465,岡山県倉敷市,消火栓,332020,,倉敷市玉島乙島８２５５番地３１,岡山県,倉敷市,,,,133.678476,34.516889,400,公設
332020,0100006466,岡山県倉敷市,消火栓,332020,,倉敷市玉島乙島８２５５番地４０,岡山県,倉敷市,,,,133.678358,34.514681,400,公設
332020,0100006467,岡山県倉敷市,消火栓,332020,,倉敷市玉島乙島８２５６番地３３　地先,岡山県,倉敷市,,,,133.678333,34.512521,200,公設
332020,0100006468,岡山県倉敷市,消火栓,332020,,倉敷市玉島乙島８２５５番地４６,岡山県,倉敷市,,,,133.682654,34.512587,200,公設
332020,0100006469,岡山県倉敷市,消火栓,332020,,倉敷市玉島乙島８２５５番地４７,岡山県,倉敷市,,,,133.682559,34.510279,200,公設
332020,0100006470,岡山県倉敷市,消火栓,332020,,倉敷市玉島乙島２９８０番地　地先,岡山県,倉敷市,,,,133.675566,34.535656,100,公設
332020,0100006471,岡山県倉敷市,消火栓,332020,,倉敷市玉島乙島２４００番地　地先,岡山県,倉敷市,,,,133.672139,34.535616,75,公設
332020,0100006472,岡山県倉敷市,消火栓,332020,,倉敷市玉島乙島９６２番地１１　地先,岡山県,倉敷市,,,,133.672161,34.534829,75,公設
332020,0100006473,岡山県倉敷市,消火栓,332020,,倉敷市玉島乙島９６２番地３６　地先,岡山県,倉敷市,,,,133.672472,34.534509,75,公設
332020,0100006474,岡山県倉敷市,消火栓,332020,,倉敷市玉島乙島９７４番地　地先,岡山県,倉敷市,,,,133.672855,34.534106,75,公設
332020,0100006475,岡山県倉敷市,消火栓,332020,,倉敷市玉島乙島９１４番地　地先,岡山県,倉敷市,,,,133.671475,34.534912,150,公設
332020,0100006476,岡山県倉敷市,消火栓,332020,,倉敷市玉島乙島９０１番地　地先,岡山県,倉敷市,,,,133.672092,34.534276,150,公設
332020,0100006477,岡山県倉敷市,消火栓,332020,,倉敷市玉島乙島９９４番地１　地先,岡山県,倉敷市,,,,133.672879,34.533425,150,公設
332020,0100006478,岡山県倉敷市,消火栓,332020,,倉敷市玉島乙島１５６０番地２　地先,岡山県,倉敷市,,,,133.674323,34.532781,100,公設
332020,0100006479,岡山県倉敷市,消火栓,332020,,倉敷市玉島乙島９９７－２,岡山県,倉敷市,,,,133.674148,34.532279,100,公設
332020,0100006480,岡山県倉敷市,消火栓,332020,,倉敷市玉島乙島２５１８－１６,岡山県,倉敷市,,,,133.670853,34.537407,100,公設
332020,0100006481,岡山県倉敷市,消火栓,332020,,倉敷市玉島乙島９３２番地３６　地先,岡山県,倉敷市,,,,133.670328,34.536198,150,公設
332020,0100006482,岡山県倉敷市,消火栓,332020,,倉敷市玉島乙島９３２番地３１　地先,岡山県,倉敷市,,,,133.670192,34.535623,75,公設
332020,0100006483,岡山県倉敷市,消火栓,332020,,倉敷市玉島乙島９３２番地５６　地先,岡山県,倉敷市,,,,133.670381,34.535318,75,公設
332020,0100006484,岡山県倉敷市,消火栓,332020,,倉敷市玉島乙島９３２番地５５　地先,岡山県,倉敷市,,,,133.670408,34.535018,75,公設
332020,0100006485,岡山県倉敷市,消火栓,332020,,倉敷市玉島乙島９３２番地２０　地先,岡山県,倉敷市,,,,133.669931,34.535148,75,公設
332020,0100006486,岡山県倉敷市,消火栓,332020,,倉敷市玉島乙島３００番地　地先,岡山県,倉敷市,,,,133.669369,34.535499,75,公設
332020,0100006487,岡山県倉敷市,消火栓,332020,,倉敷市玉島乙島９３２番地６　地先,岡山県,倉敷市,,,,133.669556,34.534653,75,公設
332020,0100006488,岡山県倉敷市,消火栓,332020,,倉敷市玉島乙島８７３番地　地先,岡山県,倉敷市,,,,133.671309,34.533215,75,公設
332020,0100006489,岡山県倉敷市,消火栓,332020,,倉敷市玉島乙島７８５番地１　地先,岡山県,倉敷市,,,,133.671927,34.532725,100,公設
332020,0100006490,岡山県倉敷市,消火栓,332020,,倉敷市玉島乙島７８７番地　地先,岡山県,倉敷市,,,,133.672143,34.531757,100,公設
332020,0100006491,岡山県倉敷市,消火栓,332020,,倉敷市玉島乙島７４４番地　地先,岡山県,倉敷市,,,,133.672798,34.530193,100,公設
332020,0100006492,岡山県倉敷市,消火栓,332020,,倉敷市玉島乙島７０６番地　地先,岡山県,倉敷市,,,,133.672874,34.528598,100,公設
332020,0100006493,岡山県倉敷市,消火栓,332020,,倉敷市玉島乙島７０３番地　地先,岡山県,倉敷市,,,,133.673266,34.527796,100,公設
332020,0100006494,岡山県倉敷市,消火栓,332020,,倉敷市玉島乙島５６９番地８　地先,岡山県,倉敷市,,,,133.671552,34.528037,75,公設
332020,0100006495,岡山県倉敷市,消火栓,332020,,倉敷市玉島乙島６７３番地６,岡山県,倉敷市,,,,133.672885,34.526848,100,公設
332020,0100006496,岡山県倉敷市,消火栓,332020,,倉敷市玉島乙島１２９９番地１６　地先,岡山県,倉敷市,,,,133.677027,34.525375,300,公設
332020,0100006497,岡山県倉敷市,消火栓,332020,,倉敷市玉島乙島１２５４番地２３　地先,岡山県,倉敷市,,,,133.675462,34.525153,300,公設
332020,0100006498,岡山県倉敷市,消火栓,332020,,倉敷市玉島乙島６６３番地１　地先,岡山県,倉敷市,,,,133.674013,34.525774,300,公設
332020,0100006499,岡山県倉敷市,消火栓,332020,,倉敷市玉島乙島６５６番地４　地先,岡山県,倉敷市,,,,133.672885,34.526143,300,公設
332020,0100006500,岡山県倉敷市,消火栓,332020,,倉敷市玉島乙島２２番地２　地先,岡山県,倉敷市,,,,133.670346,34.526021,300,公設
332020,0100006501,岡山県倉敷市,消火栓,332020,,倉敷市玉島乙島８６５番地１　地先,岡山県,倉敷市,,,,133.6707,34.532227,75,公設
332020,0100006502,岡山県倉敷市,消火栓,332020,,倉敷市玉島乙島４２０番地,岡山県,倉敷市,,,,133.66972,34.531542,100,公設
332020,0100006503,岡山県倉敷市,消火栓,332020,,倉敷市玉島乙島４９７番地１　地先,岡山県,倉敷市,,,,133.670398,34.529492,100,公設
332020,0100006504,岡山県倉敷市,消火栓,332020,,倉敷市真備町尾崎２３２１番地１１,岡山県,倉敷市,,,,133.658699,34.625242,200,公設
332020,0100006505,岡山県倉敷市,消火栓,332020,,倉敷市真備町尾崎２３７６番地１,岡山県,倉敷市,,,,133.659815,34.62383,100,公設
332020,0100006506,岡山県倉敷市,消火栓,332020,,倉敷市真備町尾崎１３４５番地１,岡山県,倉敷市,,,,133.660027,34.622459,150,公設
332020,0100006507,岡山県倉敷市,消火栓,332020,,倉敷市真備町尾崎２６００番地,岡山県,倉敷市,,,,133.660306,34.625105,200,公設
332020,0100006508,岡山県倉敷市,消火栓,332020,,倉敷市真備町尾崎２６２６番地,岡山県,倉敷市,,,,133.661641,34.625091,100,公設
332020,0100006510,岡山県倉敷市,消火栓,332020,,倉敷市真備町尾崎２１６４番地１,岡山県,倉敷市,,,,133.664989,34.625121,100,公設
332020,0100006511,岡山県倉敷市,消火栓,332020,,倉敷市真備町尾崎１９０３番地,岡山県,倉敷市,,,,133.667101,34.625262,150,公設
332020,0100006512,岡山県倉敷市,消火栓,332020,,倉敷市真備町尾崎１７１３番地,岡山県,倉敷市,,,,133.668213,34.625035,200,公設
332020,0100006513,岡山県倉敷市,消火栓,332020,,倉敷市真備町尾崎１６４１番地４１,岡山県,倉敷市,,,,133.669705,34.625657,75,公設
332020,0100006515,岡山県倉敷市,消火栓,332020,,倉敷市真備町尾崎１６４１番地,岡山県,倉敷市,,,,133.670629,34.625073,75,公設
332020,0100006516,岡山県倉敷市,消火栓,332020,,倉敷市真備町尾崎１５９１番地２１,岡山県,倉敷市,,,,133.670754,34.62426,75,公設
332020,0100006517,岡山県倉敷市,消火栓,332020,,倉敷市真備町尾崎７２２番地,岡山県,倉敷市,,,,133.672868,34.62661,150,公設
332020,0100006518,岡山県倉敷市,消火栓,332020,,倉敷市真備町尾崎７６２番地３,岡山県,倉敷市,,,,133.674255,34.627105,150,公設
332020,0100006519,岡山県倉敷市,消火栓,332020,,倉敷市真備町尾崎８８番地,岡山県,倉敷市,,,,133.676913,34.627382,150,公設
332020,0100006520,岡山県倉敷市,消火栓,332020,,倉敷市真備町尾崎３４番地２,岡山県,倉敷市,,,,133.678276,34.627062,200,公設
332020,0100006521,岡山県倉敷市,消火栓,332020,,倉敷市真備町尾崎９４４番地４,岡山県,倉敷市,,,,133.679486,34.625812,75,公設
332020,0100006522,岡山県倉敷市,消火栓,332020,,倉敷市真備町尾崎１４番地,岡山県,倉敷市,,,,133.677579,34.625905,200,公設
332020,0100006523,岡山県倉敷市,消火栓,332020,,倉敷市真備町尾崎９０８番地,岡山県,倉敷市,,,,133.675425,34.625135,200,公設
332020,0100006524,岡山県倉敷市,消火栓,332020,,倉敷市真備町尾崎９６６番地１,岡山県,倉敷市,,,,133.679493,34.623502,200,公設
332020,0100006525,岡山県倉敷市,消火栓,332020,,倉敷市真備町尾崎１０１７番地１３,岡山県,倉敷市,,,,133.679573,34.622848,75,公設
332020,0100006526,岡山県倉敷市,消火栓,332020,,倉敷市真備町尾崎１０１７番地２７,岡山県,倉敷市,,,,133.679153,34.622416,75,公設
332020,0100006527,岡山県倉敷市,消火栓,332020,,倉敷市玉島乙島４４８番地　地先,岡山県,倉敷市,,,,133.669269,34.529717,100,公設
332020,0100006528,岡山県倉敷市,消火栓,332020,,倉敷市玉島乙島１６３番地２　地先,岡山県,倉敷市,,,,133.668636,34.531557,100,公設
332020,0100006529,岡山県倉敷市,消火栓,332020,,倉敷市玉島乙島８２２８番地　地先,岡山県,倉敷市,,,,133.668771,34.53624,300,公設
332020,0100006530,岡山県倉敷市,消火栓,332020,,倉敷市玉島乙島２７６番地　地先,岡山県,倉敷市,,,,133.668737,34.534789,300,公設
332020,0100006531,岡山県倉敷市,消火栓,332020,,倉敷市玉島乙島２２９－６,岡山県,倉敷市,,,,133.668303,34.53371,300,公設
332020,0100006532,岡山県倉敷市,消火栓,332020,,倉敷市玉島乙島１７５番地　地先,岡山県,倉敷市,,,,133.667571,34.532715,300,公設
332020,0100006533,岡山県倉敷市,消火栓,332020,,倉敷市玉島乙島１４６番地３　地先,岡山県,倉敷市,,,,133.667692,34.530549,75,公設
332020,0100006534,岡山県倉敷市,消火栓,332020,,倉敷市玉島乙島４９番地７　地先,岡山県,倉敷市,,,,133.666988,34.53008,300,公設
332020,0100006535,岡山県倉敷市,消火栓,332020,,倉敷市玉島乙島４９番地１　地先,岡山県,倉敷市,,,,133.667754,34.528489,300,公設
332020,0100006536,岡山県倉敷市,消火栓,332020,,倉敷市玉島乙島４９番地２９　地先,岡山県,倉敷市,,,,133.668644,34.527436,300,公設
332020,0100006537,岡山県倉敷市,消火栓,332020,,倉敷市玉島乙島１４番地２　地先,岡山県,倉敷市,,,,133.669046,34.526099,300,公設
332020,0100006538,岡山県倉敷市,消火栓,332020,,倉敷市玉島乙島５０番地４　地先,岡山県,倉敷市,,,,133.669206,34.524996,200,公設
332020,0100006539,岡山県倉敷市,消火栓,332020,,倉敷市玉島乙島７４７１番地２２８　地先,岡山県,倉敷市,,,,133.680274,34.528421,100,公設
332020,0100006540,岡山県倉敷市,消火栓,332020,,倉敷市玉島乙島６６１６番地１　地先,岡山県,倉敷市,,,,133.6862,34.539311,100,公設
332020,0100006541,岡山県倉敷市,消火栓,332020,,倉敷市玉島乙島１０１９番地　地先,岡山県,倉敷市,,,,133.673574,34.532449,100,公設
332020,0100006542,岡山県倉敷市,消火栓,332020,,倉敷市玉島乙島８２３０番地３８,岡山県,倉敷市,,,,133.678962,34.525527,100,公設
332020,0100006543,岡山県倉敷市,消火栓,332020,,倉敷市玉島乙島７１３０番地１　地先,岡山県,倉敷市,,,,133.681682,34.535114,150,公設
332020,0100006544,岡山県倉敷市,消火栓,332020,,倉敷市玉島乙島８２５２番地３５　地先,岡山県,倉敷市,,,,133.680614,34.519938,150,公設
332020,0100006545,岡山県倉敷市,消火栓,332020,,倉敷市玉島乙島６８５７番地２　地先,岡山県,倉敷市,,,,133.68522,34.537197,100,公設
332020,0100006546,岡山県倉敷市,消火栓,332020,,倉敷市玉島乙島２８番地２　地先,岡山県,倉敷市,,,,133.67034,34.527169,100,公設
332020,0100006547,岡山県倉敷市,消火栓,332020,,倉敷市玉島乙島３３３０番地１　地先,岡山県,倉敷市,,,,133.67921,34.53959,75,公設
332020,0100006548,岡山県倉敷市,消火栓,332020,,倉敷市玉島乙島８２５５番地３６　地先,岡山県,倉敷市,,,,133.678277,34.509174,200,公設
332020,0100006549,岡山県倉敷市,消火栓,332020,,倉敷市玉島乙島２３２７番地６　地先,岡山県,倉敷市,,,,133.674238,34.535696,75,公設
332020,0100006550,岡山県倉敷市,消火栓,332020,,倉敷市玉島乙島７１１０番地　地先,岡山県,倉敷市,,,,133.684162,34.535029,100,公設
332020,0100006551,岡山県倉敷市,消火栓,332020,,倉敷市玉島乙島８２５６番地５２　地先,岡山県,倉敷市,,,,133.670785,34.511212,100,公設
332020,0100006552,岡山県倉敷市,消火栓,332020,,倉敷市玉島乙島８２５６番地２０,岡山県,倉敷市,,,,133.676378,34.510452,100,公設
332020,0100006553,岡山県倉敷市,消火栓,332020,,倉敷市玉島乙島８２５６番地３９,岡山県,倉敷市,,,,133.675016,34.51217,100,公設
332020,0100006554,岡山県倉敷市,消火栓,332020,,倉敷市玉島乙島８２５６番地３３,岡山県,倉敷市,,,,133.677022,34.512132,100,公設
332020,0100006555,岡山県倉敷市,消火栓,332020,,倉敷市玉島乙島５１８３番地　地先,岡山県,倉敷市,,,,133.685422,34.539984,100,公設
332020,0100006556,岡山県倉敷市,消火栓,332020,,倉敷市玉島乙島７１９０－５,岡山県,倉敷市,,,,133.684342,34.533995,100,公設
332020,0100006557,岡山県倉敷市,消火栓,332020,,倉敷市玉島乙島７４７１番地７６６,岡山県,倉敷市,,,,133.682752,34.526465,75,公設
332020,0100006558,岡山県倉敷市,消火栓,332020,,倉敷市玉島乙島７４７１番地　地先,岡山県,倉敷市,,,,133.688592,34.53145,75,公設
332020,0100006559,岡山県倉敷市,消火栓,332020,,倉敷市玉島乙島７４７１番地５５０　地先,岡山県,倉敷市,,,,133.690348,34.531346,75,公設
332020,0100006560,岡山県倉敷市,消火栓,332020,,倉敷市玉島乙島２９２９番地４　地先,岡山県,倉敷市,,,,133.675714,34.537632,150,公設
332020,0100006561,岡山県倉敷市,消火栓,332020,,倉敷市玉島乙島７０７１－６,岡山県,倉敷市,,,,133.689404,34.534887,75,公設
332020,0100006562,岡山県倉敷市,消火栓,332020,,倉敷市玉島乙島８２５６番地６５　地先,岡山県,倉敷市,,,,133.675033,34.513277,150,公設
332020,0100006563,岡山県倉敷市,消火栓,332020,,倉敷市玉島乙島８２５６番地６４　地先,岡山県,倉敷市,,,,133.674042,34.512841,150,公設
332020,0100006564,岡山県倉敷市,消火栓,332020,,倉敷市玉島乙島８２５６番地５０　地先,岡山県,倉敷市,,,,133.671995,34.512056,100,公設
332020,0100006565,岡山県倉敷市,消火栓,332020,,倉敷市玉島乙島８２５６番地３８　地先,岡山県,倉敷市,,,,133.674829,34.510471,100,公設
332020,0100006566,岡山県倉敷市,消火栓,332020,,倉敷市玉島乙島８２５６番地６１　地先,岡山県,倉敷市,,,,133.673005,34.510497,100,公設
332020,0100006567,岡山県倉敷市,消火栓,332020,,倉敷市玉島乙島８２５６番地７１　地先,岡山県,倉敷市,,,,133.676507,34.508635,100,公設
332020,0100006568,岡山県倉敷市,消火栓,332020,,倉敷市玉島乙島８２５６番地７４　地先,岡山県,倉敷市,,,,133.67359,34.508686,100,公設
332020,0100006569,岡山県倉敷市,消火栓,332020,,倉敷市玉島乙島８２５６番地３４　地先,岡山県,倉敷市,,,,133.671661,34.509092,100,公設
332020,0100006570,岡山県倉敷市,消火栓,332020,,倉敷市玉島乙島７２４１番地７　地先,岡山県,倉敷市,,,,133.687796,34.531721,100,公設
332020,0100006571,岡山県倉敷市,消火栓,332020,,倉敷市玉島乙島１１０５番地８　地先,岡山県,倉敷市,,,,133.673403,34.529291,100,公設
332020,0100006572,岡山県倉敷市,消火栓,332020,,倉敷市玉島乙島８２５６番地４２　地先,岡山県,倉敷市,,,,133.677585,34.513108,150,公設
332020,0100006573,岡山県倉敷市,消火栓,332020,,倉敷市玉島乙島８２５６番地８１,岡山県,倉敷市,,,,133.676166,34.513138,150,公設
332020,0100006574,岡山県倉敷市,消火栓,332020,,倉敷市玉島乙島８２５６番地４５,岡山県,倉敷市,,,,133.673001,34.512469,100,公設
332020,0100006575,岡山県倉敷市,消火栓,332020,,倉敷市玉島乙島８２５６番地５１,岡山県,倉敷市,,,,133.671704,34.511351,100,公設
332020,0100006576,岡山県倉敷市,消火栓,332020,,倉敷市玉島乙島８２５６番地５３　地先,岡山県,倉敷市,,,,133.671681,34.510338,100,公設
332020,0100006577,岡山県倉敷市,消火栓,332020,,倉敷市玉島乙島８２５６番地６０,岡山県,倉敷市,,,,133.674002,34.510498,100,公設
332020,0100006578,岡山県倉敷市,消火栓,332020,,倉敷市玉島乙島８２５６番地４３　地先,岡山県,倉敷市,,,,133.677627,34.51041,100,公設
332020,0100006579,岡山県倉敷市,消火栓,332020,,倉敷市玉島乙島８２５６番地７６,岡山県,倉敷市,,,,133.67227,34.508712,100,公設
332020,0100006580,岡山県倉敷市,消火栓,332020,,倉敷市玉島乙島新湊,岡山県,倉敷市,,,,133.677674,34.508651,100,公設
332020,0100006581,岡山県倉敷市,消火栓,332020,,倉敷市玉島乙島３１３０番地５　地先,岡山県,倉敷市,,,,133.67658,34.53727,75,公設
332020,0100006582,岡山県倉敷市,消火栓,332020,,倉敷市玉島乙島６８４７番地２　地先,岡山県,倉敷市,,,,133.686845,34.537143,100,公設
332020,0100006583,岡山県倉敷市,消火栓,332020,,倉敷市玉島乙島８２５５番地１１,岡山県,倉敷市,,,,133.680055,34.512903,200,公設
332020,0100006584,岡山県倉敷市,消火栓,332020,,倉敷市玉島乙島８２５５番１１,岡山県,倉敷市,,,,133.681616,34.512873,200,公設
332020,0100006585,岡山県倉敷市,消火栓,332020,,倉敷市玉島乙島７４４７番地　地先,岡山県,倉敷市,,,,133.6782,34.530642,75,公設
332020,0100006586,岡山県倉敷市,消火栓,332020,,倉敷市玉島乙島８２５６番地２７,岡山県,倉敷市,,,,133.678313,34.511736,200,公設
332020,0100006587,岡山県倉敷市,消火栓,332020,,倉敷市玉島乙島８２５５番地１１,岡山県,倉敷市,,,,133.678283,34.510047,200,公設
332020,0100006588,岡山県倉敷市,消火栓,332020,,倉敷市玉島乙島８２５６番地７１　地先,岡山県,倉敷市,,,,133.675381,34.508655,100,公設
332020,0100006589,岡山県倉敷市,消火栓,332020,,倉敷市玉島乙島８２５６番地７２　地先,岡山県,倉敷市,,,,133.674622,34.508664,100,公設
332020,0100006590,岡山県倉敷市,消火栓,332020,,倉敷市玉島乙島４７３４番地１　地先,岡山県,倉敷市,,,,133.683939,34.542932,100,公設
332020,0100006591,岡山県倉敷市,消火栓,332020,,倉敷市玉島乙島４７６９番地　地先,岡山県,倉敷市,,,,133.684225,34.543956,75,公設
332020,0100006592,岡山県倉敷市,消火栓,332020,,倉敷市玉島乙島８２５６番地４２　地先,岡山県,倉敷市,,,,133.678334,34.51345,400,公設
332020,0100006593,岡山県倉敷市,消火栓,332020,,倉敷市玉島乙島８２５５番地４７,岡山県,倉敷市,,,,133.682588,34.511299,200,公設
332020,0100006594,岡山県倉敷市,消火栓,332020,,倉敷市玉島乙島７２０８番地１　地先,岡山県,倉敷市,,,,133.688044,34.53283,100,公設
332020,0100006595,岡山県倉敷市,消火栓,332020,,倉敷市玉島乙島８２３３番地　地先,岡山県,倉敷市,,,,133.669862,34.522668,200,公設
332020,0100006596,岡山県倉敷市,消火栓,332020,,倉敷市玉島乙島８２３４番地　地先,岡山県,倉敷市,,,,133.67012,34.520635,200,公設
332020,0100006597,岡山県倉敷市,消火栓,332020,,倉敷市玉島乙島６６０２番地１　地先,岡山県,倉敷市,,,,133.686637,34.540993,100,公設
332020,0100006598,岡山県倉敷市,消火栓,332020,,倉敷市玉島乙島６７４０番地７　地先,岡山県,倉敷市,,,,133.681366,34.537792,75,公設
332020,0100006599,岡山県倉敷市,消火栓,332020,,倉敷市玉島乙島８２３４番地１３　地先,岡山県,倉敷市,,,,133.671527,34.518444,200,公設
332020,0100006600,岡山県倉敷市,消火栓,332020,,倉敷市玉島乙島７００３－１,岡山県,倉敷市,,,,133.6855,34.535824,100,公設
332020,0100006628,岡山県倉敷市,消火栓,332020,,倉敷市真備町箭田３２８０番地９,岡山県,倉敷市,,,,133.683221,34.634253,75,公設
332020,0100006629,岡山県倉敷市,消火栓,332020,,倉敷市真備町箭田３２７３－６,岡山県,倉敷市,,,,133.683699,34.633123,200,公設
332020,0100006633,岡山県倉敷市,消火栓,332020,,倉敷市真備町箭田３９９３番地,岡山県,倉敷市,,,,133.680315,34.627902,150,公設
332020,0100006634,岡山県倉敷市,消火栓,332020,,倉敷市真備町箭田３８５４番地,岡山県,倉敷市,,,,133.681458,34.628841,200,公設
332020,0100006635,岡山県倉敷市,消火栓,332020,,倉敷市真備町箭田３５５９番地,岡山県,倉敷市,,,,133.684912,34.630164,100,公設
332020,0100006636,岡山県倉敷市,消火栓,332020,,倉敷市真備町箭田３５４０６,岡山県,倉敷市,,,,133.686627,34.630755,150,公設
332020,0100006637,岡山県倉敷市,消火栓,332020,,倉敷市真備町箭田１９０２番地１,岡山県,倉敷市,,,,133.687748,34.631139,150,公設
332020,0100006638,岡山県倉敷市,消火栓,332020,,倉敷市真備町箭田１６８６－５,岡山県,倉敷市,,,,133.689266,34.631538,200,公設
332020,0100006639,岡山県倉敷市,消火栓,332020,,倉敷市真備町箭田６９６番地３６,岡山県,倉敷市,,,,133.691425,34.633965,150,公設
332020,0100006640,岡山県倉敷市,消火栓,332020,,倉敷市真備町箭田６９６番地６７,岡山県,倉敷市,,,,133.691892,34.633063,150,公設
332020,0100006641,岡山県倉敷市,消火栓,332020,,倉敷市真備町箭田６９６番地７１,岡山県,倉敷市,,,,133.692572,34.633298,150,公設
332020,0100006642,岡山県倉敷市,消火栓,332020,,倉敷市真備町箭田６９５番地,岡山県,倉敷市,,,,133.693675,34.63341,300,公設
332020,0100006643,岡山県倉敷市,消火栓,332020,,倉敷市真備町箭田６４５－１,岡山県,倉敷市,,,,133.694361,34.633931,75,公設
332020,0100006644,岡山県倉敷市,消火栓,332020,,倉敷市真備町箭田８７番地,岡山県,倉敷市,,,,133.695935,34.634081,200,公設
332020,0100006645,岡山県倉敷市,消火栓,332020,,倉敷市真備町箭田７７－５,岡山県,倉敷市,,,,133.697511,34.634709,200,公設
332020,0100006646,岡山県倉敷市,消火栓,332020,,倉敷市真備町箭田７３,岡山県,倉敷市,,,,133.69835,34.634914,200,公設
332020,0100006647,岡山県倉敷市,消火栓,332020,,倉敷市真備町箭田５９－１,岡山県,倉敷市,,,,133.697261,34.632968,150,公設
332020,0100006648,岡山県倉敷市,消火栓,332020,,倉敷市真備町箭田９０９番地,岡山県,倉敷市,,,,133.694046,34.632504,75,公設
332020,0100006649,岡山県倉敷市,消火栓,332020,,倉敷市真備町箭田６９６－１１６,岡山県,倉敷市,,,,133.693029,34.632254,100,公設
332020,0100006650,岡山県倉敷市,消火栓,332020,,倉敷市真備町箭田６９６番地１０４,岡山県,倉敷市,,,,133.692272,34.632151,100,公設
332020,0100006651,岡山県倉敷市,消火栓,332020,,倉敷市真備町箭田１２２８番地２,岡山県,倉敷市,,,,133.690552,34.631134,250,公設
332020,0100006652,岡山県倉敷市,消火栓,332020,,倉敷市真備町箭田１７００番地,岡山県,倉敷市,,,,133.689456,34.630609,200,公設
332020,0100006653,岡山県倉敷市,消火栓,332020,,倉敷市真備町箭田１８８３,岡山県,倉敷市,,,,133.68769,34.630009,200,公設
332020,0100006654,岡山県倉敷市,消火栓,332020,,倉敷市真備町箭田３３２８番地,岡山県,倉敷市,,,,133.685534,34.629332,150,公設
332020,0100006655,岡山県倉敷市,消火栓,332020,,倉敷市真備町箭田３３２８,岡山県,倉敷市,,,,133.68541,34.629303,150,公設
332020,0100006656,岡山県倉敷市,消火栓,332020,,倉敷市真備町箭田３８２１,岡山県,倉敷市,,,,133.682335,34.627633,150,公設
332020,0100006657,岡山県倉敷市,消火栓,332020,,倉敷市真備町箭田４０５０番地３,岡山県,倉敷市,,,,133.681023,34.62691,100,公設
332020,0100006658,岡山県倉敷市,消火栓,332020,,倉敷市真備町箭田４０２３番地１２,岡山県,倉敷市,,,,133.681417,34.625909,75,公設
332020,0100006659,岡山県倉敷市,消火栓,332020,,倉敷市真備町箭田４０５５番地３２,岡山県,倉敷市,,,,133.682703,34.626408,75,公設
332020,0100006660,岡山県倉敷市,消火栓,332020,,倉敷市真備町箭田３７８０番地,岡山県,倉敷市,,,,133.683899,34.62746,150,公設
332020,0100006661,岡山県倉敷市,消火栓,332020,,倉敷市真備町箭田５０５５－３１,岡山県,倉敷市,,,,133.683586,34.626986,100,公設
332020,0100006662,岡山県倉敷市,消火栓,332020,,倉敷市真備町箭田４０９０－１３,岡山県,倉敷市,,,,133.68436,34.626752,100,公設
332020,0100006663,岡山県倉敷市,消火栓,332020,,倉敷市真備町箭田３７７２番地,岡山県,倉敷市,,,,133.684915,34.627571,150,公設
332020,0100006664,岡山県倉敷市,消火栓,332020,,倉敷市真備町箭田３７５０,岡山県,倉敷市,,,,133.685836,34.628337,150,公設
332020,0100006665,岡山県倉敷市,消火栓,332020,,倉敷市真備町箭田３７０６番地,岡山県,倉敷市,,,,133.686358,34.628286,75,公設
332020,0100006666,岡山県倉敷市,消火栓,332020,,倉敷市真備町箭田３７０９番地２,岡山県,倉敷市,,,,133.68614,34.628014,75,公設
332020,0100006668,岡山県倉敷市,消火栓,332020,,倉敷市真備町箭田１７７０番地１,岡山県,倉敷市,,,,133.688179,34.628889,75,公設
332020,0100006669,岡山県倉敷市,消火栓,332020,,倉敷市真備町箭田１８５３－２,岡山県,倉敷市,,,,133.688799,34.629521,75,公設
332020,0100006670,岡山県倉敷市,消火栓,332020,,倉敷市真備町箭田１７１６－２,岡山県,倉敷市,,,,133.689069,34.62917,75,公設
332020,0100006671,岡山県倉敷市,消火栓,332020,,倉敷市真備町箭田１８４８－３,岡山県,倉敷市,,,,133.689894,34.62972,100,公設
332020,0100006672,岡山県倉敷市,消火栓,332020,,倉敷市真備町箭田１１８０番地３,岡山県,倉敷市,,,,133.691006,34.630196,200,公設
332020,0100006673,岡山県倉敷市,消火栓,332020,,倉敷市真備町箭田１１７９番地６,岡山県,倉敷市,,,,133.69185,34.630371,100,公設
332020,0100006674,岡山県倉敷市,消火栓,332020,,倉敷市真備町箭田１０３２番地８,岡山県,倉敷市,,,,133.693617,34.630159,75,公設
332020,0100006675,岡山県倉敷市,消火栓,332020,,倉敷市真備町箭田８９２番地,岡山県,倉敷市,,,,133.693912,34.630853,75,公設
332020,0100006676,岡山県倉敷市,消火栓,332020,,倉敷市真備町箭田８６９番地３,岡山県,倉敷市,,,,133.696265,34.631035,75,公設
332020,0100006677,岡山県倉敷市,消火栓,332020,,倉敷市真備町箭田７６４番地４,岡山県,倉敷市,,,,133.698028,34.631882,150,公設
332020,0100006678,岡山県倉敷市,消火栓,332020,,倉敷市真備町箭田３４番地,岡山県,倉敷市,,,,133.698509,34.630992,150,公設
332020,0100006679,岡山県倉敷市,消火栓,332020,,倉敷市真備町箭田７７１番地５,岡山県,倉敷市,,,,133.697547,34.629757,200,公設
332020,0100006680,岡山県倉敷市,消火栓,332020,,倉敷市真備町箭田８５１番地１６,岡山県,倉敷市,,,,133.695708,34.629536,75,公設
332020,0100006681,岡山県倉敷市,消火栓,332020,,倉敷市真備町箭田１０２２番地１３,岡山県,倉敷市,,,,133.694574,34.629864,75,公設
332020,0100006682,岡山県倉敷市,消火栓,332020,,倉敷市真備町箭田１１１７番地１９,岡山県,倉敷市,,,,133.694044,34.627948,200,公設
332020,0100006683,岡山県倉敷市,消火栓,332020,,倉敷市真備町箭田１１１７番地１０,岡山県,倉敷市,,,,133.692826,34.628042,100,公設
332020,0100006684,岡山県倉敷市,消火栓,332020,,倉敷市真備町箭田１１４７,岡山県,倉敷市,,,,133.691618,34.628943,200,公設
332020,0100006685,岡山県倉敷市,消火栓,332020,,倉敷市真備町箭田１１１７番地４３,岡山県,倉敷市,,,,133.692223,34.627765,200,公設
332020,0100006686,岡山県倉敷市,消火栓,332020,,倉敷市真備町箭田１１３０番地,岡山県,倉敷市,,,,133.691789,34.626935,200,公設
332020,0100006687,岡山県倉敷市,消火栓,332020,,倉敷市真備町箭田１１４６番地６,岡山県,倉敷市,,,,133.690479,34.628549,75,公設
332020,0100006688,岡山県倉敷市,消火栓,332020,,倉敷市真備町箭田１７６９番地１,岡山県,倉敷市,,,,133.689964,34.627096,100,公設
332020,0100006689,岡山県倉敷市,消火栓,332020,,倉敷市真備町箭田１７４５番地,岡山県,倉敷市,,,,133.690394,34.626155,200,公設
332020,0100006690,岡山県倉敷市,消火栓,332020,,倉敷市真備町箭田４５１３番地４,岡山県,倉敷市,,,,133.687463,34.625169,200,公設
332020,0100006691,岡山県倉敷市,消火栓,332020,,倉敷市真備町箭田４１４５番地７,岡山県,倉敷市,,,,133.686273,34.625844,75,公設
332020,0100006692,岡山県倉敷市,消火栓,332020,,倉敷市真備町箭田４１１０番地,岡山県,倉敷市,,,,133.685197,34.626168,125,公設
332020,0100006693,岡山県倉敷市,消火栓,332020,,倉敷市真備町箭田４０９０番地１４,岡山県,倉敷市,,,,133.684704,34.626186,100,公設
332020,0100006694,岡山県倉敷市,消火栓,332020,,倉敷市真備町箭田４０７９番地,岡山県,倉敷市,,,,133.684307,34.626131,75,公設
332020,0100006695,岡山県倉敷市,消火栓,332020,,倉敷市真備町箭田４１６４番地１,岡山県,倉敷市,,,,133.684376,34.625461,75,公設
332020,0100006696,岡山県倉敷市,消火栓,332020,,倉敷市真備町箭田４１６２－１６,岡山県,倉敷市,,,,133.684862,34.625335,75,公設
332020,0100006697,岡山県倉敷市,消火栓,332020,,倉敷市真備町箭田４１５５番地７,岡山県,倉敷市,,,,133.685506,34.625453,150,公設
332020,0100006698,岡山県倉敷市,消火栓,332020,,倉敷市真備町箭田４１６２番地１３,岡山県,倉敷市,,,,133.685034,34.624817,75,公設
332020,0100006699,岡山県倉敷市,消火栓,332020,,倉敷市真備町箭田４１５８番地５,岡山県,倉敷市,,,,133.685476,34.62466,200,公設
332020,0100006700,岡山県倉敷市,消火栓,332020,,倉敷市真備町箭田４１７９番地,岡山県,倉敷市,,,,133.685807,34.623801,150,公設
332020,0100006701,岡山県倉敷市,消火栓,332020,,倉敷市真備町箭田４４７６番地,岡山県,倉敷市,,,,133.688036,34.6235,75,公設
332020,0100006702,岡山県倉敷市,消火栓,332020,,倉敷市真備町箭田１０８９番地３,岡山県,倉敷市,,,,133.692775,34.626194,100,公設
332020,0100006703,岡山県倉敷市,消火栓,332020,,倉敷市真備町箭田８２３番地１１,岡山県,倉敷市,,,,133.696862,34.627642,75,公設
332020,0100006704,岡山県倉敷市,消火栓,332020,,倉敷市真備町箭田８０３－３,岡山県,倉敷市,,,,133.697779,34.628773,100,公設
332020,0100006705,岡山県倉敷市,消火栓,332020,,倉敷市真備町箭田７８４番地６,岡山県,倉敷市,,,,133.699115,34.628866,75,公設
332020,0100006706,岡山県倉敷市,消火栓,332020,,倉敷市真備町箭田２番地１３,岡山県,倉敷市,,,,133.699714,34.629264,150,公設
332020,0100006707,岡山県倉敷市,消火栓,332020,,倉敷市真備町箭田２番地１３,岡山県,倉敷市,,,,133.700001,34.629195,75,公設
332020,0100006708,岡山県倉敷市,消火栓,332020,,倉敷市真備町箭田４４３２番地２,岡山県,倉敷市,,,,133.688854,34.621715,150,公設
332020,0100006709,岡山県倉敷市,消火栓,332020,,倉敷市真備町箭田４４０９番地１,岡山県,倉敷市,,,,133.687227,34.621604,150,公設
332020,0100006710,岡山県倉敷市,消火栓,332020,,倉敷市真備町箭田４３０５－１,岡山県,倉敷市,,,,133.685852,34.621613,150,公設
332020,0100006711,岡山県倉敷市,消火栓,332020,,倉敷市真備町箭田５１８８番地,岡山県,倉敷市,,,,133.684022,34.617018,100,公設
332020,0100006712,岡山県倉敷市,消火栓,332020,,倉敷市真備町箭田５４６２番地,岡山県,倉敷市,,,,133.689097,34.617831,150,公設
332020,0100006713,岡山県倉敷市,消火栓,332020,,倉敷市真備町箭田５５８３番地,岡山県,倉敷市,,,,133.691177,34.618665,150,公設
332020,0100006714,岡山県倉敷市,消火栓,332020,,倉敷市真備町箭田５８３６番地,岡山県,倉敷市,,,,133.694081,34.618796,75,公設
332020,0100006715,岡山県倉敷市,消火栓,332020,,倉敷市真備町箭田５８２０番地,岡山県,倉敷市,,,,133.695035,34.619105,100,公設
332020,0100006716,岡山県倉敷市,消火栓,332020,,倉敷市真備町箭田５８６２番地,岡山県,倉敷市,,,,133.69419,34.617352,75,公設
332020,0100006717,岡山県倉敷市,消火栓,332020,,倉敷市真備町箭田５８０１番地,岡山県,倉敷市,,,,133.694545,34.617112,100,公設
332020,0100006718,岡山県倉敷市,消火栓,332020,,倉敷市真備町箭田９１３番地,岡山県,倉敷市,,,,133.693787,34.632033,75,公設
332020,0100006719,岡山県倉敷市,消火栓,332020,,倉敷市真備町箭田７４１－２,岡山県,倉敷市,,,,133.695112,34.632156,75,公設
332020,0100006720,岡山県倉敷市,消火栓,332020,,倉敷市真備町箭田４０４１番地７,岡山県,倉敷市,,,,133.682677,34.625148,100,公設
332020,0100006721,岡山県倉敷市,消火栓,332020,,倉敷市真備町下二万２３９１番地３,岡山県,倉敷市,,,,133.699053,34.620908,75,公設
332020,0100006722,岡山県倉敷市,消火栓,332020,,倉敷市真備町下二万２０２８番地,岡山県,倉敷市,,,,133.70048,34.628275,150,公設
332020,0100006723,岡山県倉敷市,消火栓,332020,,倉敷市真備町下二万２０４７番地,岡山県,倉敷市,,,,133.701026,34.626904,150,公設
332020,0100006724,岡山県倉敷市,消火栓,332020,,倉敷市真備町下二万２０９８番地,岡山県,倉敷市,,,,133.701196,34.625498,150,公設
332020,0100006725,岡山県倉敷市,消火栓,332020,,倉敷市真備町下二万１４７６番地２,岡山県,倉敷市,,,,133.704936,34.623766,150,公設
332020,0100006726,岡山県倉敷市,消火栓,332020,,倉敷市真備町下二万１７５４番地,岡山県,倉敷市,,,,133.704409,34.622803,150,公設
332020,0100006727,岡山県倉敷市,消火栓,332020,,倉敷市真備町下二万１６５８番地１,岡山県,倉敷市,,,,133.70572,34.621314,150,公設
332020,0100006728,岡山県倉敷市,消火栓,332020,,倉敷市真備町下二万１６４３番地５,岡山県,倉敷市,,,,133.706527,34.620268,150,公設
332020,0100006729,岡山県倉敷市,消火栓,332020,,倉敷市真備町下二万１６３６番地１,岡山県,倉敷市,,,,133.706765,34.618737,150,公設
332020,0100006730,岡山県倉敷市,消火栓,332020,,倉敷市真備町下二万１４８８番地,岡山県,倉敷市,,,,133.707494,34.622141,300,公設
332020,0100006731,岡山県倉敷市,消火栓,332020,,倉敷市真備町下二万１４２３番地１,岡山県,倉敷市,,,,133.708966,34.622454,300,公設
332020,0100006732,岡山県倉敷市,消火栓,332020,,倉敷市真備町下二万１４７８番地７,岡山県,倉敷市,,,,133.7093,34.623243,300,公設
332020,0100006733,岡山県倉敷市,消火栓,332020,,倉敷市真備町下二万１３５３番地５５,岡山県,倉敷市,,,,133.710768,34.620916,75,公設
332020,0100006734,岡山県倉敷市,消火栓,332020,,倉敷市真備町下二万１３５３番地９６,岡山県,倉敷市,,,,133.710688,34.620374,75,公設
332020,0100006735,岡山県倉敷市,消火栓,332020,,倉敷市真備町下二万１３５３番地５１,岡山県,倉敷市,,,,133.711262,34.620816,100,公設
332020,0100006736,岡山県倉敷市,消火栓,332020,,倉敷市真備町下二万３８３番地,岡山県,倉敷市,,,,133.712638,34.62267,100,公設
332020,0100006737,岡山県倉敷市,消火栓,332020,,倉敷市真備町下二万４０５番地,岡山県,倉敷市,,,,133.714218,34.623216,100,公設
332020,0100006738,岡山県倉敷市,消火栓,332020,,倉敷市真備町下二万４２１番地,岡山県,倉敷市,,,,133.714507,34.624538,100,公設
332020,0100006739,岡山県倉敷市,消火栓,332020,,倉敷市真備町下二万２５０番地,岡山県,倉敷市,,,,133.712813,34.625527,100,公設
332020,0100006740,岡山県倉敷市,消火栓,332020,,倉敷市真備町上二万２７番地１９,岡山県,倉敷市,,,,133.706434,34.617373,150,公設
332020,0100006741,岡山県倉敷市,消火栓,332020,,倉敷市真備町上二万５４番地,岡山県,倉敷市,,,,133.706409,34.615934,150,公設
332020,0100006742,岡山県倉敷市,消火栓,332020,,倉敷市真備町上二万７８番地,岡山県,倉敷市,,,,133.706508,34.614957,150,公設
332020,0100006743,岡山県倉敷市,消火栓,332020,,倉敷市真備町上二万１７５,岡山県,倉敷市,,,,133.707792,34.612301,150,公設
332020,0100006744,岡山県倉敷市,消火栓,332020,,倉敷市真備町上二万２４５番地３,岡山県,倉敷市,,,,133.708187,34.611425,150,公設
332020,0100006745,岡山県倉敷市,消火栓,332020,,倉敷市真備町上二万２５２１－２,岡山県,倉敷市,,,,133.70894,34.609569,150,公設
332020,0100006746,岡山県倉敷市,消火栓,332020,,倉敷市真備町上二万３６８,岡山県,倉敷市,,,,133.708183,34.608404,75,公設
332020,0100006747,岡山県倉敷市,消火栓,332020,,倉敷市真備町上二万２４９５番地,岡山県,倉敷市,,,,133.707968,34.607535,150,公設
332020,0100006748,岡山県倉敷市,消火栓,332020,,倉敷市真備町上二万２４８２番地５,岡山県,倉敷市,,,,133.707156,34.607428,100,公設
332020,0100006749,岡山県倉敷市,消火栓,332020,,倉敷市真備町上二万３３４６番地,岡山県,倉敷市,,,,133.70843,34.606285,75,公設
332020,0100006750,岡山県倉敷市,消火栓,332020,,倉敷市真備町上二万２４５１番地,岡山県,倉敷市,,,,133.705159,34.605587,150,公設
332020,0100006751,岡山県倉敷市,消火栓,332020,,倉敷市真備町上二万７７４番地,岡山県,倉敷市,,,,133.704175,34.604947,100,公設
332020,0100006752,岡山県倉敷市,消火栓,332020,,倉敷市真備町上二万１１９７番地,岡山県,倉敷市,,,,133.701392,34.604489,150,公設
332020,0100006753,岡山県倉敷市,消火栓,332020,,倉敷市真備町上二万１２２０番地１,岡山県,倉敷市,,,,133.701749,34.603105,150,公設
332020,0100006754,岡山県倉敷市,消火栓,332020,,倉敷市真備町上二万１３３６番地,岡山県,倉敷市,,,,133.700581,34.601486,150,公設
332020,0100006755,岡山県倉敷市,消火栓,332020,,倉敷市真備町上二万１３７２番地１,岡山県,倉敷市,,,,133.697934,34.600821,100,公設
332020,0100006756,岡山県倉敷市,消火栓,332020,,倉敷市真備町上二万２２５３番地,岡山県,倉敷市,,,,133.695963,34.600286,100,公設
332020,0100006757,岡山県倉敷市,消火栓,332020,,倉敷市真備町上二万２２４３番地,岡山県,倉敷市,,,,133.694647,34.600345,100,公設
332020,0100006758,岡山県倉敷市,消火栓,332020,,倉敷市真備町上二万２１１８番地,岡山県,倉敷市,,,,133.695292,34.598286,75,公設
332020,0100006759,岡山県倉敷市,消火栓,332020,,倉敷市真備町上二万３２３８番地７,岡山県,倉敷市,,,,133.710935,34.602298,150,公設
332020,0100006766,岡山県倉敷市,消火栓,332020,,倉敷市真備町上二万３２４７番地１１,岡山県,倉敷市,,,,133.711264,34.601603,150,公設
332020,0100006767,岡山県倉敷市,消火栓,332020,,倉敷市真備町上二万３０９１番地６４,岡山県,倉敷市,,,,133.712239,34.601781,100,公設
332020,0100006771,岡山県倉敷市,消火栓,332020,,倉敷市真備町上二万３０９１番地２５０,岡山県,倉敷市,,,,133.713602,34.601518,75,公設
332020,0100006772,岡山県倉敷市,消火栓,332020,,倉敷市真備町上二万３２４７番地２９,岡山県,倉敷市,,,,133.711683,34.600739,150,公設
332020,0100006773,岡山県倉敷市,消火栓,332020,,倉敷市真備町上二万３０９１番地１２３,岡山県,倉敷市,,,,133.712569,34.600963,75,公設
332020,0100006776,岡山県倉敷市,消火栓,332020,,倉敷市真備町上二万３０９１番地１９６,岡山県,倉敷市,,,,133.713182,34.600598,75,公設
332020,0100006779,岡山県倉敷市,消火栓,332020,,倉敷市真備町上二万３０９１－２４８,岡山県,倉敷市,,,,133.712881,34.599882,150,公設
332020,0100006780,岡山県倉敷市,消火栓,332020,,倉敷市真備町上二万３１０５－１３３,岡山県,倉敷市,,,,133.714434,34.600462,150,公設
332020,0100006782,岡山県倉敷市,消火栓,332020,,倉敷市真備町上二万２７０３番地,岡山県,倉敷市,,,,133.710509,34.619237,75,公設
332020,0100006784,岡山県倉敷市,消火栓,332020,,倉敷市真備町上二万２１１８番地,岡山県,倉敷市,,,,133.695332,34.597925,75,公設
332020,0100006806,岡山県倉敷市,消火栓,332020,,倉敷市真備町市場２０１６番地,岡山県,倉敷市,,,,133.669669,34.647334,100,公設
332020,0100006807,岡山県倉敷市,消火栓,332020,,倉敷市真備町市場１９９５,岡山県,倉敷市,,,,133.67091,34.647726,100,公設
332020,0100006808,岡山県倉敷市,消火栓,332020,,倉敷市真備町市場２１２７番地,岡山県,倉敷市,,,,133.67427,34.648631,100,公設
332020,0100006809,岡山県倉敷市,消火栓,332020,,倉敷市真備町市場２２１６番地,岡山県,倉敷市,,,,133.676417,34.649884,100,公設
332020,0100006810,岡山県倉敷市,消火栓,332020,,倉敷市真備町市場２７５２番地,岡山県,倉敷市,,,,133.675845,34.653003,100,公設
332020,0100006811,岡山県倉敷市,消火栓,332020,,倉敷市真備町市場２６８７番地１,岡山県,倉敷市,,,,133.676819,34.654646,75,公設
332020,0100006812,岡山県倉敷市,消火栓,332020,,倉敷市真備町市場２７６９,岡山県,倉敷市,,,,133.677765,34.653262,75,公設
332020,0100006813,岡山県倉敷市,消火栓,332020,,倉敷市真備町市場２８２６番地１５,岡山県,倉敷市,,,,133.680223,34.653654,75,公設
332020,0100006814,岡山県倉敷市,消火栓,332020,,倉敷市真備町市場２９０２番地４,岡山県,倉敷市,,,,133.680178,34.652519,100,公設
332020,0100006815,岡山県倉敷市,消火栓,332020,,倉敷市真備町市場２８６４番地６,岡山県,倉敷市,,,,133.681116,34.65211,75,公設
332020,0100006816,岡山県倉敷市,消火栓,332020,,倉敷市真備町市場２８９７番地,岡山県,倉敷市,,,,133.68021,34.651061,75,公設
332020,0100006817,岡山県倉敷市,消火栓,332020,,倉敷市真備町市場２９４３番地,岡山県,倉敷市,,,,133.680539,34.650857,150,公設
332020,0100006818,岡山県倉敷市,消火栓,332020,,倉敷市真備町市場２９５１番地,岡山県,倉敷市,,,,133.682094,34.650844,150,公設
332020,0100006819,岡山県倉敷市,消火栓,332020,,倉敷市真備町市場２９６４番地,岡山県,倉敷市,,,,133.684234,34.650583,150,公設
332020,0100006820,岡山県倉敷市,消火栓,332020,,倉敷市真備町市場３０９１番地,岡山県,倉敷市,,,,133.685747,34.649905,200,公設
332020,0100006821,岡山県倉敷市,消火栓,332020,,倉敷市真備町市場３１６１番地,岡山県,倉敷市,,,,133.687161,34.649458,200,公設
332020,0100006822,岡山県倉敷市,消火栓,332020,,倉敷市真備町市場３５４７番地２１,岡山県,倉敷市,,,,133.688325,34.650494,100,公設
332020,0100006823,岡山県倉敷市,消火栓,332020,,倉敷市真備町市場３６３３－１,岡山県,倉敷市,,,,133.689018,34.649804,100,公設
332020,0100006824,岡山県倉敷市,消火栓,332020,,倉敷市真備町市場３５４７番地２０,岡山県,倉敷市,,,,133.689395,34.650852,75,公設
332020,0100006825,岡山県倉敷市,消火栓,332020,,倉敷市真備町市場３５４７番地５３,岡山県,倉敷市,,,,133.68853,34.651415,100,公設
332020,0100006826,岡山県倉敷市,消火栓,332020,,倉敷市真備町市場３３３０番地,岡山県,倉敷市,,,,133.687583,34.652764,100,公設
332020,0100006827,岡山県倉敷市,消火栓,332020,,倉敷市真備町市場３４８８番地,岡山県,倉敷市,,,,133.687741,34.654883,100,公設
332020,0100006828,岡山県倉敷市,消火栓,332020,,倉敷市真備町市場３４９７番地２,岡山県,倉敷市,,,,133.688659,34.654831,100,公設
332020,0100006829,岡山県倉敷市,消火栓,332020,,倉敷市真備町市場３７５９番地,岡山県,倉敷市,,,,133.689156,34.652583,100,公設
332020,0100006830,岡山県倉敷市,消火栓,332020,,倉敷市真備町市場３７１８番地１,岡山県,倉敷市,,,,133.690995,34.652344,100,公設
332020,0100006831,岡山県倉敷市,消火栓,332020,,倉敷市真備町市場３６８６番地３,岡山県,倉敷市,,,,133.691054,34.65094,150,公設
332020,0100006832,岡山県倉敷市,消火栓,332020,,倉敷市真備町市場４０９３番地,岡山県,倉敷市,,,,133.69257,34.653245,75,公設
332020,0100006833,岡山県倉敷市,消火栓,332020,,倉敷市真備町市場４２０２番地４,岡山県,倉敷市,,,,133.693084,34.65185,100,公設
332020,0100006834,岡山県倉敷市,消火栓,332020,,倉敷市真備町市場３６４９番地,岡山県,倉敷市,,,,133.690896,34.648051,200,公設
332020,0100006835,岡山県倉敷市,消火栓,332020,,倉敷市真備町市場６０６番地８,岡山県,倉敷市,,,,133.68501,34.647791,100,公設
332020,0100006836,岡山県倉敷市,消火栓,332020,,倉敷市真備町市場６０８番地４,岡山県,倉敷市,,,,133.685749,34.647406,100,公設
332020,0100006837,岡山県倉敷市,消火栓,332020,,倉敷市真備町市場６０８番地１６,岡山県,倉敷市,,,,133.685571,34.64715,100,公設
332020,0100006838,岡山県倉敷市,消火栓,332020,,倉敷市真備町市場４４６番地５,岡山県,倉敷市,,,,133.686953,34.646271,75,公設
332020,0100006839,岡山県倉敷市,消火栓,332020,,倉敷市真備町市場４２２番地９,岡山県,倉敷市,,,,133.688304,34.645738,75,公設
332020,0100006840,岡山県倉敷市,消火栓,332020,,倉敷市真備町市場３６８番地３,岡山県,倉敷市,,,,133.688222,34.644948,100,公設
332020,0100006841,岡山県倉敷市,消火栓,332020,,倉敷市真備町市場３６８番地３,岡山県,倉敷市,,,,133.689467,34.645111,200,公設
332020,0100006842,岡山県倉敷市,消火栓,332020,,倉敷市真備町市場４９６番地,岡山県,倉敷市,,,,133.691841,34.645945,150,公設
332020,0100006843,岡山県倉敷市,消火栓,332020,,倉敷市真備町市場４３４０番地,岡山県,倉敷市,,,,133.692154,34.647561,200,公設
332020,0100006844,岡山県倉敷市,消火栓,332020,,倉敷市真備町市場３３４番地,岡山県,倉敷市,,,,133.692221,34.64582,100,公設
332020,0100006845,岡山県倉敷市,消火栓,332020,,倉敷市真備町市場５０４番地,岡山県,倉敷市,,,,133.693179,34.645365,100,公設
332020,0100006846,岡山県倉敷市,消火栓,332020,,倉敷市真備町市場４３５８番地,岡山県,倉敷市,,,,133.693273,34.647163,200,公設
332020,0100006847,岡山県倉敷市,消火栓,332020,,倉敷市真備町市場２０５番地,岡山県,倉敷市,,,,133.694249,34.644987,150,公設
332020,0100006848,岡山県倉敷市,消火栓,332020,,倉敷市真備町市場４５８３番地,岡山県,倉敷市,,,,133.69595,34.646486,200,公設
332020,0100006849,岡山県倉敷市,消火栓,332020,,倉敷市真備町市場４５３９番地,岡山県,倉敷市,,,,133.697824,34.646493,150,公設
332020,0100006850,岡山県倉敷市,消火栓,332020,,倉敷市真備町市場４６１１番地,岡山県,倉敷市,,,,133.698418,34.646177,150,公設
332020,0100006851,岡山県倉敷市,消火栓,332020,,倉敷市真備町市場４６５４番地,岡山県,倉敷市,,,,133.699682,34.645658,150,公設
332020,0100006852,岡山県倉敷市,消火栓,332020,,倉敷市真備町市場４６６１番地,岡山県,倉敷市,,,,133.700238,34.645957,75,公設
332020,0100006853,岡山県倉敷市,消火栓,332020,,倉敷市真備町市場４６１６番地７,岡山県,倉敷市,,,,133.700355,34.646627,75,公設
332020,0100006854,岡山県倉敷市,消火栓,332020,,倉敷市真備町市場４６４４番地,岡山県,倉敷市,,,,133.701024,34.645389,150,公設
332020,0100006855,岡山県倉敷市,消火栓,332020,,倉敷市真備町有井４３８番地,岡山県,倉敷市,,,,133.699567,34.642415,75,公設
332020,0100006856,岡山県倉敷市,消火栓,332020,,倉敷市真備町有井６５８番地,岡山県,倉敷市,,,,133.700363,34.641366,150,公設
332020,0100006857,岡山県倉敷市,消火栓,332020,,倉敷市真備町有井４８５番地,岡山県,倉敷市,,,,133.701254,34.640809,150,公設
332020,0100006858,岡山県倉敷市,消火栓,332020,,倉敷市真備町有井５５５番地,岡山県,倉敷市,,,,133.702308,34.640332,150,公設
332020,0100006859,岡山県倉敷市,消火栓,332020,,倉敷市真備町有井５３０－３,岡山県,倉敷市,,,,133.702657,34.639504,150,公設
332020,0100006860,岡山県倉敷市,消火栓,332020,,倉敷市真備町有井３２６番地２５,岡山県,倉敷市,,,,133.705053,34.640631,200,公設
332020,0100006861,岡山県倉敷市,消火栓,332020,,倉敷市真備町有井３０６番地１,岡山県,倉敷市,,,,133.70411,34.639933,200,公設
332020,0100006862,岡山県倉敷市,消火栓,332020,,倉敷市真備町有井１３９５番地１,岡山県,倉敷市,,,,133.70299,34.638983,200,公設
332020,0100006863,岡山県倉敷市,消火栓,332020,,倉敷市真備町有井１１６０番地４,岡山県,倉敷市,,,,133.699199,34.637578,75,公設
332020,0100006864,岡山県倉敷市,消火栓,332020,,倉敷市真備町有井１２３５番地,岡山県,倉敷市,,,,133.699739,34.635472,200,公設
332020,0100006865,岡山県倉敷市,消火栓,332020,,倉敷市真備町有井１２６４番地２,岡山県,倉敷市,,,,133.700617,34.63594,200,公設
332020,0100006866,岡山県倉敷市,消火栓,332020,,倉敷市真備町有井１２７０番地,岡山県,倉敷市,,,,133.70175,34.636621,75,公設
332020,0100006870,岡山県倉敷市,消火栓,332020,,倉敷市真備町有井１６２４番地７,岡山県,倉敷市,,,,133.70423,34.635879,75,公設
332020,0100006871,岡山県倉敷市,消火栓,332020,,倉敷市真備町有井１６５２番地２,岡山県,倉敷市,,,,133.704965,34.635833,100,公設
332020,0100006872,岡山県倉敷市,消火栓,332020,,倉敷市真備町有井１６０５５,岡山県,倉敷市,,,,133.703319,34.634413,75,公設
332020,0100006873,岡山県倉敷市,消火栓,332020,,倉敷市真備町有井１６１０番地１,岡山県,倉敷市,,,,133.704707,34.63478,75,公設
332020,0100006874,岡山県倉敷市,消火栓,332020,,倉敷市真備町有井１６６０番地２６,岡山県,倉敷市,,,,133.705384,34.635255,100,公設
332020,0100006875,岡山県倉敷市,消火栓,332020,,倉敷市真備町有井１９３５番地,岡山県,倉敷市,,,,133.701828,34.633015,75,公設
332020,0100006876,岡山県倉敷市,消火栓,332020,,倉敷市真備町有井２０５番地１,岡山県,倉敷市,,,,133.706992,34.636879,150,公設
332020,0100006877,岡山県倉敷市,消火栓,332020,,倉敷市真備町有井７７番地１３,岡山県,倉敷市,,,,133.707689,34.638039,75,公設
332020,0100006878,岡山県倉敷市,消火栓,332020,,倉敷市真備町有井７７番地２４,岡山県,倉敷市,,,,133.708493,34.638255,75,公設
332020,0100006879,岡山県倉敷市,消火栓,332020,,倉敷市真備町有井７７７,岡山県,倉敷市,,,,133.707985,34.637687,75,公設
332020,0100006880,岡山県倉敷市,消火栓,332020,,倉敷市真備町有井７７番地４８,岡山県,倉敷市,,,,133.708892,34.637709,75,公設
332020,0100006881,岡山県倉敷市,消火栓,332020,,倉敷市真備町有井８９番地１３,岡山県,倉敷市,,,,133.708348,34.63719,75,公設
332020,0100006882,岡山県倉敷市,消火栓,332020,,倉敷市真備町有井１０７番地４１,岡山県,倉敷市,,,,133.708706,34.635473,75,公設
332020,0100006883,岡山県倉敷市,消火栓,332020,,倉敷市真備町有井１０７３０,岡山県,倉敷市,,,,133.708791,34.635241,75,公設
332020,0100006884,岡山県倉敷市,消火栓,332020,,倉敷市真備町有井１０７番地２１,岡山県,倉敷市,,,,133.708458,34.634784,100,公設
332020,0100006885,岡山県倉敷市,消火栓,332020,,倉敷市真備町有井１４１番地７,岡山県,倉敷市,,,,133.70949,34.633405,100,公設
332020,0100006886,岡山県倉敷市,消火栓,332020,,倉敷市真備町有井１６８７５,岡山県,倉敷市,,,,133.706992,34.632809,200,公設
332020,0100006887,岡山県倉敷市,消火栓,332020,,倉敷市真備町有井２０９２番地,岡山県,倉敷市,,,,133.711638,34.627417,75,公設
332020,0100006888,岡山県倉敷市,消火栓,332020,,倉敷市真備町有井１５５６－２,岡山県,倉敷市,,,,133.700038,34.632944,200,公設
332020,0100006889,岡山県倉敷市,消火栓,332020,,倉敷市真備町岡田１１３１番地,岡山県,倉敷市,,,,133.695595,34.650903,100,公設
332020,0100006890,岡山県倉敷市,消火栓,332020,,倉敷市真備町岡田１１７３番地,岡山県,倉敷市,,,,133.696555,34.650663,100,公設
332020,0100006891,岡山県倉敷市,消火栓,332020,,倉敷市真備町岡田１０６９番地３０,岡山県,倉敷市,,,,133.700357,34.647537,75,公設
332020,0100006892,岡山県倉敷市,消火栓,332020,,倉敷市真備町岡田１０６９番地３４,岡山県,倉敷市,,,,133.700779,34.647382,75,公設
332020,0100006893,岡山県倉敷市,消火栓,332020,,倉敷市真備町岡田１２７７,岡山県,倉敷市,,,,133.700832,34.648103,100,公設
332020,0100006894,岡山県倉敷市,消火栓,332020,,倉敷市真備町岡田１０４９,岡山県,倉敷市,,,,133.701671,34.647853,150,公設
332020,0100006895,岡山県倉敷市,消火栓,332020,,倉敷市真備町岡田１０３４番地,岡山県,倉敷市,,,,133.702736,34.648547,75,公設
332020,0100006896,岡山県倉敷市,消火栓,332020,,倉敷市真備町岡田９８８番地１,岡山県,倉敷市,,,,133.70373,34.65029,100,公設
332020,0100006897,岡山県倉敷市,消火栓,332020,,倉敷市真備町岡田１５４４番地１,岡山県,倉敷市,,,,133.70566,34.650476,150,公設
332020,0100006898,岡山県倉敷市,消火栓,332020,,倉敷市真備町岡田９３６,岡山県,倉敷市,,,,133.707352,34.650265,150,公設
332020,0100006900,岡山県倉敷市,消火栓,332020,,倉敷市真備町岡田８１５番地,岡山県,倉敷市,,,,133.710256,34.650337,300,公設
332020,0100006901,岡山県倉敷市,消火栓,332020,,倉敷市真備町岡田７９６番地４,岡山県,倉敷市,,,,133.711224,34.651569,300,公設
332020,0100006902,岡山県倉敷市,消火栓,332020,,倉敷市真備町岡田７７０番地４,岡山県,倉敷市,,,,133.71084,34.649195,300,公設
332020,0100006903,岡山県倉敷市,消火栓,332020,,倉敷市真備町岡田７６１番地,岡山県,倉敷市,,,,133.711314,34.648135,200,公設
332020,0100006904,岡山県倉敷市,消火栓,332020,,倉敷市真備町岡田６９１番地２,岡山県,倉敷市,,,,133.705007,34.648693,150,公設
332020,0100006905,岡山県倉敷市,消火栓,332020,,倉敷市真備町岡田６８０番地１,岡山県,倉敷市,,,,133.705884,34.647499,100,公設
332020,0100006906,岡山県倉敷市,消火栓,332020,,倉敷市真備町岡田３１３－３,岡山県,倉敷市,,,,133.707348,34.648082,150,公設
332020,0100006907,岡山県倉敷市,消火栓,332020,,倉敷市真備町岡田６３２番地,岡山県,倉敷市,,,,133.70583,34.64653,100,公設
332020,0100006908,岡山県倉敷市,消火栓,332020,,倉敷市真備町岡田６１０番地,岡山県,倉敷市,,,,133.704434,34.645494,75,公設
332020,0100006910,岡山県倉敷市,消火栓,332020,,倉敷市真備町岡田５７３番地８,岡山県,倉敷市,,,,133.70652,34.645678,100,公設
332020,0100006911,岡山県倉敷市,消火栓,332020,,倉敷市真備町岡田５２３番地,岡山県,倉敷市,,,,133.706772,34.645019,100,公設
332020,0100006912,岡山県倉敷市,消火栓,332020,,倉敷市真備町岡田４７７番地２,岡山県,倉敷市,,,,133.705107,34.64357,75,公設
332020,0100006913,岡山県倉敷市,消火栓,332020,,倉敷市真備町岡田１３７番地１,岡山県,倉敷市,,,,133.706693,34.642862,200,公設
332020,0100006914,岡山県倉敷市,消火栓,332020,,倉敷市真備町岡田４５５番地,岡山県,倉敷市,,,,133.707058,34.643906,200,公設
332020,0100006915,岡山県倉敷市,消火栓,332020,,倉敷市真備町岡田４４１番地,岡山県,倉敷市,,,,133.707232,34.644268,100,公設
332020,0100006918,岡山県倉敷市,消火栓,332020,,倉敷市真備町岡田１６４番地２４,岡山県,倉敷市,,,,133.708664,34.642978,75,公設
332020,0100006919,岡山県倉敷市,消火栓,332020,,倉敷市真備町岡田１６４番地１２,岡山県,倉敷市,,,,133.709347,34.64294,75,公設
332020,0100006920,岡山県倉敷市,消火栓,332020,,倉敷市真備町岡田１６４番地３２,岡山県,倉敷市,,,,133.708724,34.64366,75,公設
332020,0100006921,岡山県倉敷市,消火栓,332020,,倉敷市真備町岡田４１８番地１,岡山県,倉敷市,,,,133.70794,34.644767,200,公設
332020,0100006922,岡山県倉敷市,消火栓,332020,,倉敷市真備町岡田４０５番地４,岡山県,倉敷市,,,,133.708278,34.645498,200,公設
332020,0100006923,岡山県倉敷市,消火栓,332020,,倉敷市真備町岡田３８２,岡山県,倉敷市,,,,133.708413,34.646559,150,公設
332020,0100006924,岡山県倉敷市,消火栓,332020,,倉敷市真備町岡田３６６番地３,岡山県,倉敷市,,,,133.707884,34.64737,150,公設
332020,0100006925,岡山県倉敷市,消火栓,332020,,倉敷市真備町岡田２９５番地１３,岡山県,倉敷市,,,,133.709152,34.64681,200,公設
332020,0100006926,岡山県倉敷市,消火栓,332020,,倉敷市真備町岡田２５４番地,岡山県,倉敷市,,,,133.709186,34.645827,150,公設
332020,0100006927,岡山県倉敷市,消火栓,332020,,倉敷市真備町岡田２２５番地２０,岡山県,倉敷市,,,,133.709879,34.6449,100,公設
332020,0100006928,岡山県倉敷市,消火栓,332020,,倉敷市真備町辻田１５８０番地２,岡山県,倉敷市,,,,133.716841,34.654585,100,公設
332020,0100006929,岡山県倉敷市,消火栓,332020,,倉敷市真備町辻田７７７番地４,岡山県,倉敷市,,,,133.716273,34.653729,150,公設
332020,0100006930,岡山県倉敷市,消火栓,332020,,倉敷市真備町辻田７８２番地１,岡山県,倉敷市,,,,133.71536,34.652962,150,公設
332020,0100006931,岡山県倉敷市,消火栓,332020,,倉敷市真備町辻田７２４番地３,岡山県,倉敷市,,,,133.717366,34.651916,100,公設
332020,0100006933,岡山県倉敷市,消火栓,332020,,倉敷市真備町辻田９７７番地２,岡山県,倉敷市,,,,133.713697,34.65096,150,公設
332020,0100006934,岡山県倉敷市,消火栓,332020,,倉敷市真備町辻田１１３５番地５,岡山県,倉敷市,,,,133.712106,34.650125,100,公設
332020,0100006936,岡山県倉敷市,消火栓,332020,,倉敷市真備町辻田１０２２番地２,岡山県,倉敷市,,,,133.712736,34.649237,100,公設
332020,0100006937,岡山県倉敷市,消火栓,332020,,倉敷市真備町辻田１０１３番地６,岡山県,倉敷市,,,,133.713675,34.649532,75,公設
332020,0100006938,岡山県倉敷市,消火栓,332020,,倉敷市真備町辻田１１０４番地２,岡山県,倉敷市,,,,133.710697,34.645354,75,公設
332020,0100006939,岡山県倉敷市,消火栓,332020,,倉敷市真備町辻田１１０３番地５,岡山県,倉敷市,,,,133.711255,34.645584,75,公設
332020,0100006940,岡山県倉敷市,消火栓,332020,,倉敷市真備町辻田１５４番地２,岡山県,倉敷市,,,,133.711406,34.644973,150,公設
332020,0100006941,岡山県倉敷市,消火栓,332020,,倉敷市真備町辻田２８９番地１,岡山県,倉敷市,,,,133.712716,34.645419,250,公設
332020,0100006942,岡山県倉敷市,消火栓,332020,,倉敷市真備町辻田２５８－５,岡山県,倉敷市,,,,133.713585,34.644565,250,公設
332020,0100006944,岡山県倉敷市,消火栓,332020,,倉敷市真備町辻田１１８番地１,岡山県,倉敷市,,,,133.714282,34.643847,75,公設
332020,0100006945,岡山県倉敷市,消火栓,332020,,倉敷市真備町辻田１７６番地１１,岡山県,倉敷市,,,,133.714983,34.644201,250,公設
332020,0100006946,岡山県倉敷市,消火栓,332020,,倉敷市真備町辻田１８４番地２,岡山県,倉敷市,,,,133.715828,34.643537,75,公設
332020,0100006947,岡山県倉敷市,消火栓,332020,,倉敷市真備町辻田１０４番地,岡山県,倉敷市,,,,133.71607,34.643183,150,公設
332020,0100006948,岡山県倉敷市,消火栓,332020,,倉敷市真備町辻田８３３番地１１,岡山県,倉敷市,,,,133.716787,34.65028,100,公設
332020,0100006950,岡山県倉敷市,消火栓,332020,,倉敷市真備町辻田８２５番地１０,岡山県,倉敷市,,,,133.717544,34.649898,75,公設
332020,0100006952,岡山県倉敷市,消火栓,332020,,倉敷市真備町辻田８７４番地３,岡山県,倉敷市,,,,133.718325,34.649518,75,公設
332020,0100006953,岡山県倉敷市,消火栓,332020,,倉敷市真備町辻田８５９番地７,岡山県,倉敷市,,,,133.716126,34.648959,100,公設
332020,0100006954,岡山県倉敷市,消火栓,332020,,倉敷市真備町辻田８６７番地４,岡山県,倉敷市,,,,133.715461,34.648601,75,公設
332020,0100006955,岡山県倉敷市,消火栓,332020,,倉敷市真備町辻田４３２番地１９,岡山県,倉敷市,,,,133.717782,34.648602,75,公設
332020,0100006956,岡山県倉敷市,消火栓,332020,,倉敷市真備町辻田５３３番地１,岡山県,倉敷市,,,,133.718692,34.648529,75,公設
332020,0100006957,岡山県倉敷市,消火栓,332020,,倉敷市真備町辻田４９６番地,岡山県,倉敷市,,,,133.720469,34.649286,200,公設
332020,0100006960,岡山県倉敷市,消火栓,332020,,倉敷市真備町辻田４２２番地５,岡山県,倉敷市,,,,133.718101,34.646666,250,公設
332020,0100006961,岡山県倉敷市,消火栓,332020,,倉敷市真備町辻田５９６番地１,岡山県,倉敷市,,,,133.721307,34.648104,200,公設
332020,0100006962,岡山県倉敷市,消火栓,332020,,倉敷市真備町辻田３５５番地２７,岡山県,倉敷市,,,,133.718232,34.645931,75,公設
332020,0100006963,岡山県倉敷市,消火栓,332020,,倉敷市真備町辻田４１４番地５,岡山県,倉敷市,,,,133.719315,34.645796,250,公設
332020,0100006964,岡山県倉敷市,消火栓,332020,,倉敷市真備町辻田４０９番地５,岡山県,倉敷市,,,,133.721135,34.646079,250,公設
332020,0100006965,岡山県倉敷市,消火栓,332020,,倉敷市玉島１１７６番地３　地先,岡山県,倉敷市,,,,133.689628,34.554495,200,公設
332020,0100006966,岡山県倉敷市,消火栓,332020,,倉敷市玉島１１９２番地　地先,岡山県,倉敷市,,,,133.689055,34.553563,100,公設
332020,0100006967,岡山県倉敷市,消火栓,332020,,倉敷市玉島９９３番地　地先,岡山県,倉敷市,,,,133.688553,34.552561,100,公設
332020,0100006968,岡山県倉敷市,消火栓,332020,,倉敷市玉島１２１８番地３,岡山県,倉敷市,,,,133.686908,34.553215,250,公設
332020,0100006969,岡山県倉敷市,消火栓,332020,,倉敷市玉島１２１６番地,岡山県,倉敷市,,,,133.687143,34.552043,150,公設
332020,0100006970,岡山県倉敷市,消火栓,332020,,倉敷市玉島８８４番地　地先,岡山県,倉敷市,,,,133.687201,34.550987,150,公設
332020,0100006971,岡山県倉敷市,消火栓,332020,,倉敷市玉島８５６番地１２　地先,岡山県,倉敷市,,,,133.687951,34.550766,150,公設
332020,0100006972,岡山県倉敷市,消火栓,332020,,倉敷市玉島８４５番地３　地先,岡山県,倉敷市,,,,133.686789,34.549781,75,公設
332020,0100006973,岡山県倉敷市,消火栓,332020,,倉敷市玉島１７６０番地　地先,岡山県,倉敷市,,,,133.685467,34.554342,75,公設
332020,0100006974,岡山県倉敷市,消火栓,332020,,倉敷市玉島１２４２番地　地先,岡山県,倉敷市,,,,133.68469,34.55212,250,公設
332020,0100006975,岡山県倉敷市,消火栓,332020,,倉敷市玉島１３０１番地１　地先,岡山県,倉敷市,,,,133.682968,34.551282,250,公設
332020,0100006976,岡山県倉敷市,消火栓,332020,,倉敷市玉島１３１９番地,岡山県,倉敷市,,,,133.682712,34.549856,75,公設
332020,0100006977,岡山県倉敷市,消火栓,332020,,倉敷市玉島１３２５番地２　地先,岡山県,倉敷市,,,,133.682678,34.548884,75,公設
332020,0100006978,岡山県倉敷市,消火栓,332020,,倉敷市玉島１３３８番地１,岡山県,倉敷市,,,,133.683154,34.548099,150,公設
332020,0100006979,岡山県倉敷市,消火栓,332020,,倉敷市玉島１９５２番地６,岡山県,倉敷市,,,,133.680363,34.555845,150,公設
332020,0100006980,岡山県倉敷市,消火栓,332020,,倉敷市玉島１９２０番地５,岡山県,倉敷市,,,,133.680677,34.554859,150,公設
332020,0100006981,岡山県倉敷市,消火栓,332020,,倉敷市玉島１７１４番地１　地先,岡山県,倉敷市,,,,133.680774,34.553945,150,公設
332020,0100006982,岡山県倉敷市,消火栓,332020,,倉敷市玉島１７０２番地１,岡山県,倉敷市,,,,133.680885,34.552688,150,公設
332020,0100006983,岡山県倉敷市,消火栓,332020,,倉敷市玉島１６１６番地８,岡山県,倉敷市,,,,133.680982,34.551335,150,公設
332020,0100006984,岡山県倉敷市,消火栓,332020,,倉敷市玉島１３７３番地１２　地先,岡山県,倉敷市,,,,133.681039,34.54798,150,公設
332020,0100006985,岡山県倉敷市,消火栓,332020,,倉敷市玉島１３６９番地１　地先,岡山県,倉敷市,,,,133.681203,34.548592,150,公設
332020,0100006986,岡山県倉敷市,消火栓,332020,,倉敷市玉島１３７９番地,岡山県,倉敷市,,,,133.681339,34.54761,150,公設
332020,0100006988,岡山県倉敷市,消火栓,332020,,倉敷市玉島６３８番地２,岡山県,倉敷市,,,,133.681592,34.545433,200,公設
332020,0100006989,岡山県倉敷市,消火栓,332020,,倉敷市玉島４８２２番地１　地先,岡山県,倉敷市,,,,133.68205,34.544576,200,公設
332020,0100006990,岡山県倉敷市,消火栓,332020,,倉敷市玉島１５５５番地　地先,岡山県,倉敷市,,,,133.679389,34.548727,200,公設
332020,0100006991,岡山県倉敷市,消火栓,332020,,倉敷市玉島１丁目９番地１　地先,岡山県,倉敷市,,,,133.679552,34.547317,150,公設
332020,0100006992,岡山県倉敷市,消火栓,332020,,倉敷市玉島１丁目９番地４５　地先,岡山県,倉敷市,,,,133.679578,34.546336,100,公設
332020,0100006993,岡山県倉敷市,消火栓,332020,,倉敷市玉島１丁目１０番３号,岡山県,倉敷市,,,,133.679754,34.54544,100,公設
332020,0100006994,岡山県倉敷市,消火栓,332020,,倉敷市玉島１丁目１２番５号,岡山県,倉敷市,,,,133.67997,34.544883,150,公設
332020,0100006995,岡山県倉敷市,消火栓,332020,,倉敷市玉島１丁目１４番地５　地先,岡山県,倉敷市,,,,133.680224,34.544059,200,公設
332020,0100006996,岡山県倉敷市,消火栓,332020,,倉敷市玉島１丁目８番１０号,岡山県,倉敷市,,,,133.678463,34.547079,150,公設
332020,0100006997,岡山県倉敷市,消火栓,332020,,倉敷市玉島１丁目８番地５５　地先,岡山県,倉敷市,,,,133.677936,34.546354,75,公設
332020,0100006998,岡山県倉敷市,消火栓,332020,,倉敷市玉島１丁目１５番１４号,岡山県,倉敷市,,,,133.678716,34.544504,150,公設
332020,0100006999,岡山県倉敷市,消火栓,332020,,倉敷市玉島１５６７番地１　地先,岡山県,倉敷市,,,,133.6778,34.548893,100,公設
332020,0100007000,岡山県倉敷市,消火栓,332020,,倉敷市玉島１５４３番地２　地先,岡山県,倉敷市,,,,133.677208,34.548013,100,公設
332020,0100007001,岡山県倉敷市,消火栓,332020,,倉敷市玉島１４５１番地　地先,岡山県,倉敷市,,,,133.67811,34.54764,200,公設
332020,0100007002,岡山県倉敷市,消火栓,332020,,倉敷市玉島１丁目７番地３　地先,岡山県,倉敷市,,,,133.67726,34.546919,150,公設
332020,0100007003,岡山県倉敷市,消火栓,332020,,倉敷市玉島１丁目７番地４１　地先,岡山県,倉敷市,,,,133.676954,34.545868,150,公設
332020,0100007004,岡山県倉敷市,消火栓,332020,,倉敷市玉島２丁目１１番地３　地先,岡山県,倉敷市,,,,133.676877,34.544839,150,公設
332020,0100007005,岡山県倉敷市,消火栓,332020,,倉敷市玉島１丁目１１番地１３　地先,岡山県,倉敷市,,,,133.677385,34.544268,150,公設
332020,0100007006,岡山県倉敷市,消火栓,332020,,倉敷市玉島１丁目１５番地７６　地先,岡山県,倉敷市,,,,133.678087,34.543561,200,公設
332020,0100007007,岡山県倉敷市,消火栓,332020,,倉敷市玉島２丁目２０番１０号,岡山県,倉敷市,,,,133.67891,34.542847,200,公設
332020,0100007008,岡山県倉敷市,消火栓,332020,,倉敷市玉島２丁目２０番１７号,岡山県,倉敷市,,,,133.679389,34.542208,200,公設
332020,0100007009,岡山県倉敷市,消火栓,332020,,倉敷市玉島１丁目１６番３３号,岡山県,倉敷市,,,,133.680458,34.542038,75,公設
332020,0100007010,岡山県倉敷市,消火栓,332020,,倉敷市玉島２丁目２１番１５号,岡山県,倉敷市,,,,133.679831,34.54154,150,公設
332020,0100007011,岡山県倉敷市,消火栓,332020,,倉敷市玉島２丁目２１番２６号,岡山県,倉敷市,,,,133.680011,34.54043,150,公設
332020,0100007012,岡山県倉敷市,消火栓,332020,,倉敷市玉島２丁目２３番地３３　地先,岡山県,倉敷市,,,,133.678147,34.542282,150,公設
332020,0100007014,岡山県倉敷市,消火栓,332020,,倉敷市玉島２丁目２４番地１９,岡山県,倉敷市,,,,133.676424,34.542214,150,公設
332020,0100007015,岡山県倉敷市,消火栓,332020,,倉敷市玉島２丁目２５番地３４　地先,岡山県,倉敷市,,,,133.675828,34.541007,75,公設
332020,0100007016,岡山県倉敷市,消火栓,332020,,倉敷市玉島２丁目４番地２４　地先,岡山県,倉敷市,,,,133.676584,34.5441,150,公設
332020,0100007017,岡山県倉敷市,消火栓,332020,,倉敷市玉島２丁目４番地３０　地先,岡山県,倉敷市,,,,133.675875,34.543967,150,公設
332020,0100007018,岡山県倉敷市,消火栓,332020,,倉敷市玉島２丁目１７番地６　地先,岡山県,倉敷市,,,,133.676033,34.543528,150,公設
332020,0100007019,岡山県倉敷市,消火栓,332020,,倉敷市玉島２丁目１６番地７　地先,岡山県,倉敷市,,,,133.675502,34.542716,150,公設
332020,0100007020,岡山県倉敷市,消火栓,332020,,倉敷市玉島１丁目５番地５　地先,岡山県,倉敷市,,,,133.67619,34.546931,200,公設
332020,0100007021,岡山県倉敷市,消火栓,332020,,倉敷市玉島１丁目４番地３４　地先,岡山県,倉敷市,,,,133.67555,34.545706,150,公設
332020,0100007022,岡山県倉敷市,消火栓,332020,,倉敷市玉島１丁目４番地２７　地先,岡山県,倉敷市,,,,133.675449,34.544861,150,公設
332020,0100007023,岡山県倉敷市,消火栓,332020,,倉敷市玉島１丁目２番地３７　地先,岡山県,倉敷市,,,,133.674258,34.544921,150,公設
332020,0100007024,岡山県倉敷市,消火栓,332020,,倉敷市玉島２丁目４番３２号,岡山県,倉敷市,,,,133.675446,34.544095,150,公設
332020,0100007025,岡山県倉敷市,消火栓,332020,,倉敷市玉島２丁目８番３２号,岡山県,倉敷市,,,,133.675,34.54344,150,公設
332020,0100007026,岡山県倉敷市,消火栓,332020,,倉敷市玉島２丁目８番地１１　地先,岡山県,倉敷市,,,,133.675101,34.542786,100,公設
332020,0100007027,岡山県倉敷市,消火栓,332020,,倉敷市玉島２丁目２番地１１　地先,岡山県,倉敷市,,,,133.674363,34.543934,100,公設
332020,0100007028,岡山県倉敷市,消火栓,332020,,倉敷市玉島２丁目２番地２２　地先,岡山県,倉敷市,,,,133.673751,34.543469,100,公設
332020,0100007029,岡山県倉敷市,消火栓,332020,,倉敷市玉島２丁目７番地３１　地先,岡山県,倉敷市,,,,133.673997,34.543056,150,公設
332020,0100007030,岡山県倉敷市,消火栓,332020,,倉敷市玉島２丁目７番１０号,岡山県,倉敷市,,,,133.674276,34.542409,100,公設
332020,0100007031,岡山県倉敷市,消火栓,332020,,倉敷市玉島２丁目１１番地８　地先,岡山県,倉敷市,,,,133.67498,34.541923,150,公設
332020,0100007032,岡山県倉敷市,消火栓,332020,,倉敷市玉島２丁目１１番地１４　地先,岡山県,倉敷市,,,,133.674516,34.541582,150,公設
332020,0100007033,岡山県倉敷市,消火栓,332020,,倉敷市玉島２丁目１４番地１３　地先,岡山県,倉敷市,,,,133.674798,34.540995,75,公設
332020,0100007034,岡山県倉敷市,消火栓,332020,,倉敷市玉島３丁目２番地２　地先,岡山県,倉敷市,,,,133.673182,34.542704,150,公設
332020,0100007035,岡山県倉敷市,消火栓,332020,,倉敷市玉島３丁目３番地３　地先,岡山県,倉敷市,,,,133.673547,34.542113,150,公設
332020,0100007036,岡山県倉敷市,消火栓,332020,,倉敷市玉島３丁目２２番６号,岡山県,倉敷市,,,,133.671814,34.538882,75,公設
332020,0100007037,岡山県倉敷市,消火栓,332020,,倉敷市玉島２丁目１１番地１９　地先,岡山県,倉敷市,,,,133.67407,34.541434,150,公設
332020,0100007038,岡山県倉敷市,消火栓,332020,,倉敷市玉島２丁目１２番２５号,岡山県,倉敷市,,,,133.674063,34.540456,75,公設
332020,0100007039,岡山県倉敷市,消火栓,332020,,倉敷市玉島３丁目２４番地５　地先,岡山県,倉敷市,,,,133.674106,34.539682,75,公設
332020,0100007040,岡山県倉敷市,消火栓,332020,,倉敷市玉島３丁目１番１号,岡山県,倉敷市,,,,133.672661,34.542637,150,公設
332020,0100007041,岡山県倉敷市,消火栓,332020,,倉敷市玉島３丁目７番２４号,岡山県,倉敷市,,,,133.672485,34.54217,100,公設
332020,0100007042,岡山県倉敷市,消火栓,332020,,倉敷市玉島３丁目３番地１７　地先,岡山県,倉敷市,,,,133.673148,34.541415,100,公設
332020,0100007043,岡山県倉敷市,消火栓,332020,,倉敷市玉島３丁目２４番地２０　地先,岡山県,倉敷市,,,,133.673698,34.539045,75,公設
332020,0100007044,岡山県倉敷市,消火栓,332020,,倉敷市玉島３丁目２４番地２７　地先,岡山県,倉敷市,,,,133.673006,34.537884,75,公設
332020,0100007045,岡山県倉敷市,消火栓,332020,,倉敷市玉島３丁目９番地５　地先,岡山県,倉敷市,,,,133.671842,34.541775,100,公設
332020,0100007046,岡山県倉敷市,消火栓,332020,,倉敷市玉島３丁目９番地１０　地先,岡山県,倉敷市,,,,133.671205,34.541394,100,公設
332020,0100007047,岡山県倉敷市,消火栓,332020,,倉敷市玉島３丁目１２番地２１　地先,岡山県,倉敷市,,,,133.67041,34.53993,300,公設
332020,0100007048,岡山県倉敷市,消火栓,332020,,倉敷市玉島３丁目１１番地２　地先,岡山県,倉敷市,,,,133.670538,34.541021,100,公設
332020,0100007049,岡山県倉敷市,消火栓,332020,,倉敷市玉島３丁目１０番２９号,岡山県,倉敷市,,,,133.670745,34.540146,100,公設
332020,0100007050,岡山県倉敷市,消火栓,332020,,倉敷市玉島３丁目１０番地３３　地先,岡山県,倉敷市,,,,133.671093,34.539494,100,公設
332020,0100007051,岡山県倉敷市,消火栓,332020,,倉敷市玉島３丁目２１番地３　地先,岡山県,倉敷市,,,,133.671699,34.538207,75,公設
332020,0100007052,岡山県倉敷市,消火栓,332020,,倉敷市玉島３丁目１７番地２　地先,岡山県,倉敷市,,,,133.670996,34.538221,100,公設
332020,0100007053,岡山県倉敷市,消火栓,332020,,倉敷市玉島３丁目１３番地３２　地先,岡山県,倉敷市,,,,133.670514,34.538846,75,公設
332020,0100007054,岡山県倉敷市,消火栓,332020,,倉敷市玉島３丁目１４番地１０　地先,岡山県,倉敷市,,,,133.670124,34.53784,75,公設
332020,0100007055,岡山県倉敷市,消火栓,332020,,倉敷市玉島３丁目１６番地２８　地先,岡山県,倉敷市,,,,133.670292,34.537086,300,公設
332020,0100007056,岡山県倉敷市,消火栓,332020,,倉敷市玉島１９０４番地　地先,岡山県,倉敷市,,,,133.682,34.556437,150,公設
332020,0100007057,岡山県倉敷市,消火栓,332020,,倉敷市玉島７６９番地　地先,岡山県,倉敷市,,,,133.686487,34.548846,150,公設
332020,0100007058,岡山県倉敷市,消火栓,332020,,倉敷市玉島７７８番地２　地先,岡山県,倉敷市,,,,133.68515,34.548531,150,公設
332020,0100007059,岡山県倉敷市,消火栓,332020,,倉敷市玉島２丁目２９番地８　地先,岡山県,倉敷市,,,,133.678121,34.539925,100,公設
332020,0100007060,岡山県倉敷市,消火栓,332020,,倉敷市玉島２丁目２９番地２２　地先,岡山県,倉敷市,,,,133.677585,34.539218,75,公設
332020,0100007061,岡山県倉敷市,消火栓,332020,,倉敷市玉島１６９６番地９　地先,岡山県,倉敷市,,,,133.682312,34.553042,75,公設
332020,0100007062,岡山県倉敷市,消火栓,332020,,倉敷市玉島８５８番地３,岡山県,倉敷市,,,,133.686818,34.551214,150,公設
332020,0100007063,岡山県倉敷市,消火栓,332020,,倉敷市玉島１５８９番地５,岡山県,倉敷市,,,,133.678666,34.549802,100,公設
332020,0100007064,岡山県倉敷市,消火栓,332020,,倉敷市玉島１６３１番地５　地先,岡山県,倉敷市,,,,133.67922,34.550689,100,公設
332020,0100007065,岡山県倉敷市,消火栓,332020,,倉敷市真備町川辺３２８番地８,岡山県,倉敷市,,,,133.724121,34.645253,75,公設
332020,0100007066,岡山県倉敷市,消火栓,332020,,倉敷市真備町川辺２８４番地６,岡山県,倉敷市,,,,133.722425,34.644947,150,公設
332020,0100007067,岡山県倉敷市,消火栓,332020,,倉敷市真備町川辺２７３番地３,岡山県,倉敷市,,,,133.721444,34.644291,75,公設
332020,0100007068,岡山県倉敷市,消火栓,332020,,倉敷市真備町川辺４６番地８,岡山県,倉敷市,,,,133.719425,34.644699,150,公設
332020,0100007069,岡山県倉敷市,消火栓,332020,,倉敷市真備町川辺４６番地１０,岡山県,倉敷市,,,,133.719461,34.643976,75,公設
332020,0100007070,岡山県倉敷市,消火栓,332020,,倉敷市真備町川辺５４番地７,岡山県,倉敷市,,,,133.718238,34.643507,75,公設
332020,0100007071,岡山県倉敷市,消火栓,332020,,倉敷市真備町川辺２３７番地３,岡山県,倉敷市,,,,133.718636,34.643042,150,公設
332020,0100007072,岡山県倉敷市,消火栓,332020,,倉敷市真備町川辺１９７番地１,岡山県,倉敷市,,,,133.717251,34.642819,75,公設
332020,0100007073,岡山県倉敷市,消火栓,332020,,倉敷市真備町川辺１３１番地４,岡山県,倉敷市,,,,133.716817,34.642209,100,公設
332020,0100007074,岡山県倉敷市,消火栓,332020,,倉敷市真備町川辺８３番地１,岡山県,倉敷市,,,,133.715425,34.640879,100,公設
332020,0100007076,岡山県倉敷市,消火栓,332020,,倉敷市真備町川辺１９０４番地１,岡山県,倉敷市,,,,133.71301,34.638368,150,公設
332020,0100007077,岡山県倉敷市,消火栓,332020,,倉敷市真備町川辺１１９２番地,岡山県,倉敷市,,,,133.711149,34.637497,150,公設
332020,0100007079,岡山県倉敷市,消火栓,332020,,倉敷市真備町川辺２０８０番地２６,岡山県,倉敷市,,,,133.710319,34.635308,75,公設
332020,0100007080,岡山県倉敷市,消火栓,332020,,倉敷市真備町川辺２０４９番地３,岡山県,倉敷市,,,,133.71216,34.636724,75,公設
332020,0100007081,岡山県倉敷市,消火栓,332020,,倉敷市真備町川辺２３１３番地６,岡山県,倉敷市,,,,133.713509,34.635418,75,公設
332020,0100007082,岡山県倉敷市,消火栓,332020,,倉敷市真備町川辺２１２９－１,岡山県,倉敷市,,,,133.714161,34.638434,100,公設
332020,0100007083,岡山県倉敷市,消火栓,332020,,倉敷市真備町川辺２１００－３,岡山県,倉敷市,,,,133.714724,34.637603,100,公設
332020,0100007084,岡山県倉敷市,消火栓,332020,,倉敷市真備町川辺２０９８番地２１,岡山県,倉敷市,,,,133.714795,34.636528,100,公設
332020,0100007085,岡山県倉敷市,消火栓,332020,,倉敷市真備町川辺２０９８番地１２,岡山県,倉敷市,,,,133.71481,34.635986,75,公設
332020,0100007086,岡山県倉敷市,消火栓,332020,,倉敷市真備町川辺１８００番地１,岡山県,倉敷市,,,,133.716472,34.639882,75,公設
332020,0100007087,岡山県倉敷市,消火栓,332020,,倉敷市真備町川辺５１０番地,岡山県,倉敷市,,,,133.719767,34.641777,150,公設
332020,0100007088,岡山県倉敷市,消火栓,332020,,倉敷市真備町川辺４９６番地,岡山県,倉敷市,,,,133.720561,34.642161,150,公設
332020,0100007089,岡山県倉敷市,消火栓,332020,,倉敷市真備町川辺８９３番地１,岡山県,倉敷市,,,,133.720608,34.642023,100,公設
332020,0100007090,岡山県倉敷市,消火栓,332020,,倉敷市真備町川辺２５７番地,岡山県,倉敷市,,,,133.720639,34.642821,250,公設
332020,0100007091,岡山県倉敷市,消火栓,332020,,倉敷市真備町川辺４９０番地,岡山県,倉敷市,,,,133.720949,34.642261,250,公設
332020,0100007092,岡山県倉敷市,消火栓,332020,,倉敷市真備町川辺４７０番地,岡山県,倉敷市,,,,133.721607,34.642478,150,公設
332020,0100007093,岡山県倉敷市,消火栓,332020,,倉敷市真備町川辺４６０番地１,岡山県,倉敷市,,,,133.721863,34.642874,150,公設
332020,0100007094,岡山県倉敷市,消火栓,332020,,倉敷市真備町川辺９１４番地,岡山県,倉敷市,,,,133.722018,34.642303,200,公設
332020,0100007095,岡山県倉敷市,消火栓,332020,,倉敷市真備町川辺３０６番地,岡山県,倉敷市,,,,133.72286,34.643062,150,公設
332020,0100007096,岡山県倉敷市,消火栓,332020,,倉敷市真備町川辺９５５番地１,岡山県,倉敷市,,,,133.722942,34.642346,100,公設
332020,0100007097,岡山県倉敷市,消火栓,332020,,倉敷市真備町川辺３１０番地１３,岡山県,倉敷市,,,,133.723289,34.64349,75,公設
332020,0100007098,岡山県倉敷市,消火栓,332020,,倉敷市真備町川辺３３２番地,岡山県,倉敷市,,,,133.723926,34.643514,150,公設
332020,0100007099,岡山県倉敷市,消火栓,332020,,倉敷市真備町川辺４２５番地１,岡山県,倉敷市,,,,133.723971,34.642591,150,公設
332020,0100007100,岡山県倉敷市,消火栓,332020,,倉敷市真備町川辺９９０番地,岡山県,倉敷市,,,,133.723971,34.641501,100,公設
332020,0100007101,岡山県倉敷市,消火栓,332020,,倉敷市真備町川辺９８３－２,岡山県,倉敷市,,,,133.723054,34.641386,150,公設
332020,0100007102,岡山県倉敷市,消火栓,332020,,倉敷市真備町川辺８６７－１,岡山県,倉敷市,,,,133.722295,34.641182,200,公設
332020,0100007103,岡山県倉敷市,消火栓,332020,,倉敷市真備町川辺６６１－５,岡山県,倉敷市,,,,133.721345,34.64018,75,公設
332020,0100007104,岡山県倉敷市,消火栓,332020,,倉敷市真備町川辺１７９３番地１１,岡山県,倉敷市,,,,133.718607,34.639643,100,公設
332020,0100007105,岡山県倉敷市,消火栓,332020,,倉敷市真備町川辺６８５番地７,岡山県,倉敷市,,,,133.719694,34.639724,100,公設
332020,0100007106,岡山県倉敷市,消火栓,332020,,倉敷市真備町川辺８５４番地,岡山県,倉敷市,,,,133.722338,34.640447,200,公設
332020,0100007107,岡山県倉敷市,消火栓,332020,,倉敷市真備町川辺８３４番地,岡山県,倉敷市,,,,133.723101,34.640481,100,公設
332020,0100007108,岡山県倉敷市,消火栓,332020,,倉敷市真備町川辺１０８９－２,岡山県,倉敷市,,,,133.723777,34.639882,100,公設
332020,0100007109,岡山県倉敷市,消火栓,332020,,倉敷市真備町川辺７２０番地,岡山県,倉敷市,,,,133.722277,34.639972,200,公設
332020,0100007110,岡山県倉敷市,消火栓,332020,,倉敷市真備町川辺１１０３－２,岡山県,倉敷市,,,,133.722867,34.638608,200,公設
332020,0100007111,岡山県倉敷市,消火栓,332020,,倉敷市真備町川辺１１３９番地６,岡山県,倉敷市,,,,133.722539,34.637505,200,公設
332020,0100007112,岡山県倉敷市,消火栓,332020,,倉敷市真備町川辺１１８８番地１７,岡山県,倉敷市,,,,133.723047,34.636765,75,公設
332020,0100007113,岡山県倉敷市,消火栓,332020,,倉敷市真備町川辺１１９２－５,岡山県,倉敷市,,,,133.722059,34.636411,200,公設
332020,0100007114,岡山県倉敷市,消火栓,332020,,倉敷市真備町川辺１２９８－１５,岡山県,倉敷市,,,,133.720694,34.636887,75,公設
332020,0100007115,岡山県倉敷市,消火栓,332020,,倉敷市真備町川辺１６７０番地１８,岡山県,倉敷市,,,,133.719378,34.636069,75,公設
332020,0100007116,岡山県倉敷市,消火栓,332020,,倉敷市真備町川辺１６７０番地２６,岡山県,倉敷市,,,,133.719073,34.635673,75,公設
332020,0100007117,岡山県倉敷市,消火栓,332020,,倉敷市真備町川辺１６８１番地４,岡山県,倉敷市,,,,133.719267,34.635023,75,公設
332020,0100007118,岡山県倉敷市,消火栓,332020,,倉敷市真備町川辺１１６７番地２２,岡山県,倉敷市,,,,133.722663,34.635375,75,公設
332020,0100007119,岡山県倉敷市,消火栓,332020,,倉敷市真備町川辺１２９６番地,岡山県,倉敷市,,,,133.721415,34.635187,100,公設
332020,0100007120,岡山県倉敷市,消火栓,332020,,倉敷市真備町川辺１３５１－５,岡山県,倉敷市,,,,133.722501,34.634907,75,公設
332020,0100007121,岡山県倉敷市,消火栓,332020,,倉敷市真備町川辺１３８６番地,岡山県,倉敷市,,,,133.721149,34.633998,100,公設
332020,0100007122,岡山県倉敷市,消火栓,332020,,倉敷市真備町川辺１４１２番地,岡山県,倉敷市,,,,133.721402,34.633107,75,公設
332020,0100007123,岡山県倉敷市,消火栓,332020,,倉敷市真備町川辺１４３３番地,岡山県,倉敷市,,,,133.720601,34.632379,100,公設
332020,0100007124,岡山県倉敷市,消火栓,332020,,倉敷市真備町川辺１４５４番地４,岡山県,倉敷市,,,,133.720735,34.631272,100,公設
332020,0100007125,岡山県倉敷市,消火栓,332020,,倉敷市真備町川辺１５１７番地３０,岡山県,倉敷市,,,,133.721501,34.630804,75,公設
332020,0100007126,岡山県倉敷市,消火栓,332020,,倉敷市真備町川辺２３５０番地,岡山県,倉敷市,,,,133.711862,34.632034,150,公設
332020,0100007127,岡山県倉敷市,消火栓,332020,,倉敷市真備町川辺２７８６番地,岡山県,倉敷市,,,,133.722532,34.626268,75,公設
332020,0100007128,岡山県倉敷市,消火栓,332020,,倉敷市真備町川辺２３１４番地２,岡山県,倉敷市,,,,133.712325,34.635696,100,公設
332020,0100007129,岡山県倉敷市,消火栓,332020,,倉敷市真備町川辺１８３４番地６,岡山県,倉敷市,,,,133.713076,34.641027,100,公設
332020,0100007130,岡山県倉敷市,消火栓,332020,,倉敷市真備町川辺１０３番地３,岡山県,倉敷市,,,,133.716021,34.640174,75,公設
332020,0100007131,岡山県倉敷市,消火栓,332020,,倉敷市真備町川辺８５番地１,岡山県,倉敷市,,,,133.71599,34.640727,75,公設
332020,0100007132,岡山県倉敷市,消火栓,332020,,倉敷市玉島１丁目１番地３９　地先,岡山県,倉敷市,,,,133.674873,34.546216,100,公設
332020,0100007133,岡山県倉敷市,消火栓,332020,,倉敷市玉島３００６番地,岡山県,倉敷市,,,,133.686903,34.55233,150,公設
332020,0100007134,岡山県倉敷市,消火栓,332020,,倉敷市玉島３丁目１－８,岡山県,倉敷市,,,,133.671888,34.542233,150,公設
332020,0100007135,岡山県倉敷市,消火栓,332020,,倉敷市玉島１９６２番地１０　地先,岡山県,倉敷市,,,,133.682395,34.557617,100,公設
332020,0100007136,岡山県倉敷市,消火栓,332020,,倉敷市玉島１２６８番地１　地先,岡山県,倉敷市,,,,133.6849,34.549124,200,公設
332020,0100007137,岡山県倉敷市,消火栓,332020,,倉敷市玉島３０９３番地４,岡山県,倉敷市,,,,133.684658,34.549912,200,公設
332020,0100007138,岡山県倉敷市,消火栓,332020,,倉敷市玉島３１５０番地,岡山県,倉敷市,,,,133.684407,34.550693,200,公設
332020,0100007139,岡山県倉敷市,消火栓,332020,,倉敷市玉島１３００番地２　地先,岡山県,倉敷市,,,,133.683213,34.550888,150,公設
332020,0100007140,岡山県倉敷市,消火栓,332020,,倉敷市玉島１２７９番地,岡山県,倉敷市,,,,133.683144,34.549154,150,公設
332020,0100007141,岡山県倉敷市,消火栓,332020,,倉敷市玉島３０２７番地　地先,岡山県,倉敷市,,,,133.685611,34.551504,150,公設
332020,0100007142,岡山県倉敷市,消火栓,332020,,倉敷市玉島３０８７番地１,岡山県,倉敷市,,,,133.685589,34.550481,150,公設
332020,0100007143,岡山県倉敷市,消火栓,332020,,倉敷市玉島１丁目１５番３４号,岡山県,倉敷市,,,,133.679295,34.543685,100,公設
332020,0100007144,岡山県倉敷市,消火栓,332020,,倉敷市玉島１９３４番地７　地先,岡山県,倉敷市,,,,133.678838,34.554633,75,公設
332020,0100007145,岡山県倉敷市,消火栓,332020,,倉敷市玉島１７９２番地７,岡山県,倉敷市,,,,133.688265,34.553873,200,公設
332020,0100007146,岡山県倉敷市,消火栓,332020,,倉敷市玉島１７１１番地　地先,岡山県,倉敷市,,,,133.680644,34.553004,150,公設
332020,0100007147,岡山県倉敷市,消火栓,332020,,倉敷市玉島１６０５番１号地先,岡山県,倉敷市,,,,133.680797,34.550827,150,公設
332020,0100007148,岡山県倉敷市,消火栓,332020,,倉敷市玉島１３６５番１号地先,岡山県,倉敷市,,,,133.681055,34.550203,150,公設
332020,0100007150,岡山県倉敷市,消火栓,332020,,倉敷市玉島中央町１丁目２番地１３　地先,岡山県,倉敷市,,,,133.674614,34.54692,200,公設
332020,0100007151,岡山県倉敷市,消火栓,332020,,倉敷市玉島中央町１丁目２番地５　地先,岡山県,倉敷市,,,,133.673625,34.547043,200,公設
332020,0100007152,岡山県倉敷市,消火栓,332020,,倉敷市玉島中央町１丁目３番地５　地先,岡山県,倉敷市,,,,133.674044,34.546277,100,公設
332020,0100007153,岡山県倉敷市,消火栓,332020,,倉敷市玉島中央町１丁目３番地１４　地先,岡山県,倉敷市,,,,133.673252,34.545244,100,公設
332020,0100007154,岡山県倉敷市,消火栓,332020,,倉敷市玉島中央町１丁目７番地１　地先,岡山県,倉敷市,,,,133.672844,34.544567,150,公設
332020,0100007155,岡山県倉敷市,消火栓,332020,,倉敷市玉島中央町１丁目５番地８　地先,岡山県,倉敷市,,,,133.672423,34.544909,150,公設
332020,0100007156,岡山県倉敷市,消火栓,332020,,倉敷市玉島中央町１丁目７番地１０　地先,岡山県,倉敷市,,,,133.672648,34.543731,150,公設
332020,0100007157,岡山県倉敷市,消火栓,332020,,倉敷市玉島中央町１丁目６番地１１　地先,岡山県,倉敷市,,,,133.672179,34.543791,100,公設
332020,0100007158,岡山県倉敷市,消火栓,332020,,倉敷市玉島中央町１丁目６番地１６　地先,岡山県,倉敷市,,,,133.671719,34.543774,150,公設
332020,0100007159,岡山県倉敷市,消火栓,332020,,倉敷市玉島中央町１丁目１２番地２　地先,岡山県,倉敷市,,,,133.672319,34.543266,150,公設
332020,0100007160,岡山県倉敷市,消火栓,332020,,倉敷市玉島中央町１丁目１２番地１　地先,岡山県,倉敷市,,,,133.67136,34.543201,100,公設
332020,0100007161,岡山県倉敷市,消火栓,332020,,倉敷市玉島中央町１丁目１８番地１　地先,岡山県,倉敷市,,,,133.672015,34.542834,100,公設
332020,0100007162,岡山県倉敷市,消火栓,332020,,倉敷市玉島中央町１丁目１７番地５　地先,岡山県,倉敷市,,,,133.671434,34.542621,100,公設
332020,0100007163,岡山県倉敷市,消火栓,332020,,倉敷市玉島中央町１丁目１７番地２３　地先,岡山県,倉敷市,,,,133.671015,34.542797,75,公設
332020,0100007164,岡山県倉敷市,消火栓,332020,,倉敷市玉島中央町１丁目１５番地１１　地先,岡山県,倉敷市,,,,133.670533,34.542893,150,公設
332020,0100007165,岡山県倉敷市,消火栓,332020,,倉敷市玉島中央町１丁目１８番地１１　地先,岡山県,倉敷市,,,,133.67112,34.542282,75,公設
332020,0100007166,岡山県倉敷市,消火栓,332020,,倉敷市玉島中央町１丁目１７番地１７　地先,岡山県,倉敷市,,,,133.670468,34.542392,100,公設
332020,0100007167,岡山県倉敷市,消火栓,332020,,倉敷市玉島中央町１丁目１９番地１０　地先,岡山県,倉敷市,,,,133.669931,34.542528,100,公設
332020,0100007168,岡山県倉敷市,消火栓,332020,,倉敷市玉島中央町１丁目２１番地１５　地先,岡山県,倉敷市,,,,133.668962,34.542141,300,公設
332020,0100007169,岡山県倉敷市,消火栓,332020,,倉敷市玉島中央町１丁目２５番地１５　地先,岡山県,倉敷市,,,,133.667965,34.542267,200,公設
332020,0100007170,岡山県倉敷市,消火栓,332020,,倉敷市玉島中央町１丁目２３番地１８　地先,岡山県,倉敷市,,,,133.669136,34.541183,100,公設
332020,0100007171,岡山県倉敷市,消火栓,332020,,倉敷市玉島中央町１丁目２４番地１　地先,岡山県,倉敷市,,,,133.668164,34.541746,300,公設
332020,0100007172,岡山県倉敷市,消火栓,332020,,倉敷市玉島中央町２丁目１番地１　地先,岡山県,倉敷市,,,,133.672548,34.547094,200,公設
332020,0100007173,岡山県倉敷市,消火栓,332020,,倉敷市玉島中央町２丁目１番地５２　地先,岡山県,倉敷市,,,,133.671531,34.54714,200,公設
332020,0100007174,岡山県倉敷市,消火栓,332020,,倉敷市玉島中央町２丁目７番地３７　地先,岡山県,倉敷市,,,,133.670435,34.547188,200,公設
332020,0100007175,岡山県倉敷市,消火栓,332020,,倉敷市玉島中央町２丁目７番地２６　地先,岡山県,倉敷市,,,,133.66943,34.547158,200,公設
332020,0100007176,岡山県倉敷市,消火栓,332020,,倉敷市玉島中央町２丁目８番地２５　地先,岡山県,倉敷市,,,,133.668091,34.547059,200,公設
332020,0100007177,岡山県倉敷市,消火栓,332020,,倉敷市玉島中央町２丁目１番地７　地先,岡山県,倉敷市,,,,133.672522,34.546511,100,公設
332020,0100007178,岡山県倉敷市,消火栓,332020,,倉敷市玉島中央町２丁目２番地１　地先,岡山県,倉敷市,,,,133.672311,34.545971,100,公設
332020,0100007179,岡山県倉敷市,消火栓,332020,,倉敷市玉島中央町２丁目１番地２０　地先,岡山県,倉敷市,,,,133.671376,34.546258,100,公設
332020,0100007180,岡山県倉敷市,消火栓,332020,,倉敷市玉島中央町２丁目６番地６　地先,岡山県,倉敷市,,,,133.670045,34.546222,100,公設
332020,0100007181,岡山県倉敷市,消火栓,332020,,倉敷市玉島中央町２丁目５番地１５　地先,岡山県,倉敷市,,,,133.669107,34.546363,200,公設
332020,0100007182,岡山県倉敷市,消火栓,332020,,倉敷市玉島中央町２丁目４番地６　地先,岡山県,倉敷市,,,,133.6697,34.54592,75,公設
332020,0100007183,岡山県倉敷市,消火栓,332020,,倉敷市玉島中央町２丁目３番地６　地先,岡山県,倉敷市,,,,133.67174,34.545178,100,公設
332020,0100007184,岡山県倉敷市,消火栓,332020,,倉敷市玉島中央町２丁目３番地２１　地先,岡山県,倉敷市,,,,133.670284,34.545389,100,公設
332020,0100007185,岡山県倉敷市,消火栓,332020,,倉敷市玉島中央町２丁目５番地６　地先,岡山県,倉敷市,,,,133.668726,34.545612,100,公設
332020,0100007186,岡山県倉敷市,消火栓,332020,,倉敷市玉島中央町２丁目１０番地１０　地先,岡山県,倉敷市,,,,133.667642,34.545462,100,公設
332020,0100007187,岡山県倉敷市,消火栓,332020,,倉敷市玉島中央町３丁目３番地２０　地先,岡山県,倉敷市,,,,133.669917,34.545126,100,公設
332020,0100007188,岡山県倉敷市,消火栓,332020,,倉敷市玉島中央町３丁目６番地１５　地先,岡山県,倉敷市,,,,133.668589,34.544927,200,公設
332020,0100007189,岡山県倉敷市,消火栓,332020,,倉敷市玉島中央町３丁目１１番地２１　地先,岡山県,倉敷市,,,,133.670904,34.544134,100,公設
332020,0100007190,岡山県倉敷市,消火栓,332020,,倉敷市玉島中央町３丁目１０番地６　地先,岡山県,倉敷市,,,,133.669914,34.544475,100,公設
332020,0100007191,岡山県倉敷市,消火栓,332020,,倉敷市玉島中央町３丁目１５番地１０　地先,岡山県,倉敷市,,,,133.6684,34.544098,200,公設
332020,0100007192,岡山県倉敷市,消火栓,332020,,倉敷市玉島中央町３丁目１２番地２　地先,岡山県,倉敷市,,,,133.670431,34.543669,100,公設
332020,0100007193,岡山県倉敷市,消火栓,332020,,倉敷市玉島中央町３丁目１２番地１０　地先,岡山県,倉敷市,,,,133.669815,34.543906,100,公設
332020,0100007194,岡山県倉敷市,消火栓,332020,,倉敷市玉島中央町３丁目１３番地２６　地先,岡山県,倉敷市,,,,133.669143,34.544173,100,公設
332020,0100007195,岡山県倉敷市,消火栓,332020,,倉敷市玉島中央町３丁目１４番地１　地先,岡山県,倉敷市,,,,133.66825,34.542518,200,公設
332020,0100007196,岡山県倉敷市,消火栓,332020,,倉敷市玉島中央町２丁目２番地２　地先,岡山県,倉敷市,,,,133.672352,34.546303,100,公設
332020,0100007197,岡山県倉敷市,消火栓,332020,,倉敷市玉島中央町３丁目１３番地１　地先,岡山県,倉敷市,,,,133.669532,34.543208,200,公設
332020,0100007198,岡山県倉敷市,消火栓,332020,,倉敷市玉島阿賀崎１丁目１０番４８号,岡山県,倉敷市,,,,133.67764,34.553505,400,公設
332020,0100007199,岡山県倉敷市,消火栓,332020,,倉敷市玉島阿賀崎１丁目１１番１号,岡山県,倉敷市,,,,133.677561,34.551355,150,公設
332020,0100007200,岡山県倉敷市,消火栓,332020,,倉敷市玉島阿賀崎１丁目５番２１号,岡山県,倉敷市,,,,133.677282,34.550347,150,公設
332020,0100007201,岡山県倉敷市,消火栓,332020,,倉敷市玉島阿賀崎１丁目５番地５,岡山県,倉敷市,,,,133.676472,34.549487,150,公設
332020,0100007202,岡山県倉敷市,消火栓,332020,,倉敷市玉島阿賀崎１丁目４番地１１　地先,岡山県,倉敷市,,,,133.675346,34.547959,150,公設
332020,0100007203,岡山県倉敷市,消火栓,332020,,倉敷市玉島阿賀崎１丁目２番地４８　地先,岡山県,倉敷市,,,,133.675264,34.55034,75,公設
332020,0100007204,岡山県倉敷市,消火栓,332020,,倉敷市玉島阿賀崎２丁目４番地１５　地先,岡山県,倉敷市,,,,133.671534,34.549323,100,公設
332020,0100007206,岡山県倉敷市,消火栓,332020,,倉敷市玉島阿賀崎２丁目７－３０,岡山県,倉敷市,,,,133.674713,34.551548,150,公設
332020,0100007207,岡山県倉敷市,消火栓,332020,,倉敷市玉島阿賀崎２丁目５－３７,岡山県,倉敷市,,,,133.674304,34.550443,150,公設
332020,0100007208,岡山県倉敷市,消火栓,332020,,倉敷市玉島阿賀崎１丁目２番２７号,岡山県,倉敷市,,,,133.673893,34.549557,150,公設
332020,0100007209,岡山県倉敷市,消火栓,332020,,倉敷市玉島阿賀崎２丁目１番地４５　地先,岡山県,倉敷市,,,,133.673486,34.548653,150,公設
332020,0100007210,岡山県倉敷市,消火栓,332020,,倉敷市玉島阿賀崎２丁目１番地５０　地先,岡山県,倉敷市,,,,133.673145,34.547859,150,公設
332020,0100007211,岡山県倉敷市,消火栓,332020,,倉敷市玉島阿賀崎２丁目６番地３８　地先,岡山県,倉敷市,,,,133.673642,34.551445,75,公設
332020,0100007212,岡山県倉敷市,消火栓,332020,,倉敷市玉島阿賀崎２丁目６－３６,岡山県,倉敷市,,,,133.673388,34.551516,400,公設
332020,0100007213,岡山県倉敷市,消火栓,332020,,倉敷市玉島阿賀崎２丁目３番地１４　地先,岡山県,倉敷市,,,,133.672893,34.549853,100,公設
332020,0100007214,岡山県倉敷市,消火栓,332020,,倉敷市玉島阿賀崎２丁目２番地１　地先,岡山県,倉敷市,,,,133.672172,34.54831,100,公設
332020,0100007215,岡山県倉敷市,消火栓,332020,,倉敷市玉島阿賀崎２丁目１番地１０　地先,岡山県,倉敷市,,,,133.671982,34.547725,75,公設
332020,0100007216,岡山県倉敷市,消火栓,332020,,倉敷市玉島阿賀崎２丁目６番地１７　地先,岡山県,倉敷市,,,,133.672232,34.550756,100,公設
332020,0100007217,岡山県倉敷市,消火栓,332020,,倉敷市玉島阿賀崎１丁目２番地３９　地先,岡山県,倉敷市,,,,133.674339,34.550369,100,公設
332020,0100007218,岡山県倉敷市,消火栓,332020,,倉敷市玉島阿賀崎３丁目１１番地２０　地先,岡山県,倉敷市,,,,133.671397,34.551656,150,公設
332020,0100007219,岡山県倉敷市,消火栓,332020,,倉敷市玉島阿賀崎３丁目７番地４４　地先,岡山県,倉敷市,,,,133.67069,34.550115,150,公設
332020,0100007220,岡山県倉敷市,消火栓,332020,,倉敷市玉島阿賀崎２丁目４番地１　地先,岡山県,倉敷市,,,,133.670127,34.548831,150,公設
332020,0100007221,岡山県倉敷市,消火栓,332020,,倉敷市玉島阿賀崎３丁目１番地１　地先,岡山県,倉敷市,,,,133.669716,34.547834,150,公設
332020,0100007222,岡山県倉敷市,消火栓,332020,,倉敷市玉島阿賀崎４丁目９番地３７　地先,岡山県,倉敷市,,,,133.670023,34.551978,75,公設
332020,0100007223,岡山県倉敷市,消火栓,332020,,倉敷市玉島阿賀崎４丁目９番地２０　地先,岡山県,倉敷市,,,,133.668728,34.551956,200,公設
332020,0100007224,岡山県倉敷市,消火栓,332020,,倉敷市玉島阿賀崎４丁目７番地１１　地先,岡山県,倉敷市,,,,133.668123,34.550329,200,公設
332020,0100007225,岡山県倉敷市,消火栓,332020,,倉敷市玉島阿賀崎４丁目３番地２０　地先,岡山県,倉敷市,,,,133.667706,34.549278,200,公設
332020,0100007226,岡山県倉敷市,消火栓,332020,,倉敷市玉島阿賀崎４丁目２番地２５　地先,岡山県,倉敷市,,,,133.668426,34.54813,75,公設
332020,0100007227,岡山県倉敷市,消火栓,332020,,倉敷市玉島阿賀崎５丁目９番地５　地先,岡山県,倉敷市,,,,133.668166,34.552424,400,公設
332020,0100007228,岡山県倉敷市,消火栓,332020,,倉敷市玉島阿賀崎４丁目１３番地２５　地先,岡山県,倉敷市,,,,133.666564,34.551795,400,公設
332020,0100007229,岡山県倉敷市,消火栓,332020,,倉敷市玉島阿賀崎４丁目１２番地２８　地先,岡山県,倉敷市,,,,133.666701,34.55015,75,公設
332020,0100007230,岡山県倉敷市,消火栓,332020,,倉敷市玉島阿賀崎１丁目８番地８　地先,岡山県,倉敷市,,,,133.675385,34.551974,400,公設
332020,0100007231,岡山県倉敷市,消火栓,332020,,倉敷市玉島阿賀崎５丁目２番３４号　地先,岡山県,倉敷市,,,,133.676388,34.552625,75,公設
332020,0100007232,岡山県倉敷市,消火栓,332020,,倉敷市玉島阿賀崎５丁目５番地１１　地先,岡山県,倉敷市,,,,133.673668,34.552191,100,公設
332020,0100007233,岡山県倉敷市,消火栓,332020,,倉敷市玉島阿賀崎５丁目５番地１９　地先,岡山県,倉敷市,,,,133.672825,34.552339,75,公設
332020,0100007234,岡山県倉敷市,消火栓,332020,,倉敷市玉島阿賀崎５丁目７番地１０　地先,岡山県,倉敷市,,,,133.671335,34.55255,100,公設
332020,0100007235,岡山県倉敷市,消火栓,332020,,倉敷市玉島阿賀崎５丁目８－２８,岡山県,倉敷市,,,,133.669268,34.553214,75,公設
332020,0100007236,岡山県倉敷市,消火栓,332020,,倉敷市玉島阿賀崎１４２６番地　地先,岡山県,倉敷市,,,,133.664494,34.544743,200,公設
332020,0100007237,岡山県倉敷市,消火栓,332020,,倉敷市玉島阿賀崎１３７２番地先,岡山県,倉敷市,,,,133.665253,34.544372,200,公設
332020,0100007238,岡山県倉敷市,消火栓,332020,,倉敷市玉島阿賀崎１３４１番地,岡山県,倉敷市,,,,133.665952,34.543784,200,公設
332020,0100007239,岡山県倉敷市,消火栓,332020,,倉敷市玉島阿賀崎１２８４,岡山県,倉敷市,,,,133.666311,34.543196,200,公設
332020,0100007240,岡山県倉敷市,消火栓,332020,,倉敷市玉島阿賀崎１２２７番地　地先,岡山県,倉敷市,,,,133.666686,34.54241,200,公設
332020,0100007241,岡山県倉敷市,消火栓,332020,,倉敷市玉島阿賀崎９９０番地　地先,岡山県,倉敷市,,,,133.667589,34.541437,300,公設
332020,0100007242,岡山県倉敷市,消火栓,332020,,倉敷市玉島阿賀崎１２１０番地　地先,岡山県,倉敷市,,,,133.667021,34.541697,200,公設
332020,0100007243,岡山県倉敷市,消火栓,332020,,倉敷市玉島阿賀崎１１９９番地,岡山県,倉敷市,,,,133.666216,34.541487,100,公設
332020,0100007244,岡山県倉敷市,消火栓,332020,,倉敷市玉島阿賀崎１０４０番地　　地先,岡山県,倉敷市,,,,133.66663,34.540782,75,公設
332020,0100007245,岡山県倉敷市,消火栓,332020,,倉敷市玉島阿賀崎１０４７番地　地先,岡山県,倉敷市,,,,133.666688,34.540105,75,公設
332020,0100007246,岡山県倉敷市,消火栓,332020,,倉敷市玉島阿賀崎９４８番地３　地先,岡山県,倉敷市,,,,133.668145,34.540001,300,公設
332020,0100007247,岡山県倉敷市,消火栓,332020,,倉敷市玉島阿賀崎１８３２番地　地先,岡山県,倉敷市,,,,133.661724,34.545099,75,公設
332020,0100007248,岡山県倉敷市,消火栓,332020,,倉敷市玉島阿賀崎１８４１番地　地先,岡山県,倉敷市,,,,133.66274,34.544941,75,公設
332020,0100007249,岡山県倉敷市,消火栓,332020,,倉敷市玉島阿賀崎１４４９番地２　地先,岡山県,倉敷市,,,,133.663609,34.544958,200,公設
332020,0100007250,岡山県倉敷市,消火栓,332020,,倉敷市玉島阿賀崎１９７１番地　地先,岡山県,倉敷市,,,,133.662481,34.544101,200,公設
332020,0100007251,岡山県倉敷市,消火栓,332020,,倉敷市玉島阿賀崎１９８１番地　地先,岡山県,倉敷市,,,,133.661004,34.543408,200,公設
332020,0100007252,岡山県倉敷市,消火栓,332020,,倉敷市玉島阿賀崎２０４３番地３　地先,岡山県,倉敷市,,,,133.659544,34.542094,75,公設
332020,0100007253,岡山県倉敷市,消火栓,332020,,倉敷市玉島阿賀崎１８６５番地　地先,岡山県,倉敷市,,,,133.659082,34.543021,200,公設
332020,0100007254,岡山県倉敷市,消火栓,332020,,倉敷市玉島阿賀崎２０７２番地　地先,岡山県,倉敷市,,,,133.657774,34.543007,200,公設
332020,0100007255,岡山県倉敷市,消火栓,332020,,倉敷市玉島阿賀崎２２０６番地　地先,岡山県,倉敷市,,,,133.65642,34.542663,200,公設
332020,0100007256,岡山県倉敷市,消火栓,332020,,倉敷市玉島阿賀崎２２３１番地　地先,岡山県,倉敷市,,,,133.654948,34.542511,200,公設
332020,0100007257,岡山県倉敷市,消火栓,332020,,倉敷市玉島阿賀崎２２６０番地　地先,岡山県,倉敷市,,,,133.653198,34.542702,200,公設
332020,0100007258,岡山県倉敷市,消火栓,332020,,倉敷市玉島阿賀崎１６９８番地１８　地先,岡山県,倉敷市,,,,133.658465,34.547178,150,公設
332020,0100007259,岡山県倉敷市,消火栓,332020,,倉敷市玉島阿賀崎２４３８番地４　地先,岡山県,倉敷市,,,,133.654172,34.546183,75,公設
332020,0100007261,岡山県倉敷市,消火栓,332020,,倉敷市玉島阿賀崎２５２８番地　地先,岡山県,倉敷市,,,,133.650051,34.543322,200,公設
332020,0100007263,岡山県倉敷市,消火栓,332020,,倉敷市玉島阿賀崎２５１９番１号,岡山県,倉敷市,,,,133.64837,34.542095,200,公設
332020,0100007264,岡山県倉敷市,消火栓,332020,,倉敷市玉島阿賀崎２６１５番地１　地先,岡山県,倉敷市,,,,133.646646,34.541241,200,公設
332020,0100007265,岡山県倉敷市,消火栓,332020,,倉敷市玉島阿賀崎２５６７番地　地先,岡山県,倉敷市,,,,133.646925,34.540451,75,公設
332020,0100007266,岡山県倉敷市,消火栓,332020,,倉敷市玉島阿賀崎２５８６番地１　地先,岡山県,倉敷市,,,,133.645404,34.54009,200,公設
332020,0100007267,岡山県倉敷市,消火栓,332020,,倉敷市玉島阿賀崎２５９４番地１　地先,岡山県,倉敷市,,,,133.645219,34.538835,200,公設
332020,0100007268,岡山県倉敷市,消火栓,332020,,倉敷市玉島阿賀崎２７５６番地　地先,岡山県,倉敷市,,,,133.642992,34.539023,100,公設
332020,0100007270,岡山県倉敷市,消火栓,332020,,倉敷市玉島阿賀崎２７５８番地　地先,岡山県,倉敷市,,,,133.643676,34.538382,200,公設
332020,0100007271,岡山県倉敷市,消火栓,332020,,倉敷市玉島阿賀崎１丁目６番地２７　地先,岡山県,倉敷市,,,,133.675585,34.549544,100,公設
332020,0100007272,岡山県倉敷市,消火栓,332020,,倉敷市玉島阿賀崎１６９８番地２７　地先,岡山県,倉敷市,,,,133.657517,34.546377,75,公設
332020,0100007273,岡山県倉敷市,消火栓,332020,,倉敷市玉島阿賀崎４丁目１番地２７　地先,岡山県,倉敷市,,,,133.668289,34.547496,200,公設
332020,0100007274,岡山県倉敷市,消火栓,332020,,倉敷市玉島阿賀崎４丁目２番地９　地先,岡山県,倉敷市,,,,133.667217,34.547984,200,公設
332020,0100007275,岡山県倉敷市,消火栓,332020,,倉敷市玉島阿賀崎１８５３番地１１　地先,岡山県,倉敷市,,,,133.660628,34.544647,75,公設
332020,0100007276,岡山県倉敷市,消火栓,332020,,倉敷市玉島阿賀崎２６６２番地２　地先,岡山県,倉敷市,,,,133.643549,34.539775,100,公設
332020,0100007277,岡山県倉敷市,消火栓,332020,,倉敷市玉島阿賀崎１６９２番地９　地先,岡山県,倉敷市,,,,133.656166,34.546144,100,公設
332020,0100007278,岡山県倉敷市,消火栓,332020,,倉敷市玉島阿賀崎１７６０番地３　地先,岡山県,倉敷市,,,,133.654488,34.54456,100,公設
332020,0100007279,岡山県倉敷市,消火栓,332020,,倉敷市玉島阿賀崎１丁目１１番１６号,岡山県,倉敷市,,,,133.677665,34.552227,150,公設
332020,0100007280,岡山県倉敷市,消火栓,332020,,倉敷市玉島阿賀崎２３５１番地５　地先,岡山県,倉敷市,,,,133.651514,34.543912,150,公設
332020,0100007281,岡山県倉敷市,消火栓,332020,,倉敷市玉島阿賀崎１６７６番地１,岡山県,倉敷市,,,,133.661358,34.54699,150,公設
332020,0100007282,岡山県倉敷市,消火栓,332020,,倉敷市玉島阿賀崎４丁目１３番地２０　地先,岡山県,倉敷市,,,,133.665835,34.551474,400,公設
332020,0100007283,岡山県倉敷市,消火栓,332020,,倉敷市玉島柏島２３２番地,岡山県,倉敷市,,,,133.664764,34.542135,75,公設
332020,0100007284,岡山県倉敷市,消火栓,332020,,倉敷市玉島柏島８１番地,岡山県,倉敷市,,,,133.667947,34.539091,300,公設
332020,0100007285,岡山県倉敷市,消火栓,332020,,倉敷市玉島柏島７４番地,岡山県,倉敷市,,,,133.667099,34.538945,75,公設
332020,0100007286,岡山県倉敷市,消火栓,332020,,倉敷市玉島柏島７０番地,岡山県,倉敷市,,,,133.667715,34.538135,300,公設
332020,0100007287,岡山県倉敷市,消火栓,332020,,倉敷市玉島柏島６６４番地,岡山県,倉敷市,,,,133.667379,34.537485,300,公設
332020,0100007288,岡山県倉敷市,消火栓,332020,,倉敷市玉島柏島７６７番地,岡山県,倉敷市,,,,133.667007,34.536673,300,公設
332020,0100007289,岡山県倉敷市,消火栓,332020,,倉敷市玉島柏島８０５番地,岡山県,倉敷市,,,,133.666227,34.535805,100,公設
332020,0100007290,岡山県倉敷市,消火栓,332020,,倉敷市玉島柏島８１３番地２,岡山県,倉敷市,,,,133.666515,34.535182,300,公設
332020,0100007291,岡山県倉敷市,消火栓,332020,,倉敷市玉島柏島８２２番地２,岡山県,倉敷市,,,,133.665385,34.534225,300,公設
332020,0100007292,岡山県倉敷市,消火栓,332020,,倉敷市玉島柏島８４２番地１,岡山県,倉敷市,,,,133.665193,34.534687,75,公設
332020,0100007294,岡山県倉敷市,消火栓,332020,,倉敷市玉島柏島４５１番地,岡山県,倉敷市,,,,133.663916,34.541301,75,公設
332020,0100007295,岡山県倉敷市,消火栓,332020,,倉敷市玉島柏島１０３２番地１,岡山県,倉敷市,,,,133.664192,34.537971,100,公設
332020,0100007296,岡山県倉敷市,消火栓,332020,,倉敷市玉島柏島８７３番地１,岡山県,倉敷市,,,,133.664714,34.536023,100,公設
332020,0100007297,岡山県倉敷市,消火栓,332020,,倉敷市玉島柏島９１７番地１,岡山県,倉敷市,,,,133.664562,34.533953,300,公設
332020,0100007298,岡山県倉敷市,消火栓,332020,,倉敷市玉島柏島９２０番地１４,岡山県,倉敷市,,,,133.664417,34.53362,300,公設
332020,0100007299,岡山県倉敷市,消火栓,332020,,倉敷市玉島柏島６９９９番地１３,岡山県,倉敷市,,,,133.66503,34.524153,75,公設
332020,0100007300,岡山県倉敷市,消火栓,332020,,倉敷市玉島柏島７０８７番地１６,岡山県,倉敷市,,,,133.665056,34.521618,150,公設
332020,0100007301,岡山県倉敷市,消火栓,332020,,倉敷市玉島柏島７０８７番地１,岡山県,倉敷市,,,,133.664594,34.52059,100,公設
332020,0100007303,岡山県倉敷市,消火栓,332020,,倉敷市玉島柏島１２１３番地,岡山県,倉敷市,,,,133.658116,34.54197,100,公設
332020,0100007304,岡山県倉敷市,消火栓,332020,,倉敷市玉島柏島１２３４番地１０,岡山県,倉敷市,,,,133.658279,34.540717,100,公設
332020,0100007305,岡山県倉敷市,消火栓,332020,,倉敷市玉島柏島４７８番地,岡山県,倉敷市,,,,133.663419,34.539927,100,公設
332020,0100007306,岡山県倉敷市,消火栓,332020,,倉敷市玉島柏島１０７１番地,岡山県,倉敷市,,,,133.663047,34.536243,100,公設
332020,0100007307,岡山県倉敷市,消火栓,332020,,倉敷市玉島柏島１４２０番地１,岡山県,倉敷市,,,,133.662114,34.535637,100,公設
332020,0100007308,岡山県倉敷市,消火栓,332020,,倉敷市玉島柏島１４２５番地,岡山県,倉敷市,,,,133.66119,34.535044,100,公設
332020,0100007309,岡山県倉敷市,消火栓,332020,,倉敷市玉島柏島１６５９番地,岡山県,倉敷市,,,,133.659424,34.534833,75,公設
332020,0100007310,岡山県倉敷市,消火栓,332020,,倉敷市玉島柏島１７９２番地１,岡山県,倉敷市,,,,133.657754,34.535553,75,公設
332020,0100007311,岡山県倉敷市,消火栓,332020,,倉敷市玉島柏島２３４５番地,岡山県,倉敷市,,,,133.656618,34.535624,75,公設
332020,0100007312,岡山県倉敷市,消火栓,332020,,倉敷市玉島柏島２３６４番地,岡山県,倉敷市,,,,133.655689,34.535012,200,公設
332020,0100007313,岡山県倉敷市,消火栓,332020,,倉敷市玉島柏島２４１２－１,岡山県,倉敷市,,,,133.654726,34.53631,75,公設
332020,0100007314,岡山県倉敷市,消火栓,332020,,倉敷市玉島柏島２３９２番地１,岡山県,倉敷市,,,,133.654265,34.535385,200,公設
332020,0100007315,岡山県倉敷市,消火栓,332020,,倉敷市玉島柏島２４３２番地,岡山県,倉敷市,,,,133.653295,34.536584,200,公設
332020,0100007316,岡山県倉敷市,消火栓,332020,,倉敷市玉島柏島２１２０,岡山県,倉敷市,,,,133.654057,34.541201,75,公設
332020,0100007317,岡山県倉敷市,消火栓,332020,,倉敷市玉島柏島２６８４番地１,岡山県,倉敷市,,,,133.653445,34.54101,75,公設
332020,0100007318,岡山県倉敷市,消火栓,332020,,倉敷市玉島柏島２７２３番地１,岡山県,倉敷市,,,,133.652719,34.540946,150,公設
332020,0100007319,岡山県倉敷市,消火栓,332020,,倉敷市玉島柏島２５３７番地,岡山県,倉敷市,,,,133.652443,34.53955,150,公設
332020,0100007320,岡山県倉敷市,消火栓,332020,,倉敷市玉島柏島２１７０番地,岡山県,倉敷市,,,,133.654881,34.538391,75,公設
332020,0100007321,岡山県倉敷市,消火栓,332020,,倉敷市玉島柏島２５２６番１号,岡山県,倉敷市,,,,133.651945,34.538258,200,公設
332020,0100007322,岡山県倉敷市,消火栓,332020,,倉敷市玉島柏島３０３８番地,岡山県,倉敷市,,,,133.650611,34.538414,200,公設
332020,0100007323,岡山県倉敷市,消火栓,332020,,倉敷市玉島柏島３６３７番地１,岡山県,倉敷市,,,,133.649988,34.535598,75,公設
332020,0100007324,岡山県倉敷市,消火栓,332020,,倉敷市玉島柏島１５３１番地２,岡山県,倉敷市,,,,133.663506,34.531956,300,公設
332020,0100007325,岡山県倉敷市,消火栓,332020,,倉敷市玉島柏島１５３７－２,岡山県,倉敷市,,,,133.6629,34.530599,300,公設
332020,0100007326,岡山県倉敷市,消火栓,332020,,倉敷市玉島柏島,岡山県,倉敷市,,,,133.662575,34.529633,300,公設
332020,0100007327,岡山県倉敷市,消火栓,332020,,倉敷市玉島柏島,岡山県,倉敷市,,,,133.662344,34.528548,300,公設
332020,0100007328,岡山県倉敷市,消火栓,332020,,倉敷市玉島柏島,岡山県,倉敷市,,,,133.661517,34.528648,150,公設
332020,0100007329,岡山県倉敷市,消火栓,332020,,倉敷市玉島柏島,岡山県,倉敷市,,,,133.660758,34.527481,150,公設
332020,0100007330,岡山県倉敷市,消火栓,332020,,倉敷市玉島柏島,岡山県,倉敷市,,,,133.660438,34.526312,150,公設
332020,0100007331,岡山県倉敷市,消火栓,332020,,倉敷市玉島柏島１６０２番地,岡山県,倉敷市,,,,133.661091,34.532833,200,公設
332020,0100007332,岡山県倉敷市,消火栓,332020,,倉敷市玉島柏島１６８１番地１,岡山県,倉敷市,,,,133.660091,34.533006,200,公設
332020,0100007333,岡山県倉敷市,消火栓,332020,,倉敷市玉島柏島１６９８番地４,岡山県,倉敷市,,,,133.658286,34.533145,200,公設
332020,0100007334,岡山県倉敷市,消火栓,332020,,倉敷市玉島柏島１８１７番地６,岡山県,倉敷市,,,,133.656746,34.533693,200,公設
332020,0100007335,岡山県倉敷市,消火栓,332020,,倉敷市玉島柏島３２９４番地,岡山県,倉敷市,,,,133.6553,34.532729,75,公設
332020,0100007336,岡山県倉敷市,消火栓,332020,,倉敷市玉島柏島３５０６番地,岡山県,倉敷市,,,,133.653647,34.533995,75,公設
332020,0100007337,岡山県倉敷市,消火栓,332020,,倉敷市玉島柏島３３４９番地１,岡山県,倉敷市,,,,133.658291,34.530637,100,公設
332020,0100007338,岡山県倉敷市,消火栓,332020,,倉敷市玉島柏島３４１１,岡山県,倉敷市,,,,133.656763,34.529867,100,公設
332020,0100007339,岡山県倉敷市,消火栓,332020,,倉敷市玉島柏島５０２５番地１,岡山県,倉敷市,,,,133.655742,34.529235,100,公設
332020,0100007340,岡山県倉敷市,消火栓,332020,,倉敷市玉島柏島５１１０－６,岡山県,倉敷市,,,,133.657993,34.528538,100,公設
332020,0100007341,岡山県倉敷市,消火栓,332020,,倉敷市玉島柏島５１１３,岡山県,倉敷市,,,,133.658655,34.527702,100,公設
332020,0100007342,岡山県倉敷市,消火栓,332020,,倉敷市玉島柏島５４４７,岡山県,倉敷市,,,,133.659024,34.526449,75,公設
332020,0100007343,岡山県倉敷市,消火栓,332020,,倉敷市玉島柏島５０８７番地７,岡山県,倉敷市,,,,133.656748,34.527584,75,公設
332020,0100007344,岡山県倉敷市,消火栓,332020,,倉敷市玉島柏島５７０２番地２,岡山県,倉敷市,,,,133.656204,34.52696,100,公設
332020,0100007345,岡山県倉敷市,消火栓,332020,,倉敷市玉島柏島５７５６番地５,岡山県,倉敷市,,,,133.655566,34.526363,100,公設
332020,0100007346,岡山県倉敷市,消火栓,332020,,倉敷市玉島柏島５７４３番地,岡山県,倉敷市,,,,133.654828,34.527246,75,公設
332020,0100007347,岡山県倉敷市,消火栓,332020,,倉敷市玉島柏島４９３７番地２,岡山県,倉敷市,,,,133.653473,34.527095,100,公設
332020,0100007348,岡山県倉敷市,消火栓,332020,,倉敷市玉島柏島４８６１番地２,岡山県,倉敷市,,,,133.652229,34.527858,100,公設
332020,0100007349,岡山県倉敷市,消火栓,332020,,倉敷市玉島柏島６１５２番地６,岡山県,倉敷市,,,,133.650709,34.526495,200,公設
332020,0100007350,岡山県倉敷市,消火栓,332020,,倉敷市玉島柏島６９９２番地,岡山県,倉敷市,,,,133.66363,34.525016,75,公設
332020,0100007351,岡山県倉敷市,消火栓,332020,,倉敷市玉島柏島６８８２番地５,岡山県,倉敷市,,,,133.662429,34.524895,300,公設
332020,0100007352,岡山県倉敷市,消火栓,332020,,倉敷市玉島柏島７０３０番１号,岡山県,倉敷市,,,,133.661966,34.523839,300,公設
332020,0100007353,岡山県倉敷市,消火栓,332020,,倉敷市玉島柏島７０８７番地１２,岡山県,倉敷市,,,,133.663458,34.523501,75,公設
332020,0100007354,岡山県倉敷市,消火栓,332020,,倉敷市玉島柏島７０５１番４号,岡山県,倉敷市,,,,133.661604,34.52315,300,公設
332020,0100007355,岡山県倉敷市,消火栓,332020,,倉敷市玉島柏島６９５８,岡山県,倉敷市,,,,133.660549,34.525396,150,公設
332020,0100007356,岡山県倉敷市,消火栓,332020,,倉敷市玉島柏島６９６３,岡山県,倉敷市,,,,133.660692,34.524783,150,公設
332020,0100007357,岡山県倉敷市,消火栓,332020,,倉敷市玉島柏島５４４６番地１,岡山県,倉敷市,,,,133.658613,34.525205,100,公設
332020,0100007358,岡山県倉敷市,消火栓,332020,,倉敷市玉島柏島,岡山県,倉敷市,,,,133.659121,34.5245,100,公設
332020,0100007359,岡山県倉敷市,消火栓,332020,,倉敷市玉島柏島６８６９番地,岡山県,倉敷市,,,,133.6602,34.523014,100,公設
332020,0100007360,岡山県倉敷市,消火栓,332020,,倉敷市玉島柏島５７６９番地,岡山県,倉敷市,,,,133.657308,34.526066,75,公設
332020,0100007361,岡山県倉敷市,消火栓,332020,,倉敷市玉島柏島５８７６番地２,岡山県,倉敷市,,,,133.656705,34.525256,75,公設
332020,0100007362,岡山県倉敷市,消火栓,332020,,倉敷市玉島柏島５８８８番地,岡山県,倉敷市,,,,133.655794,34.52513,100,公設
332020,0100007363,岡山県倉敷市,消火栓,332020,,倉敷市玉島柏島５８５６番地,岡山県,倉敷市,,,,133.655894,34.52447,100,公設
332020,0100007364,岡山県倉敷市,消火栓,332020,,倉敷市玉島柏島５８７０番地,岡山県,倉敷市,,,,133.655177,34.524586,100,公設
332020,0100007365,岡山県倉敷市,消火栓,332020,,倉敷市玉島柏島６４９９番地８３,岡山県,倉敷市,,,,133.655069,34.523315,100,公設
332020,0100007366,岡山県倉敷市,消火栓,332020,,倉敷市玉島柏島６４９９番地９４,岡山県,倉敷市,,,,133.654295,34.523206,100,公設
332020,0100007367,岡山県倉敷市,消火栓,332020,,倉敷市玉島柏島６４９９番地６３,岡山県,倉敷市,,,,133.654779,34.522781,75,公設
332020,0100007368,岡山県倉敷市,消火栓,332020,,倉敷市玉島柏島５９１８－１３,岡山県,倉敷市,,,,133.653959,34.524438,75,公設
332020,0100007369,岡山県倉敷市,消火栓,332020,,倉敷市玉島柏島６０７６－７０,岡山県,倉敷市,,,,133.653166,34.524704,75,公設
332020,0100007370,岡山県倉敷市,消火栓,332020,,倉敷市玉島柏島６４８１番地１０,岡山県,倉敷市,,,,133.652965,34.524177,75,公設
332020,0100007371,岡山県倉敷市,消火栓,332020,,倉敷市玉島柏島６０８８番地１２,岡山県,倉敷市,,,,133.651703,34.524299,75,公設
332020,0100007372,岡山県倉敷市,消火栓,332020,,倉敷市玉島柏島６４６９番地２１,岡山県,倉敷市,,,,133.652346,34.523514,100,公設
332020,0100007373,岡山県倉敷市,消火栓,332020,,倉敷市玉島柏島６４４４番地,岡山県,倉敷市,,,,133.65192,34.52213,150,公設
332020,0100007374,岡山県倉敷市,消火栓,332020,,倉敷市玉島柏島２９９１番地１,岡山県,倉敷市,,,,133.649275,34.538334,200,公設
332020,0100007375,岡山県倉敷市,消火栓,332020,,倉敷市玉島柏島３７６４番地,岡山県,倉敷市,,,,133.649076,34.537466,100,公設
332020,0100007376,岡山県倉敷市,消火栓,332020,,倉敷市玉島柏島２６５３番地３,岡山県,倉敷市,,,,133.649126,34.536571,75,公設
332020,0100007377,岡山県倉敷市,消火栓,332020,,倉敷市玉島柏島３９０２番地,岡山県,倉敷市,,,,133.64764,34.540016,75,公設
332020,0100007378,岡山県倉敷市,消火栓,332020,,倉敷市玉島柏島２８７７番地,岡山県,倉敷市,,,,133.648531,34.539141,200,公設
332020,0100007379,岡山県倉敷市,消火栓,332020,,倉敷市玉島柏島３８７９番地,岡山県,倉敷市,,,,133.647754,34.538941,200,公設
332020,0100007380,岡山県倉敷市,消火栓,332020,,倉敷市玉島柏島３８５４番地３,岡山県,倉敷市,,,,133.647944,34.538323,150,公設
332020,0100007381,岡山県倉敷市,消火栓,332020,,倉敷市玉島柏島３９７７番地１４,岡山県,倉敷市,,,,133.646484,34.537009,150,公設
332020,0100007382,岡山県倉敷市,消火栓,332020,,倉敷市玉島柏島３７４１番地,岡山県,倉敷市,,,,133.647314,34.536193,100,公設
332020,0100007383,岡山県倉敷市,消火栓,332020,,倉敷市玉島柏島３７２４番地２,岡山県,倉敷市,,,,133.646959,34.535638,100,公設
332020,0100007384,岡山県倉敷市,消火栓,332020,,倉敷市玉島柏島４３３５番地２,岡山県,倉敷市,,,,133.646683,34.534659,100,公設
332020,0100007385,岡山県倉敷市,消火栓,332020,,倉敷市玉島柏島４２３３番地２５,岡山県,倉敷市,,,,133.646021,34.534765,75,公設
332020,0100007386,岡山県倉敷市,消火栓,332020,,倉敷市玉島柏島４１４４番地４５,岡山県,倉敷市,,,,133.645693,34.534156,200,公設
332020,0100007387,岡山県倉敷市,消火栓,332020,,倉敷市玉島柏島４０１５番地,岡山県,倉敷市,,,,133.645565,34.537933,75,公設
332020,0100007388,岡山県倉敷市,消火栓,332020,,倉敷市玉島柏島４０９８番地３,岡山県,倉敷市,,,,133.645065,34.537009,100,公設
332020,0100007389,岡山県倉敷市,消火栓,332020,,倉敷市玉島柏島４１５８番地１１,岡山県,倉敷市,,,,133.646026,34.535797,75,公設
332020,0100007390,岡山県倉敷市,消火栓,332020,,倉敷市玉島柏島４１５８番地２１,岡山県,倉敷市,,,,133.645513,34.536085,75,公設
332020,0100007391,岡山県倉敷市,消火栓,332020,,倉敷市玉島柏島４１５７番地２,岡山県,倉敷市,,,,133.646313,34.536323,100,公設
332020,0100007392,岡山県倉敷市,消火栓,332020,,倉敷市玉島柏島４３４８番地１,岡山県,倉敷市,,,,133.646425,34.53381,75,公設
332020,0100007393,岡山県倉敷市,消火栓,332020,,倉敷市玉島柏島６２２７番地１,岡山県,倉敷市,,,,133.648241,34.527594,100,公設
332020,0100007394,岡山県倉敷市,消火栓,332020,,倉敷市玉島柏島６１８６番地６,岡山県,倉敷市,,,,133.649513,34.526118,200,公設
332020,0100007395,岡山県倉敷市,消火栓,332020,,倉敷市玉島柏島６２０４番地２５,岡山県,倉敷市,,,,133.648874,34.526619,75,公設
332020,0100007396,岡山県倉敷市,消火栓,332020,,倉敷市玉島柏島６１９２番地６０,岡山県,倉敷市,,,,133.648185,34.526153,75,公設
332020,0100007397,岡山県倉敷市,消火栓,332020,,倉敷市玉島柏島６２８１番地１４,岡山県,倉敷市,,,,133.648914,34.52577,200,公設
332020,0100007398,岡山県倉敷市,消火栓,332020,,倉敷市玉島柏島６２４７番地１９,岡山県,倉敷市,,,,133.64804,34.525489,200,公設
332020,0100007399,岡山県倉敷市,消火栓,332020,,倉敷市玉島柏島６２４４番地３０,岡山県,倉敷市,,,,133.647462,34.525503,100,公設
332020,0100007400,岡山県倉敷市,消火栓,332020,,倉敷市玉島柏島４７１６番地１,岡山県,倉敷市,,,,133.649291,34.529053,75,公設
332020,0100007401,岡山県倉敷市,消火栓,332020,,倉敷市玉島柏島６４９９番地８２,岡山県,倉敷市,,,,133.655547,34.523328,150,公設
332020,0100007402,岡山県倉敷市,消火栓,332020,,倉敷市玉島柏島６６５１番地１３,岡山県,倉敷市,,,,133.656894,34.523736,100,公設
332020,0100007403,岡山県倉敷市,消火栓,332020,,倉敷市玉島柏島５２５１番地１,岡山県,倉敷市,,,,133.659748,34.531752,100,公設
332020,0100007404,岡山県倉敷市,消火栓,332020,,倉敷市玉島柏島５０８５番地４,岡山県,倉敷市,,,,133.656069,34.52799,100,公設
332020,0100007405,岡山県倉敷市,消火栓,332020,,倉敷市玉島柏島３０６１番地１,岡山県,倉敷市,,,,133.650735,34.536838,75,公設
332020,0100007406,岡山県倉敷市,消火栓,332020,,倉敷市玉島柏島９２０番地５１,岡山県,倉敷市,,,,133.662669,34.533372,150,公設
332020,0100007407,岡山県倉敷市,消火栓,332020,,倉敷市玉島柏島１８７９番地１,岡山県,倉敷市,,,,133.657597,34.536587,75,公設
332020,0100007408,岡山県倉敷市,消火栓,332020,,倉敷市玉島柏島９２０番地８４,岡山県,倉敷市,,,,133.663059,34.53395,100,公設
332020,0100007409,岡山県倉敷市,消火栓,332020,,倉敷市玉島柏島,岡山県,倉敷市,,,,133.662234,34.532327,200,公設
332020,0100007410,岡山県倉敷市,消火栓,332020,,倉敷市玉島柏島６３９３番地１０,岡山県,倉敷市,,,,133.650066,34.523374,75,公設
332020,0100007411,岡山県倉敷市,消火栓,332020,,倉敷市玉島柏島５４０９番地１３,岡山県,倉敷市,,,,133.662387,34.527541,300,公設
332020,0100007412,岡山県倉敷市,消火栓,332020,,倉敷市玉島柏島２７６５番地２,岡山県,倉敷市,,,,133.651431,34.540444,75,公設
332020,0100007413,岡山県倉敷市,消火栓,332020,,倉敷市玉島柏島１７３５番地１,岡山県,倉敷市,,,,133.657683,34.533635,75,公設
332020,0100007414,岡山県倉敷市,消火栓,332020,,倉敷市玉島柏島,岡山県,倉敷市,,,,133.661643,34.530122,75,公設
332020,0100007415,岡山県倉敷市,消火栓,332020,,倉敷市玉島柏島５４３０番地４,岡山県,倉敷市,,,,133.662491,34.52621,300,公設
332020,0100007416,岡山県倉敷市,消火栓,332020,,倉敷市玉島柏島５６２８番地地先,岡山県,倉敷市,,,,133.657797,34.526894,100,公設
332020,0100007417,岡山県倉敷市,消火栓,332020,,倉敷市玉島柏島２５５４番地,岡山県,倉敷市,,,,133.653558,34.538619,75,公設
332020,0100007418,岡山県倉敷市,消火栓,332020,,倉敷市玉島柏台１丁目４番１,岡山県,倉敷市,,,,133.650964,34.534465,75,公設
332020,0100007419,岡山県倉敷市,消火栓,332020,,倉敷市玉島柏台１丁目,岡山県,倉敷市,,,,133.650609,34.533964,75,公設
332020,0100007420,岡山県倉敷市,消火栓,332020,,倉敷市玉島柏台１丁目,岡山県,倉敷市,,,,133.649263,34.53404,100,公設
332020,0100007421,岡山県倉敷市,消火栓,332020,,倉敷市玉島柏台１丁目,岡山県,倉敷市,,,,133.649711,34.533415,200,公設
332020,0100007423,岡山県倉敷市,消火栓,332020,,倉敷市玉島柏台１丁目,岡山県,倉敷市,,,,133.651534,34.53303,150,公設
332020,0100007424,岡山県倉敷市,消火栓,332020,,倉敷市玉島柏台１丁目,岡山県,倉敷市,,,,133.651021,34.533034,75,公設
332020,0100007425,岡山県倉敷市,消火栓,332020,,倉敷市玉島柏台１丁目２６,岡山県,倉敷市,,,,133.650305,34.53256,200,公設
332020,0100007426,岡山県倉敷市,消火栓,332020,,倉敷市玉島柏台３丁目２－７地先,岡山県,倉敷市,,,,133.651135,34.532099,75,公設
332020,0100007427,岡山県倉敷市,消火栓,332020,,倉敷市玉島柏台３丁目,岡山県,倉敷市,,,,133.652788,34.531602,75,公設
332020,0100007428,岡山県倉敷市,消火栓,332020,,倉敷市玉島柏台３丁目,岡山県,倉敷市,,,,133.651497,34.531645,150,公設
332020,0100007429,岡山県倉敷市,消火栓,332020,,倉敷市玉島柏台４丁目１,岡山県,倉敷市,,,,133.650323,34.531566,200,公設
332020,0100007430,岡山県倉敷市,消火栓,332020,,倉敷市玉島柏台３丁目,岡山県,倉敷市,,,,133.653178,34.530679,75,公設
332020,0100007431,岡山県倉敷市,消火栓,332020,,倉敷市玉島柏台３丁目,岡山県,倉敷市,,,,133.652033,34.53063,150,公設
332020,0100007432,岡山県倉敷市,消火栓,332020,,倉敷市玉島柏台３丁目８,岡山県,倉敷市,,,,133.650529,34.530541,100,公設
332020,0100007433,岡山県倉敷市,消火栓,332020,,倉敷市玉島柏台２丁目,岡山県,倉敷市,,,,133.647795,34.533039,150,公設
332020,0100007434,岡山県倉敷市,消火栓,332020,,倉敷市玉島柏台２丁目,岡山県,倉敷市,,,,133.646708,34.53327,150,公設
332020,0100007435,岡山県倉敷市,消火栓,332020,,倉敷市玉島柏台２丁目,岡山県,倉敷市,,,,133.647394,34.532824,75,公設
332020,0100007436,岡山県倉敷市,消火栓,332020,,倉敷市玉島柏台２丁目,岡山県,倉敷市,,,,133.64944,34.532502,150,公設
332020,0100007437,岡山県倉敷市,消火栓,332020,,倉敷市玉島柏台２丁目,岡山県,倉敷市,,,,133.64865,34.53244,250,公設
332020,0100007438,岡山県倉敷市,消火栓,332020,,倉敷市玉島柏台２丁目,岡山県,倉敷市,,,,133.648287,34.532106,100,公設
332020,0100007439,岡山県倉敷市,消火栓,332020,,倉敷市玉島柏台４丁目１４,岡山県,倉敷市,,,,133.649592,34.531518,75,公設
332020,0100007440,岡山県倉敷市,消火栓,332020,,倉敷市玉島柏台４丁目,岡山県,倉敷市,,,,133.648823,34.531469,250,公設
332020,0100007441,岡山県倉敷市,消火栓,332020,,倉敷市玉島柏台４丁目,岡山県,倉敷市,,,,133.648892,34.530494,150,公設
332020,0100007442,岡山県倉敷市,消火栓,332020,,倉敷市玉島柏台４丁目,岡山県,倉敷市,,,,133.650289,34.529802,75,公設
332020,0100007443,岡山県倉敷市,消火栓,332020,,倉敷市玉島柏台５丁目,岡山県,倉敷市,,,,133.653285,34.529688,75,公設
332020,0100007444,岡山県倉敷市,消火栓,332020,,倉敷市玉島柏台５丁目,岡山県,倉敷市,,,,133.655075,34.528844,75,公設
332020,0100007446,岡山県倉敷市,消火栓,332020,,倉敷市玉島柏台５丁目,岡山県,倉敷市,,,,133.654493,34.528826,100,公設
332020,0100007447,岡山県倉敷市,消火栓,332020,,倉敷市玉島柏台５丁目,岡山県,倉敷市,,,,133.65321,34.529022,100,公設
332020,0100007448,岡山県倉敷市,消火栓,332020,,倉敷市玉島柏台５丁目,岡山県,倉敷市,,,,133.652058,34.529169,200,公設
332020,0100007449,岡山県倉敷市,消火栓,332020,,倉敷市玉島柏台５丁目,岡山県,倉敷市,,,,133.65121,34.529068,200,公設
332020,0100007450,岡山県倉敷市,消火栓,332020,,倉敷市玉島柏台５丁目,岡山県,倉敷市,,,,133.652727,34.528195,200,公設
332020,0100007451,岡山県倉敷市,消火栓,332020,,倉敷市玉島勇崎１４４１番４号,岡山県,倉敷市,,,,133.661144,34.522336,150,公設
332020,0100007452,岡山県倉敷市,消火栓,332020,,倉敷市玉島勇崎１４２３番地,岡山県,倉敷市,,,,133.660825,34.520466,100,公設
332020,0100007453,岡山県倉敷市,消火栓,332020,,倉敷市玉島勇崎１３６９番地,岡山県,倉敷市,,,,133.660001,34.52241,150,公設
332020,0100007454,岡山県倉敷市,消火栓,332020,,倉敷市玉島勇崎１３６１番地,岡山県,倉敷市,,,,133.658966,34.522067,150,公設
332020,0100007455,岡山県倉敷市,消火栓,332020,,倉敷市玉島勇崎１３５１番地,岡山県,倉敷市,,,,133.658049,34.521844,300,公設
332020,0100007456,岡山県倉敷市,消火栓,332020,,倉敷市玉島勇崎９５１番地,岡山県,倉敷市,,,,133.65716,34.521624,300,公設
332020,0100007457,岡山県倉敷市,消火栓,332020,,倉敷市玉島勇崎６６７６番地,岡山県,倉敷市,,,,133.656311,34.521754,150,公設
332020,0100007458,岡山県倉敷市,消火栓,332020,,倉敷市玉島勇崎９２６番地,岡山県,倉敷市,,,,133.656295,34.521368,300,公設
332020,0100007459,岡山県倉敷市,消火栓,332020,,倉敷市玉島勇崎１１５４番地３,岡山県,倉敷市,,,,133.656365,34.520192,75,公設
332020,0100007460,岡山県倉敷市,消火栓,332020,,倉敷市玉島勇崎９８７－２,岡山県,倉敷市,,,,133.654762,34.520945,300,公設
332020,0100007461,岡山県倉敷市,消火栓,332020,,倉敷市玉島勇崎８９４番地,岡山県,倉敷市,,,,133.653796,34.521467,200,公設
332020,0100007462,岡山県倉敷市,消火栓,332020,,倉敷市玉島勇崎８６５番地,岡山県,倉敷市,,,,133.652849,34.521374,200,公設
332020,0100007463,岡山県倉敷市,消火栓,332020,,倉敷市玉島勇崎１００４番地,岡山県,倉敷市,,,,133.653704,34.520601,300,公設
332020,0100007464,岡山県倉敷市,消火栓,332020,,倉敷市玉島勇崎７９９番地,岡山県,倉敷市,,,,133.651787,34.521087,200,公設
332020,0100007465,岡山県倉敷市,消火栓,332020,,倉敷市玉島勇崎７９０－１,岡山県,倉敷市,,,,133.651983,34.520125,300,公設
332020,0100007466,岡山県倉敷市,消火栓,332020,,倉敷市玉島勇崎１００９番地５,岡山県,倉敷市,,,,133.653087,34.519333,100,公設
332020,0100007467,岡山県倉敷市,消火栓,332020,,倉敷市玉島勇崎１１４１番地,岡山県,倉敷市,,,,133.654723,34.51846,100,公設
332020,0100007468,岡山県倉敷市,消火栓,332020,,倉敷市玉島勇崎１２３８番地７,岡山県,倉敷市,,,,133.655667,34.517552,100,公設
332020,0100007469,岡山県倉敷市,消火栓,332020,,倉敷市玉島勇崎１２５４番地,岡山県,倉敷市,,,,133.654445,34.517121,75,公設
332020,0100007470,岡山県倉敷市,消火栓,332020,,倉敷市玉島勇崎８１０番地２,岡山県,倉敷市,,,,133.650864,34.52084,200,公設
332020,0100007471,岡山県倉敷市,消火栓,332020,,倉敷市玉島勇崎１０４２－１,岡山県,倉敷市,,,,133.650194,34.519683,300,公設
332020,0100007472,岡山県倉敷市,消火栓,332020,,倉敷市玉島勇崎７２４番地,岡山県,倉敷市,,,,133.649842,34.520583,200,公設
332020,0100007473,岡山県倉敷市,消火栓,332020,,倉敷市玉島勇崎１番地,岡山県,倉敷市,,,,133.641353,34.537223,250,公設
332020,0100007474,岡山県倉敷市,消火栓,332020,,倉敷市玉島勇崎２９２番地１,岡山県,倉敷市,,,,133.643699,34.535901,150,公設
332020,0100007475,岡山県倉敷市,消火栓,332020,,倉敷市玉島勇崎１８番地,岡山県,倉敷市,,,,133.641036,34.535856,150,公設
332020,0100007476,岡山県倉敷市,消火栓,332020,,倉敷市玉島勇崎３３４番地,岡山県,倉敷市,,,,133.644525,34.534861,150,公設
332020,0100007477,岡山県倉敷市,消火栓,332020,,倉敷市玉島勇崎２５０番地１２,岡山県,倉敷市,,,,133.642126,34.535193,400,公設
332020,0100007478,岡山県倉敷市,消火栓,332020,,倉敷市玉島勇崎１６番地,岡山県,倉敷市,,,,133.640861,34.534413,150,公設
332020,0100007479,岡山県倉敷市,消火栓,332020,,倉敷市玉島勇崎３６３番地５,岡山県,倉敷市,,,,133.642765,34.534046,200,公設
332020,0100007480,岡山県倉敷市,消火栓,332020,,倉敷市玉島勇崎３５６番地,岡山県,倉敷市,,,,133.644897,34.53347,150,公設
332020,0100007481,岡山県倉敷市,消火栓,332020,,倉敷市玉島勇崎２４６番地１４,岡山県,倉敷市,,,,133.642675,34.532663,400,公設
332020,0100007482,岡山県倉敷市,消火栓,332020,,倉敷市玉島勇崎４６番地１,岡山県,倉敷市,,,,133.641108,34.533114,150,公設
332020,0100007483,岡山県倉敷市,消火栓,332020,,倉敷市玉島勇崎４１５番地,岡山県,倉敷市,,,,133.645197,34.532192,150,公設
332020,0100007484,岡山県倉敷市,消火栓,332020,,倉敷市玉島勇崎５４番地４,岡山県,倉敷市,,,,133.641343,34.531939,150,公設
332020,0100007485,岡山県倉敷市,消火栓,332020,,倉敷市玉島勇崎４５０番地１,岡山県,倉敷市,,,,133.645539,34.53116,150,公設
332020,0100007486,岡山県倉敷市,消火栓,332020,,倉敷市玉島勇崎７１番地７,岡山県,倉敷市,,,,133.641766,34.530541,150,公設
332020,0100007487,岡山県倉敷市,消火栓,332020,,倉敷市玉島勇崎２２７番地,岡山県,倉敷市,,,,133.643059,34.530945,400,公設
332020,0100007488,岡山県倉敷市,消火栓,332020,,倉敷市玉島勇崎２２６番地１,岡山県,倉敷市,,,,133.642763,34.530089,75,公設
332020,0100007489,岡山県倉敷市,消火栓,332020,,倉敷市玉島勇崎５２１番地１０,岡山県,倉敷市,,,,133.645825,34.529594,150,公設
332020,0100007490,岡山県倉敷市,消火栓,332020,,倉敷市玉島勇崎１００番地１,岡山県,倉敷市,,,,133.642014,34.528982,150,公設
332020,0100007491,岡山県倉敷市,消火栓,332020,,倉敷市玉島勇崎５８７番地,岡山県,倉敷市,,,,133.646367,34.527279,150,公設
332020,0100007492,岡山県倉敷市,消火栓,332020,,倉敷市玉島勇崎２０５－６,岡山県,倉敷市,,,,133.644557,34.527811,400,公設
332020,0100007493,岡山県倉敷市,消火栓,332020,,倉敷市玉島勇崎６０６番地２,岡山県,倉敷市,,,,133.647131,34.52459,150,公設
332020,0100007494,岡山県倉敷市,消火栓,332020,,倉敷市玉島勇崎１７４番地６,岡山県,倉敷市,,,,133.646247,34.524357,400,公設
332020,0100007495,岡山県倉敷市,消火栓,332020,,倉敷市玉島勇崎１４１番地１,岡山県,倉敷市,,,,133.644802,34.523826,100,公設
332020,0100007497,岡山県倉敷市,消火栓,332020,,倉敷市玉島勇崎６６５番地,岡山県,倉敷市,,,,133.648101,34.523796,150,公設
332020,0100007498,岡山県倉敷市,消火栓,332020,,倉敷市玉島勇崎１６４番地３,岡山県,倉敷市,,,,133.645714,34.52326,100,公設
332020,0100007499,岡山県倉敷市,消火栓,332020,,倉敷市玉島勇崎６２３番地,岡山県,倉敷市,,,,133.648689,34.523289,150,公設
332020,0100007500,岡山県倉敷市,消火栓,332020,,倉敷市玉島勇崎１５９番地,岡山県,倉敷市,,,,133.647254,34.522254,100,公設
332020,0100007501,岡山県倉敷市,消火栓,332020,,倉敷市玉島勇崎６８８番地２,岡山県,倉敷市,,,,133.649268,34.522549,150,公設
332020,0100007502,岡山県倉敷市,消火栓,332020,,倉敷市玉島勇崎７２８番地１,岡山県,倉敷市,,,,133.649401,34.521835,150,公設
332020,0100007503,岡山県倉敷市,消火栓,332020,,倉敷市玉島勇崎７４５番地１,岡山県,倉敷市,,,,133.647748,34.521233,100,公設
332020,0100007504,岡山県倉敷市,消火栓,332020,,倉敷市玉島勇崎８１６番地,岡山県,倉敷市,,,,133.649499,34.521224,150,公設
332020,0100007505,岡山県倉敷市,消火栓,332020,,倉敷市玉島勇崎７３３番地４,岡山県,倉敷市,,,,133.648129,34.520393,400,公設
332020,0100007506,岡山県倉敷市,消火栓,332020,,倉敷市玉島勇崎７６３番地４,岡山県,倉敷市,,,,133.64893,34.520328,200,公設
332020,0100007507,岡山県倉敷市,消火栓,332020,,倉敷市玉島勇崎７５７番地５,岡山県,倉敷市,,,,133.64868,34.519538,150,公設
332020,0100007508,岡山県倉敷市,消火栓,332020,,倉敷市玉島勇崎１０７１番地,岡山県,倉敷市,,,,133.649261,34.518096,300,公設
332020,0100007509,岡山県倉敷市,消火栓,332020,,倉敷市玉島勇崎１０７７番地１７,岡山県,倉敷市,,,,133.649837,34.517038,300,公設
332020,0100007510,岡山県倉敷市,消火栓,332020,,倉敷市玉島勇崎３０６番地,岡山県,倉敷市,,,,133.643273,34.537401,200,公設
332020,0100007511,岡山県倉敷市,消火栓,332020,,倉敷市玉島勇崎１８５番地１,岡山県,倉敷市,,,,133.64459,34.52511,75,公設
332020,0100007512,岡山県倉敷市,消火栓,332020,,倉敷市玉島勇崎５３８番地,岡山県,倉敷市,,,,133.646084,34.52833,150,公設
332020,0100007513,岡山県倉敷市,消火栓,332020,,倉敷市玉島勇崎１３９７番地２５,岡山県,倉敷市,,,,133.659759,34.52109,100,公設
332020,0100007514,岡山県倉敷市,消火栓,332020,,倉敷市玉島勇崎１０９７番地１７,岡山県,倉敷市,,,,133.652753,34.517961,100,公設
332020,0100007515,岡山県倉敷市,消火栓,332020,,倉敷市玉島勇崎１４番地１,岡山県,倉敷市,,,,133.642017,34.536249,100,公設
332020,0100007516,岡山県倉敷市,消火栓,332020,,倉敷市玉島勇崎５７７番地１,岡山県,倉敷市,,,,133.646505,34.525987,150,公設
332020,0100007517,岡山県倉敷市,消火栓,332020,,倉敷市玉島勇崎２０９番地３,岡山県,倉敷市,,,,133.644287,34.528648,75,公設
332020,0100007518,岡山県倉敷市,消火栓,332020,,倉敷市玉島勇崎１４２６番地５２,岡山県,倉敷市,,,,133.661644,34.520968,75,公設
332020,0100007519,岡山県倉敷市,消火栓,332020,,倉敷市玉島勇崎１０３２番地,岡山県,倉敷市,,,,133.651333,34.518769,100,公設
332020,0100007520,岡山県倉敷市,消火栓,332020,,倉敷市玉島勇崎１２８６番地,岡山県,倉敷市,,,,133.658115,34.520463,100,公設
332020,0100007521,岡山県倉敷市,消火栓,332020,,倉敷市玉島勇崎１８６番地１,岡山県,倉敷市,,,,133.645744,34.525473,100,公設
332020,0100007522,岡山県倉敷市,消火栓,332020,,倉敷市玉島勇崎９９１番地２３,岡山県,倉敷市,,,,133.654565,34.519684,100,公設
332020,0100007524,岡山県倉敷市,消火栓,332020,,倉敷市玉島爪崎５６５番５号番地先,岡山県,倉敷市,,,,133.680825,34.56697,100,公設
332020,0100007525,岡山県倉敷市,消火栓,332020,,倉敷市玉島爪崎５４９－１,岡山県,倉敷市,,,,133.67866,34.566956,100,公設
332020,0100007526,岡山県倉敷市,消火栓,332020,,倉敷市玉島爪崎３９０番４号,岡山県,倉敷市,,,,133.678675,34.565624,100,公設
332020,0100007527,岡山県倉敷市,消火栓,332020,,倉敷市玉島爪崎２７８－６,岡山県,倉敷市,,,,133.676714,34.565049,150,公設
332020,0100007528,岡山県倉敷市,消火栓,332020,,倉敷市玉島爪崎４０２－８,岡山県,倉敷市,,,,133.677185,34.564668,100,公設
332020,0100007529,岡山県倉敷市,消火栓,332020,,倉敷市玉島爪崎５２,岡山県,倉敷市,,,,133.676388,34.567557,100,公設
332020,0100007530,岡山県倉敷市,消火栓,332020,,倉敷市玉島爪崎４２０番４号地先,岡山県,倉敷市,,,,133.676442,34.566623,150,公設
332020,0100007531,岡山県倉敷市,消火栓,332020,,倉敷市玉島爪崎６８,岡山県,倉敷市,,,,133.675147,34.567512,200,公設
332020,0100007532,岡山県倉敷市,消火栓,332020,,倉敷市玉島爪崎２４５－２,岡山県,倉敷市,,,,133.675232,34.567185,75,公設
332020,0100007533,岡山県倉敷市,消火栓,332020,,倉敷市玉島爪崎８９－３,岡山県,倉敷市,,,,133.674124,34.567694,100,公設
332020,0100007534,岡山県倉敷市,消火栓,332020,,倉敷市玉島爪崎８９,岡山県,倉敷市,,,,133.674214,34.56731,75,公設
332020,0100007535,岡山県倉敷市,消火栓,332020,,倉敷市玉島爪崎２１７６番地先,岡山県,倉敷市,,,,133.672824,34.568885,75,公設
332020,0100007536,岡山県倉敷市,消火栓,332020,,倉敷市玉島爪崎１１９番２号,岡山県,倉敷市,,,,133.672873,34.568034,100,公設
332020,0100007537,岡山県倉敷市,消火栓,332020,,倉敷市玉島爪崎１２３,岡山県,倉敷市,,,,133.673074,34.567423,100,公設
332020,0100007538,岡山県倉敷市,消火栓,332020,,倉敷市玉島爪崎２２５番２号,岡山県,倉敷市,,,,133.673732,34.565793,150,公設
332020,0100007539,岡山県倉敷市,消火栓,332020,,倉敷市玉島爪崎２２６番１０号,岡山県,倉敷市,,,,133.675298,34.566175,100,公設
332020,0100007540,岡山県倉敷市,消火栓,332020,,倉敷市玉島爪崎１４７番６号,岡山県,倉敷市,,,,133.684577,34.567115,150,公設
332020,0100007541,岡山県倉敷市,消火栓,332020,,倉敷市玉島爪崎６５９番地先,岡山県,倉敷市,,,,133.685381,34.565814,150,公設
332020,0100007542,岡山県倉敷市,消火栓,332020,,倉敷市玉島爪崎６７１番地先,岡山県,倉敷市,,,,133.686054,34.564559,150,公設
332020,0100007543,岡山県倉敷市,消火栓,332020,,倉敷市玉島爪崎６３５番地,岡山県,倉敷市,,,,133.683711,34.568096,100,公設
332020,0100007544,岡山県倉敷市,消火栓,332020,,倉敷市玉島爪崎７３５番地先,岡山県,倉敷市,,,,133.6841,34.566361,100,公設
332020,0100007545,岡山県倉敷市,消火栓,332020,,倉敷市玉島爪崎７０８番地,岡山県,倉敷市,,,,133.684567,34.56535,100,公設
332020,0100007546,岡山県倉敷市,消火栓,332020,,倉敷市玉島爪崎５９６番地先,岡山県,倉敷市,,,,133.684901,34.564764,100,公設
332020,0100007547,岡山県倉敷市,消火栓,332020,,倉敷市玉島爪崎６９０番地１地先,岡山県,倉敷市,,,,133.685227,34.564286,100,公設
332020,0100007548,岡山県倉敷市,消火栓,332020,,倉敷市玉島爪崎９８１番１地先,岡山県,倉敷市,,,,133.685206,34.56275,300,公設
332020,0100007549,岡山県倉敷市,消火栓,332020,,倉敷市玉島爪崎６２２番地１地先,岡山県,倉敷市,,,,133.682897,34.567314,150,公設
332020,0100007550,岡山県倉敷市,消火栓,332020,,倉敷市新倉敷駅前２丁目１０４,岡山県,倉敷市,,,,133.68202,34.566701,150,公設
332020,0100007551,岡山県倉敷市,消火栓,332020,,倉敷市新倉敷駅前３丁目９３,岡山県,倉敷市,,,,133.683306,34.563976,200,公設
332020,0100007552,岡山県倉敷市,消火栓,332020,,倉敷市新倉敷駅前３丁目１６７,岡山県,倉敷市,,,,133.683474,34.56255,100,公設
332020,0100007553,岡山県倉敷市,消火栓,332020,,倉敷市新倉敷駅前２丁目６０,岡山県,倉敷市,,,,133.68097,34.566033,150,公設
332020,0100007554,岡山県倉敷市,消火栓,332020,,倉敷市新倉敷駅前２丁目４６,岡山県,倉敷市,,,,133.679994,34.565403,150,公設
332020,0100007555,岡山県倉敷市,消火栓,332020,,倉敷市新倉敷駅前５丁目１０－２,岡山県,倉敷市,,,,133.676237,34.562102,200,公設
332020,0100007556,岡山県倉敷市,消火栓,332020,,倉敷市新倉敷駅前３丁目３２,岡山県,倉敷市,,,,133.680887,34.563747,100,公設
332020,0100007557,岡山県倉敷市,消火栓,332020,,倉敷市玉島爪崎８５７番１地先,岡山県,倉敷市,,,,133.682855,34.561133,100,公設
332020,0100007558,岡山県倉敷市,消火栓,332020,,倉敷市新倉敷駅前１丁目１２９－２,岡山県,倉敷市,,,,133.679692,34.562888,100,公設
332020,0100007559,岡山県倉敷市,消火栓,332020,,倉敷市新倉敷駅前４丁目１０７,岡山県,倉敷市,,,,133.679572,34.559215,100,公設
332020,0100007560,岡山県倉敷市,消火栓,332020,,倉敷市玉島爪崎１０８７番地１地先,岡山県,倉敷市,,,,133.680095,34.558584,150,公設
332020,0100007561,岡山県倉敷市,消火栓,332020,,倉敷市新倉敷駅前１丁目３－２,岡山県,倉敷市,,,,133.678871,34.564588,150,公設
332020,0100007562,岡山県倉敷市,消火栓,332020,,倉敷市新倉敷駅前１丁目９１,岡山県,倉敷市,,,,133.67864,34.563382,100,公設
332020,0100007563,岡山県倉敷市,消火栓,332020,,倉敷市新倉敷駅前１丁目１０７,岡山県,倉敷市,,,,133.678698,34.562286,300,公設
332020,0100007564,岡山県倉敷市,消火栓,332020,,倉敷市玉島爪崎２１２－２,岡山県,倉敷市,,,,133.67453,34.565296,100,公設
332020,0100007565,岡山県倉敷市,消火栓,332020,,倉敷市新倉敷駅前５丁目２４０,岡山県,倉敷市,,,,133.677374,34.559717,150,公設
332020,0100007566,岡山県倉敷市,消火栓,332020,,倉敷市新倉敷駅前５丁目１９９,岡山県,倉敷市,,,,133.676531,34.557635,150,公設
332020,0100007567,岡山県倉敷市,消火栓,332020,,倉敷市玉島爪崎１４２番地４３地先,岡山県,倉敷市,,,,133.677065,34.556097,150,公設
332020,0100007568,岡山県倉敷市,消火栓,332020,,倉敷市玉島爪崎１４２番１５地先,岡山県,倉敷市,,,,133.677421,34.555013,150,公設
332020,0100007569,岡山県倉敷市,消火栓,332020,,倉敷市新倉敷駅前１丁目３８,岡山県,倉敷市,,,,133.677515,34.564013,150,公設
332020,0100007570,岡山県倉敷市,消火栓,332020,,倉敷市新倉敷駅前３丁目２６,岡山県,倉敷市,,,,133.682074,34.564561,150,公設
332020,0100007571,岡山県倉敷市,消火栓,332020,,倉敷市玉島爪崎４５０－３,岡山県,倉敷市,,,,133.67805,34.566537,75,公設
332020,0100007572,岡山県倉敷市,消火栓,332020,,倉敷市玉島爪崎４１８－１,岡山県,倉敷市,,,,133.677476,34.566562,100,公設
332020,0100007573,岡山県倉敷市,消火栓,332020,,倉敷市新倉敷駅前５丁目１７５,岡山県,倉敷市,,,,133.676102,34.55904,100,公設
332020,0100007574,岡山県倉敷市,消火栓,332020,,倉敷市新倉敷駅前５丁目１８,岡山県,倉敷市,,,,133.674912,34.562397,150,公設
332020,0100007575,岡山県倉敷市,消火栓,332020,,倉敷市玉島爪崎５４８－１,岡山県,倉敷市,,,,133.679693,34.567097,75,公設
332020,0100007576,岡山県倉敷市,消火栓,332020,,倉敷市玉島爪崎６６４番地先,岡山県,倉敷市,,,,133.68557,34.565303,200,公設
332020,0100007577,岡山県倉敷市,消火栓,332020,,倉敷市玉島爪崎１４５番地２０地先,岡山県,倉敷市,,,,133.685035,34.566459,150,公設
332020,0100007578,岡山県倉敷市,消火栓,332020,,倉敷市新倉敷駅前５丁目７６－２,岡山県,倉敷市,,,,133.675266,34.561175,150,公設
332020,0100007579,岡山県倉敷市,消火栓,332020,,倉敷市新倉敷駅前５丁目１６３－１,岡山県,倉敷市,,,,133.675685,34.56007,150,公設
332020,0100007580,岡山県倉敷市,消火栓,332020,,倉敷市新倉敷駅前５丁目２１２,岡山県,倉敷市,,,,133.677786,34.558496,100,公設
332020,0100007581,岡山県倉敷市,消火栓,332020,,倉敷市新倉敷駅前５丁目１２８,岡山県,倉敷市,,,,133.677742,34.561615,400,公設
332020,0100007582,岡山県倉敷市,消火栓,332020,,倉敷市新倉敷駅前５丁目８０,岡山県,倉敷市,,,,133.676545,34.561093,75,公設
332020,0100007583,岡山県倉敷市,消火栓,332020,,倉敷市新倉敷駅前２丁目３５,岡山県,倉敷市,,,,133.680869,34.564856,200,公設
332020,0100007584,岡山県倉敷市,消火栓,332020,,倉敷市新倉敷駅前５丁目１１０,岡山県,倉敷市,,,,133.677211,34.560414,200,公設
332020,0100007585,岡山県倉敷市,消火栓,332020,,倉敷市新倉敷駅前５丁目１３４－２,岡山県,倉敷市,,,,133.678358,34.560941,400,公設
332020,0100007586,岡山県倉敷市,消火栓,332020,,倉敷市新倉敷駅前５丁目２５０－２,岡山県,倉敷市,,,,133.67846,34.559779,200,公設
332020,0100007587,岡山県倉敷市,消火栓,332020,,倉敷市玉島爪崎１０７９番地先,岡山県,倉敷市,,,,133.6793,34.556893,100,公設
332020,0100007588,岡山県倉敷市,消火栓,332020,,倉敷市玉島爪崎１１４２番地先,岡山県,倉敷市,,,,133.678671,34.556325,150,公設
332020,0100007589,岡山県倉敷市,消火栓,332020,,倉敷市玉島爪崎１９３,岡山県,倉敷市,,,,133.67456,34.563164,150,公設
332020,0100007590,岡山県倉敷市,消火栓,332020,,倉敷市新倉敷駅前１丁目６９－１,岡山県,倉敷市,,,,133.677158,34.562854,150,公設
332020,0100007591,岡山県倉敷市,消火栓,332020,,倉敷市新倉敷駅前３丁目２５,岡山県,倉敷市,,,,133.682121,34.564,100,公設
332020,0100007592,岡山県倉敷市,消火栓,332020,,倉敷市新倉敷駅前３丁目１４,岡山県,倉敷市,,,,133.682109,34.563435,200,公設
332020,0100007593,岡山県倉敷市,消火栓,332020,,倉敷市新倉敷駅前３丁目１７７,岡山県,倉敷市,,,,133.683498,34.564946,100,公設
332020,0100007594,岡山県倉敷市,消火栓,332020,,倉敷市新倉敷駅前３丁目１８９,岡山県,倉敷市,,,,133.68422,34.564091,100,公設
332020,0100007595,岡山県倉敷市,消火栓,332020,,倉敷市玉島爪崎１０６０番地１,岡山県,倉敷市,,,,133.681805,34.559154,75,公設
332020,0100007596,岡山県倉敷市,消火栓,332020,,倉敷市新倉敷駅前１丁目１１７,岡山県,倉敷市,,,,133.6798,34.564029,300,公設
332020,0100007597,岡山県倉敷市,消火栓,332020,,倉敷市新倉敷駅前４丁目７,岡山県,倉敷市,,,,133.680271,34.563115,150,公設
332020,0100007598,岡山県倉敷市,消火栓,332020,,倉敷市新倉敷駅前４丁目８,岡山県,倉敷市,,,,133.680752,34.562587,150,公設
332020,0100007599,岡山県倉敷市,消火栓,332020,,倉敷市新倉敷駅前４丁目７,岡山県,倉敷市,,,,133.680623,34.563167,300,公設
332020,0100007600,岡山県倉敷市,消火栓,332020,,倉敷市新倉敷駅前４丁目５１,岡山県,倉敷市,,,,133.68121,34.56254,300,公設
332020,0100007601,岡山県倉敷市,消火栓,332020,,倉敷市新倉敷駅前４丁目２９,岡山県,倉敷市,,,,133.679343,34.561497,200,公設
332020,0100007602,岡山県倉敷市,消火栓,332020,,倉敷市新倉敷駅前４丁目３８,岡山県,倉敷市,,,,133.680316,34.561414,75,公設
332020,0100007603,岡山県倉敷市,消火栓,332020,,倉敷市新倉敷駅前４丁目５５,岡山県,倉敷市,,,,133.681464,34.561823,150,公設
332020,0100007604,岡山県倉敷市,消火栓,332020,,倉敷市新倉敷駅前４丁目６９,岡山県,倉敷市,,,,133.68139,34.561057,100,公設
332020,0100007605,岡山県倉敷市,消火栓,332020,,倉敷市新倉敷駅前４丁目５７,岡山県,倉敷市,,,,133.682278,34.561374,300,公設
332020,0100007606,岡山県倉敷市,消火栓,332020,,倉敷市新倉敷駅前３丁目６６,岡山県,倉敷市,,,,133.68256,34.565985,150,公設
332020,0100007607,岡山県倉敷市,消火栓,332020,,倉敷市玉島爪崎１０５２番地７,岡山県,倉敷市,,,,133.680578,34.559452,100,公設
332020,0100007608,岡山県倉敷市,消火栓,332020,,倉敷市新倉敷駅前４丁目６５,岡山県,倉敷市,,,,133.680196,34.560687,100,公設
332020,0100007609,岡山県倉敷市,消火栓,332020,,倉敷市新倉敷駅前４丁目１８－２,岡山県,倉敷市,,,,133.680256,34.562142,200,公設
332020,0100007610,岡山県倉敷市,消火栓,332020,,倉敷市新倉敷駅前３丁目１０２,岡山県,倉敷市,,,,133.68286,34.563201,75,公設
332020,0100007611,岡山県倉敷市,消火栓,332020,,倉敷市新倉敷駅前３丁目１９９,岡山県,倉敷市,,,,133.684296,34.563314,150,公設
332020,0100007612,岡山県倉敷市,消火栓,332020,,倉敷市新倉敷駅前４丁目２６,岡山県,倉敷市,,,,133.679122,34.560135,400,公設
332020,0100007613,岡山県倉敷市,消火栓,332020,,倉敷市新倉敷駅前３丁目７８－３,岡山県,倉敷市,,,,133.682713,34.564949,200,公設
332020,0100007614,岡山県倉敷市,消火栓,332020,,倉敷市新倉敷駅前３丁目７２－１,岡山県,倉敷市,,,,133.682412,34.56592,200,公設
332020,0100007615,岡山県倉敷市,消火栓,332020,,倉敷市玉島爪崎１０７３番地,岡山県,倉敷市,,,,133.680445,34.5571,150,公設
332020,0100007616,岡山県倉敷市,消火栓,332020,,倉敷市玉島爪崎１０９１番地２,岡山県,倉敷市,,,,133.680265,34.558741,150,公設
332020,0100007617,岡山県倉敷市,消火栓,332020,,倉敷市玉島爪崎９８１番地１,岡山県,倉敷市,,,,133.684763,34.560941,100,公設
332020,0100007618,岡山県倉敷市,消火栓,332020,,倉敷市新倉敷駅前３丁目１２０,岡山県,倉敷市,,,,133.682391,34.562363,100,公設
332020,0100007619,岡山県倉敷市,消火栓,332020,,倉敷市新倉敷駅前５丁目１２５－１,岡山県,倉敷市,,,,133.677177,34.561769,100,公設
332020,0100007620,岡山県倉敷市,消火栓,332020,,倉敷市新倉敷駅前５丁目３,岡山県,倉敷市,,,,133.675882,34.563006,100,公設
332020,0100007621,岡山県倉敷市,消火栓,332020,,倉敷市玉島爪崎２８３－１,岡山県,倉敷市,,,,133.675759,34.563736,150,公設
332020,0100007622,岡山県倉敷市,消火栓,332020,,倉敷市新倉敷駅前３丁目６１－２,岡山県,倉敷市,,,,133.682037,34.565494,75,公設
332020,0100007625,岡山県倉敷市,消火栓,332020,,倉敷市広江７丁目１３番,岡山県,倉敷市,,,,133.794558,34.527321,75,公設
332020,0100007626,岡山県倉敷市,消火栓,332020,,倉敷市広江７丁目１４番,岡山県,倉敷市,,,,133.794904,34.525189,150,公設
332020,0100007627,岡山県倉敷市,消火栓,332020,,倉敷市広江７丁目１４番,岡山県,倉敷市,,,,133.79563,34.524586,150,公設
332020,0100007628,岡山県倉敷市,消火栓,332020,,倉敷市広江７丁目１４番,岡山県,倉敷市,,,,133.795429,34.524217,150,公設
332020,0100007629,岡山県倉敷市,消火栓,332020,,倉敷市広江８丁目５番,岡山県,倉敷市,,,,133.792308,34.526662,100,公設
332020,0100007630,岡山県倉敷市,消火栓,332020,,倉敷市広江７丁目１１番,岡山県,倉敷市,,,,133.792539,34.525093,150,公設
332020,0100007631,岡山県倉敷市,消火栓,332020,,倉敷市広江７丁目９番,岡山県,倉敷市,,,,133.791266,34.524866,150,公設
332020,0100007632,岡山県倉敷市,消火栓,332020,,倉敷市広江８丁目３番,岡山県,倉敷市,,,,133.790199,34.526162,100,公設
332020,0100007633,岡山県倉敷市,消火栓,332020,,倉敷市広江７丁目６番,岡山県,倉敷市,,,,133.789782,34.524916,150,公設
332020,0100007634,岡山県倉敷市,消火栓,332020,,倉敷市広江４丁目,岡山県,倉敷市,,,,133.787853,34.525787,100,公設
332020,0100007635,岡山県倉敷市,消火栓,332020,,倉敷市広江７丁目７番,岡山県,倉敷市,,,,133.787256,34.52423,150,公設
332020,0100007636,岡山県倉敷市,消火栓,332020,,倉敷市広江５丁目８番,岡山県,倉敷市,,,,133.785221,34.525246,200,公設
332020,0100007637,岡山県倉敷市,消火栓,332020,,倉敷市広江７丁目５番,岡山県,倉敷市,,,,133.785555,34.524201,150,公設
332020,0100007638,岡山県倉敷市,消火栓,332020,,倉敷市広江７丁目２番,岡山県,倉敷市,,,,133.78552,34.523512,150,公設
332020,0100007639,岡山県倉敷市,消火栓,332020,,倉敷市広江７丁目２番,岡山県,倉敷市,,,,133.7842,34.52356,100,公設
332020,0100007640,岡山県倉敷市,消火栓,332020,,倉敷市広江７丁目２番,岡山県,倉敷市,,,,133.784401,34.522867,150,公設
332020,0100007641,岡山県倉敷市,消火栓,332020,,倉敷市広江７丁目３番,岡山県,倉敷市,,,,133.783652,34.522491,75,公設
332020,0100007642,岡山県倉敷市,消火栓,332020,,倉敷市広江７丁目４番,岡山県,倉敷市,,,,133.78485,34.521464,100,公設
332020,0100007643,岡山県倉敷市,消火栓,332020,,倉敷市広江７丁目４番,岡山県,倉敷市,,,,133.785854,34.520994,200,公設
332020,0100007644,岡山県倉敷市,消火栓,332020,,倉敷市広江６丁目１２番,岡山県,倉敷市,,,,133.782679,34.521571,100,公設
332020,0100007645,岡山県倉敷市,消火栓,332020,,倉敷市広江６丁目１３番,岡山県,倉敷市,,,,133.783245,34.521051,75,公設
332020,0100007646,岡山県倉敷市,消火栓,332020,,倉敷市広江６丁目１４番,岡山県,倉敷市,,,,133.783879,34.520489,75,公設
332020,0100007647,岡山県倉敷市,消火栓,332020,,倉敷市広江６丁目１４番,岡山県,倉敷市,,,,133.783004,34.520401,100,公設
332020,0100007648,岡山県倉敷市,消火栓,332020,,倉敷市広江６丁目１５番,岡山県,倉敷市,,,,133.782018,34.520273,100,公設
332020,0100007649,岡山県倉敷市,消火栓,332020,,倉敷市広江５丁目７番,岡山県,倉敷市,,,,133.782941,34.524744,200,公設
332020,0100007650,岡山県倉敷市,消火栓,332020,,倉敷市広江７丁目１番,岡山県,倉敷市,,,,133.782912,34.52444,300,公設
332020,0100007651,岡山県倉敷市,消火栓,332020,,倉敷市広江７丁目２番,岡山県,倉敷市,,,,133.78359,34.523622,250,公設
332020,0100007652,岡山県倉敷市,消火栓,332020,,倉敷市広江７丁目２番,岡山県,倉敷市,,,,133.782621,34.522823,75,公設
332020,0100007653,岡山県倉敷市,消火栓,332020,,倉敷市広江６丁目７番,岡山県,倉敷市,,,,133.782284,34.523881,75,公設
332020,0100007654,岡山県倉敷市,消火栓,332020,,倉敷市広江６丁目１１番,岡山県,倉敷市,,,,133.782123,34.521309,100,公設
332020,0100007655,岡山県倉敷市,消火栓,332020,,倉敷市広江６丁目１１番,岡山県,倉敷市,,,,133.781316,34.520852,100,公設
332020,0100007656,岡山県倉敷市,消火栓,332020,,倉敷市広江６丁目９番,岡山県,倉敷市,,,,133.781293,34.522903,150,公設
332020,0100007657,岡山県倉敷市,消火栓,332020,,倉敷市広江６丁目４番,岡山県,倉敷市,,,,133.779562,34.522834,150,公設
332020,0100007658,岡山県倉敷市,消火栓,332020,,倉敷市広江６丁目１番,岡山県,倉敷市,,,,133.778346,34.523399,100,公設
332020,0100007659,岡山県倉敷市,消火栓,332020,,倉敷市広江１丁目１５番,岡山県,倉敷市,,,,133.776291,34.522369,150,公設
332020,0100007660,岡山県倉敷市,消火栓,332020,,倉敷市広江２丁目１２番,岡山県,倉敷市,,,,133.775362,34.523115,75,公設
332020,0100007661,岡山県倉敷市,消火栓,332020,,倉敷市広江２丁目１２番,岡山県,倉敷市,,,,133.773913,34.522869,75,公設
332020,0100007662,岡山県倉敷市,消火栓,332020,,倉敷市広江１丁目５番,岡山県,倉敷市,,,,133.774118,34.522663,100,公設
332020,0100007663,岡山県倉敷市,消火栓,332020,,倉敷市広江１丁目１３番,岡山県,倉敷市,,,,133.774418,34.521867,150,公設
332020,0100007664,岡山県倉敷市,消火栓,332020,,倉敷市広江１丁目６番,岡山県,倉敷市,,,,133.773847,34.521176,150,公設
332020,0100007665,岡山県倉敷市,消火栓,332020,,倉敷市広江１丁目６番,岡山県,倉敷市,,,,133.773572,34.520515,150,公設
332020,0100007666,岡山県倉敷市,消火栓,332020,,倉敷市広江１丁目７番,岡山県,倉敷市,,,,133.772935,34.519192,150,公設
332020,0100007667,岡山県倉敷市,消火栓,332020,,倉敷市広江２丁目１３番,岡山県,倉敷市,,,,133.773046,34.522819,75,公設
332020,0100007668,岡山県倉敷市,消火栓,332020,,倉敷市広江２丁目１４番,岡山県,倉敷市,,,,133.771743,34.52281,75,公設
332020,0100007669,岡山県倉敷市,消火栓,332020,,倉敷市広江１丁目４番,岡山県,倉敷市,,,,133.771383,34.522435,100,公設
332020,0100007670,岡山県倉敷市,消火栓,332020,,倉敷市広江１丁目１番,岡山県,倉敷市,,,,133.770086,34.522714,100,公設
332020,0100007671,岡山県倉敷市,消火栓,332020,,倉敷市広江１丁目２番,岡山県,倉敷市,,,,133.770322,34.521914,75,公設
332020,0100007672,岡山県倉敷市,消火栓,332020,,倉敷市広江１丁目２番,岡山県,倉敷市,,,,133.771509,34.520456,100,公設
332020,0100007673,岡山県倉敷市,消火栓,332020,,倉敷市広江２丁目１５番,岡山県,倉敷市,,,,133.769659,34.522919,75,公設
332020,0100007674,岡山県倉敷市,消火栓,332020,,倉敷市広江１丁目１２番,岡山県,倉敷市,,,,133.775355,34.521238,75,公設
332020,0100007675,岡山県倉敷市,消火栓,332020,,倉敷市呼松１丁目１番,岡山県,倉敷市,,,,133.772353,34.517688,150,公設
332020,0100007676,岡山県倉敷市,消火栓,332020,,倉敷市呼松１丁目５番,岡山県,倉敷市,,,,133.77211,34.516808,150,公設
332020,0100007677,岡山県倉敷市,消火栓,332020,,倉敷市呼松１丁目６番,岡山県,倉敷市,,,,133.771634,34.515698,150,公設
332020,0100007678,岡山県倉敷市,消火栓,332020,,倉敷市呼松１丁目７番,岡山県,倉敷市,,,,133.77133,34.514804,150,公設
332020,0100007679,岡山県倉敷市,消火栓,332020,,倉敷市呼松１丁目７番,岡山県,倉敷市,,,,133.770915,34.513845,150,公設
332020,0100007680,岡山県倉敷市,消火栓,332020,,倉敷市呼松１丁目８番,岡山県,倉敷市,,,,133.772077,34.513314,150,公設
332020,0100007681,岡山県倉敷市,消火栓,332020,,倉敷市呼松１丁目１２番,岡山県,倉敷市,,,,133.77028,34.512935,150,公設
332020,0100007682,岡山県倉敷市,消火栓,332020,,倉敷市呼松１丁目１２番,岡山県,倉敷市,,,,133.770573,34.512814,150,公設
332020,0100007683,岡山県倉敷市,消火栓,332020,,倉敷市呼松１丁目１０番,岡山県,倉敷市,,,,133.771905,34.512574,75,公設
332020,0100007684,岡山県倉敷市,消火栓,332020,,倉敷市呼松２丁目２番,岡山県,倉敷市,,,,133.772423,34.512152,150,公設
332020,0100007685,岡山県倉敷市,消火栓,332020,,倉敷市呼松２丁目１０番,岡山県,倉敷市,,,,133.770265,34.511881,150,公設
332020,0100007686,岡山県倉敷市,消火栓,332020,,倉敷市呼松２丁目１番,岡山県,倉敷市,,,,133.771249,34.511937,100,公設
332020,0100007687,岡山県倉敷市,消火栓,332020,,倉敷市呼松２丁目１１番,岡山県,倉敷市,,,,133.769968,34.511903,150,公設
332020,0100007688,岡山県倉敷市,消火栓,332020,,倉敷市呼松２丁目２番,岡山県,倉敷市,,,,133.772255,34.511839,75,公設
332020,0100007689,岡山県倉敷市,消火栓,332020,,倉敷市呼松２丁目３番,岡山県,倉敷市,,,,133.772766,34.511651,75,公設
332020,0100007690,岡山県倉敷市,消火栓,332020,,倉敷市呼松２丁目６番,岡山県,倉敷市,,,,133.772525,34.51095,150,公設
332020,0100007691,岡山県倉敷市,消火栓,332020,,倉敷市呼松３丁目２番,岡山県,倉敷市,,,,133.770152,34.510797,150,公設
332020,0100007692,岡山県倉敷市,消火栓,332020,,倉敷市呼松３丁目１番,岡山県,倉敷市,,,,133.76979,34.510825,150,公設
332020,0100007693,岡山県倉敷市,消火栓,332020,,倉敷市呼松３丁目４番,岡山県,倉敷市,,,,133.770003,34.509829,100,公設
332020,0100007694,岡山県倉敷市,消火栓,332020,,倉敷市呼松３丁目１番,岡山県,倉敷市,,,,133.76968,34.509855,150,公設
332020,0100007695,岡山県倉敷市,消火栓,332020,,倉敷市呼松３丁目７番,岡山県,倉敷市,,,,133.771956,34.509673,150,公設
332020,0100007696,岡山県倉敷市,消火栓,332020,,倉敷市呼松２丁目５番,岡山県,倉敷市,,,,133.772598,34.509457,75,公設
332020,0100007697,岡山県倉敷市,消火栓,332020,,倉敷市呼松３丁目８番,岡山県,倉敷市,,,,133.770383,34.50922,100,公設
332020,0100007698,岡山県倉敷市,消火栓,332020,,倉敷市呼松３丁目１１番,岡山県,倉敷市,,,,133.769988,34.508746,100,公設
332020,0100007699,岡山県倉敷市,消火栓,332020,,倉敷市呼松３丁目１０番,岡山県,倉敷市,,,,133.771435,34.508401,150,公設
332020,0100007700,岡山県倉敷市,消火栓,332020,,倉敷市呼松３丁目１０番,岡山県,倉敷市,,,,133.770457,34.507889,100,公設
332020,0100007702,岡山県倉敷市,消火栓,332020,,倉敷市児島宇野津,岡山県,倉敷市,,,,133.771155,34.506769,300,公設
332020,0100007703,岡山県倉敷市,消火栓,332020,,倉敷市児島宇野津２０２６番地１,岡山県,倉敷市,,,,133.771287,34.504655,500,公設
332020,0100007704,岡山県倉敷市,消火栓,332020,,倉敷市児島宇野津１８８０番地１８,岡山県,倉敷市,,,,133.77009,34.503074,500,公設
332020,0100007705,岡山県倉敷市,消火栓,332020,,倉敷市児島宇野津１８８０番地１３,岡山県,倉敷市,,,,133.769791,34.500302,250,公設
332020,0100007706,岡山県倉敷市,消火栓,332020,,倉敷市児島宇野津１８５７番地１,岡山県,倉敷市,,,,133.770046,34.500058,500,公設
332020,0100007707,岡山県倉敷市,消火栓,332020,,倉敷市児島宇野津１８５７番地７,岡山県,倉敷市,,,,133.770716,34.498425,150,公設
332020,0100007708,岡山県倉敷市,消火栓,332020,,倉敷市児島宇野津３９０番地１,岡山県,倉敷市,,,,133.773102,34.499597,150,公設
332020,0100007709,岡山県倉敷市,消火栓,332020,,倉敷市児島宇野津４０９番地,岡山県,倉敷市,,,,133.773985,34.500421,150,公設
332020,0100007710,岡山県倉敷市,消火栓,332020,,倉敷市児島宇野津１７９４番地１,岡山県,倉敷市,,,,133.775613,34.501053,150,公設
332020,0100007711,岡山県倉敷市,消火栓,332020,,倉敷市児島宇野津１６８５番地２,岡山県,倉敷市,,,,133.774821,34.502198,250,公設
332020,0100007712,岡山県倉敷市,消火栓,332020,,倉敷市児島宇野津１７６５番地,岡山県,倉敷市,,,,133.777646,34.5016,150,公設
332020,0100007713,岡山県倉敷市,消火栓,332020,,倉敷市児島宇野津１５８８,岡山県,倉敷市,,,,133.780287,34.50215,150,公設
332020,0100007714,岡山県倉敷市,消火栓,332020,,倉敷市児島宇野津１４９９番地,岡山県,倉敷市,,,,133.782956,34.502528,150,公設
332020,0100007715,岡山県倉敷市,消火栓,332020,,倉敷市児島宇野津４５５番地,岡山県,倉敷市,,,,133.774466,34.49946,75,公設
332020,0100007716,岡山県倉敷市,消火栓,332020,,倉敷市児島宇野津４７８番地,岡山県,倉敷市,,,,133.773156,34.498749,75,公設
332020,0100007717,岡山県倉敷市,消火栓,332020,,倉敷市児島宇野津３０３番地,岡山県,倉敷市,,,,133.771049,34.497489,75,公設
332020,0100007718,岡山県倉敷市,消火栓,332020,,倉敷市児島宇野津２４６番地１,岡山県,倉敷市,,,,133.770298,34.495785,250,公設
332020,0100007719,岡山県倉敷市,消火栓,332020,,倉敷市児島宇野津２３１番地,岡山県,倉敷市,,,,133.770511,34.495228,400,公設
332020,0100007720,岡山県倉敷市,消火栓,332020,,倉敷市児島宇野津２番地,岡山県,倉敷市,,,,133.769586,34.494086,250,公設
332020,0100007721,岡山県倉敷市,消火栓,332020,,倉敷市児島宇野津２０３０番地２５,岡山県,倉敷市,,,,133.76899,34.505131,150,公設
332020,0100007722,岡山県倉敷市,消火栓,332020,,倉敷市児島宇野津２０３０番地１２,岡山県,倉敷市,,,,133.765502,34.5055,150,公設
332020,0100007723,岡山県倉敷市,消火栓,332020,,倉敷市児島宇野津２０３０番地１２,岡山県,倉敷市,,,,133.764922,34.50392,150,公設
332020,0100007724,岡山県倉敷市,消火栓,332020,,倉敷市児島宇野津２０３０番地１２,岡山県,倉敷市,,,,133.766656,34.503721,100,公設
332020,0100007725,岡山県倉敷市,消火栓,332020,,倉敷市児島宇野津２０３０番地１３,岡山県,倉敷市,,,,133.768716,34.503523,150,公設
332020,0100007726,岡山県倉敷市,消火栓,332020,,倉敷市児島宇野津１８８０番地３,岡山県,倉敷市,,,,133.769631,34.50197,100,公設
332020,0100007727,岡山県倉敷市,消火栓,332020,,倉敷市児島塩生３８８５番地,岡山県,倉敷市,,,,133.768848,34.49298,250,公設
332020,0100007728,岡山県倉敷市,消火栓,332020,,倉敷市児島塩生３７１０番地,岡山県,倉敷市,,,,133.768718,34.491841,250,公設
332020,0100007729,岡山県倉敷市,消火栓,332020,,倉敷市児島塩生２７９１番地,岡山県,倉敷市,,,,133.768931,34.490856,250,公設
332020,0100007730,岡山県倉敷市,消火栓,332020,,倉敷市児島塩生３９２１番地,岡山県,倉敷市,,,,133.769873,34.492629,400,公設
332020,0100007731,岡山県倉敷市,消火栓,332020,,倉敷市児島塩生３７７７番地,岡山県,倉敷市,,,,133.770721,34.489956,400,公設
332020,0100007732,岡山県倉敷市,消火栓,332020,,倉敷市児島塩生３１９２番地,岡山県,倉敷市,,,,133.770711,34.488621,75,公設
332020,0100007733,岡山県倉敷市,消火栓,332020,,倉敷市児島塩生３２７１番地,岡山県,倉敷市,,,,133.770468,34.488405,400,公設
332020,0100007734,岡山県倉敷市,消火栓,332020,,倉敷市児島塩生３３１８番地２,岡山県,倉敷市,,,,133.770387,34.486917,400,公設
332020,0100007735,岡山県倉敷市,消火栓,332020,,倉敷市児島塩生２９２２番地２,岡山県,倉敷市,,,,133.770426,34.484541,75,公設
332020,0100007736,岡山県倉敷市,消火栓,332020,,倉敷市児島塩生２９１７番地,岡山県,倉敷市,,,,133.770365,34.483866,400,公設
332020,0100007737,岡山県倉敷市,消火栓,332020,,倉敷市児島塩生４３８１番地１,岡山県,倉敷市,,,,133.7581,34.476439,75,公設
332020,0100007738,岡山県倉敷市,消火栓,332020,,倉敷市児島塩生２１３５番地１５,岡山県,倉敷市,,,,133.769573,34.47948,250,公設
332020,0100007739,岡山県倉敷市,消火栓,332020,,倉敷市児島塩生２７９７番地６,岡山県,倉敷市,,,,133.770599,34.482138,75,公設
332020,0100007740,岡山県倉敷市,消火栓,332020,,倉敷市児島塩生２６８８番地,岡山県,倉敷市,,,,133.770536,34.480768,75,公設
332020,0100007741,岡山県倉敷市,消火栓,332020,,倉敷市児島塩生２１４６番地,岡山県,倉敷市,,,,133.770829,34.47996,100,公設
332020,0100007742,岡山県倉敷市,消火栓,332020,,倉敷市児島塩生２１２４番地,岡山県,倉敷市,,,,133.771254,34.478808,150,公設
332020,0100007743,岡山県倉敷市,消火栓,332020,,倉敷市児島塩生２３１９番地,岡山県,倉敷市,,,,133.772891,34.477468,150,公設
332020,0100007744,岡山県倉敷市,消火栓,332020,,倉敷市児島塩生１８０１番地,岡山県,倉敷市,,,,133.774629,34.476717,150,公設
332020,0100007745,岡山県倉敷市,消火栓,332020,,倉敷市児島塩生２１０６番地３,岡山県,倉敷市,,,,133.770511,34.478418,200,公設
332020,0100007747,岡山県倉敷市,消火栓,332020,,倉敷市児島塩生１９４１番地,岡山県,倉敷市,,,,133.771469,34.477032,200,公設
332020,0100007748,岡山県倉敷市,消火栓,332020,,倉敷市児島塩生１８８２番地３,岡山県,倉敷市,,,,133.772118,34.475536,200,公設
332020,0100007749,岡山県倉敷市,消火栓,332020,,倉敷市児島塩生１８６０番地１,岡山県,倉敷市,,,,133.77355,34.475573,150,公設
332020,0100007750,岡山県倉敷市,消火栓,332020,,倉敷市児島塩生２０１０番地,岡山県,倉敷市,,,,133.769599,34.478159,250,公設
332020,0100007751,岡山県倉敷市,消火栓,332020,,倉敷市児島塩生１９７０番地１,岡山県,倉敷市,,,,133.77069,34.476545,150,公設
332020,0100007752,岡山県倉敷市,消火栓,332020,,倉敷市児島塩生１８９２番地１,岡山県,倉敷市,,,,133.771344,34.475676,75,公設
332020,0100007753,岡山県倉敷市,消火栓,332020,,倉敷市児島塩生７５２番地４,岡山県,倉敷市,,,,133.771619,34.474421,250,公設
332020,0100007754,岡山県倉敷市,消火栓,332020,,倉敷市児島塩生２７６７番地６８,岡山県,倉敷市,,,,133.77193,34.472562,200,公設
332020,0100007755,岡山県倉敷市,消火栓,332020,,倉敷市児島塩生７１６番地１,岡山県,倉敷市,,,,133.772969,34.473627,200,公設
332020,0100007756,岡山県倉敷市,消火栓,332020,,倉敷市児島塩生４３８番地１,岡山県,倉敷市,,,,133.774882,34.472174,200,公設
332020,0100007757,岡山県倉敷市,消火栓,332020,,倉敷市児島塩生８３７番地,岡山県,倉敷市,,,,133.774057,34.474227,75,公設
332020,0100007758,岡山県倉敷市,消火栓,332020,,倉敷市児島塩生６３４番地,岡山県,倉敷市,,,,133.774802,34.473823,75,公設
332020,0100007759,岡山県倉敷市,消火栓,332020,,倉敷市児島塩生６０７番地１,岡山県,倉敷市,,,,133.775799,34.473118,75,公設
332020,0100007760,岡山県倉敷市,消火栓,332020,,倉敷市児島塩生５３８番地,岡山県,倉敷市,,,,133.776807,34.47234,75,公設
332020,0100007761,岡山県倉敷市,消火栓,332020,,倉敷市児島塩生２３８４番地,岡山県,倉敷市,,,,133.77573,34.477786,75,公設
332020,0100007762,岡山県倉敷市,消火栓,332020,,倉敷市児島塩生１７０１番地,岡山県,倉敷市,,,,133.775774,34.476474,150,公設
332020,0100007763,岡山県倉敷市,消火栓,332020,,倉敷市児島塩生９５１番地,岡山県,倉敷市,,,,133.776614,34.474753,150,公設
332020,0100007764,岡山県倉敷市,消火栓,332020,,倉敷市児島塩生１００９番地,岡山県,倉敷市,,,,133.777381,34.4731,150,公設
332020,0100007765,岡山県倉敷市,消火栓,332020,,倉敷市児島塩生２７６７番地３８,岡山県,倉敷市,,,,133.769379,34.476649,200,公設
332020,0100007766,岡山県倉敷市,消火栓,332020,,倉敷市児島塩生,岡山県,倉敷市,,,,133.766896,34.476453,200,公設
332020,0100007767,岡山県倉敷市,消火栓,332020,,倉敷市児島塩生２７６７番地６６,岡山県,倉敷市,,,,133.763924,34.476243,200,公設
332020,0100007768,岡山県倉敷市,消火栓,332020,,倉敷市児島塩生２７６７番地１４,岡山県,倉敷市,,,,133.762051,34.476103,200,公設
332020,0100007769,岡山県倉敷市,消火栓,332020,,倉敷市児島塩生４１７４番地,岡山県,倉敷市,,,,133.761231,34.476794,75,公設
332020,0100007770,岡山県倉敷市,消火栓,332020,,倉敷市児島塩生４１０１番地２,岡山県,倉敷市,,,,133.761334,34.47816,75,公設
332020,0100007771,岡山県倉敷市,消火栓,332020,,倉敷市児島塩生４０４４番地２５,岡山県,倉敷市,,,,133.76132,34.47916,75,公設
332020,0100007772,岡山県倉敷市,消火栓,332020,,倉敷市児島塩生４０５番地２０,岡山県,倉敷市,,,,133.773116,34.472868,150,公設
332020,0100007773,岡山県倉敷市,消火栓,332020,,倉敷市児島塩生４２５番地１５,岡山県,倉敷市,,,,133.773736,34.470636,75,公設
332020,0100007774,岡山県倉敷市,消火栓,332020,,倉敷市児島塩生３４７番地９,岡山県,倉敷市,,,,133.772785,34.469288,150,公設
332020,0100007775,岡山県倉敷市,消火栓,332020,,倉敷市児島塩生３５０番地１,岡山県,倉敷市,,,,133.772045,34.469862,150,公設
332020,0100007776,岡山県倉敷市,消火栓,332020,,倉敷市児島塩生４０５番地３０,岡山県,倉敷市,,,,133.772357,34.471404,150,公設
332020,0100007777,岡山県倉敷市,消火栓,332020,,倉敷市児島塩生３６０番地,岡山県,倉敷市,,,,133.774258,34.469659,75,公設
332020,0100007778,岡山県倉敷市,消火栓,332020,,倉敷市児島塩生３８７番地１,岡山県,倉敷市,,,,133.776329,34.470595,200,公設
332020,0100007779,岡山県倉敷市,消火栓,332020,,倉敷市児島塩生５１２番地,岡山県,倉敷市,,,,133.778051,34.47094,150,公設
332020,0100007780,岡山県倉敷市,消火栓,332020,,倉敷市児島塩生２３６番地１,岡山県,倉敷市,,,,133.777274,34.469621,150,公設
332020,0100007781,岡山県倉敷市,消火栓,332020,,倉敷市児島塩生２１０番地２,岡山県,倉敷市,,,,133.779156,34.470186,75,公設
332020,0100007782,岡山県倉敷市,消火栓,332020,,倉敷市児島塩生１４５番地,岡山県,倉敷市,,,,133.776386,34.468377,200,公設
332020,0100007783,岡山県倉敷市,消火栓,332020,,倉敷市児島塩生２７７１番地,岡山県,倉敷市,,,,133.769686,34.481133,75,公設
332020,0100007784,岡山県倉敷市,消火栓,332020,,倉敷市児島塩生２９０９番地３,岡山県,倉敷市,,,,133.770319,34.483091,250,公設
332020,0100007785,岡山県倉敷市,消火栓,332020,,倉敷市児島塩生３９１５番地,岡山県,倉敷市,,,,133.769744,34.492334,250,公設
332020,0100007786,岡山県倉敷市,消火栓,332020,,倉敷市児島塩生１５４番地２５,岡山県,倉敷市,,,,133.778244,34.46954,100,公設
332020,0100007787,岡山県倉敷市,消火栓,332020,,倉敷市児島通生,岡山県,倉敷市,,,,133.77692,34.466975,200,公設
332020,0100007788,岡山県倉敷市,消火栓,332020,,倉敷市児島通生７９９番地１,岡山県,倉敷市,,,,133.778262,34.464748,200,公設
332020,0100007789,岡山県倉敷市,消火栓,332020,,倉敷市児島通生７７５番地,岡山県,倉敷市,,,,133.778892,34.463365,200,公設
332020,0100007790,岡山県倉敷市,消火栓,332020,,倉敷市児島通生７５０番地,岡山県,倉敷市,,,,133.779604,34.464074,75,公設
332020,0100007791,岡山県倉敷市,消火栓,332020,,倉敷市児島通生１１５４番地,岡山県,倉敷市,,,,133.780558,34.462288,250,公設
332020,0100007792,岡山県倉敷市,消火栓,332020,,倉敷市児島通生２７３番地,岡山県,倉敷市,,,,133.775306,34.466368,75,公設
332020,0100007793,岡山県倉敷市,消火栓,332020,,倉敷市児島通生８７２番地１,岡山県,倉敷市,,,,133.776767,34.465349,75,公設
332020,0100007794,岡山県倉敷市,消火栓,332020,,倉敷市児島通生２２７番地,岡山県,倉敷市,,,,133.775821,34.46469,75,公設
332020,0100007795,岡山県倉敷市,消火栓,332020,,倉敷市児島通生１４５番地,岡山県,倉敷市,,,,133.774157,34.464494,75,公設
332020,0100007796,岡山県倉敷市,消火栓,332020,,倉敷市児島通生１００５番地,岡山県,倉敷市,,,,133.776657,34.463164,100,公設
332020,0100007797,岡山県倉敷市,消火栓,332020,,倉敷市児島通生,岡山県,倉敷市,,,,133.771504,34.467916,200,公設
332020,0100007798,岡山県倉敷市,消火栓,332020,,倉敷市児島通生３３番地９,岡山県,倉敷市,,,,133.773227,34.463046,75,公設
332020,0100007799,岡山県倉敷市,消火栓,332020,,倉敷市児島通生１０２５番地１,岡山県,倉敷市,,,,133.776259,34.460901,100,公設
332020,0100007800,岡山県倉敷市,消火栓,332020,,倉敷市児島通生２０８９番地７,岡山県,倉敷市,,,,133.776793,34.459757,100,公設
332020,0100007801,岡山県倉敷市,消火栓,332020,,倉敷市児島通生２１１８番地１,岡山県,倉敷市,,,,133.777939,34.457815,100,公設
332020,0100007802,岡山県倉敷市,消火栓,332020,,倉敷市児島通生２２８８番地,岡山県,倉敷市,,,,133.779026,34.457137,75,公設
332020,0100007803,岡山県倉敷市,消火栓,332020,,倉敷市児島通生２５１３番地,岡山県,倉敷市,,,,133.776967,34.456913,100,公設
332020,0100007804,岡山県倉敷市,消火栓,332020,,倉敷市児島通生,岡山県,倉敷市,,,,133.774509,34.457148,100,公設
332020,0100007805,岡山県倉敷市,消火栓,332020,,倉敷市児島通生１１２４番地１,岡山県,倉敷市,,,,133.778904,34.461771,100,公設
332020,0100007806,岡山県倉敷市,消火栓,332020,,倉敷市児島通生１９８７番地,岡山県,倉敷市,,,,133.77825,34.460441,100,公設
332020,0100007807,岡山県倉敷市,消火栓,332020,,倉敷市児島通生２１０７番地,岡山県,倉敷市,,,,133.777932,34.458652,100,公設
332020,0100007808,岡山県倉敷市,消火栓,332020,,倉敷市児島通生１１６５番地１,岡山県,倉敷市,,,,133.78075,34.461391,75,公設
332020,0100007809,岡山県倉敷市,消火栓,332020,,倉敷市児島通生,岡山県,倉敷市,,,,133.781062,34.460309,75,公設
332020,0100007810,岡山県倉敷市,消火栓,332020,,倉敷市児島通生１７８０番地,岡山県,倉敷市,,,,133.779678,34.45952,75,公設
332020,0100007811,岡山県倉敷市,消火栓,332020,,倉敷市児島通生２１５７番地１,岡山県,倉敷市,,,,133.778986,34.458773,75,公設
332020,0100007812,岡山県倉敷市,消火栓,332020,,倉敷市児島通生,岡山県,倉敷市,,,,133.784919,34.459585,250,公設
332020,0100007813,岡山県倉敷市,消火栓,332020,,倉敷市児島通生,岡山県,倉敷市,,,,133.78609,34.458528,350,公設
332020,0100007814,岡山県倉敷市,消火栓,332020,,倉敷市児島通生,岡山県,倉敷市,,,,133.786183,34.457378,350,公設
332020,0100007815,岡山県倉敷市,消火栓,332020,,倉敷市児島通生１２８１番地,岡山県,倉敷市,,,,133.78554,34.460647,75,公設
332020,0100007816,岡山県倉敷市,消火栓,332020,,倉敷市児島通生１３２３番地,岡山県,倉敷市,,,,133.787262,34.460713,350,公設
332020,0100007817,岡山県倉敷市,消火栓,332020,,倉敷市児島通生１３３８番地,岡山県,倉敷市,,,,133.788919,34.460594,250,公設
332020,0100007818,岡山県倉敷市,消火栓,332020,,倉敷市児島通生２５８１番地４,岡山県,倉敷市,,,,133.773051,34.455725,100,公設
332020,0100007819,岡山県倉敷市,消火栓,332020,,倉敷市児島通生,岡山県,倉敷市,,,,133.773466,34.454283,100,公設
332020,0100007820,岡山県倉敷市,消火栓,332020,,倉敷市児島通生２６０５番地,岡山県,倉敷市,,,,133.775709,34.453773,100,公設
332020,0100007821,岡山県倉敷市,消火栓,332020,,倉敷市児島通生２８３２番地,岡山県,倉敷市,,,,133.777392,34.453245,100,公設
332020,0100007822,岡山県倉敷市,消火栓,332020,,倉敷市児島通生２６４８番地,岡山県,倉敷市,,,,133.776195,34.452867,75,公設
332020,0100007823,岡山県倉敷市,消火栓,332020,,倉敷市児島通生２５９５番地１,岡山県,倉敷市,,,,133.774865,34.452773,75,公設
332020,0100007824,岡山県倉敷市,消火栓,332020,,倉敷市児島通生２８９６番地１,岡山県,倉敷市,,,,133.780627,34.453811,100,公設
332020,0100007825,岡山県倉敷市,消火栓,332020,,倉敷市児島通生２８０２番地,岡山県,倉敷市,,,,133.77784,34.452305,100,公設
332020,0100007826,岡山県倉敷市,消火栓,332020,,倉敷市児島通生,岡山県,倉敷市,,,,133.776626,34.450009,100,公設
332020,0100007827,岡山県倉敷市,消火栓,332020,,倉敷市児島通生１１６４番地,岡山県,倉敷市,,,,133.780788,34.46177,75,公設
332020,0100007828,岡山県倉敷市,消火栓,332020,,倉敷市児島通生４７３番地,岡山県,倉敷市,,,,133.778733,34.466051,200,公設
332020,0100007829,岡山県倉敷市,消火栓,332020,,倉敷市下津井２５６８番地,岡山県,倉敷市,,,,133.816751,34.424819,25,公設
332020,0100007830,岡山県倉敷市,消火栓,332020,,倉敷市下津井２５７５番地,岡山県,倉敷市,,,,133.81659,34.425216,25,公設
332020,0100007831,岡山県倉敷市,消火栓,332020,,倉敷市宮前３５１－１,岡山県,倉敷市,,,,133.765653,34.611665,200,公設
332020,0100007832,岡山県倉敷市,消火栓,332020,,倉敷市東富井１０６３番地,岡山県,倉敷市,,,,133.755174,34.572662,100,公設
332020,0100007833,岡山県倉敷市,消火栓,332020,,倉敷市新田３２０９番地３,岡山県,倉敷市,,,,133.785831,34.577077,150,公設
332020,0100007835,岡山県倉敷市,消火栓,332020,,倉敷市藤戸町天城２１３７番地３,岡山県,倉敷市,,,,133.813741,34.562769,75,公設
332020,0100007836,岡山県倉敷市,消火栓,332020,,倉敷市児島通生９９５番地,岡山県,倉敷市,,,,133.775793,34.462392,100,公設
332020,0100007837,岡山県倉敷市,消火栓,332020,,倉敷市児島通生９４７番地,岡山県,倉敷市,,,,133.774895,34.462201,75,公設
332020,0100007838,岡山県倉敷市,消火栓,332020,,倉敷市児島通生５５２番地,岡山県,倉敷市,,,,133.774099,34.462727,75,公設
332020,0100007841,岡山県倉敷市,消火栓,332020,,倉敷市児島通生２７０２番地１,岡山県,倉敷市,,,,133.776697,34.451472,100,公設
332020,0100007842,岡山県倉敷市,消火栓,332020,,倉敷市広江５丁目２番,岡山県,倉敷市,,,,133.781353,34.524403,75,公設
332020,0100007847,岡山県倉敷市,消火栓,332020,,倉敷市粒浦６８３番地７,岡山県,倉敷市,,,,133.794912,34.567595,75,公設
332020,0100007849,岡山県倉敷市,消火栓,332020,,倉敷市藤戸町天城１８４８－１,岡山県,倉敷市,,,,133.81691,34.567405,100,公設
332020,0100007854,岡山県倉敷市,消火栓,332020,,倉敷市茶屋町１９８９,岡山県,倉敷市,,,,133.82368,34.569125,75,公設
332020,0100007856,岡山県倉敷市,消火栓,332020,,倉敷市真備町服部５９番地,岡山県,倉敷市,,,,133.660544,34.617759,150,公設
332020,0100007857,岡山県倉敷市,消火栓,332020,,倉敷市真備町妹３７５３番地２,岡山県,倉敷市,,,,133.650291,34.617728,100,公設
332020,0100007858,岡山県倉敷市,消火栓,332020,,倉敷市真備町妹４２３１番地,岡山県,倉敷市,,,,133.653341,34.617705,150,公設
332020,0100007859,岡山県倉敷市,消火栓,332020,,倉敷市真備町服部１１８番地２,岡山県,倉敷市,,,,133.66212,34.616896,150,公設
332020,0100007860,岡山県倉敷市,消火栓,332020,,倉敷市真備町服部２３６番地１,岡山県,倉敷市,,,,133.663903,34.617149,150,公設
332020,0100007861,岡山県倉敷市,消火栓,332020,,倉敷市真備町服部２８４番地,岡山県,倉敷市,,,,133.665398,34.617171,150,公設
332020,0100007862,岡山県倉敷市,消火栓,332020,,倉敷市真備町服部３９９番地,岡山県,倉敷市,,,,133.666885,34.616703,150,公設
332020,0100007863,岡山県倉敷市,消火栓,332020,,倉敷市真備町服部４３１番地４,岡山県,倉敷市,,,,133.668263,34.617021,150,公設
332020,0100007865,岡山県倉敷市,消火栓,332020,,倉敷市真備町服部１０７５番地,岡山県,倉敷市,,,,133.671437,34.621206,75,公設
332020,0100007866,岡山県倉敷市,消火栓,332020,,倉敷市真備町服部１０５７番地,岡山県,倉敷市,,,,133.67223,34.621339,75,公設
332020,0100007867,岡山県倉敷市,消火栓,332020,,倉敷市真備町服部１０９６番地,岡山県,倉敷市,,,,133.671945,34.620657,75,公設
332020,0100007869,岡山県倉敷市,消火栓,332020,,倉敷市真備町服部１１１２番地３,岡山県,倉敷市,,,,133.673665,34.618473,150,公設
332020,0100007870,岡山県倉敷市,消火栓,332020,,倉敷市真備町服部８１２番地１,岡山県,倉敷市,,,,133.676423,34.618417,150,公設
332020,0100007871,岡山県倉敷市,消火栓,332020,,倉敷市真備町服部６４７番地,岡山県,倉敷市,,,,133.673569,34.616558,150,公設
332020,0100007873,岡山県倉敷市,消火栓,332020,,倉敷市真備町服部８２９番地１０,岡山県,倉敷市,,,,133.675503,34.616844,75,公設
332020,0100007875,岡山県倉敷市,消火栓,332020,,倉敷市真備町服部７１９番地１,岡山県,倉敷市,,,,133.676399,34.615774,150,公設
332020,0100007876,岡山県倉敷市,消火栓,332020,,倉敷市真備町服部１８６２番地,岡山県,倉敷市,,,,133.677833,34.614761,150,公設
332020,0100007877,岡山県倉敷市,消火栓,332020,,倉敷市真備町服部１８８７番地,岡山県,倉敷市,,,,133.677858,34.613892,150,公設
332020,0100007879,岡山県倉敷市,消火栓,332020,,倉敷市真備町服部１９８２番地１,岡山県,倉敷市,,,,133.678616,34.611936,75,公設
332020,0100007880,岡山県倉敷市,消火栓,332020,,倉敷市真備町服部１７２８番地１,岡山県,倉敷市,,,,133.681725,34.615688,150,公設
332020,0100007881,岡山県倉敷市,消火栓,332020,,倉敷市玉島乙島８２６３番地８,岡山県,倉敷市,,,,133.677682,34.496791,300,公設
332020,0100007882,岡山県倉敷市,消火栓,332020,,倉敷市玉島乙島８２５９番地１２,岡山県,倉敷市,,,,133.677646,34.495325,300,公設
332020,0100007883,岡山県倉敷市,消火栓,332020,,倉敷市真備町箭田２６２０番地,岡山県,倉敷市,,,,133.678944,34.635278,75,公設
332020,0100007884,岡山県倉敷市,消火栓,332020,,倉敷市真備町箭田２１５９番地,岡山県,倉敷市,,,,133.686119,34.64003,150,公設
332020,0100007885,岡山県倉敷市,消火栓,332020,,倉敷市真備町箭田４８１番地,岡山県,倉敷市,,,,133.691812,34.63986,75,公設
332020,0100007886,岡山県倉敷市,消火栓,332020,,倉敷市真備町箭田２５７３番地,岡山県,倉敷市,,,,133.678804,34.634065,100,公設
332020,0100007887,岡山県倉敷市,消火栓,332020,,倉敷市真備町箭田３１６２番地,岡山県,倉敷市,,,,133.680036,34.633274,100,公設
332020,0100007888,岡山県倉敷市,消火栓,332020,,倉敷市真備町箭田１９４４番地８,岡山県,倉敷市,,,,133.686384,34.633326,75,公設
332020,0100007889,岡山県倉敷市,消火栓,332020,,倉敷市真備町箭田３４２３番地,岡山県,倉敷市,,,,133.683264,34.631236,100,公設
332020,0100007890,岡山県倉敷市,消火栓,332020,,倉敷市真備町箭田３４２２番地,岡山県,倉敷市,,,,133.683869,34.630966,150,公設
332020,0100007891,岡山県倉敷市,消火栓,332020,,倉敷市早高,岡山県,倉敷市,,,,133.818822,34.595146,100,公設
332020,0100007892,岡山県倉敷市,消火栓,332020,,倉敷市真備町箭田１０７１番地１,岡山県,倉敷市,,,,133.695734,34.62884,200,公設
332020,0100007893,岡山県倉敷市,消火栓,332020,,倉敷市真備町市場１８４４,岡山県,倉敷市,,,,133.666893,34.646843,100,公設
332020,0100007894,岡山県倉敷市,消火栓,332020,,倉敷市曽原４１４番地,岡山県,倉敷市,,,,133.808374,34.533998,100,公設
332020,0100007903,岡山県倉敷市,消火栓,332020,,倉敷市船穂町船穂２８１１－１,岡山県,倉敷市,,,,133.709037,34.588925,75,公設
332020,0100007917,岡山県倉敷市,消火栓,332020,,倉敷市真備町上二万６８５番地,岡山県,倉敷市,,,,133.70437,34.606594,75,公設
332020,0100007918,岡山県倉敷市,消火栓,332020,,倉敷市真備町岡田８３１,岡山県,倉敷市,,,,133.709267,34.650662,150,公設
332020,0100007929,岡山県倉敷市,消火栓,332020,,倉敷市西田６０８番地４,岡山県,倉敷市,,,,133.810633,34.587955,250,公設
332020,0100007930,岡山県倉敷市,消火栓,332020,,倉敷市藤戸町天城１８２３番地,岡山県,倉敷市,,,,133.817375,34.56923,100,公設
332020,0100008140,岡山県倉敷市,消火栓,332020,,倉敷市山地１７８番地１４,岡山県,倉敷市,,,,133.820957,34.657465,75,公設
332020,0100008141,岡山県倉敷市,消火栓,332020,,倉敷市沖２５０,岡山県,倉敷市,,,,133.753087,34.589318,100,公設
332020,0100008142,岡山県倉敷市,消火栓,332020,,倉敷市真備町尾崎９１０番地１,岡山県,倉敷市,,,,133.676615,34.624401,150,公設
332020,0100008145,岡山県倉敷市,消火栓,332020,,倉敷市新田３２３５番地６,岡山県,倉敷市,,,,133.784543,34.575487,150,公設
332020,0100008146,岡山県倉敷市,消火栓,332020,,倉敷市新田２７８６番地２,岡山県,倉敷市,,,,133.776672,34.576007,75,公設
332020,0100008147,岡山県倉敷市,消火栓,332020,,倉敷市宮前４８１－１,岡山県,倉敷市,,,,133.761904,34.614141,150,公設
332020,0100008150,岡山県倉敷市,消火栓,332020,,倉敷市南畝２丁目１４番３号,岡山県,倉敷市,,,,133.742219,34.518535,75,公設
332020,0100008152,岡山県倉敷市,消火栓,332020,,倉敷市加須山６４３番地,岡山県,倉敷市,,,,133.796179,34.584637,100,公設
332020,0100008153,岡山県倉敷市,消火栓,332020,,倉敷市加須山６６５番地,岡山県,倉敷市,,,,133.797909,34.583098,100,公設
332020,0100008154,岡山県倉敷市,消火栓,332020,,倉敷市加須山７４１番地５,岡山県,倉敷市,,,,133.795563,34.581712,75,公設
332020,0100008155,岡山県倉敷市,消火栓,332020,,倉敷市加須山４５４番４,岡山県,倉敷市,,,,133.794235,34.58493,300,公設
332020,0100008156,岡山県倉敷市,消火栓,332020,,倉敷市加須山８３３番地８,岡山県,倉敷市,,,,133.795647,34.578475,150,公設
332020,0100008157,岡山県倉敷市,消火栓,332020,,倉敷市加須山８３２番地３９,岡山県,倉敷市,,,,133.796042,34.57772,150,公設
332020,0100008158,岡山県倉敷市,消火栓,332020,,倉敷市加須山６３４番地,岡山県,倉敷市,,,,133.799141,34.584171,300,公設
332020,0100008159,岡山県倉敷市,消火栓,332020,,倉敷市加須山３９３番地,岡山県,倉敷市,,,,133.793811,34.587607,100,公設
332020,0100008160,岡山県倉敷市,消火栓,332020,,倉敷市加須山２６３番地５,岡山県,倉敷市,,,,133.800046,34.589183,400,公設
332020,0100008161,岡山県倉敷市,消火栓,332020,,倉敷市倉敷ハイツ３番１８号,岡山県,倉敷市,,,,133.789621,34.583929,75,公設
332020,0100008162,岡山県倉敷市,消火栓,332020,,倉敷市加須山８８５番地２,岡山県,倉敷市,,,,133.791229,34.577598,150,公設
332020,0100008163,岡山県倉敷市,消火栓,332020,,倉敷市倉敷ハイツ２番５号,岡山県,倉敷市,,,,133.790084,34.584559,75,公設
332020,0100008164,岡山県倉敷市,消火栓,332020,,倉敷市加須山７０番４,岡山県,倉敷市,,,,133.797585,34.593663,100,公設
332020,0100008165,岡山県倉敷市,消火栓,332020,,倉敷市加須山６９０番地,岡山県,倉敷市,,,,133.797668,34.583307,100,公設
332020,0100008166,岡山県倉敷市,消火栓,332020,,倉敷市阿知２丁目１７番１１号,岡山県,倉敷市,,,,133.769734,34.598839,200,公設
332020,0100008178,岡山県倉敷市,消火栓,332020,,倉敷市片島町１０８番地１０,岡山県,倉敷市,,,,133.719742,34.572375,150,公設
332020,0100008193,岡山県倉敷市,消火栓,332020,,倉敷市北畝１丁目１４番２３号,岡山県,倉敷市,,,,133.747479,34.538321,75,公設
332020,0100008198,岡山県倉敷市,消火栓,332020,,倉敷市真備町有井２７６－４,岡山県,倉敷市,,,,133.706196,34.639092,100,公設
332020,0100008202,岡山県倉敷市,消火栓,332020,,倉敷市粒浦６３０番地６,岡山県,倉敷市,,,,133.783697,34.567699,75,公設
332020,0100008203,岡山県倉敷市,消火栓,332020,,倉敷市茶屋町早沖１０７３番地４,岡山県,倉敷市,,,,133.83635,34.582901,75,公設
332020,0100008204,岡山県倉敷市,消火栓,332020,,倉敷市茶屋町早沖１８７番地６,岡山県,倉敷市,,,,133.830776,34.591861,75,公設
332020,0100008205,岡山県倉敷市,消火栓,332020,,倉敷市茶屋町早沖１７８９番地,岡山県,倉敷市,,,,133.837964,34.596872,75,公設
332020,0100008206,岡山県倉敷市,消火栓,332020,,倉敷市児島小川４丁目,岡山県,倉敷市,,,,133.811666,34.473899,200,公設
332020,0100008207,岡山県倉敷市,消火栓,332020,,倉敷市児島小川４丁目,岡山県,倉敷市,,,,133.810743,34.474802,150,公設
332020,0100008208,岡山県倉敷市,消火栓,332020,,倉敷市児島小川４丁目,岡山県,倉敷市,,,,133.810254,34.475521,150,公設
332020,0100008209,岡山県倉敷市,消火栓,332020,,倉敷市児島小川４丁目,岡山県,倉敷市,,,,133.809668,34.474194,100,公設
332020,0100008210,岡山県倉敷市,消火栓,332020,,倉敷市児島小川４丁目８番地４１８,岡山県,倉敷市,,,,133.810561,34.473106,100,公設
332020,0100008211,岡山県倉敷市,消火栓,332020,,倉敷市児島稗田町２９８８番地１,岡山県,倉敷市,,,,133.804665,34.505161,100,公設
332020,0100008212,岡山県倉敷市,消火栓,332020,,倉敷市西阿知町８６１番地３,岡山県,倉敷市,,,,133.729846,34.591349,75,公設
332020,0100008213,岡山県倉敷市,消火栓,332020,,倉敷市昭和１丁目５９,岡山県,倉敷市,,,,133.771721,34.605929,100,公設
332020,0100008214,岡山県倉敷市,消火栓,332020,,倉敷市平田７００番地１０,岡山県,倉敷市,,,,133.781329,34.614125,75,公設
332020,0100008215,岡山県倉敷市,消火栓,332020,,倉敷市四十瀬５５６番地１５,岡山県,倉敷市,,,,133.752827,34.57954,100,公設
332020,0100008216,岡山県倉敷市,消火栓,332020,,倉敷市羽島７９４番地４,岡山県,倉敷市,,,,133.784279,34.598669,200,公設
332020,0100008217,岡山県倉敷市,消火栓,332020,,倉敷市生坂２９０番地,岡山県,倉敷市,,,,133.782225,34.625789,100,公設
332020,0100008218,岡山県倉敷市,消火栓,332020,,倉敷市玉島爪崎５０６－３,岡山県,倉敷市,,,,133.68393,34.560442,100,公設
332020,0100008219,岡山県倉敷市,消火栓,332020,,倉敷市玉島１６９７－１,岡山県,倉敷市,,,,133.681334,34.553821,150,公設
332020,0100008220,岡山県倉敷市,消火栓,332020,,倉敷市帯高２７１番地,岡山県,倉敷市,,,,133.8147,34.577492,100,公設
332020,0100008221,岡山県倉敷市,消火栓,332020,,倉敷市真備町川辺６４１番地１,岡山県,倉敷市,,,,133.720966,34.641006,100,公設
332020,0100008222,岡山県倉敷市,消火栓,332020,,倉敷市玉島３丁目７番３号,岡山県,倉敷市,,,,133.672816,34.541934,100,公設
332020,0100008223,岡山県倉敷市,消火栓,332020,,倉敷市船穂町船穂７４０－２,岡山県,倉敷市,,,,133.699128,34.568047,75,公設
332020,0100008224,岡山県倉敷市,消火栓,332020,,倉敷市真備町服部６７６番地,岡山県,倉敷市,,,,133.675143,34.61631,150,公設
332020,0100008225,岡山県倉敷市,消火栓,332020,,倉敷市真備町服部８２９番１１,岡山県,倉敷市,,,,133.675768,34.616214,75,公設
332020,0100008226,岡山県倉敷市,消火栓,332020,,倉敷市真備町服部１９２０番地,岡山県,倉敷市,,,,133.677772,34.613171,75,公設
332020,0100008227,岡山県倉敷市,消火栓,332020,,倉敷市真備町辻田２２９－３,岡山県,倉敷市,,,,133.714052,34.645041,75,公設
332020,0100008228,岡山県倉敷市,消火栓,332020,,倉敷市早高６１３番地の２,岡山県,倉敷市,,,,133.82341,34.594932,75,公設
332020,0100008229,岡山県倉敷市,消火栓,332020,,倉敷市片島町９３５番地,岡山県,倉敷市,,,,133.716512,34.572537,75,公設
332020,0100008230,岡山県倉敷市,消火栓,332020,,倉敷市二日市１２７番地２,岡山県,倉敷市,,,,133.793326,34.594489,100,公設
332020,0100008231,岡山県倉敷市,消火栓,332020,,倉敷市粒浦１７４番地１２,岡山県,倉敷市,,,,133.782809,34.568705,75,公設
332020,0100008232,岡山県倉敷市,消火栓,332020,,倉敷市玉島八島１４６４番地５,岡山県,倉敷市,,,,133.663869,34.561012,75,公設
332020,0100008233,岡山県倉敷市,消火栓,332020,,倉敷市藤戸町天城１８２３番地,岡山県,倉敷市,,,,133.816087,34.569261,100,公設
332020,0100008234,岡山県倉敷市,消火栓,332020,,倉敷市福田町古新田８８３番地５,岡山県,倉敷市,,,,133.766583,34.533979,100,公設
332020,0100008235,岡山県倉敷市,消火栓,332020,,倉敷市福田町古新田９９９－２５,岡山県,倉敷市,,,,133.770218,34.5383,100,公設
332020,0100008236,岡山県倉敷市,消火栓,332020,,倉敷市大内９８５番地５,岡山県,倉敷市,,,,133.753403,34.608572,100,公設
332020,0100008237,岡山県倉敷市,消火栓,332020,,倉敷市真備町有井３４２番地１,岡山県,倉敷市,,,,133.703592,34.641832,75,公設
332020,0100008238,岡山県倉敷市,消火栓,332020,,倉敷市真備町箭田４２１９－１,岡山県,倉敷市,,,,133.68074,34.624649,100,公設
332020,0100008239,岡山県倉敷市,消火栓,332020,,倉敷市水島北瑞穂町１３－２４,岡山県,倉敷市,,,,133.744021,34.549869,100,公設
332020,0100008240,岡山県倉敷市,消火栓,332020,,倉敷市亀山３２７番地１,岡山県,倉敷市,,,,133.804505,34.582018,100,公設
332020,0100008241,岡山県倉敷市,消火栓,332020,,倉敷市帯高３２８番地３,岡山県,倉敷市,,,,133.810877,34.579851,75,公設
332020,0100008242,岡山県倉敷市,消火栓,332020,,倉敷市茶屋町早沖６８０番地７,岡山県,倉敷市,,,,133.835441,34.59281,75,公設
332020,0100008243,岡山県倉敷市,消火栓,332020,,倉敷市船倉町１２９２番地,岡山県,倉敷市,,,,133.77331,34.589131,75,公設
332020,0100008244,岡山県倉敷市,消火栓,332020,,倉敷市真備町市場４２－１,岡山県,倉敷市,,,,133.696851,34.645056,150,公設
332020,0100008245,岡山県倉敷市,消火栓,332020,,倉敷市栗坂１２番２,岡山県,倉敷市,,,,133.836982,34.634319,100,公設
332020,0100008246,岡山県倉敷市,消火栓,332020,,倉敷市新田２７５７番地,岡山県,倉敷市,,,,133.776879,34.573619,100,公設
332020,0100008247,岡山県倉敷市,消火栓,332020,,倉敷市茶屋町早沖９３８番地８,岡山県,倉敷市,,,,133.833041,34.584367,75,公設
332020,0100008248,岡山県倉敷市,消火栓,332020,,倉敷市真備町箭田４０１１番地１４,岡山県,倉敷市,,,,133.679853,34.627388,100,公設
332020,0100008249,岡山県倉敷市,消火栓,332020,,倉敷市玉島勇崎１２１７－１,岡山県,倉敷市,,,,133.650419,34.516878,100,公設
332020,0100008253,岡山県倉敷市,消火栓,332020,,倉敷市茶屋町１８６８－１４,岡山県,倉敷市,,,,133.819494,34.570406,100,公設
332020,0100008254,岡山県倉敷市,消火栓,332020,,倉敷市東塚２丁目８番１６号,岡山県,倉敷市,,,,133.758603,34.52611,75,公設
332020,0100008255,岡山県倉敷市,消火栓,332020,,倉敷市中島１５８３番地１,岡山県,倉敷市,,,,133.735757,34.57626,75,公設
332020,0100008256,岡山県倉敷市,消火栓,332020,,倉敷市中島１８４１－２,岡山県,倉敷市,,,,133.734956,34.575418,100,公設
332020,0100008257,岡山県倉敷市,消火栓,332020,,倉敷市片島町８４６番地６,岡山県,倉敷市,,,,133.714169,34.573885,75,公設
332020,0100008258,岡山県倉敷市,消火栓,332020,,倉敷市新田２８４３－６,岡山県,倉敷市,,,,133.776558,34.578359,100,公設
332020,0100008259,岡山県倉敷市,消火栓,332020,,倉敷市茶屋町１４９１番地,岡山県,倉敷市,,,,133.835596,34.579414,75,公設
332020,0100008261,岡山県倉敷市,消火栓,332020,,倉敷市早高６７２－２,岡山県,倉敷市,,,,133.816258,34.591781,100,公設
332020,0100008262,岡山県倉敷市,消火栓,332020,,倉敷市黒石８９０番地５,岡山県,倉敷市,,,,133.775305,34.566781,75,公設
332020,0100008263,岡山県倉敷市,消火栓,332020,,倉敷市連島町鶴新田１３１０番,岡山県,倉敷市,,,,133.716789,34.541597,100,公設
332020,0100008264,岡山県倉敷市,消火栓,332020,,倉敷市真備町箭田７５１番地,岡山県,倉敷市,,,,133.695013,34.631134,75,公設
332020,0100008265,岡山県倉敷市,消火栓,332020,,倉敷市水島西寿町,岡山県,倉敷市,,,,133.746539,34.548092,75,公設
332020,0100008266,岡山県倉敷市,消火栓,332020,,倉敷市児島小川９丁目５番９８号,岡山県,倉敷市,,,,133.806025,34.491198,100,公設
332020,0100008267,岡山県倉敷市,消火栓,332020,,倉敷市茶屋町１１０１番地３,岡山県,倉敷市,,,,133.836026,34.575986,100,公設
332020,0100008268,岡山県倉敷市,消火栓,332020,,倉敷市玉島乙島４４１１番地,岡山県,倉敷市,,,,133.68269,34.542854,200,公設
332020,0100008269,岡山県倉敷市,消火栓,332020,,倉敷市茶屋町早沖１６４１番地,岡山県,倉敷市,,,,133.840237,34.591869,75,公設
332020,0100008270,岡山県倉敷市,消火栓,332020,,倉敷市児島塩生２９６１番地,岡山県,倉敷市,,,,133.770647,34.485632,150,公設
332020,0100008271,岡山県倉敷市,消火栓,332020,,倉敷市玉島爪崎１０６８番地１,岡山県,倉敷市,,,,133.682587,34.558378,100,公設
332020,0100008272,岡山県倉敷市,消火栓,332020,,倉敷市真備町尾崎９２８番地３,岡山県,倉敷市,,,,133.679175,34.624948,75,公設
332020,0100008279,岡山県倉敷市,消火栓,332020,,倉敷市粒江２５７８番地２,岡山県,倉敷市,,,,133.80372,34.560154,75,公設
332020,0100008284,岡山県倉敷市,消火栓,332020,,倉敷市笹沖８２４番地５,岡山県,倉敷市,,,,133.764234,34.575778,75,公設
332020,0100008286,岡山県倉敷市,消火栓,332020,,倉敷市帯高１８９番地１,岡山県,倉敷市,,,,133.817576,34.58063,350,公設
332020,0100008295,岡山県倉敷市,消火栓,332020,,倉敷市玉島乙島８２６３番地２６,岡山県,倉敷市,,,,133.675428,34.498181,100,公設
332020,0100008296,岡山県倉敷市,消火栓,332020,,倉敷市連島町鶴新田２３２５番地９,岡山県,倉敷市,,,,133.710314,34.53428,75,公設
332020,0100008297,岡山県倉敷市,消火栓,332020,,倉敷市神田４丁目７番地１０,岡山県,倉敷市,,,,133.727037,34.543189,250,公設
332020,0100008298,岡山県倉敷市,消火栓,332020,,倉敷市片島町９６４番地１,岡山県,倉敷市,,,,133.715137,34.570364,100,公設
332020,0100008299,岡山県倉敷市,消火栓,332020,,倉敷市鶴の浦３丁目６９５番１０７,岡山県,倉敷市,,,,133.711882,34.54848,75,公設
332020,0100008300,岡山県倉敷市,消火栓,332020,,倉敷市児島下の町９丁目１７番１７号,岡山県,倉敷市,,,,133.833377,34.471066,75,公設
332020,0100008301,岡山県倉敷市,消火栓,332020,,倉敷市鶴の浦３丁目,岡山県,倉敷市,,,,133.710232,34.548105,75,公設
332020,0100008302,岡山県倉敷市,消火栓,332020,,倉敷市南畝５丁目１４－３０,岡山県,倉敷市,,,,133.748568,34.518298,75,公設
332020,0100008303,岡山県倉敷市,消火栓,332020,,倉敷市船穂町水江８９,岡山県,倉敷市,,,,133.729393,34.602419,75,公設
332020,0100008304,岡山県倉敷市,消火栓,332020,,倉敷市茶屋町早沖,岡山県,倉敷市,,,,133.829579,34.584872,75,公設
332020,0100008305,岡山県倉敷市,消火栓,332020,,倉敷市茶屋町早沖５９３番地,岡山県,倉敷市,,,,133.833661,34.586931,100,公設
332020,0100008307,岡山県倉敷市,消火栓,332020,,倉敷市茶屋町早沖３０９番地１,岡山県,倉敷市,,,,133.827885,34.588532,75,公設
332020,0100008308,岡山県倉敷市,消火栓,332020,,倉敷市片島町８３１－１１,岡山県,倉敷市,,,,133.715734,34.574384,200,公設
332020,0100008309,岡山県倉敷市,消火栓,332020,,倉敷市真備町辻田４７２番地１,岡山県,倉敷市,,,,133.71947,34.649907,200,公設
332020,0100008310,岡山県倉敷市,消火栓,332020,,倉敷市西坂１２８番地１,岡山県,倉敷市,,,,133.775386,34.61962,100,公設
332020,0100008311,岡山県倉敷市,消火栓,332020,,倉敷市四十瀬４００番地１８,岡山県,倉敷市,,,,133.750801,34.58379,100,公設
332020,0100008312,岡山県倉敷市,消火栓,332020,,倉敷市吉岡５１０番地２,岡山県,倉敷市,,,,133.765964,34.570233,75,公設
332020,0100008313,岡山県倉敷市,消火栓,332020,,倉敷市粒浦,岡山県,倉敷市,,,,133.796929,34.56591,75,公設
332020,0100008314,岡山県倉敷市,消火栓,332020,,倉敷市片島町９６４－１,岡山県,倉敷市,,,,133.715602,34.571639,75,公設
332020,0100008315,岡山県倉敷市,消火栓,332020,,倉敷市玉島黒崎８１４３,岡山県,倉敷市,,,,133.61347,34.497174,200,公設
332020,0100008316,岡山県倉敷市,消火栓,332020,,倉敷市玉島黒崎８５９６番地２,岡山県,倉敷市,,,,133.60929,34.495516,75,公設
332020,0100008317,岡山県倉敷市,消火栓,332020,,倉敷市真備町箭田１６４４－４,岡山県,倉敷市,,,,133.688411,34.632832,75,公設
332020,0100008318,岡山県倉敷市,消火栓,332020,,倉敷市船穂町船穂２０９５－１０,岡山県,倉敷市,,,,133.699802,34.578,100,公設
332020,0100008319,岡山県倉敷市,消火栓,332020,,倉敷市船穂町船穂２０９５－１１,岡山県,倉敷市,,,,133.698683,34.577272,100,公設
332020,0100008320,岡山県倉敷市,消火栓,332020,,倉敷市南畝２丁目,岡山県,倉敷市,,,,133.743211,34.522616,100,公設
332020,0100008322,岡山県倉敷市,消火栓,332020,,倉敷市藤戸町天城１５７４番４号,岡山県,倉敷市,,,,133.816712,34.571334,100,公設
332020,0100008323,岡山県倉敷市,消火栓,332020,,倉敷市福田町福田２２７６番地３,岡山県,倉敷市,,,,133.760882,34.549801,75,公設
332020,0100008324,岡山県倉敷市,消火栓,332020,,倉敷市玉島乙島４２１６番地１,岡山県,倉敷市,,,,133.683011,34.541021,200,公設
332020,0100008325,岡山県倉敷市,消火栓,332020,,倉敷市西田６８５－４,岡山県,倉敷市,,,,133.815186,34.595834,100,公設
332020,0100008326,岡山県倉敷市,消火栓,332020,,倉敷市西田７５６－１,岡山県,倉敷市,,,,133.813218,34.589904,75,公設
332020,0100008328,岡山県倉敷市,消火栓,332020,,倉敷市祐安９６６番地１,岡山県,倉敷市,,,,133.760351,34.616599,75,公設
332020,0100008330,岡山県倉敷市,消火栓,332020,,倉敷市玉島長尾,岡山県,倉敷市,,,,133.674538,34.571552,100,公設
332020,0100008331,岡山県倉敷市,消火栓,332020,,倉敷市玉島長尾,岡山県,倉敷市,,,,133.676854,34.572456,100,公設
332020,0100008332,岡山県倉敷市,消火栓,332020,,倉敷市玉島長尾,岡山県,倉敷市,,,,133.675782,34.573261,100,公設
332020,0100008333,岡山県倉敷市,消火栓,332020,,倉敷市船穂町船穂２０９５－８,岡山県,倉敷市,,,,133.698971,34.575969,150,公設
332020,0100008334,岡山県倉敷市,消火栓,332020,,倉敷市船穂町船穂２０９５－８,岡山県,倉敷市,,,,133.700641,34.576461,300,公設
332020,0100008335,岡山県倉敷市,消火栓,332020,,倉敷市帯高,岡山県,倉敷市,,,,133.817432,34.574707,75,公設
332020,0100008336,岡山県倉敷市,消火栓,332020,,倉敷市玉島柏島５８２２番地,岡山県,倉敷市,,,,133.657441,34.524618,75,公設
332020,0100008338,岡山県倉敷市,消火栓,332020,,倉敷市真備町尾崎１３７６番地１,岡山県,倉敷市,,,,133.662464,34.623402,75,公設
332020,0100008339,岡山県倉敷市,消火栓,332020,,倉敷市下庄４５８番地１,岡山県,倉敷市,,,,133.82312,34.639819,100,公設
332020,0100008340,岡山県倉敷市,消火栓,332020,,倉敷市粒江２４９４番地,岡山県,倉敷市,,,,133.802599,34.562544,75,公設
332020,0100008341,岡山県倉敷市,消火栓,332020,,倉敷市船穂町船穂２０１８－６,岡山県,倉敷市,,,,133.704672,34.580127,75,公設
332020,0100008342,岡山県倉敷市,消火栓,332020,,倉敷市上東３４８－３,岡山県,倉敷市,,,,133.829962,34.648489,100,公設
332020,0100008343,岡山県倉敷市,消火栓,332020,,倉敷市茶屋町５１３番地,岡山県,倉敷市,,,,133.824156,34.573834,150,公設
332020,0100008345,岡山県倉敷市,消火栓,332020,,倉敷市笹沖６１６番地の９１,岡山県,倉敷市,,,,133.770739,34.576693,200,公設
332020,0100008347,岡山県倉敷市,消火栓,332020,,倉敷市西田６２６－１,岡山県,倉敷市,,,,133.812063,34.5898,250,公設
332020,0100008348,岡山県倉敷市,消火栓,332020,,倉敷市西田５７９－１０,岡山県,倉敷市,,,,133.8101,34.591021,250,公設
332020,0100008350,岡山県倉敷市,消火栓,332020,,倉敷市西田１７０番地,岡山県,倉敷市,,,,133.806251,34.592685,250,公設
332020,0100008351,岡山県倉敷市,消火栓,332020,,倉敷市西田５３１番地２,岡山県,倉敷市,,,,133.808226,34.592268,250,公設
332020,0100008354,岡山県倉敷市,消火栓,332020,,倉敷市真備町岡田３０１番地,岡山県,倉敷市,,,,133.709097,34.647951,75,公設
332020,0100008355,岡山県倉敷市,消火栓,332020,,倉敷市玉島１丁目１３番１号,岡山県,倉敷市,,,,133.681697,34.544804,200,公設
332020,0100008356,岡山県倉敷市,消火栓,332020,,倉敷市亀山３２９－３,岡山県,倉敷市,,,,133.804079,34.582181,100,公設
332020,0100008357,岡山県倉敷市,消火栓,332020,,倉敷市茶屋町早沖１３１１－１１,岡山県,倉敷市,,,,133.838831,34.578937,75,公設
332020,0100008360,岡山県倉敷市,消火栓,332020,,倉敷市玉島道越２０５番地５,岡山県,倉敷市,,,,133.656706,34.556682,75,公設
332020,0100008362,岡山県倉敷市,消火栓,332020,,倉敷市粒浦１５９－２,岡山県,倉敷市,,,,133.78016,34.56797,75,公設
332020,0100008368,岡山県倉敷市,消火栓,332020,,倉敷市茶屋町早沖１１８０番地,岡山県,倉敷市,,,,133.839183,34.587935,75,公設
332020,0100008369,岡山県倉敷市,消火栓,332020,,倉敷市茶屋町早沖１７５４番地,岡山県,倉敷市,,,,133.840349,34.592866,75,公設
332020,0100008371,岡山県倉敷市,消火栓,332020,,倉敷市早高,岡山県,倉敷市,,,,133.810829,34.584029,75,公設
332020,0100008372,岡山県倉敷市,消火栓,332020,,倉敷市八軒屋２０８－３,岡山県,倉敷市,,,,133.789229,34.574904,75,公設
332020,0100008373,岡山県倉敷市,消火栓,332020,,倉敷市早高,岡山県,倉敷市,,,,133.810466,34.585608,75,公設
332020,0100008374,岡山県倉敷市,消火栓,332020,,倉敷市藤戸町天城１６２１番地２,岡山県,倉敷市,,,,133.815125,34.570133,100,公設
332020,0100008375,岡山県倉敷市,消火栓,332020,,倉敷市粒浦１７９,岡山県,倉敷市,,,,133.783179,34.569387,100,公設
332020,0100008376,岡山県倉敷市,消火栓,332020,,倉敷市藤戸町天城１６３３番地,岡山県,倉敷市,,,,133.815318,34.571304,100,公設
332020,0100008377,岡山県倉敷市,消火栓,332020,,倉敷市茶屋町早沖１０４５番地,岡山県,倉敷市,,,,133.835935,34.581883,75,公設
332020,0100008378,岡山県倉敷市,消火栓,332020,,倉敷市玉島爪崎９９５番地２０,岡山県,倉敷市,,,,133.684259,34.559009,75,公設
332020,0100008379,岡山県倉敷市,消火栓,332020,,倉敷市八軒屋２３番地,岡山県,倉敷市,,,,133.783507,34.573707,100,公設
332020,0100008380,岡山県倉敷市,消火栓,332020,,倉敷市真備町有井５７２番地,岡山県,倉敷市,,,,133.700849,34.639897,75,公設
332020,0100008381,岡山県倉敷市,消火栓,332020,,倉敷市二日市１７１番地３,岡山県,倉敷市,,,,133.795036,34.594667,75,公設
332020,0100008382,岡山県倉敷市,消火栓,332020,,倉敷市真備町有井９０６－４,岡山県,倉敷市,,,,133.69916,34.639148,75,公設
332020,0100008383,岡山県倉敷市,消火栓,332020,,倉敷市船穂町船穂１８８３番地,岡山県,倉敷市,,,,133.701752,34.584039,100,公設
332020,0100008384,岡山県倉敷市,消火栓,332020,,倉敷市連島町鶴新田２１０７番５,岡山県,倉敷市,,,,133.72197,34.532216,75,公設
332020,0100008385,岡山県倉敷市,消火栓,332020,,倉敷市藤戸町天城１９１６番地,岡山県,倉敷市,,,,133.812638,34.564241,100,公設
332020,0100008386,岡山県倉敷市,消火栓,332020,,倉敷市山地２３１番地,岡山県,倉敷市,,,,133.821256,34.654417,100,公設
332020,0100008387,岡山県倉敷市,消火栓,332020,,倉敷市栗坂６１番地,岡山県,倉敷市,,,,133.831965,34.632944,75,公設
332020,0100008388,岡山県倉敷市,消火栓,332020,,倉敷市茶屋町７１２番２号,岡山県,倉敷市,,,,133.830409,34.577074,75,公設
332020,0100008389,岡山県倉敷市,消火栓,332020,,倉敷市中島１５３７－１６,岡山県,倉敷市,,,,133.731429,34.576811,150,公設
332020,0100008390,岡山県倉敷市,消火栓,332020,,倉敷市西阿知町西原６７２－１０,岡山県,倉敷市,,,,133.718016,34.585304,75,公設
332020,0100008391,岡山県倉敷市,消火栓,332020,,倉敷市真備町妹３３６９番地,岡山県,倉敷市,,,,133.643316,34.615798,75,公設
332020,0100008392,岡山県倉敷市,消火栓,332020,,倉敷市中庄１５２０番地,岡山県,倉敷市,,,,133.795469,34.613497,75,公設
332020,0100008395,岡山県倉敷市,消火栓,332020,,倉敷市船穂町柳井原２３２０－１,岡山県,倉敷市,,,,133.720404,34.612059,100,公設
332020,0100008396,岡山県倉敷市,消火栓,332020,,倉敷市玉島１３４１番地,岡山県,倉敷市,,,,133.681361,34.546858,150,公設
332020,0100008397,岡山県倉敷市,消火栓,332020,,倉敷市船穂町柳井原６００番地,岡山県,倉敷市,,,,133.720342,34.611019,150,公設
332020,0100008398,岡山県倉敷市,消火栓,332020,,倉敷市船穂町柳井原２３０２－３,岡山県,倉敷市,,,,133.718137,34.611095,150,公設
332020,0100008399,岡山県倉敷市,消火栓,332020,,倉敷市船穂町柳井原２３００－１,岡山県,倉敷市,,,,133.715619,34.610898,100,公設
332020,0100008400,岡山県倉敷市,消火栓,332020,,倉敷市船穂町柳井原２３４１－５,岡山県,倉敷市,,,,133.719381,34.609453,150,公設
332020,0100008402,岡山県倉敷市,消火栓,332020,,倉敷市八軒屋４８番地２,岡山県,倉敷市,,,,133.781926,34.571264,100,公設
332020,0100008403,岡山県倉敷市,消火栓,332020,,倉敷市神田２丁目１１番２号,岡山県,倉敷市,,,,133.734278,34.542322,100,公設
332020,0100008404,岡山県倉敷市,消火栓,332020,,倉敷市中畝６丁目６番１０号,岡山県,倉敷市,,,,133.752085,34.523288,200,公設
332020,0100008405,岡山県倉敷市,消火栓,332020,,倉敷市真備町有井４７７,岡山県,倉敷市,,,,133.701484,34.641386,75,公設
332020,0100008428,岡山県倉敷市,消火栓,332020,,倉敷市下庄７００－１,岡山県,倉敷市,,,,133.822933,34.635756,200,公設
332020,0100008429,岡山県倉敷市,消火栓,332020,,倉敷市帯高２７８番地,岡山県,倉敷市,,,,133.814762,34.576318,75,公設
332020,0100008431,岡山県倉敷市,消火栓,332020,,倉敷市真備町箭田１８００番地１,岡山県,倉敷市,,,,133.689156,34.626143,75,公設
332020,0100008432,岡山県倉敷市,消火栓,332020,,倉敷市連島町西之浦６０４,岡山県,倉敷市,,,,133.713858,34.549618,100,公設
332020,0100008433,岡山県倉敷市,消火栓,332020,,倉敷市連島町西之浦６８４,岡山県,倉敷市,,,,133.711305,34.550314,100,公設
332020,0100008434,岡山県倉敷市,消火栓,332020,,倉敷市藤戸町天城１６５４番地１,岡山県,倉敷市,,,,133.816431,34.570192,100,公設
332020,0100008435,岡山県倉敷市,消火栓,332020,,倉敷市玉島上成１１０８番地５,岡山県,倉敷市,,,,133.688376,34.558203,100,公設
332020,0100008438,岡山県倉敷市,消火栓,332020,,倉敷市亀山８７７番地９,岡山県,倉敷市,,,,133.802125,34.590828,75,公設
332020,0100008440,岡山県倉敷市,消火栓,332020,,倉敷市八軒屋１５４－２,岡山県,倉敷市,,,,133.787158,34.576298,75,公設
332020,0100008441,岡山県倉敷市,消火栓,332020,,倉敷市真備町妹２６１３番地,岡山県,倉敷市,,,,133.645131,34.626865,75,公設
332020,0100008449,岡山県倉敷市,消火栓,332020,,倉敷市連島町鶴新田１４５１－３,岡山県,倉敷市,,,,133.719333,34.539119,75,公設
332020,0100008450,岡山県倉敷市,消火栓,332020,,倉敷市二日市２２６番地５,岡山県,倉敷市,,,,133.796797,34.593636,75,公設
332020,0100008451,岡山県倉敷市,消火栓,332020,,倉敷市児島塩生２８２４番地２,岡山県,倉敷市,,,,133.770674,34.484215,150,公設
332020,0100008452,岡山県倉敷市,消火栓,332020,,倉敷市真備町市場３６４７番地２,岡山県,倉敷市,,,,133.689766,34.648704,150,公設
332020,0100008466,岡山県倉敷市,消火栓,332020,,倉敷市粒浦６４５番地８,岡山県,倉敷市,,,,133.78615,34.566856,75,公設
332020,0100008467,岡山県倉敷市,消火栓,332020,,倉敷市真備町下二万７９７番地,岡山県,倉敷市,,,,133.716595,34.623017,75,公設
332020,0100008468,岡山県倉敷市,消火栓,332020,,倉敷市玉島１丁目９番２４号,岡山県,倉敷市,,,,133.681147,34.546702,200,公設
332020,0100008469,岡山県倉敷市,消火栓,332020,,倉敷市連島２丁目１４,岡山県,倉敷市,,,,133.741419,34.549444,75,公設
332020,0100008470,岡山県倉敷市,消火栓,332020,,倉敷市平田７９３番地３,岡山県,倉敷市,,,,133.781459,34.615865,75,公設
332020,0100008471,岡山県倉敷市,消火栓,332020,,倉敷市粒浦２７９,岡山県,倉敷市,,,,133.790482,34.571519,100,公設
332020,0100008473,岡山県倉敷市,消火栓,332020,,倉敷市加須山６１７番地４,岡山県,倉敷市,,,,133.797664,34.585591,75,公設
332020,0100008474,岡山県倉敷市,消火栓,332020,,倉敷市藤戸町天城１１３５,岡山県,倉敷市,,,,133.808229,34.576238,200,公設
332020,0100008475,岡山県倉敷市,消火栓,332020,,倉敷市帯高７２番地２,岡山県,倉敷市,,,,133.815992,34.575956,75,公設
332020,0100008476,岡山県倉敷市,消火栓,332020,,倉敷市中島２１９２番地,岡山県,倉敷市,,,,133.73855,34.576029,75,公設
332020,0100008477,岡山県倉敷市,消火栓,332020,,倉敷市黒崎６４９番地,岡山県,倉敷市,,,,133.793008,34.610542,250,公設
332020,0100008478,岡山県倉敷市,消火栓,332020,,倉敷市玉島乙島７２９０－３,岡山県,倉敷市,,,,133.681354,34.532972,100,公設
332020,0100008480,岡山県倉敷市,消火栓,332020,,倉敷市玉島八島２１１３番地,岡山県,倉敷市,,,,133.6707,34.566431,75,公設
332020,0100008481,岡山県倉敷市,消火栓,332020,,倉敷市鶴の浦１丁目１－１,岡山県,倉敷市,,,,133.704787,34.55465,200,公設
332020,0100008482,岡山県倉敷市,消火栓,332020,,倉敷市船穂町柳井原２３１３－７,岡山県,倉敷市,,,,133.719283,34.611528,100,公設
332020,0100008483,岡山県倉敷市,消火栓,332020,,倉敷市船穂町柳井原２３３７－４,岡山県,倉敷市,,,,133.716604,34.607508,100,公設
332020,0100008484,岡山県倉敷市,消火栓,332020,,倉敷市藤戸町天城１６３３番地,岡山県,倉敷市,,,,133.815184,34.571972,100,公設
332020,0100008485,岡山県倉敷市,消火栓,332020,,倉敷市藤戸町天城２４０１番地１０２,岡山県,倉敷市,,,,133.817904,34.561124,150,公設
332020,0100008486,岡山県倉敷市,消火栓,332020,,倉敷市玉島阿賀崎３丁目８－２７,岡山県,倉敷市,,,,133.669615,34.550783,75,公設
332020,0100008487,岡山県倉敷市,消火栓,332020,,倉敷市水江１２７番地４,岡山県,倉敷市,,,,133.740803,34.602611,75,公設
332020,0100008488,岡山県倉敷市,消火栓,332020,,倉敷市船穂町船穂１４６８番地１,岡山県,倉敷市,,,,133.7033,34.574565,75,公設
332020,0100008489,岡山県倉敷市,消火栓,332020,,倉敷市船穂町柳井原１６２６－１,岡山県,倉敷市,,,,133.7173,34.608584,100,公設
332020,0100008490,岡山県倉敷市,消火栓,332020,,倉敷市真備町箭田４５６１番地,岡山県,倉敷市,,,,133.689153,34.625163,100,公設
332020,0100008491,岡山県倉敷市,消火栓,332020,,倉敷市真備町辻田９８３番地３,岡山県,倉敷市,,,,133.714183,34.650396,100,公設
332020,0100008492,岡山県倉敷市,消火栓,332020,,倉敷市真備町有井４０６番地５,岡山県,倉敷市,,,,133.702337,34.643515,75,公設
332020,0100008493,岡山県倉敷市,消火栓,332020,,倉敷市真備町辻田８０２番地５,岡山県,倉敷市,,,,133.71622,34.651396,100,公設
332020,0100008495,岡山県倉敷市,消火栓,332020,,倉敷市加須山６９番地２,岡山県,倉敷市,,,,133.798299,34.593682,75,公設
332020,0100008496,岡山県倉敷市,消火栓,332020,,倉敷市帯高２７８番地,岡山県,倉敷市,,,,133.814371,34.57553,75,公設
332020,0100008497,岡山県倉敷市,消火栓,332020,,倉敷市吉岡８０－１,岡山県,倉敷市,,,,133.773691,34.569378,75,公設
332020,0100008498,岡山県倉敷市,消火栓,332020,,倉敷市羽島２８０番地１,岡山県,倉敷市,,,,133.783944,34.594606,100,公設
332020,0100008499,岡山県倉敷市,消火栓,332020,,倉敷市新田２６０３番地,岡山県,倉敷市,,,,133.773971,34.575312,75,公設
332020,0100008500,岡山県倉敷市,消火栓,332020,,倉敷市船穂町柳井原１３３１,岡山県,倉敷市,,,,133.718567,34.61005,100,公設
332020,0100008501,岡山県倉敷市,消火栓,332020,,倉敷市山地１２９７番地,岡山県,倉敷市,,,,133.8163,34.65188,100,公設
332020,0100008502,岡山県倉敷市,消火栓,332020,,倉敷市阿知１丁目３－８,岡山県,倉敷市,,,,133.768787,34.603037,100,公設
332020,0100008503,岡山県倉敷市,消火栓,332020,,倉敷市阿知１丁目２－３,岡山県,倉敷市,,,,133.768807,34.603835,150,公設
332020,0100008504,岡山県倉敷市,消火栓,332020,,倉敷市昭和１丁目２－３１,岡山県,倉敷市,,,,133.770167,34.604825,100,公設
332020,0100008505,岡山県倉敷市,消火栓,332020,,倉敷市水江１１８７番地２,岡山県,倉敷市,,,,133.738673,34.596905,100,公設
332020,0100008506,岡山県倉敷市,消火栓,332020,,倉敷市真備町有井６１５番地,岡山県,倉敷市,,,,133.698852,34.640739,75,公設
332020,0100008507,岡山県倉敷市,消火栓,332020,,倉敷市船穂町船穂２５５７－１,岡山県,倉敷市,,,,133.697827,34.585587,100,公設
332020,0100008508,岡山県倉敷市,消火栓,332020,,倉敷市粒浦３２２－１３,岡山県,倉敷市,,,,133.79455,34.571248,75,公設
332020,0100008509,岡山県倉敷市,消火栓,332020,,倉敷市児島塩生３７７番地,岡山県,倉敷市,,,,133.775799,34.470299,75,公設
332020,0100008510,岡山県倉敷市,消火栓,332020,,倉敷市亀山８６９番地,岡山県,倉敷市,,,,133.803012,34.589457,75,公設
332020,0100008511,岡山県倉敷市,消火栓,332020,,倉敷市西岡１３０３番１,岡山県,倉敷市,,,,133.764317,34.617234,75,公設
332020,0100008513,岡山県倉敷市,消火栓,332020,,倉敷市連島町西之浦６１７,岡山県,倉敷市,,,,133.712595,34.550131,100,公設
332020,0100008515,岡山県倉敷市,消火栓,332020,,倉敷市西岡１１８８番地３,岡山県,倉敷市,,,,133.772048,34.616663,100,公設
332020,0100008516,岡山県倉敷市,消火栓,332020,,倉敷市平田８１番地４,岡山県,倉敷市,,,,133.773047,34.615485,100,公設
332020,0100008517,岡山県倉敷市,消火栓,332020,,倉敷市鶴の浦３丁目１００番１,岡山県,倉敷市,,,,133.708217,34.547531,75,公設
332020,0100008518,岡山県倉敷市,消火栓,332020,,倉敷市中島１０６８－２２,岡山県,倉敷市,,,,133.731203,34.583862,100,公設
332020,0100008519,岡山県倉敷市,消火栓,332020,,倉敷市真備町有井３９６－１,岡山県,倉敷市,,,,133.702791,34.642926,75,公設
332020,0100008520,岡山県倉敷市,消火栓,332020,,倉敷市船穂町船穂３３３１番地,岡山県,倉敷市,,,,133.712658,34.594261,75,公設
332020,0100008521,岡山県倉敷市,消火栓,332020,,倉敷市真備町辻田４３６番地３,岡山県,倉敷市,,,,133.717211,34.649211,150,公設
332020,0100008522,岡山県倉敷市,消火栓,332020,,倉敷市真備町辻田８４８番地４,岡山県,倉敷市,,,,133.717671,34.647444,150,公設
332020,0100008523,岡山県倉敷市,消火栓,332020,,倉敷市昭和２丁目１番地５,岡山県,倉敷市,,,,133.76933,34.602685,150,公設
332020,0100008525,岡山県倉敷市,消火栓,332020,,倉敷市昭和１丁目１番５０,岡山県,倉敷市,,,,133.769681,34.603127,150,公設
332020,0100008526,岡山県倉敷市,消火栓,332020,,倉敷市中島１１０６－１３,岡山県,倉敷市,,,,133.728726,34.58244,75,公設
332020,0100008527,岡山県倉敷市,消火栓,332020,,倉敷市粒江１１６７－１,岡山県,倉敷市,,,,133.800157,34.558087,75,公設
332020,0100008528,岡山県倉敷市,消火栓,332020,,倉敷市西阿知町西原１０７１－１５,岡山県,倉敷市,,,,133.728995,34.590251,100,公設
332020,0100008529,岡山県倉敷市,消火栓,332020,,倉敷市東富井３８２－１,岡山県,倉敷市,,,,133.751398,34.577892,100,公設
332020,0100008530,岡山県倉敷市,消火栓,332020,,倉敷市藤戸町藤戸１１９－７,岡山県,倉敷市,,,,133.807359,34.558883,75,公設
332020,0100008531,岡山県倉敷市,消火栓,332020,,倉敷市中島４３５－４３,岡山県,倉敷市,,,,133.733334,34.587205,100,公設
332020,0100008532,岡山県倉敷市,消火栓,332020,,倉敷市茶屋町８２３－２,岡山県,倉敷市,,,,133.828801,34.573982,100,公設
332020,0100008533,岡山県倉敷市,消火栓,332020,,倉敷市加須山２１１番地,岡山県,倉敷市,,,,133.799298,34.590942,75,公設
332020,0100008534,岡山県倉敷市,消火栓,332020,,倉敷市片島町４９５－５,岡山県,倉敷市,,,,133.721146,34.580422,75,公設
332020,0100008535,岡山県倉敷市,消火栓,332020,,倉敷市南畝３丁目５番３７号,岡山県,倉敷市,,,,133.74482,34.521729,100,公設
332020,0100008536,岡山県倉敷市,消火栓,332020,,倉敷市平田９５２番地８,岡山県,倉敷市,,,,133.784823,34.612636,250,公設
332020,0100008537,岡山県倉敷市,消火栓,332020,,倉敷市中庄１２０２番地,岡山県,倉敷市,,,,133.792103,34.620108,75,公設
332020,0100008538,岡山県倉敷市,消火栓,332020,,倉敷市徳芳３７１番地３,岡山県,倉敷市,,,,133.812567,34.623752,100,公設
332020,0100008539,岡山県倉敷市,消火栓,332020,,倉敷市新田２５２７－７,岡山県,倉敷市,,,,133.774789,34.580238,75,公設
332020,0100008540,岡山県倉敷市,消火栓,332020,,倉敷市粒浦６９２－２０,岡山県,倉敷市,,,,133.791471,34.566593,150,公設
332020,0100008544,岡山県倉敷市,消火栓,332020,,倉敷市中島１５９０番地１０,岡山県,倉敷市,,,,133.73732,34.576085,75,公設
332020,0100008545,岡山県倉敷市,消火栓,332020,,倉敷市真備町箭田,岡山県,倉敷市,,,,133.682344,34.62359,100,公設
332020,0100008559,岡山県倉敷市,消火栓,332020,,倉敷市松江４丁目５,岡山県,倉敷市,,,,133.762543,34.519912,100,公設
332020,0100008560,岡山県倉敷市,消火栓,332020,,倉敷市松江４丁目５,岡山県,倉敷市,,,,133.76565,34.519807,100,公設
332020,0100008561,岡山県倉敷市,消火栓,332020,,倉敷市新田２７８０－２,岡山県,倉敷市,,,,133.775681,34.574573,75,公設
332020,0100008562,岡山県倉敷市,消火栓,332020,,倉敷市玉島上成１９２７番地,岡山県,倉敷市,,,,133.694698,34.557008,75,公設
332020,0100008563,岡山県倉敷市,消火栓,332020,,倉敷市粒浦２１１－３,岡山県,倉敷市,,,,133.783464,34.570292,100,公設
332020,0100008564,岡山県倉敷市,消火栓,332020,,倉敷市鳥羽１２３８－４,岡山県,倉敷市,,,,133.812417,34.615333,75,公設
332020,0100008565,岡山県倉敷市,消火栓,332020,,倉敷市北畝４丁目１０－１２,岡山県,倉敷市,,,,133.758374,34.535569,150,公設
332020,0100008566,岡山県倉敷市,消火栓,332020,,倉敷市四十瀬４７０番３,岡山県,倉敷市,,,,133.750121,34.582075,100,公設
332020,0100008567,岡山県倉敷市,消火栓,332020,,倉敷市茶屋町早沖７４０,岡山県,倉敷市,,,,133.836755,34.59216,75,公設
332020,0100008568,岡山県倉敷市,消火栓,332020,,倉敷市茶屋町早沖８０９,岡山県,倉敷市,,,,133.837701,34.588718,100,公設
332020,0100008571,岡山県倉敷市,消火栓,332020,,倉敷市西田７９４番地,岡山県,倉敷市,,,,133.817137,34.595871,100,公設
332020,0100008572,岡山県倉敷市,消火栓,332020,,倉敷市粒浦４８６－２,岡山県,倉敷市,,,,133.796131,34.569501,75,公設
332020,0100008573,岡山県倉敷市,消火栓,332020,,倉敷市浦田２５３９－３,岡山県,倉敷市,,,,133.751842,34.567324,75,公設
332020,0100008574,岡山県倉敷市,消火栓,332020,,倉敷市船穂町船穂５５７４番地,岡山県,倉敷市,,,,133.699074,34.587322,75,公設
332020,0100008575,岡山県倉敷市,消火栓,332020,,倉敷市有城９１－１,岡山県,倉敷市,,,,133.803383,34.569508,75,公設
332020,0100008576,岡山県倉敷市,消火栓,332020,,倉敷市水島福崎町,岡山県,倉敷市,,,,133.739815,34.525318,150,公設
332020,0100008577,岡山県倉敷市,消火栓,332020,,倉敷市松江１丁目１２番１号,岡山県,倉敷市,,,,133.757034,34.520085,100,公設
332020,0100008578,岡山県倉敷市,消火栓,332020,,倉敷市中帯江２０４番,岡山県,倉敷市,,,,133.803589,34.597885,100,公設
332020,0100008579,岡山県倉敷市,消火栓,332020,,倉敷市水江８８－３,岡山県,倉敷市,,,,133.742411,34.601449,75,公設
332020,0100008580,岡山県倉敷市,消火栓,332020,,倉敷市四十瀬７９番地３３,岡山県,倉敷市,,,,133.749437,34.591444,75,公設
332020,0100008586,岡山県倉敷市,消火栓,332020,,倉敷市黒石２３,岡山県,倉敷市,,,,133.782557,34.566936,75,公設
332020,0100008593,岡山県倉敷市,消火栓,332020,,倉敷市真備町妹３０１９番地,岡山県,倉敷市,,,,133.645245,34.619285,75,公設
332020,0100008594,岡山県倉敷市,消火栓,332020,,倉敷市粒江,岡山県,倉敷市,,,,133.787439,34.554064,75,公設
332020,0100008595,岡山県倉敷市,消火栓,332020,,倉敷市茶屋町早沖８６２,岡山県,倉敷市,,,,133.837055,34.58722,100,公設
332020,0100008596,岡山県倉敷市,消火栓,332020,,倉敷市上東１２２５番１３号,岡山県,倉敷市,,,,133.81985,34.646017,75,公設
332020,0100008597,岡山県倉敷市,消火栓,332020,,倉敷市生坂６１１番２号,岡山県,倉敷市,,,,133.790792,34.623042,150,公設
332020,0100008598,岡山県倉敷市,消火栓,332020,,倉敷市粒江１５６５番地,岡山県,倉敷市,,,,133.792669,34.5591,75,公設
332020,0100008599,岡山県倉敷市,消火栓,332020,,倉敷市西阿知町１３１０－３４,岡山県,倉敷市,,,,133.724023,34.578152,150,公設
332020,0100008600,岡山県倉敷市,消火栓,332020,,倉敷市玉島阿賀崎２５０３番地,岡山県,倉敷市,,,,133.646526,34.542052,100,公設
332020,0100008601,岡山県倉敷市,消火栓,332020,,倉敷市児島小川９丁目８－４９－７,岡山県,倉敷市,,,,133.80544,34.489311,75,公設
332020,0100008602,岡山県倉敷市,消火栓,332020,,倉敷市粒浦７１６番地,岡山県,倉敷市,,,,133.791824,34.5654,75,公設
332020,0100008603,岡山県倉敷市,消火栓,332020,,倉敷市船穂町船穂１５２９番地１１,岡山県,倉敷市,,,,133.705855,34.577805,75,公設
332020,0100008604,岡山県倉敷市,消火栓,332020,,倉敷市老松町５丁目３番地４０,岡山県,倉敷市,,,,133.756234,34.592111,100,公設
332020,0100008605,岡山県倉敷市,消火栓,332020,,倉敷市玉島長尾,岡山県,倉敷市,,,,133.674705,34.572868,75,公設
332020,0100008606,岡山県倉敷市,消火栓,332020,,倉敷市堀南７５９番１,岡山県,倉敷市,,,,133.759357,34.572732,75,公設
332020,0100008607,岡山県倉敷市,消火栓,332020,,倉敷市玉島柏島６３５２番地５,岡山県,倉敷市,,,,133.650076,34.524361,75,公設
332020,0100008608,岡山県倉敷市,消火栓,332020,,倉敷市水島中通１丁目８番１号,岡山県,倉敷市,,,,133.729866,34.524096,300,公設
332020,0100008609,岡山県倉敷市,消火栓,332020,,倉敷市水島海岸通２丁目６番１号,岡山県,倉敷市,,,,133.730266,34.522986,300,公設
332020,0100008610,岡山県倉敷市,消火栓,332020,,倉敷市福田町古新田１１５１,岡山県,倉敷市,,,,133.773067,34.531142,200,公設
332020,0100008611,岡山県倉敷市,消火栓,332020,,倉敷市福田町古新田１１４４番地,岡山県,倉敷市,,,,133.772878,34.529733,200,公設
332020,0100008612,岡山県倉敷市,消火栓,332020,,倉敷市松江３丁目１６番地４８号,岡山県,倉敷市,,,,133.759499,34.50853,200,公設
332020,0100008613,岡山県倉敷市,消火栓,332020,,倉敷市連島町矢柄５６０２番地の１,岡山県,倉敷市,,,,133.726189,34.555843,200,公設
332020,0100008614,岡山県倉敷市,消火栓,332020,,倉敷市水島中通２丁目,岡山県,倉敷市,,,,133.729731,34.522988,200,公設
332020,0100008615,岡山県倉敷市,消火栓,332020,,倉敷市真備町川辺１３４,岡山県,倉敷市,,,,133.710323,34.63429,150,公設
332020,0100008616,岡山県倉敷市,消火栓,332020,,倉敷市笹沖１０８０,岡山県,倉敷市,,,,133.761338,34.578978,100,公設
332020,0100008617,岡山県倉敷市,消火栓,332020,,倉敷市四十瀬４２８－５,岡山県,倉敷市,,,,133.752469,34.58214,100,公設
332020,0100008618,岡山県倉敷市,消火栓,332020,,倉敷市玉島阿賀崎２１３７番地１,岡山県,倉敷市,,,,133.655398,34.543681,100,公設
332020,0100008619,岡山県倉敷市,消火栓,332020,,倉敷市福田町古新田１１６番地１,岡山県,倉敷市,,,,133.759688,34.546269,200,公設
332020,0100008620,岡山県倉敷市,消火栓,332020,,倉敷市福田町古新田２９６番,岡山県,倉敷市,,,,133.761248,34.54539,150,公設
332020,0100008621,岡山県倉敷市,消火栓,332020,,倉敷市上東１０３７番地５,岡山県,倉敷市,,,,133.824577,34.643986,75,公設
332020,0100008622,岡山県倉敷市,消火栓,332020,,倉敷市茶屋町１５０－５,岡山県,倉敷市,,,,133.820966,34.574422,100,公設
332020,0100008623,岡山県倉敷市,消火栓,332020,,倉敷市新田３２８１－２,岡山県,倉敷市,,,,133.783335,34.5777,100,公設
332020,0100008624,岡山県倉敷市,消火栓,332020,,倉敷市帯高９４番地２,岡山県,倉敷市,,,,133.815497,34.578916,250,公設
332020,0100008625,岡山県倉敷市,消火栓,332020,,倉敷市鶴の浦３丁目,岡山県,倉敷市,,,,133.709614,34.548381,75,公設
332020,0100008626,岡山県倉敷市,消火栓,332020,,倉敷市福田町古新田１１１７番地,岡山県,倉敷市,,,,133.772517,34.533546,200,公設
332020,0100008627,岡山県倉敷市,消火栓,332020,,倉敷市玉島乙島７０１７－３,岡山県,倉敷市,,,,133.68762,34.535722,75,公設
332020,0100008628,岡山県倉敷市,消火栓,332020,,倉敷市西阿知町西原８０７番地８,岡山県,倉敷市,,,,133.723774,34.587088,150,公設
332020,0100008629,岡山県倉敷市,消火栓,332020,,倉敷市大内９２４番地３,岡山県,倉敷市,,,,133.755193,34.609821,75,公設
332020,0100008630,岡山県倉敷市,消火栓,332020,,倉敷市福田町福田２３０８番３,岡山県,倉敷市,,,,133.761531,34.549547,75,公設
332020,0100008631,岡山県倉敷市,消火栓,332020,,倉敷市真備町有井１３８２－１,岡山県,倉敷市,,,,133.70228,34.637779,100,公設
332020,0100008632,岡山県倉敷市,消火栓,332020,,倉敷市真備町有井１４４３,岡山県,倉敷市,,,,133.70381,34.637464,100,公設
332020,0100008633,岡山県倉敷市,消火栓,332020,,倉敷市真備町有井４５,岡山県,倉敷市,,,,133.705997,34.638278,200,公設
332020,0100008634,岡山県倉敷市,消火栓,332020,,倉敷市真備町岡田１２７,岡山県,倉敷市,,,,133.708022,34.642812,75,公設
332020,0100008642,岡山県倉敷市,消火栓,332020,,倉敷市下庄５９番地４,岡山県,倉敷市,,,,133.832652,34.645,150,公設
332020,0100008643,岡山県倉敷市,消火栓,332020,,倉敷市二子１７９６－３０,岡山県,倉敷市,,,,133.810569,34.645794,75,公設
332020,0100008645,岡山県倉敷市,消火栓,332020,,倉敷市加須山３２０－８,岡山県,倉敷市,,,,133.796913,34.588286,75,公設
332020,0100008646,岡山県倉敷市,消火栓,332020,,倉敷市新田３２２０－１,岡山県,倉敷市,,,,133.78175,34.574766,100,公設
332020,0100008647,岡山県倉敷市,消火栓,332020,,倉敷市北畝３丁目３９４番,岡山県,倉敷市,,,,133.750435,34.54784,75,公設
332020,0100008648,岡山県倉敷市,消火栓,332020,,倉敷市鶴の浦３丁目６７４－４,岡山県,倉敷市,,,,133.710924,34.547137,100,公設
332020,0100008649,岡山県倉敷市,消火栓,332020,,倉敷市西坂１９３６番地４,岡山県,倉敷市,,,,133.783337,34.619993,150,公設
332020,0100008650,岡山県倉敷市,消火栓,332020,,倉敷市西阿知町西原１０３３番地５,岡山県,倉敷市,,,,133.726332,34.590282,100,公設
332020,0100008651,岡山県倉敷市,消火栓,332020,,倉敷市帯高１９８番地２,岡山県,倉敷市,,,,133.81613,34.581227,350,公設
332020,0100008652,岡山県倉敷市,消火栓,332020,,倉敷市真備町川辺２１５７番地,岡山県,倉敷市,,,,133.717111,34.63679,200,公設
332020,0100008653,岡山県倉敷市,消火栓,332020,,倉敷市中島２６４７番地１６,岡山県,倉敷市,,,,133.741546,34.569963,100,公設
332020,0100008654,岡山県倉敷市,消火栓,332020,,倉敷市中島１０６８番地５８,岡山県,倉敷市,,,,133.730437,34.583683,75,公設
332020,0100008655,岡山県倉敷市,消火栓,332020,,倉敷市真備町下二万１４１２－２,岡山県,倉敷市,,,,133.710257,34.622018,100,公設
332020,0100008656,岡山県倉敷市,消火栓,332020,,倉敷市真備町下二万１３３８,岡山県,倉敷市,,,,133.71169,34.619242,75,公設
332020,0100008657,岡山県倉敷市,消火栓,332020,,倉敷市片島町３４３番地１,岡山県,倉敷市,,,,133.717591,34.576525,100,公設
332020,0100008658,岡山県倉敷市,消火栓,332020,,倉敷市西阿知町西原７７０番地２,岡山県,倉敷市,,,,133.725827,34.588417,100,公設
332020,0100008659,岡山県倉敷市,消火栓,332020,,倉敷市連島中央３丁目１－１０,岡山県,倉敷市,,,,133.730823,34.5478,75,公設
332020,0100008660,岡山県倉敷市,消火栓,332020,,倉敷市真備町川辺５３８番地３,岡山県,倉敷市,,,,133.717694,34.640797,100,公設
332020,0100008661,岡山県倉敷市,消火栓,332020,,倉敷市亀山１８２番地１,岡山県,倉敷市,,,,133.801487,34.580027,150,公設
332020,0100008662,岡山県倉敷市,消火栓,332020,,倉敷市鶴の浦３丁目６７４－２３,岡山県,倉敷市,,,,133.712435,34.546822,75,公設
332020,0100008663,岡山県倉敷市,消火栓,332020,,倉敷市玉島柏島５４４０番地,岡山県,倉敷市,,,,133.662517,34.525265,300,公設
332020,0100008666,岡山県倉敷市,消火栓,332020,,倉敷市真備町上二万１１９７,岡山県,倉敷市,,,,133.700209,34.606006,150,公設
332020,0100008667,岡山県倉敷市,消火栓,332020,,倉敷市片島町１０５７－１,岡山県,倉敷市,,,,133.716206,34.568656,200,公設
332020,0100008668,岡山県倉敷市,消火栓,332020,,倉敷市大島１６５－６,岡山県,倉敷市,,,,133.781778,34.610003,100,公設
332020,0100008669,岡山県倉敷市,消火栓,332020,,倉敷市児島唐琴３丁目９番地３０号,岡山県,倉敷市,,,,133.868841,34.471274,75,公設
332020,0100008670,岡山県倉敷市,消火栓,332020,,倉敷市浅原１０３３番地６,岡山県,倉敷市,,,,133.762807,34.632581,150,公設
332020,0100008671,岡山県倉敷市,消火栓,332020,,倉敷市水島中通,岡山県,倉敷市,,,,133.726982,34.511784,100,公設
332020,0100008672,岡山県倉敷市,消火栓,332020,,倉敷市鶴の浦３丁目６９５－１０６,岡山県,倉敷市,,,,133.711694,34.547626,75,公設
332020,0100008673,岡山県倉敷市,消火栓,332020,,倉敷市鶴の浦３丁目６９５－１０６,岡山県,倉敷市,,,,133.709616,34.547869,100,公設
332020,0100008674,岡山県倉敷市,消火栓,332020,,倉敷市西阿知町新田５５２番地１,岡山県,倉敷市,,,,133.738449,34.56855,75,公設
332020,0100008675,岡山県倉敷市,消火栓,332020,,倉敷市上東１１２５番地７,岡山県,倉敷市,,,,133.823977,34.647759,100,公設
332020,0100008676,岡山県倉敷市,消火栓,332020,,倉敷市福井４０４－２６,岡山県,倉敷市,,,,133.746228,34.567269,75,公設
332020,0100008677,岡山県倉敷市,消火栓,332020,,倉敷市水島西弥生町２番１０号,岡山県,倉敷市,,,,133.743502,34.540974,200,公設
332020,0100008678,岡山県倉敷市,消火栓,332020,,倉敷市東塚５丁目２１番,岡山県,倉敷市,,,,133.768467,34.527451,100,公設
332020,0100008679,岡山県倉敷市,消火栓,332020,,倉敷市中畝９丁目７番３４号,岡山県,倉敷市,,,,133.752785,34.530871,300,公設
332020,0100008681,岡山県倉敷市,消火栓,332020,,倉敷市松江１丁目１９番４号,岡山県,倉敷市,,,,133.756661,34.518035,250,公設
332020,0100008682,岡山県倉敷市,消火栓,332020,,倉敷市西富井１２４５－１０,岡山県,倉敷市,,,,133.749389,34.571609,75,公設
332020,0100008684,岡山県倉敷市,消火栓,332020,,倉敷市中島２２２８－１２,岡山県,倉敷市,,,,133.740507,34.57822,100,公設
332020,0100008685,岡山県倉敷市,消火栓,332020,,倉敷市西岡１２９５－１,岡山県,倉敷市,,,,133.76551,34.616594,75,公設
332020,0100008686,岡山県倉敷市,消火栓,332020,,倉敷市船穂町水江６７番地１,岡山県,倉敷市,,,,133.707935,34.635976,100,公設
332020,0100008687,岡山県倉敷市,消火栓,332020,,倉敷市真備町川辺２０００番地７,岡山県,倉敷市,,,,133.709985,34.636952,100,公設
332020,0100008688,岡山県倉敷市,消火栓,332020,,倉敷市中庄２４７１－２,岡山県,倉敷市,,,,133.797182,34.619276,100,公設
332020,0100008689,岡山県倉敷市,消火栓,332020,,倉敷市水江８６８－８,岡山県,倉敷市,,,,133.740721,34.601036,100,公設
332020,0100008691,岡山県倉敷市,消火栓,332020,,倉敷市新田１２９９番地１,岡山県,倉敷市,,,,133.775979,34.586946,75,公設
332020,0100008693,岡山県倉敷市,消火栓,332020,,倉敷市玉島長尾,岡山県,倉敷市,,,,133.685976,34.568123,75,公設
332020,0100008694,岡山県倉敷市,消火栓,332020,,倉敷市西岡１１７６－３,岡山県,倉敷市,,,,133.771513,34.615501,75,公設
332020,0100008695,岡山県倉敷市,消火栓,332020,,倉敷市児島元浜町７８３番６号,岡山県,倉敷市,,,,133.808374,34.4521,400,公設
332020,0100008696,岡山県倉敷市,消火栓,332020,,倉敷市徳芳１８６番地４,岡山県,倉敷市,,,,133.814275,34.627384,100,公設
332020,0100008775,岡山県倉敷市,消火栓,332020,,倉敷市新田１４１７,岡山県,倉敷市,,,,133.774792,34.587885,75,公設
332020,0100008776,岡山県倉敷市,消火栓,332020,,倉敷市藤戸町天城１４６５番地１,岡山県,倉敷市,,,,133.811834,34.57163,200,公設
332020,0100008777,岡山県倉敷市,消火栓,332020,,倉敷市真備町市場５－１,岡山県,倉敷市,,,,133.700761,34.643627,75,公設
332020,0100008778,岡山県倉敷市,消火栓,332020,,倉敷市真備町尾崎２４１０番地１,岡山県,倉敷市,,,,133.657198,34.622829,100,公設
332020,0100008803,岡山県倉敷市,消火栓,332020,,倉敷市真備町尾崎２２３１番地１,岡山県,倉敷市,,,,133.664614,34.623225,75,公設
332020,0100008832,岡山県倉敷市,消火栓,332020,,倉敷市玉島長尾４２０番地３,岡山県,倉敷市,,,,133.688748,34.573013,150,公設
332020,0100008836,岡山県倉敷市,消火栓,332020,,倉敷市浅原１８６７－４,岡山県,倉敷市,,,,133.762165,34.629777,100,公設
332020,0100008837,岡山県倉敷市,消火栓,332020,,倉敷市連島町鶴新田１９５３－１,岡山県,倉敷市,,,,133.707995,34.538306,200,公設
332020,0100008839,岡山県倉敷市,消火栓,332020,,倉敷市藤戸町天城１０６５－１,岡山県,倉敷市,,,,133.808258,34.57486,75,公設
332020,0100008841,岡山県倉敷市,消火栓,332020,,倉敷市藤戸町天城３７番地３,岡山県,倉敷市,,,,133.807728,34.562066,100,公設
332020,0100008842,岡山県倉敷市,消火栓,332020,,倉敷市新田２４９７－１,岡山県,倉敷市,,,,133.773087,34.581108,75,公設
332020,0100008843,岡山県倉敷市,消火栓,332020,,倉敷市福井５－８,岡山県,倉敷市,,,,133.754848,34.567527,150,公設
332020,0100008844,岡山県倉敷市,消火栓,332020,,倉敷市木見５７３番地３,岡山県,倉敷市,,,,133.820665,34.528357,200,公設
332020,0100008845,岡山県倉敷市,消火栓,332020,,倉敷市西中新田５１１－７,岡山県,倉敷市,,,,133.767156,34.583198,150,公設
332020,0100008846,岡山県倉敷市,消火栓,332020,,倉敷市西中新田４５９－５,岡山県,倉敷市,,,,133.765418,34.582993,150,公設
332020,0100008847,岡山県倉敷市,消火栓,332020,,倉敷市水江１３１０,岡山県,倉敷市,,,,133.743113,34.597556,75,公設
332020,0100008848,岡山県倉敷市,消火栓,332020,,倉敷市堀南９８０－１０,岡山県,倉敷市,,,,133.75748,34.56731,100,公設
332020,0100008849,岡山県倉敷市,消火栓,332020,,倉敷市児島小川４丁目２８８３－１,岡山県,倉敷市,,,,133.811368,34.476269,100,公設
332020,0100008854,岡山県倉敷市,消火栓,332020,,倉敷市真備町箭田１６１４－４,岡山県,倉敷市,,,,133.690218,34.632609,100,公設
332020,0100008855,岡山県倉敷市,消火栓,332020,,倉敷市鶴の浦２丁目２－８,岡山県,倉敷市,,,,133.704015,34.543585,75,公設
332020,0100008856,岡山県倉敷市,消火栓,332020,,倉敷市中帯江８３３－１２,岡山県,倉敷市,,,,133.79864,34.604102,150,公設
332020,0100008857,岡山県倉敷市,消火栓,332020,,倉敷市藤戸町天城４９３－２９,岡山県,倉敷市,,,,133.807972,34.566827,100,公設
332020,0100008859,岡山県倉敷市,消火栓,332020,,倉敷市二子１６５７番地,岡山県,倉敷市,,,,133.811635,34.643312,150,公設
332020,0100008860,岡山県倉敷市,消火栓,332020,,倉敷市中庄２３９５－１,岡山県,倉敷市,,,,133.795807,34.620237,200,公設
332020,0100008861,岡山県倉敷市,消火栓,332020,,倉敷市中島１４４７番地１,岡山県,倉敷市,,,,133.730474,34.577718,150,公設
332020,0100008864,岡山県倉敷市,消火栓,332020,,倉敷市藤戸町藤戸１５８８,岡山県,倉敷市,,,,133.823844,34.558678,75,公設
332020,0100008865,岡山県倉敷市,消火栓,332020,,倉敷市児島下の町４丁目１２番３６号,岡山県,倉敷市,,,,133.816045,34.482573,100,公設
332020,0100008866,岡山県倉敷市,消火栓,332020,,倉敷市児島上の町３丁目７番,岡山県,倉敷市,,,,133.820511,34.494339,75,公設
332020,0100008867,岡山県倉敷市,消火栓,332020,,倉敷市玉島爪崎１４１番地５号,岡山県,倉敷市,,,,133.674185,34.56429,150,公設
332020,0100008868,岡山県倉敷市,消火栓,332020,,倉敷市上富井２１８番地１,岡山県,倉敷市,,,,133.748517,34.584088,75,公設
332020,0100008870,岡山県倉敷市,消火栓,332020,,倉敷市白楽町３６６－５,岡山県,倉敷市,,,,133.769125,34.586613,75,公設
332020,0100008871,岡山県倉敷市,消火栓,332020,,倉敷市生坂５９９番地,岡山県,倉敷市,,,,133.789213,34.622036,100,公設
332020,0100008872,岡山県倉敷市,消火栓,332020,,倉敷市有城４９０番地,岡山県,倉敷市,,,,133.799329,34.570483,100,公設
332020,0100008873,岡山県倉敷市,消火栓,332020,,倉敷市玉島勇崎１４５２番地,岡山県,倉敷市,,,,133.663042,34.52169,75,公設
332020,0100008874,岡山県倉敷市,消火栓,332020,,倉敷市新田３１９０,岡山県,倉敷市,,,,133.780674,34.573952,75,公設
332020,0100008875,岡山県倉敷市,消火栓,332020,,倉敷市連島中央２丁目１番地６,岡山県,倉敷市,,,,133.732586,34.54893,75,公設
332020,0100008876,岡山県倉敷市,消火栓,332020,,倉敷市連島町鶴新田７３８番地１,岡山県,倉敷市,,,,133.714984,34.5477,75,公設
332020,0100008877,岡山県倉敷市,消火栓,332020,,倉敷市玉島乙島８２６４－７,岡山県,倉敷市,,,,133.672169,34.49476,150,公設
332020,0100008878,岡山県倉敷市,消火栓,332020,,倉敷市玉島乙島８２６４－７,岡山県,倉敷市,,,,133.670888,34.493702,150,公設
332020,0100008879,岡山県倉敷市,消火栓,332020,,倉敷市玉島乙島８２６４－７,岡山県,倉敷市,,,,133.670864,34.491664,150,公設
332020,0100008880,岡山県倉敷市,消火栓,332020,,倉敷市黒崎２６７番地８,岡山県,倉敷市,,,,133.790107,34.604671,75,公設
332020,0100008881,岡山県倉敷市,消火栓,332020,,倉敷市中畝９丁目４番４２号,岡山県,倉敷市,,,,133.751409,34.532839,75,公設
332020,0100008882,岡山県倉敷市,消火栓,332020,,倉敷市老松町５丁目５８１番６号,岡山県,倉敷市,,,,133.756732,34.595181,75,公設
332020,0100008883,岡山県倉敷市,消火栓,332020,,倉敷市福島５１１－１,岡山県,倉敷市,,,,133.785357,34.603346,100,公設
332020,0100008884,岡山県倉敷市,消火栓,332020,,倉敷市西阿知町西原５３４番地１０,岡山県,倉敷市,,,,133.720565,34.588354,75,公設
332020,0100008885,岡山県倉敷市,消火栓,332020,,倉敷市東塚３丁目１８番４１号,岡山県,倉敷市,,,,133.761212,34.528486,75,公設
332020,0100008886,岡山県倉敷市,消火栓,332020,,倉敷市四十瀬２９５－５,岡山県,倉敷市,,,,133.747353,34.586654,100,公設
332020,0100008887,岡山県倉敷市,消火栓,332020,,倉敷市福田町古新田１６９番地２１,岡山県,倉敷市,,,,133.757131,34.542949,75,公設
332020,0100008888,岡山県倉敷市,消火栓,332020,,倉敷市福田町古新田６７２番地１,岡山県,倉敷市,,,,133.764926,34.540291,150,公設
332020,0100008889,岡山県倉敷市,消火栓,332020,,倉敷市亀山５４８番地,岡山県,倉敷市,,,,133.802421,34.585235,150,公設
332020,0100008891,岡山県倉敷市,消火栓,332020,,倉敷市連島町西之浦６０１,岡山県,倉敷市,,,,133.714493,34.548719,200,公設
332020,0100008892,岡山県倉敷市,消火栓,332020,,倉敷市福田町古新田３７８－３,岡山県,倉敷市,,,,133.760805,34.537622,100,公設
332020,0100008893,岡山県倉敷市,消火栓,332020,,倉敷市玉島乙島２０３０番地,岡山県,倉敷市,,,,133.678631,34.533029,100,公設
332020,0100008894,岡山県倉敷市,消火栓,332020,,倉敷市真備町尾崎８１２番地１６,岡山県,倉敷市,,,,133.676697,34.625716,100,公設
332020,0100008895,岡山県倉敷市,消火栓,332020,,倉敷市福田町古新田６０９番地,岡山県,倉敷市,,,,133.765853,34.544018,100,公設
332020,0100008896,岡山県倉敷市,消火栓,332020,,倉敷市笹沖５５０－４,岡山県,倉敷市,,,,133.771816,34.57091,150,公設
332020,0100008897,岡山県倉敷市,消火栓,332020,,倉敷市中庄３２２５－２５,岡山県,倉敷市,,,,133.802951,34.62394,75,公設
332020,0100008900,岡山県倉敷市,消火栓,332020,,倉敷市林２６９番地,岡山県,倉敷市,,,,133.818058,34.544919,75,公設
332020,0100008901,岡山県倉敷市,消火栓,332020,,倉敷市福田町古新田３７０,岡山県,倉敷市,,,,133.760486,34.538601,75,公設
332020,0100008902,岡山県倉敷市,消火栓,332020,,倉敷市中島２５４２－３,岡山県,倉敷市,,,,133.740203,34.575141,150,公設
332020,0100008903,岡山県倉敷市,消火栓,332020,,倉敷市西阿知町１０３０番地１０,岡山県,倉敷市,,,,133.727785,34.589187,75,公設
332020,0100008904,岡山県倉敷市,消火栓,332020,,倉敷市新田２５４２番地２号,岡山県,倉敷市,,,,133.772049,34.579361,75,公設
332020,0100008905,岡山県倉敷市,消火栓,332020,,倉敷市鶴の浦２丁目５５番３８,岡山県,倉敷市,,,,133.705658,34.54542,75,公設
332020,0100008906,岡山県倉敷市,消火栓,332020,,倉敷市鶴の浦２丁目５５番３８,岡山県,倉敷市,,,,133.706948,34.545283,200,公設
332020,0100008907,岡山県倉敷市,消火栓,332020,,倉敷市西坂１３７４－２,岡山県,倉敷市,,,,133.774626,34.64381,75,公設
332020,0100008908,岡山県倉敷市,消火栓,332020,,倉敷市西阿知町８２２,岡山県,倉敷市,,,,133.731002,34.591514,100,公設
332020,0100008909,岡山県倉敷市,消火栓,332020,,倉敷市児島宇野津２０３０番地１０,岡山県,倉敷市,,,,133.768297,34.501837,75,公設
332020,0100008910,岡山県倉敷市,消火栓,332020,,倉敷市児島宇野津２０３０番地２９,岡山県,倉敷市,,,,133.76813,34.500311,75,公設
332020,0100008911,岡山県倉敷市,消火栓,332020,,倉敷市児島宇野津２０３０番地２９,岡山県,倉敷市,,,,133.766153,34.500527,75,公設
332020,0100008912,岡山県倉敷市,消火栓,332020,,倉敷市児島宇野津３００３番地３０,岡山県,倉敷市,,,,133.764461,34.500644,75,公設
332020,0100008913,岡山県倉敷市,消火栓,332020,,倉敷市児島宇野津２０３０番地４９,岡山県,倉敷市,,,,133.765034,34.502142,75,公設
332020,0100008914,岡山県倉敷市,消火栓,332020,,倉敷市西岡２５６番地１４,岡山県,倉敷市,,,,133.769342,34.614625,75,公設
332020,0100008915,岡山県倉敷市,消火栓,332020,,倉敷市真備町箭田３４３５－６,岡山県,倉敷市,,,,133.68434,34.631606,75,公設
332020,0100008916,岡山県倉敷市,消火栓,332020,,倉敷市玉島乙島５２３７番地,岡山県,倉敷市,,,,133.690112,34.544715,250,公設
332020,0100008917,岡山県倉敷市,消火栓,332020,,倉敷市玉島乙島５２２１番地,岡山県,倉敷市,,,,133.688923,34.543101,200,公設
332020,0100008919,岡山県倉敷市,消火栓,332020,,倉敷市玉島柏島６０７６－５５,岡山県,倉敷市,,,,133.652551,34.524858,75,公設
332020,0100008920,岡山県倉敷市,消火栓,332020,,倉敷市真備町川辺９１番地,岡山県,倉敷市,,,,133.714541,34.639758,150,公設
332020,0100008921,岡山県倉敷市,消火栓,332020,,倉敷市連島町鶴新田４７６番地９号,岡山県,倉敷市,,,,133.711455,34.539069,75,公設
332020,0100008922,岡山県倉敷市,消火栓,332020,,倉敷市亀山２４８番地３,岡山県,倉敷市,,,,133.799096,34.582385,150,公設
332020,0100008923,岡山県倉敷市,消火栓,332020,,倉敷市早高９５番地２,岡山県,倉敷市,,,,133.814637,34.584038,75,公設
332020,0100008924,岡山県倉敷市,消火栓,332020,,倉敷市幸町７－１３,岡山県,倉敷市,,,,133.773222,34.605847,75,公設
332020,0100008925,岡山県倉敷市,消火栓,332020,,倉敷市幸町８－３,岡山県,倉敷市,,,,133.774408,34.607828,75,公設
332020,0100008926,岡山県倉敷市,消火栓,332020,,倉敷市昭和１丁目２－２２,岡山県,倉敷市,,,,133.771122,34.604264,250,公設
332020,0100008927,岡山県倉敷市,消火栓,332020,,倉敷市生坂１４５１番地,岡山県,倉敷市,,,,133.781884,34.630998,75,公設
332020,0100008928,岡山県倉敷市,消火栓,332020,,倉敷市祐安９８４番地４,岡山県,倉敷市,,,,133.761611,34.615333,75,公設
332020,0100008930,岡山県倉敷市,消火栓,332020,,倉敷市亀山８４－１,岡山県,倉敷市,,,,133.80329,34.574101,100,公設
332020,0100008931,岡山県倉敷市,消火栓,332020,,倉敷市鶴の浦２丁目５番,岡山県,倉敷市,,,,133.706062,34.543612,100,公設
332020,0100008932,岡山県倉敷市,消火栓,332020,,倉敷市上東５０６番地１,岡山県,倉敷市,,,,133.825937,34.650393,75,公設
332020,0100008936,岡山県倉敷市,消火栓,332020,,倉敷市中島１８３２番地２６,岡山県,倉敷市,,,,133.728227,34.574227,100,公設
332020,0100008937,岡山県倉敷市,消火栓,332020,,倉敷市西阿知町１１１３番地２,岡山県,倉敷市,,,,133.725962,34.586114,100,公設
332020,0100008938,岡山県倉敷市,消火栓,332020,,倉敷市片島町２０８番地８,岡山県,倉敷市,,,,133.717221,34.572255,150,公設
332020,0100008939,岡山県倉敷市,消火栓,332020,,倉敷市松江１丁目２３番２２号,岡山県,倉敷市,,,,133.759582,34.517931,250,公設
332020,0100008940,岡山県倉敷市,消火栓,332020,,倉敷市大島８６－４,岡山県,倉敷市,,,,133.779932,34.608807,75,公設
332020,0100008941,岡山県倉敷市,消火栓,332020,,倉敷市東富井１０４３－２９,岡山県,倉敷市,,,,133.753974,34.571586,100,公設
332020,0100008942,岡山県倉敷市,消火栓,332020,,倉敷市連島町鶴新田１０８１－７,岡山県,倉敷市,,,,133.716849,34.544206,75,公設
332020,0100008943,岡山県倉敷市,消火栓,332020,,倉敷市福田町福田２２９０－１,岡山県,倉敷市,,,,133.763282,34.549348,75,公設
332020,0100008944,岡山県倉敷市,消火栓,332020,,倉敷市天城台１丁目２番地１１号,岡山県,倉敷市,,,,133.807303,34.570729,75,公設
332020,0100008945,岡山県倉敷市,消火栓,332020,,倉敷市玉島乙島６６８０－６２,岡山県,倉敷市,,,,133.687567,34.539275,100,公設
332020,0100008946,岡山県倉敷市,消火栓,332020,,倉敷市上富井５０９－６６,岡山県,倉敷市,,,,133.744266,34.581536,75,公設
332020,0100008947,岡山県倉敷市,消火栓,332020,,倉敷市南畝１丁目１６－３７,岡山県,倉敷市,,,,133.740685,34.518566,75,公設
332020,0100008948,岡山県倉敷市,消火栓,332020,,倉敷市片島町８１５,岡山県,倉敷市,,,,133.714971,34.575047,100,公設
332020,0100008950,岡山県倉敷市,消火栓,332020,,倉敷市下庄１４８,岡山県,倉敷市,,,,133.833345,34.642649,150,公設
332020,0100008954,岡山県倉敷市,消火栓,332020,,倉敷市真備町岡田１２３７,岡山県,倉敷市,,,,133.699082,34.649532,100,公設
332020,0100008955,岡山県倉敷市,消火栓,332020,,倉敷市中島１２１５番地１１,岡山県,倉敷市,,,,133.731543,34.582257,75,公設
332020,0100008956,岡山県倉敷市,消火栓,332020,,倉敷市真備町市場５６９－１,岡山県,倉敷市,,,,133.688344,34.647796,75,公設
332020,0100008957,岡山県倉敷市,消火栓,332020,,倉敷市白楽町１３２,岡山県,倉敷市,,,,133.763959,34.585746,75,公設
332020,0100008958,岡山県倉敷市,消火栓,332020,,倉敷市帯高４３４－３,岡山県,倉敷市,,,,133.806416,34.581951,75,公設
332020,0100008959,岡山県倉敷市,消火栓,332020,,倉敷市東富井１００５－１,岡山県,倉敷市,,,,133.755144,34.570358,150,公設
332020,0100008961,岡山県倉敷市,消火栓,332020,,倉敷市片島町３番５号,岡山県,倉敷市,,,,133.723333,34.577033,75,公設
332020,0100008962,岡山県倉敷市,消火栓,332020,,倉敷市東塚１丁目２－４５,岡山県,倉敷市,,,,133.755646,34.524269,75,公設
332020,0100008963,岡山県倉敷市,消火栓,332020,,倉敷市児島味野山田町２３０１番地,岡山県,倉敷市,,,,133.793676,34.471813,100,公設
332020,0100008964,岡山県倉敷市,消火栓,332020,,倉敷市安江４７４番地１,岡山県,倉敷市,,,,133.748731,34.596274,100,公設
332020,0100008965,岡山県倉敷市,消火栓,332020,,倉敷市片島町１０３６番地１２３,岡山県,倉敷市,,,,133.713695,34.569309,200,公設
332020,0100008966,岡山県倉敷市,消火栓,332020,,倉敷市中庄１１８９－３,岡山県,倉敷市,,,,133.7929,34.62065,75,公設
332020,0100008968,岡山県倉敷市,消火栓,332020,,倉敷市玉島阿賀崎２３２５,岡山県,倉敷市,,,,133.651398,34.542196,200,公設
332020,0100008969,岡山県倉敷市,消火栓,332020,,倉敷市福島４９２－７,岡山県,倉敷市,,,,133.786644,34.60549,300,公設
332020,0100008971,岡山県倉敷市,消火栓,332020,,倉敷市笹沖１３３９－１,岡山県,倉敷市,,,,133.768179,34.58141,150,公設
332020,0100008972,岡山県倉敷市,消火栓,332020,,倉敷市新田３２６２,岡山県,倉敷市,,,,133.780987,34.57691,75,公設
332020,0100008991,岡山県倉敷市,消火栓,332020,,倉敷市玉島乙島６３６３－１７,岡山県,倉敷市,,,,133.693559,34.550305,100,公設
332020,0100008993,岡山県倉敷市,消火栓,332020,,倉敷市玉島阿賀崎２４０１番地,岡山県,倉敷市,,,,133.657238,34.547282,75,公設
332020,0100008994,岡山県倉敷市,消火栓,332020,,倉敷市児島駅前１丁目,岡山県,倉敷市,,,,133.808108,34.463224,75,公設
332020,0100008996,岡山県倉敷市,消火栓,332020,,倉敷市玉島乙島８２６５番地,岡山県,倉敷市,,,,133.679787,34.495573,150,公設
332020,0100008997,岡山県倉敷市,消火栓,332020,,倉敷市玉島乙島８２６７,岡山県,倉敷市,,,,133.681792,34.495575,150,公設
332020,0100008998,岡山県倉敷市,消火栓,332020,,倉敷市黒崎１８番地１,岡山県,倉敷市,,,,133.788154,34.604248,100,公設
332020,0100009000,岡山県倉敷市,消火栓,332020,,倉敷市下庄６２４－１,岡山県,倉敷市,,,,133.822243,34.637668,150,公設
332020,0100009001,岡山県倉敷市,消火栓,332020,,倉敷市二子１８９－１,岡山県,倉敷市,,,,133.811116,34.637159,100,公設
332020,0100009002,岡山県倉敷市,消火栓,332020,,倉敷市連島３丁目７番地７号,岡山県,倉敷市,,,,133.741875,34.550845,75,公設
332020,0100009003,岡山県倉敷市,消火栓,332020,,倉敷市真備町岡田７２８－６,岡山県,倉敷市,,,,133.709039,34.648919,75,公設
332020,0100009004,岡山県倉敷市,消火栓,332020,,倉敷市広江７丁目７番,岡山県,倉敷市,,,,133.787146,34.525463,75,公設
332020,0100009006,岡山県倉敷市,消火栓,332020,,倉敷市茶屋町１７９１－１,岡山県,倉敷市,,,,133.825915,34.587984,100,公設
332020,0100009007,岡山県倉敷市,消火栓,332020,,倉敷市串田９４０番地４,岡山県,倉敷市,,,,133.815798,34.550069,100,公設
332020,0100009011,岡山県倉敷市,消火栓,332020,,倉敷市矢部５６３番地１,岡山県,倉敷市,,,,133.819795,34.662597,75,公設
332020,0100009012,岡山県倉敷市,消火栓,332020,,倉敷市中島２６５４番地,岡山県,倉敷市,,,,133.742786,34.571287,100,公設
332020,0100009013,岡山県倉敷市,消火栓,332020,,倉敷市菰池３丁目４３４番地,岡山県,倉敷市,,,,133.788214,34.456219,75,公設
332020,0100009014,岡山県倉敷市,消火栓,332020,,倉敷市田ノ上７７０,岡山県,倉敷市,,,,133.760107,34.589137,100,公設
332020,0100009016,岡山県倉敷市,消火栓,332020,,倉敷市真備町箭田１０２２－２,岡山県,倉敷市,,,,133.694329,34.630426,75,公設
332020,0100009017,岡山県倉敷市,消火栓,332020,,倉敷市東塚１丁目１０－３０,岡山県,倉敷市,,,,133.760279,34.524115,75,公設
332020,0100009018,岡山県倉敷市,消火栓,332020,,倉敷市南畝２丁目２番地１５,岡山県,倉敷市,,,,133.744119,34.524798,75,公設
332020,0100009019,岡山県倉敷市,消火栓,332020,,倉敷市真備町尾崎１８４５番地,岡山県,倉敷市,,,,133.667974,34.625982,75,公設
332020,0100009020,岡山県倉敷市,消火栓,332020,,倉敷市呼松１丁目１０番地４,岡山県,倉敷市,,,,133.771445,34.513182,150,公設
332020,0100009021,岡山県倉敷市,消火栓,332020,,倉敷市真備町箭田２３８９,岡山県,倉敷市,,,,133.682181,34.636275,75,公設
332020,0100009022,岡山県倉敷市,消火栓,332020,,倉敷市玉島道越９２９番地１,岡山県,倉敷市,,,,133.646935,34.548312,75,公設
332020,0100009023,岡山県倉敷市,消火栓,332020,,倉敷市玉島道越９４４番地５,岡山県,倉敷市,,,,133.645643,34.549809,150,公設
332020,0100009024,岡山県倉敷市,消火栓,332020,,倉敷市真備町箭田４５７３－２,岡山県,倉敷市,,,,133.690828,34.624423,75,公設
332020,0100009025,岡山県倉敷市,消火栓,332020,,倉敷市酒津２８２７,岡山県,倉敷市,,,,133.750916,34.613632,200,公設
332020,0100009026,岡山県倉敷市,消火栓,332020,,倉敷市西阿知町７９４番地,岡山県,倉敷市,,,,133.730719,34.594621,75,公設
332020,0100009027,岡山県倉敷市,消火栓,332020,,倉敷市玉島乙島８２６４－７,岡山県,倉敷市,,,,133.676216,34.494666,150,公設
332020,0100009028,岡山県倉敷市,消火栓,332020,,倉敷市玉島乙島８２６４－７,岡山県,倉敷市,,,,133.674038,34.494694,150,公設
332020,0100009029,岡山県倉敷市,消火栓,332020,,倉敷市松江４丁目２番地６０,岡山県,倉敷市,,,,133.768394,34.52064,100,公設
332020,0100009030,岡山県倉敷市,消火栓,332020,,倉敷市玉島黒崎１０９００,岡山県,倉敷市,,,,133.616564,34.497984,75,公設
332020,0100009033,岡山県倉敷市,消火栓,332020,,倉敷市玉島八島１７７５,岡山県,倉敷市,,,,133.659527,34.560523,75,公設
332020,0100009055,岡山県倉敷市,消火栓,332020,,倉敷市茶屋町早沖１２０２番,岡山県,倉敷市,,,,133.839267,34.589301,150,公設
332020,0100009056,岡山県倉敷市,消火栓,332020,,倉敷市平田８５５,岡山県,倉敷市,,,,133.784523,34.618165,100,公設
332020,0100009061,岡山県倉敷市,消火栓,332020,,倉敷市片島町９２５－１,岡山県,倉敷市,,,,133.715563,34.573642,75,公設
332020,0100009062,岡山県倉敷市,消火栓,332020,,倉敷市有城６３８－３,岡山県,倉敷市,,,,133.796654,34.571446,75,公設
332020,0100009063,岡山県倉敷市,消火栓,332020,,倉敷市南畝２丁目１４－３１,岡山県,倉敷市,,,,133.743744,34.518467,75,公設
332020,0100009064,岡山県倉敷市,消火栓,332020,,倉敷市林２５３番地１,岡山県,倉敷市,,,,133.817082,34.545757,75,公設
332020,0100009065,岡山県倉敷市,消火栓,332020,,倉敷市児島塩生１０４０番地,岡山県,倉敷市,,,,133.777726,34.472086,150,公設
332020,0100009066,岡山県倉敷市,消火栓,332020,,倉敷市西阿知町１３５－３,岡山県,倉敷市,,,,133.739394,34.596903,75,公設
332020,0100009067,岡山県倉敷市,消火栓,332020,,倉敷市福田町古新田７２４番地,岡山県,倉敷市,,,,133.762682,34.533389,75,公設
332020,0100009069,岡山県倉敷市,消火栓,332020,,倉敷市連島町鶴新田３７５番地,岡山県,倉敷市,,,,133.709524,34.539544,75,公設
332020,0100009070,岡山県倉敷市,消火栓,332020,,倉敷市児島通生１０７１番地,岡山県,倉敷市,,,,133.778304,34.462425,75,公設
332020,0100009071,岡山県倉敷市,消火栓,332020,,倉敷市南畝２丁目２番地２３,岡山県,倉敷市,,,,133.744928,34.523817,100,公設
332020,0100009072,岡山県倉敷市,消火栓,332020,,倉敷市福田町古新田９９９－４,岡山県,倉敷市,,,,133.770971,34.537837,75,公設
332020,0100009073,岡山県倉敷市,消火栓,332020,,倉敷市上東５０５番９号,岡山県,倉敷市,,,,133.825103,34.649154,100,公設
332020,0100009074,岡山県倉敷市,消火栓,332020,,倉敷市中庄３５９７－１,岡山県,倉敷市,,,,133.804087,34.626876,150,公設
332020,0100009075,岡山県倉敷市,消火栓,332020,,倉敷市西岡１１３９番地,岡山県,倉敷市,,,,133.770459,34.615906,150,公設
332020,0100009076,岡山県倉敷市,消火栓,332020,,倉敷市片島町１０１６番地５,岡山県,倉敷市,,,,133.711443,34.568139,200,公設
332020,0100009077,岡山県倉敷市,消火栓,332020,,倉敷市大島６９,岡山県,倉敷市,,,,133.778861,34.607186,75,公設
332020,0100009078,岡山県倉敷市,消火栓,332020,,倉敷市松島１１４４番１号,岡山県,倉敷市,,,,133.803778,34.628287,100,公設
332020,0100009079,岡山県倉敷市,消火栓,332020,,倉敷市連島町亀島新田１６８－３,岡山県,倉敷市,,,,133.727932,34.551024,75,公設
332020,0100009080,岡山県倉敷市,消火栓,332020,,倉敷市上東３７７－７,岡山県,倉敷市,,,,133.828504,34.649019,100,公設
332020,0100009081,岡山県倉敷市,消火栓,332020,,倉敷市玉島阿賀崎１７７５,岡山県,倉敷市,,,,133.657042,34.544491,75,公設
332020,0100009082,岡山県倉敷市,消火栓,332020,,倉敷市片島町９１６－１１,岡山県,倉敷市,,,,133.714028,34.572574,75,公設
332020,0100009083,岡山県倉敷市,消火栓,332020,,倉敷市白楽町２５０,岡山県,倉敷市,,,,133.765536,34.588798,100,公設
332020,0100009084,岡山県倉敷市,消火栓,332020,,倉敷市松江１丁目１３－１１,岡山県,倉敷市,,,,133.759076,34.520012,100,公設
332020,0100009085,岡山県倉敷市,消火栓,332020,,倉敷市玉島柏島２７７１番地,岡山県,倉敷市,,,,133.650731,34.540742,75,公設
332020,0100009087,岡山県倉敷市,消火栓,332020,,倉敷市林２８０番地５,岡山県,倉敷市,,,,133.815885,34.545305,75,公設
332020,0100009088,岡山県倉敷市,消火栓,332020,,倉敷市白楽町７３２,岡山県,倉敷市,,,,133.759625,34.591007,100,公設
332020,0100009089,岡山県倉敷市,消火栓,332020,,倉敷市粒江,岡山県,倉敷市,,,,133.794964,34.564191,75,公設
332020,0100009090,岡山県倉敷市,消火栓,332020,,倉敷市船穂町船穂８３６－１０,岡山県,倉敷市,,,,133.70002,34.571708,75,公設
332020,0100009091,岡山県倉敷市,消火栓,332020,,倉敷市中央２丁目２１－２６,岡山県,倉敷市,,,,133.770715,34.590577,75,公設
332020,0100009092,岡山県倉敷市,消火栓,332020,,倉敷市南畝２丁目１２－２４,岡山県,倉敷市,,,,133.743311,34.519545,100,公設
332020,0100009093,岡山県倉敷市,消火栓,332020,,倉敷市二子１１３７－１,岡山県,倉敷市,,,,133.80352,34.630564,300,公設
332020,0100009094,岡山県倉敷市,消火栓,332020,,倉敷市片島町８０番４号,岡山県,倉敷市,,,,133.721085,34.574204,100,公設
332020,0100009098,岡山県倉敷市,消火栓,332020,,倉敷市西阿知町１０５９,岡山県,倉敷市,,,,133.72918,34.585642,75,公設
332020,0100009099,岡山県倉敷市,消火栓,332020,,倉敷市南畝３丁目１４－１０,岡山県,倉敷市,,,,133.745777,34.518217,75,公設
332020,0100009101,岡山県倉敷市,消火栓,332020,,倉敷市山地１６－２,岡山県,倉敷市,,,,133.82242,34.650485,100,公設
332020,0100009103,岡山県倉敷市,消火栓,332020,,倉敷市笹沖７２２,岡山県,倉敷市,,,,133.767037,34.577566,100,公設
332020,0100009104,岡山県倉敷市,消火栓,332020,,倉敷市黒石９０１－４,岡山県,倉敷市,,,,133.771378,34.566008,100,公設
332020,0100009105,岡山県倉敷市,消火栓,332020,,倉敷市松島１０５５－２,岡山県,倉敷市,,,,133.806232,34.628687,200,公設
332020,0100009106,岡山県倉敷市,消火栓,332020,,倉敷市川入８１５番地５,岡山県,倉敷市,,,,133.758891,34.607729,100,公設
332020,0100009107,岡山県倉敷市,消火栓,332020,,倉敷市藤戸町藤戸１０９１－９,岡山県,倉敷市,,,,133.820342,34.557738,75,公設
332020,0100009109,岡山県倉敷市,消火栓,332020,,倉敷市三田１２６番地１,岡山県,倉敷市,,,,133.798861,34.629931,100,公設
332020,0100009110,岡山県倉敷市,消火栓,332020,,倉敷市三田６９８番地１,岡山県,倉敷市,,,,133.793857,34.630906,75,公設
332020,0100009111,岡山県倉敷市,消火栓,332020,,倉敷市茶屋町２１５６,岡山県,倉敷市,,,,133.825681,34.58883,75,公設
332020,0100009112,岡山県倉敷市,消火栓,332020,,倉敷市児島稗田町７３０番地８,岡山県,倉敷市,,,,133.806624,34.49659,75,公設
332020,0100009113,岡山県倉敷市,消火栓,332020,,倉敷市大内１１２１－１,岡山県,倉敷市,,,,133.755555,34.606683,100,公設
332020,0100009114,岡山県倉敷市,消火栓,332020,,倉敷市八軒屋１７２番地,岡山県,倉敷市,,,,133.786351,34.574442,100,公設
332020,0100009115,岡山県倉敷市,消火栓,332020,,倉敷市連島町鶴新田３０６０番地,岡山県,倉敷市,,,,133.712851,34.528901,75,公設
332020,0100009116,岡山県倉敷市,消火栓,332020,,倉敷市亀山３６０－１,岡山県,倉敷市,,,,133.801644,34.583199,300,公設
332020,0100009117,岡山県倉敷市,消火栓,332020,,倉敷市連島町鶴新田２８５７－７,岡山県,倉敷市,,,,133.705632,34.536266,100,公設
332020,0100009118,岡山県倉敷市,消火栓,332020,,倉敷市玉島勇崎４１８,岡山県,倉敷市,,,,133.645945,34.531969,75,公設
332020,0100009119,岡山県倉敷市,消火栓,332020,,倉敷市上東５６６番地,岡山県,倉敷市,,,,133.827747,34.649787,75,公設
332020,0100009120,岡山県倉敷市,消火栓,332020,,倉敷市福井３９９番地,岡山県,倉敷市,,,,133.747309,34.566153,75,公設
332020,0100009121,岡山県倉敷市,消火栓,332020,,倉敷市下庄７２１－３,岡山県,倉敷市,,,,133.826934,34.637742,75,公設
332020,0100009122,岡山県倉敷市,消火栓,332020,,倉敷市真備町上二万３１０５番地２９,岡山県,倉敷市,,,,133.713452,34.6028,75,公設
332020,0100009123,岡山県倉敷市,消火栓,332020,,倉敷市真備町上二万３１０５番地１４１,岡山県,倉敷市,,,,133.714532,34.601756,150,公設
332020,0100009125,岡山県倉敷市,消火栓,332020,,倉敷市真備町上二万３１０５－１６３,岡山県,倉敷市,,,,133.714412,34.601056,75,公設
332020,0100009126,岡山県倉敷市,消火栓,332020,,倉敷市有城１２６５,岡山県,倉敷市,,,,133.79784,34.576982,75,公設
332020,0100009127,岡山県倉敷市,消火栓,332020,,倉敷市大島６４２－１,岡山県,倉敷市,,,,133.776915,34.608276,100,公設
332020,0100009129,岡山県倉敷市,消火栓,332020,,倉敷市安江３５０,岡山県,倉敷市,,,,133.749972,34.59482,75,公設
332020,0100009130,岡山県倉敷市,消火栓,332020,,倉敷市児島下の町７丁目１４番１号,岡山県,倉敷市,,,,133.827429,34.47758,75,公設
332020,0100009131,岡山県倉敷市,消火栓,332020,,倉敷市吉岡２８８－６,岡山県,倉敷市,,,,133.769965,34.566278,75,公設
332020,0100009132,岡山県倉敷市,消火栓,332020,,倉敷市玉島乙島８２６３番地２９,岡山県,倉敷市,,,,133.677603,34.493622,200,公設
332020,0100009133,岡山県倉敷市,消火栓,332020,,倉敷市玉島乙島８２６３番地２８,岡山県,倉敷市,,,,133.676734,34.492319,100,公設
332020,0100009134,岡山県倉敷市,消火栓,332020,,倉敷市船穂町船穂１２３１－１,岡山県,倉敷市,,,,133.696915,34.575686,100,公設
332020,0100009135,岡山県倉敷市,消火栓,332020,,倉敷市船穂町船穂１２３１－１,岡山県,倉敷市,,,,133.695973,34.575062,100,公設
332020,0100009136,岡山県倉敷市,消火栓,332020,,倉敷市真備町上二万３０９１番地６１,岡山県,倉敷市,,,,133.71243,34.601859,150,公設
332020,0100009137,岡山県倉敷市,消火栓,332020,,倉敷市茶屋町早沖１４９８,岡山県,倉敷市,,,,133.840535,34.586693,150,公設
332020,0100009138,岡山県倉敷市,消火栓,332020,,倉敷市茶屋町早沖１６７８－８,岡山県,倉敷市,,,,133.842193,34.589776,75,公設
332020,0100009139,岡山県倉敷市,消火栓,332020,,倉敷市中庄１９２０－２２,岡山県,倉敷市,,,,133.794833,34.615471,100,公設
332020,0100009140,岡山県倉敷市,消火栓,332020,,倉敷市中庄１９２０－７４,岡山県,倉敷市,,,,133.79489,34.616361,150,公設
332020,0100009141,岡山県倉敷市,消火栓,332020,,倉敷市加須山４６,岡山県,倉敷市,,,,133.800393,34.593418,100,公設
332020,0100009142,岡山県倉敷市,消火栓,332020,,倉敷市真備町岡田１１５,岡山県,倉敷市,,,,133.706665,34.641348,75,公設
332020,0100009143,岡山県倉敷市,消火栓,332020,,倉敷市連島町連島,岡山県,倉敷市,,,,133.742221,34.560235,100,公設
332020,0100009144,岡山県倉敷市,消火栓,332020,,倉敷市児島由加３１８８－３,岡山県,倉敷市,,,,133.845461,34.498356,75,公設
332020,0100009145,岡山県倉敷市,消火栓,332020,,倉敷市松島１１７７,岡山県,倉敷市,,,,133.801409,34.630067,100,公設
332020,0100009146,岡山県倉敷市,消火栓,332020,,倉敷市片島町９９０－１,岡山県,倉敷市,,,,133.712495,34.569177,200,公設
332020,0100009147,岡山県倉敷市,消火栓,332020,,倉敷市玉島乙島７０８８－８,岡山県,倉敷市,,,,133.686869,34.534973,75,公設
332020,0100009154,岡山県倉敷市,消火栓,332020,,倉敷市真備町有井１６８８,岡山県,倉敷市,,,,133.706253,34.633942,75,公設
332020,0100009155,岡山県倉敷市,消火栓,332020,,倉敷市石見町７－２６,岡山県,倉敷市,,,,133.760557,34.60202,150,公設
332020,0100009156,岡山県倉敷市,消火栓,332020,,倉敷市児島由加１２１６番地,岡山県,倉敷市,,,,133.860042,34.502733,100,公設
332020,0100009169,岡山県倉敷市,消火栓,332020,,倉敷市石見町,岡山県,倉敷市,,,,133.761106,34.600279,200,公設
332020,0100009170,岡山県倉敷市,消火栓,332020,,倉敷市石見町,岡山県,倉敷市,,,,133.762316,34.600212,100,公設
332020,0100009171,岡山県倉敷市,消火栓,332020,,倉敷市玉島乙島６５７３番地３,岡山県,倉敷市,,,,133.68844,34.540411,150,公設
332020,0100009174,岡山県倉敷市,消火栓,332020,,倉敷市玉島上成８４５－１,岡山県,倉敷市,,,,133.691082,34.558623,75,公設
332020,0100009175,岡山県倉敷市,消火栓,332020,,倉敷市玉島八島７７１－１,岡山県,倉敷市,,,,133.676557,34.55478,75,公設
332020,0100009177,岡山県倉敷市,消火栓,332020,,倉敷市茶屋町１９４０番地２,岡山県,倉敷市,,,,133.819904,34.567361,100,公設
332020,0100009178,岡山県倉敷市,消火栓,332020,,倉敷市沖３２１－３,岡山県,倉敷市,,,,133.752405,34.58647,75,公設
332020,0100009179,岡山県倉敷市,消火栓,332020,,倉敷市上富井５２－５,岡山県,倉敷市,,,,133.746242,34.584378,75,公設
332020,0100009180,岡山県倉敷市,消火栓,332020,,倉敷市安江４６１－８,岡山県,倉敷市,,,,133.750383,34.592906,75,公設
332020,0100009181,岡山県倉敷市,消火栓,332020,,倉敷市児島白尾５８７番地５,岡山県,倉敷市,,,,133.85125,34.486094,75,公設
332020,0100009183,岡山県倉敷市,消火栓,332020,,倉敷市五日市９８０番地１４,岡山県,倉敷市,,,,133.796987,34.601763,75,公設
332020,0100009184,岡山県倉敷市,消火栓,332020,,倉敷市五日市９１３番地２２,岡山県,倉敷市,,,,133.795878,34.60208,100,公設
332020,0100009185,岡山県倉敷市,消火栓,332020,,倉敷市西中新田２８８－８,岡山県,倉敷市,,,,133.760099,34.581868,100,公設
332020,0100009186,岡山県倉敷市,消火栓,332020,,倉敷市下庄３９０－８,岡山県,倉敷市,,,,133.826,34.640918,100,公設
332020,0100009187,岡山県倉敷市,消火栓,332020,,倉敷市林１２９９番地,岡山県,倉敷市,,,,133.816674,34.525737,100,公設
332020,0100009189,岡山県倉敷市,消火栓,332020,,倉敷市茶屋町１１１５－３,岡山県,倉敷市,,,,133.837267,34.575484,75,公設
332020,0100009190,岡山県倉敷市,消火栓,332020,,倉敷市福田町古新田１０１３－１０,岡山県,倉敷市,,,,133.770355,34.535112,100,公設
332020,0100009191,岡山県倉敷市,消火栓,332020,,倉敷市中島２７９６－２,岡山県,倉敷市,,,,133.741978,34.579096,100,公設
332020,0100009194,岡山県倉敷市,消火栓,332020,,倉敷市連島町鶴新田２２００－１１,岡山県,倉敷市,,,,133.712156,34.53468,100,公設
332020,0100009195,岡山県倉敷市,消火栓,332020,,倉敷市日吉町５１７－８,岡山県,倉敷市,,,,133.759278,34.599821,200,公設
332020,0100009197,岡山県倉敷市,消火栓,332020,,倉敷市五日市８４５番地１２,岡山県,倉敷市,,,,133.794883,34.602067,75,公設
332020,0100009198,岡山県倉敷市,消火栓,332020,,倉敷市石見町,岡山県,倉敷市,,,,133.761188,34.599163,100,公設
332020,0100009199,岡山県倉敷市,消火栓,332020,,倉敷市船穂町柳井原２３２１－８,岡山県,倉敷市,,,,133.721511,34.611238,75,公設
332020,0100009200,岡山県倉敷市,消火栓,332020,,倉敷市石見町５－５,岡山県,倉敷市,,,,133.76324,34.600898,100,公設
332020,0100009201,岡山県倉敷市,消火栓,332020,,倉敷市玉島勇崎２０９番地１,岡山県,倉敷市,,,,133.644182,34.528555,400,公設
332020,0100009203,岡山県倉敷市,消火栓,332020,,倉敷市中島８４６－１,岡山県,倉敷市,,,,133.738496,34.577388,100,公設
332020,0100009204,岡山県倉敷市,消火栓,332020,,倉敷市西坂７５２－６,岡山県,倉敷市,,,,133.775999,34.624684,200,公設
332020,0100009205,岡山県倉敷市,消火栓,332020,,倉敷市中畝７丁目１１番２３号,岡山県,倉敷市,,,,133.754175,34.523326,150,公設
332020,0100009206,岡山県倉敷市,消火栓,332020,,倉敷市沖新町２５番地,岡山県,倉敷市,,,,133.75148,34.584678,75,公設
332020,0100009207,岡山県倉敷市,消火栓,332020,,倉敷市玉島八島８８１－１,岡山県,倉敷市,,,,133.672944,34.554979,100,公設
332020,0100009208,岡山県倉敷市,消火栓,332020,,倉敷市玉島乙島８２６５番地,岡山県,倉敷市,,,,133.678782,34.492327,100,公設
332020,0100009209,岡山県倉敷市,消火栓,332020,,倉敷市玉島乙島８２６５番地,岡山県,倉敷市,,,,133.680673,34.49232,100,公設
332020,0100009210,岡山県倉敷市,消火栓,332020,,倉敷市玉島乙島８２６５番地,岡山県,倉敷市,,,,133.682643,34.492311,100,公設
332020,0100009213,岡山県倉敷市,消火栓,332020,,倉敷市日吉町４２８番地１,岡山県,倉敷市,,,,133.757474,34.600909,150,公設
332020,0100009214,岡山県倉敷市,消火栓,332020,,倉敷市石見町１番３７号,岡山県,倉敷市,,,,133.762843,34.600005,100,公設
332020,0100009215,岡山県倉敷市,消火栓,332020,,倉敷市上東９３８－９,岡山県,倉敷市,,,,133.814652,34.643812,150,公設
332020,0100009224,岡山県倉敷市,消火栓,332020,,倉敷市粒江団地４－２１１,岡山県,倉敷市,,,,133.804822,34.56211,75,公設
332020,0100009225,岡山県倉敷市,消火栓,332020,,倉敷市大内１０５７－１０,岡山県,倉敷市,,,,133.751708,34.605511,100,公設
332020,0100009227,岡山県倉敷市,消火栓,332020,,倉敷市真備町服部２０１８番地,岡山県,倉敷市,,,,133.679444,34.611566,75,公設
332020,0100009229,岡山県倉敷市,消火栓,332020,,倉敷市鶴の浦３丁目７－３２,岡山県,倉敷市,,,,133.712722,34.548138,75,公設
332020,0100009230,岡山県倉敷市,消火栓,332020,,倉敷市林２４２－９,岡山県,倉敷市,,,,133.816651,34.546105,75,公設
332020,0100009231,岡山県倉敷市,消火栓,332020,,倉敷市林２０４－３,岡山県,倉敷市,,,,133.817212,34.546709,75,公設
332020,0100009232,岡山県倉敷市,消火栓,332020,,倉敷市三田９６－２,岡山県,倉敷市,,,,133.800274,34.629108,100,公設
332020,0100009233,岡山県倉敷市,消火栓,332020,,倉敷市日吉町４５８番地２,岡山県,倉敷市,,,,133.758246,34.60375,150,公設
332020,0100009234,岡山県倉敷市,消火栓,332020,,倉敷市笹沖４４３－２,岡山県,倉敷市,,,,133.769264,34.576374,150,公設
332020,0100009235,岡山県倉敷市,消火栓,332020,,倉敷市玉島乙島７３７７番地５,岡山県,倉敷市,,,,133.686137,34.530724,100,公設
332020,0100009236,岡山県倉敷市,消火栓,332020,,倉敷市玉島２丁目２２番４２号,岡山県,倉敷市,,,,133.677506,34.540948,150,公設
332020,0100009237,岡山県倉敷市,消火栓,332020,,倉敷市真備町上二万３６８,岡山県,倉敷市,,,,133.708167,34.608422,150,公設
332020,0100009238,岡山県倉敷市,消火栓,332020,,倉敷市笹沖２６８６－３,岡山県,倉敷市,,,,133.773086,34.572721,75,公設
332020,0100009239,岡山県倉敷市,消火栓,332020,,倉敷市児島下の町３丁目５番６号,岡山県,倉敷市,,,,133.819237,34.475301,75,公設
332020,0200000001,岡山県倉敷市,防火水そう,332020,,倉敷市加須山８２９番１２６号,岡山県,倉敷市,,,,133.796971,34.579612,,"公設, 容量:40m3"
332020,0200000003,岡山県倉敷市,防火水そう,332020,,倉敷市有城１１６９番２７号,岡山県,倉敷市,,,,133.793143,34.577038,,"公設, 容量:40m3"
332020,0200000004,岡山県倉敷市,防火水そう,332020,,倉敷市藤戸町天城２３８８番１２号,岡山県,倉敷市,,,,133.815862,34.562311,,"公設, 容量:40m3"
332020,0200000005,岡山県倉敷市,防火水そう,332020,,倉敷市藤戸町天城５３１番地３地先,岡山県,倉敷市,,,,133.809216,34.567301,,"公設, 容量:48m3"
332020,0200000006,岡山県倉敷市,防火水そう,332020,,倉敷市藤戸町天城３３０番地３,岡山県,倉敷市,,,,133.813242,34.566104,,"公設, 容量:40m3"
332020,0200000007,岡山県倉敷市,防火水そう,332020,,倉敷市藤戸町天城５１３番地２５地先,岡山県,倉敷市,,,,133.80877,34.566172,,"公設, 容量:48m3"
332020,0200000008,岡山県倉敷市,防火水そう,332020,,倉敷市藤戸町天城４４０－１,岡山県,倉敷市,,,,133.809842,34.569667,,"公設, 容量:41m3"
332020,0200000009,岡山県倉敷市,防火水そう,332020,,倉敷市藤戸町天城２４６５番５２号,岡山県,倉敷市,,,,133.817424,34.563149,,"公設, 容量:40m3"
332020,0200000010,岡山県倉敷市,防火水そう,332020,,倉敷市藤戸町藤戸１４９１番１０４号,岡山県,倉敷市,,,,133.821251,34.562775,,"公設, 容量:40m3"
332020,0200000012,岡山県倉敷市,防火水そう,332020,,倉敷市茶屋町１２６１番１２号,岡山県,倉敷市,,,,133.834864,34.571321,,"公設, 容量:40m3"
332020,0200000013,岡山県倉敷市,防火水そう,332020,,倉敷市茶屋町早沖４番地１２号,岡山県,倉敷市,,,,133.826852,34.590478,,"公設, 容量:40m3"
332020,0200000015,岡山県倉敷市,防火水そう,332020,,倉敷市浜ノ茶屋２０１番地,岡山県,倉敷市,,,,133.771737,34.614012,,"公設, 容量:100m3"
332020,0200000016,岡山県倉敷市,防火水そう,332020,,倉敷市浜町１丁目４番１号,岡山県,倉敷市,,,,133.770817,34.606866,,"公設, 容量:30m3"
332020,0200000017,岡山県倉敷市,防火水そう,332020,,倉敷市日ノ出町１丁目３番１０号,岡山県,倉敷市,,,,133.768833,34.604651,,"公設, 容量:40m3"
332020,0200000018,岡山県倉敷市,防火水そう,332020,,倉敷市浅原８９０番地,岡山県,倉敷市,,,,133.761521,34.631472,,"公設, 容量:20m3"
332020,0200000021,岡山県倉敷市,防火水そう,332020,,倉敷市美和１丁目１番２７号,岡山県,倉敷市,,,,133.776093,34.603074,,"公設, 容量:40m3"
332020,0200000022,岡山県倉敷市,防火水そう,332020,,倉敷市美和１丁目６番１０号,岡山県,倉敷市,,,,133.776,34.6002,,"公設, 容量:100m3"
332020,0200000023,岡山県倉敷市,防火水そう,332020,,倉敷市西坂１４８０番２００号地先,岡山県,倉敷市,,,,133.776111,34.632711,,"公設, 容量:49m3"
332020,0200000024,岡山県倉敷市,防火水そう,332020,,倉敷市西坂１３７４番９５号地先,岡山県,倉敷市,,,,133.773089,34.642594,,"公設, 容量:40m3"
332020,0200000025,岡山県倉敷市,防火水そう,332020,,倉敷市西坂１３４２番１３３号地先,岡山県,倉敷市,,,,133.770503,34.639731,,"公設, 容量:40m3"
332020,0200000027,岡山県倉敷市,防火水そう,332020,,倉敷市老松町１丁目５番３号,岡山県,倉敷市,,,,133.757634,34.597802,,"公設, 容量:28m3"
332020,0200000028,岡山県倉敷市,防火水そう,332020,,倉敷市老松町２丁目５番６号,岡山県,倉敷市,,,,133.761299,34.597619,,"公設, 容量:40m3"
332020,0200000029,岡山県倉敷市,防火水そう,332020,,倉敷市老松町３丁目２番２９号,岡山県,倉敷市,,,,133.763381,34.597142,,"公設, 容量:40m3"
332020,0200000030,岡山県倉敷市,防火水そう,332020,,倉敷市老松町３丁目１１番１３号,岡山県,倉敷市,,,,133.760381,34.59549,,"公設, 容量:100m3"
332020,0200000031,岡山県倉敷市,防火水そう,332020,,倉敷市西岡１６２８番４号地先,岡山県,倉敷市,,,,133.767074,34.618162,,"公設, 容量:40m3"
332020,0200000032,岡山県倉敷市,防火水そう,332020,,倉敷市中央２丁目６番１号,岡山県,倉敷市,,,,133.76924,34.595109,,"公設, 容量:100m3"
332020,0200000033,岡山県倉敷市,防火水そう,332020,,倉敷市本町１１番地３７,岡山県,倉敷市,,,,133.774419,34.596881,,"公設, 容量:80m3"
332020,0200000034,岡山県倉敷市,防火水そう,332020,,倉敷市本町１１番３２号,岡山県,倉敷市,,,,133.773845,34.596697,,"公設, 容量:60m3"
332020,0200000035,岡山県倉敷市,防火水そう,332020,,倉敷市東町３番２７号地先,岡山県,倉敷市,,,,133.776756,34.596363,,"公設, 容量:40m3"
332020,0200000036,岡山県倉敷市,防火水そう,332020,,倉敷市船倉町１２３２番地,岡山県,倉敷市,,,,133.773595,34.593277,,"公設, 容量:40m3"
332020,0200000039,岡山県倉敷市,防火水そう,332020,,倉敷市新田１３４８番地１０,岡山県,倉敷市,,,,133.778657,34.585703,,"公設, 容量:23m3"
332020,0200000040,岡山県倉敷市,防火水そう,332020,,倉敷市新田１３４８番２号,岡山県,倉敷市,,,,133.778626,34.585661,,"公設, 容量:20m3"
332020,0200000041,岡山県倉敷市,防火水そう,332020,,倉敷市田ノ上６５４番地,岡山県,倉敷市,,,,133.756027,34.591272,,"公設, 容量:40m3"
332020,0200000042,岡山県倉敷市,防火水そう,332020,,倉敷市福島３７８番地先,岡山県,倉敷市,,,,133.786019,34.606576,,"公設, 容量:40m3"
332020,0200000043,岡山県倉敷市,防火水そう,332020,,倉敷市福島２００番６２号地先,岡山県,倉敷市,,,,133.786201,34.609704,,"公設, 容量:40m3"
332020,0200000045,岡山県倉敷市,防火水そう,332020,,倉敷市羽島４０９番地,岡山県,倉敷市,,,,133.787831,34.594329,,"公設, 容量:42m3"
332020,0200000046,岡山県倉敷市,防火水そう,332020,,倉敷市羽島８４４番１号,岡山県,倉敷市,,,,133.782228,34.598083,,"公設, 容量:20m3"
332020,0200000047,岡山県倉敷市,防火水そう,332020,,倉敷市羽島２８７番３号,岡山県,倉敷市,,,,133.784543,34.593423,,"公設, 容量:52m3"
332020,0200000048,岡山県倉敷市,防火水そう,332020,,倉敷市向山１７４２番１号,岡山県,倉敷市,,,,133.776759,34.593183,,"公設, 容量:40m3"
332020,0200000049,岡山県倉敷市,防火水そう,332020,,倉敷市黒崎７５０番地,岡山県,倉敷市,,,,133.792393,34.607091,,"公設, 容量:40m3"
332020,0200000051,岡山県倉敷市,防火水そう,332020,,倉敷市沖１９７番地,岡山県,倉敷市,,,,133.752139,34.587536,,"公設, 容量:20m3"
332020,0200000052,岡山県倉敷市,防火水そう,332020,,倉敷市青江８０６番１号,岡山県,倉敷市,,,,133.758866,34.613891,,"公設, 容量:48m3"
332020,0200000062,岡山県倉敷市,防火水そう,332020,,倉敷市宮前７１２番地,岡山県,倉敷市,,,,133.76187,34.612226,,"公設, 容量:40m3"
332020,0200000063,岡山県倉敷市,防火水そう,332020,,倉敷市宮前４４４番１号,岡山県,倉敷市,,,,133.763944,34.613612,,"公設, 容量:20m3"
332020,0200000065,岡山県倉敷市,防火水そう,332020,,倉敷市粒江７８７番地,岡山県,倉敷市,,,,133.805336,34.552133,,"公設, 容量:40m3"
332020,0200000066,岡山県倉敷市,防火水そう,332020,,倉敷市粒江７０４番地,岡山県,倉敷市,,,,133.805356,34.553609,,"公設, 容量:40m3"
332020,0200000067,岡山県倉敷市,防火水そう,332020,,倉敷市粒江２０番３７号,岡山県,倉敷市,,,,133.806361,34.55175,,"公設, 容量:40m3"
332020,0200000068,岡山県倉敷市,防火水そう,332020,,倉敷市粒江２０番３６号,岡山県,倉敷市,,,,133.807422,34.553173,,"公設, 容量:40m3"
332020,0200000069,岡山県倉敷市,防火水そう,332020,,倉敷市粒江２０番５０号,岡山県,倉敷市,,,,133.807946,34.551538,,"公設, 容量:40m3"
332020,0200000070,岡山県倉敷市,防火水そう,332020,,倉敷市粒江,岡山県,倉敷市,,,,133.797339,34.55603,,"公設, 容量:40m3"
332020,0200000071,岡山県倉敷市,防火水そう,332020,,倉敷市粒江,岡山県,倉敷市,,,,133.801985,34.553374,,"公設, 容量:40m3"
332020,0200000078,岡山県倉敷市,防火水そう,332020,,倉敷市大内１０７５番地,岡山県,倉敷市,,,,133.753298,34.606337,,"公設, 容量:47m3"
332020,0200000079,岡山県倉敷市,防火水そう,332020,,倉敷市大内８９３番１３号,岡山県,倉敷市,,,,133.756016,34.6098,,"公設, 容量:40m3"
332020,0200000080,岡山県倉敷市,防火水そう,332020,,倉敷市日吉町３９２番２号,岡山県,倉敷市,,,,133.755421,34.599646,,"公設, 容量:36m3"
332020,0200000081,岡山県倉敷市,防火水そう,332020,,倉敷市八王寺町１９９番地３,岡山県,倉敷市,,,,133.75282,34.599216,,"公設, 容量:43m3"
332020,0200000086,岡山県倉敷市,防火水そう,332020,,倉敷市平田４４６番１４号,岡山県,倉敷市,,,,133.778566,34.613705,,"公設, 容量:40m3"
332020,0200000087,岡山県倉敷市,防火水そう,332020,,倉敷市平田３８７番地先,岡山県,倉敷市,,,,133.778818,34.614986,,"公設, 容量:20m3"
332020,0200000088,岡山県倉敷市,防火水そう,332020,,倉敷市中島２６０９番地,岡山県,倉敷市,,,,133.73981,34.572899,,"公設, 容量:41m3"
332020,0200000089,岡山県倉敷市,防火水そう,332020,,倉敷市中島２４０７番地１３５,岡山県,倉敷市,,,,133.743424,34.58759,,"公設, 容量:42m3"
332020,0200000090,岡山県倉敷市,防火水そう,332020,,倉敷市中島５７６番２１号,岡山県,倉敷市,,,,133.732779,34.584459,,"公設, 容量:43m3"
332020,0200000091,岡山県倉敷市,防火水そう,332020,,倉敷市西阿知町４３７番地１,岡山県,倉敷市,,,,133.734931,34.591639,,"公設, 容量:42m3"
332020,0200000092,岡山県倉敷市,防火水そう,332020,,倉敷市西阿知町１０９７番地４,岡山県,倉敷市,,,,133.726766,34.58638,,"公設, 容量:37m3"
332020,0200000093,岡山県倉敷市,防火水そう,332020,,倉敷市西阿知町西原５０１番３１号,岡山県,倉敷市,,,,133.72484,34.590386,,"公設, 容量:47m3"
332020,0200000094,岡山県倉敷市,防火水そう,332020,,倉敷市西阿知町西原１０１９番地１７,岡山県,倉敷市,,,,133.727402,34.587625,,"公設, 容量:23m3"
332020,0200000095,岡山県倉敷市,防火水そう,332020,,倉敷市西阿知町１０２７番地１３,岡山県,倉敷市,,,,133.726864,34.591255,,"公設, 容量:40m3"
332020,0200000097,岡山県倉敷市,防火水そう,332020,,倉敷市片島町６３４番地,岡山県,倉敷市,,,,133.718769,34.58017,,"公設, 容量:64m3"
332020,0200000098,岡山県倉敷市,防火水そう,332020,,倉敷市生坂２０９３番地１,岡山県,倉敷市,,,,133.779764,34.631062,,"公設, 容量:50m3"
332020,0200000099,岡山県倉敷市,防火水そう,332020,,倉敷市生坂１１２４番地先,岡山県,倉敷市,,,,133.786045,34.628064,,"公設, 容量:40m3"
332020,0200000100,岡山県倉敷市,防火水そう,332020,,倉敷市生坂２６６－４,岡山県,倉敷市,,,,133.782053,34.627351,,"公設, 容量:20m3"
332020,0200000102,岡山県倉敷市,防火水そう,332020,,倉敷市三田４００番地先,岡山県,倉敷市,,,,133.798246,34.632561,,"公設, 容量:44m3"
332020,0200000105,岡山県倉敷市,防火水そう,332020,,倉敷市徳芳２２６番地１地先,岡山県,倉敷市,,,,133.815548,34.625419,,"公設, 容量:20m3"
332020,0200000106,岡山県倉敷市,防火水そう,332020,,倉敷市徳芳２７９,岡山県,倉敷市,,,,133.812898,34.623482,,"公設, 容量:40m3"
332020,0200000107,岡山県倉敷市,防火水そう,332020,,倉敷市徳芳７１１番地先,岡山県,倉敷市,,,,133.81612,34.622808,,"公設, 容量:30m3"
332020,0200000108,岡山県倉敷市,防火水そう,332020,,倉敷市徳芳８６９番３号,岡山県,倉敷市,,,,133.819565,34.625685,,"公設, 容量:40m3"
332020,0200000109,岡山県倉敷市,防火水そう,332020,,倉敷市中庄４１７番地,岡山県,倉敷市,,,,133.788755,34.617333,,"公設, 容量:40m3"
332020,0200000111,岡山県倉敷市,防火水そう,332020,,倉敷市中庄１３８０番地２４,岡山県,倉敷市,,,,133.794361,34.615575,,"公設, 容量:40m3"
332020,0200000112,岡山県倉敷市,防火水そう,332020,,倉敷市中庄１３８０番７２号地先,岡山県,倉敷市,,,,133.794947,34.616463,,"公設, 容量:40m3"
332020,0200000113,岡山県倉敷市,防火水そう,332020,,倉敷市中庄１９２０番８５号地先,岡山県,倉敷市,,,,133.796467,34.615916,,"公設, 容量:40m3"
332020,0200000114,岡山県倉敷市,防火水そう,332020,,倉敷市中庄２０５７番１号地先,岡山県,倉敷市,,,,133.795795,34.617644,,"公設, 容量:40m3"
332020,0200000116,岡山県倉敷市,防火水そう,332020,,倉敷市矢部２７５番８号地先,岡山県,倉敷市,,,,133.814412,34.666947,,"公設, 容量:40m3"
332020,0200000119,岡山県倉敷市,防火水そう,332020,,倉敷市庄新町４丁目７番１９号,岡山県,倉敷市,,,,133.825592,34.659438,,"公設, 容量:40m3"
332020,0200000120,岡山県倉敷市,防火水そう,332020,,倉敷市庄新町７丁目９番２０号,岡山県,倉敷市,,,,133.824168,34.662031,,"公設, 容量:40m3"
332020,0200000121,岡山県倉敷市,防火水そう,332020,,倉敷市日畑１１９０番地１,岡山県,倉敷市,,,,133.837058,34.656508,,"公設, 容量:43m3"
332020,0200000122,岡山県倉敷市,防火水そう,332020,,倉敷市山地９０２番地,岡山県,倉敷市,,,,133.81811,34.65234,,"公設, 容量:40m3"
332020,0200000123,岡山県倉敷市,防火水そう,332020,,倉敷市山地６７８番８号地先,岡山県,倉敷市,,,,133.812486,34.656178,,"公設, 容量:40m3"
332020,0200000124,岡山県倉敷市,防火水そう,332020,,倉敷市山地２１５９番地先,岡山県,倉敷市,,,,133.813865,34.656812,,"公設, 容量:40m3"
332020,0200000125,岡山県倉敷市,防火水そう,332020,,倉敷市山地６６２番１５号,岡山県,倉敷市,,,,133.814413,34.655368,,"公設, 容量:40m3"
332020,0200000127,岡山県倉敷市,防火水そう,332020,,倉敷市上東３２９番地５地先,岡山県,倉敷市,,,,133.829546,34.648246,,"公設, 容量:45m3"
332020,0200000139,岡山県倉敷市,防火水そう,332020,,倉敷市五日市２００番１０号,岡山県,倉敷市,,,,133.796961,34.600367,,"公設, 容量:40m3"
332020,0200000140,岡山県倉敷市,防火水そう,332020,,倉敷市中帯江９２０番地先,岡山県,倉敷市,,,,133.801129,34.602945,,"公設, 容量:15m3"
332020,0200000142,岡山県倉敷市,防火水そう,332020,,倉敷市連島町鶴新田６６４番地,岡山県,倉敷市,,,,133.711438,34.545465,,"公設, 容量:40m3"
332020,0200000143,岡山県倉敷市,防火水そう,332020,,倉敷市連島町西之浦３８３７番地,岡山県,倉敷市,,,,133.725045,34.548963,,"公設, 容量:40m3"
332020,0200000144,岡山県倉敷市,防火水そう,332020,,倉敷市連島町矢柄５９７４番地,岡山県,倉敷市,,,,133.729043,34.554495,,"公設, 容量:40m3"
332020,0200000145,岡山県倉敷市,防火水そう,332020,,倉敷市連島町亀島新田１５５番地,岡山県,倉敷市,,,,133.726479,34.551547,,"公設, 容量:40m3"
332020,0200000146,岡山県倉敷市,防火水そう,332020,,倉敷市連島町矢柄１５９８番地の１地先,岡山県,倉敷市,,,,133.728837,34.553162,,"公設, 容量:40m3"
332020,0200000147,岡山県倉敷市,防火水そう,332020,,倉敷市連島町矢柄６１２９番地,岡山県,倉敷市,,,,133.7315,34.553701,,"公設, 容量:40m3"
332020,0200000148,岡山県倉敷市,防火水そう,332020,,倉敷市連島町矢柄６１９５番地,岡山県,倉敷市,,,,133.732311,34.55217,,"公設, 容量:40m3"
332020,0200000149,岡山県倉敷市,防火水そう,332020,,倉敷市連島町連島２８９６番地地先,岡山県,倉敷市,,,,133.734477,34.553216,,"公設, 容量:40m3"
332020,0200000150,岡山県倉敷市,防火水そう,332020,,倉敷市連島町連島１６８１番地地先,岡山県,倉敷市,,,,133.743662,34.559586,,"公設, 容量:40m3"
332020,0200000151,岡山県倉敷市,防火水そう,332020,,倉敷市連島町西之浦８０１,岡山県,倉敷市,,,,133.707165,34.549133,,"公設, 容量:20m3"
332020,0200000153,岡山県倉敷市,防火水そう,332020,,倉敷市連島町連島２８１８番地の１地先,岡山県,倉敷市,,,,133.735755,34.555222,,"公設, 容量:20m3"
332020,0200000156,岡山県倉敷市,防火水そう,332020,,倉敷市連島町鶴新田７８８番地の１２地先,岡山県,倉敷市,,,,133.713965,34.54615,,"公設, 容量:40m3"
332020,0200000157,岡山県倉敷市,防火水そう,332020,,倉敷市連島町連島２３１１番地の７３地先,岡山県,倉敷市,,,,133.741461,34.563874,,"公設, 容量:40m3"
332020,0200000158,岡山県倉敷市,防火水そう,332020,,倉敷市連島町連島２３１１番地の１３地先,岡山県,倉敷市,,,,133.741064,34.563186,,"公設, 容量:40m3"
332020,0200000159,岡山県倉敷市,防火水そう,332020,,倉敷市連島中央４丁目２番３７号地先,岡山県,倉敷市,,,,133.729753,34.547118,,"公設, 容量:40m3"
332020,0200000160,岡山県倉敷市,防火水そう,332020,,倉敷市連島町西之浦５２８３番地地先,岡山県,倉敷市,,,,133.712499,34.5645,,"公設, 容量:24m3"
332020,0200000161,岡山県倉敷市,防火水そう,332020,,倉敷市連島町西之浦５０８６番地の１地先,岡山県,倉敷市,,,,133.720397,34.565508,,"公設, 容量:40.6m3"
332020,0200000162,岡山県倉敷市,防火水そう,332020,,倉敷市連島町連島４３９７番地の１地先,岡山県,倉敷市,,,,133.725461,34.566573,,"公設, 容量:20m3"
332020,0200000163,岡山県倉敷市,防火水そう,332020,,倉敷市連島町連島２０８１番地地先,岡山県,倉敷市,,,,133.734468,34.565836,,"公設, 容量:20m3"
332020,0200000164,岡山県倉敷市,防火水そう,332020,,倉敷市連島町連島２８７６番地の１３４地先,岡山県,倉敷市,,,,133.732925,34.555532,,"公設, 容量:40m3"
332020,0200000165,岡山県倉敷市,防火水そう,332020,,倉敷市連島町連島１１７４番地の４０９地先,岡山県,倉敷市,,,,133.736782,34.555859,,"公設, 容量:40m3"
332020,0200000166,岡山県倉敷市,防火水そう,332020,,倉敷市連島町連島１１７４番地の３９０地先,岡山県,倉敷市,,,,133.73945,34.557076,,"公設, 容量:40m3"
332020,0200000167,岡山県倉敷市,防火水そう,332020,,倉敷市連島町連島２８３１番地の１８３地先,岡山県,倉敷市,,,,133.737314,34.558878,,"公設, 容量:40m3"
332020,0200000168,岡山県倉敷市,防火水そう,332020,,倉敷市連島町西之浦４９７番地の１地先,岡山県,倉敷市,,,,133.720726,34.548368,,"公設, 容量:100m3"
332020,0200000176,岡山県倉敷市,防火水そう,332020,,倉敷市水島相生町５番地地先,岡山県,倉敷市,,,,133.748741,34.549451,,"公設, 容量:40m3"
332020,0200000177,岡山県倉敷市,防火水そう,332020,,倉敷市水島東弥生町７番地地先,岡山県,倉敷市,,,,133.747023,34.543561,,"公設, 容量:40m3"
332020,0200000178,岡山県倉敷市,防火水そう,332020,,倉敷市水島南瑞穂町１５番地地先,岡山県,倉敷市,,,,133.741205,34.546534,,"公設, 容量:40m3"
332020,0200000179,岡山県倉敷市,防火水そう,332020,,倉敷市水島南瑞穂町８番地地先,岡山県,倉敷市,,,,133.74041,34.544489,,"公設, 容量:40m3"
332020,0200000180,岡山県倉敷市,防火水そう,332020,,倉敷市水島南春日町１２番地地先,岡山県,倉敷市,,,,133.741079,34.543634,,"公設, 容量:40m3"
332020,0200000182,岡山県倉敷市,防火水そう,332020,,倉敷市水島北亀島町８番地,岡山県,倉敷市,,,,133.726863,34.532169,,"公設, 容量:40m3"
332020,0200000183,岡山県倉敷市,防火水そう,332020,,倉敷市水島南亀島町２３番地地先,岡山県,倉敷市,,,,133.725985,34.530277,,"公設, 容量:20m3"
332020,0200000184,岡山県倉敷市,防火水そう,332020,,倉敷市水島西栄町１１番地地先,岡山県,倉敷市,,,,133.742871,34.539368,,"公設, 容量:100m3"
332020,0200000187,岡山県倉敷市,防火水そう,332020,,倉敷市福田町古新田２番地,岡山県,倉敷市,,,,133.753247,34.550945,,"公設, 容量:40m3"
332020,0200000188,岡山県倉敷市,防火水そう,332020,,倉敷市福田町福田１９５９１,岡山県,倉敷市,,,,133.768338,34.547037,,"公設, 容量:40m3"
332020,0200000189,岡山県倉敷市,防火水そう,332020,,倉敷市東塚３丁目１５番地,岡山県,倉敷市,,,,133.759404,34.527971,,"公設, 容量:40m3"
332020,0200000190,岡山県倉敷市,防火水そう,332020,,倉敷市福田町古新田８６６番地３４,岡山県,倉敷市,,,,133.764578,34.531489,,"公設, 容量:40m3"
332020,0200000191,岡山県倉敷市,防火水そう,332020,,倉敷市福田町浦田９４５番１号,岡山県,倉敷市,,,,133.766836,34.559328,,"公設, 容量:20m3"
332020,0200000192,岡山県倉敷市,防火水そう,332020,,倉敷市福田町浦田１２８１番地,岡山県,倉敷市,,,,133.762258,34.557886,,"公設, 容量:20m3"
332020,0200000193,岡山県倉敷市,防火水そう,332020,,倉敷市福田町浦田上浦田２９１番地,岡山県,倉敷市,,,,133.775167,34.552883,,"公設, 容量:20m3"
332020,0200000194,岡山県倉敷市,防火水そう,332020,,倉敷市福田町福田１００１,岡山県,倉敷市,,,,133.77319,34.546296,,"公設, 容量:20m3"
332020,0200000196,岡山県倉敷市,防火水そう,332020,,倉敷市広江５丁目１８５３番地,岡山県,倉敷市,,,,133.781846,34.526475,,"公設, 容量:20m3"
332020,0200000197,岡山県倉敷市,防火水そう,332020,,倉敷市南畝３丁目１０２番２号,岡山県,倉敷市,,,,133.747117,34.52102,,"公設, 容量:40m3"
332020,0200000198,岡山県倉敷市,防火水そう,332020,,倉敷市広江２丁目２５８６番地,岡山県,倉敷市,,,,133.773731,34.528798,,"公設, 容量:40m3"
332020,0200000199,岡山県倉敷市,防火水そう,332020,,倉敷市広江２丁目２５８６番６９号,岡山県,倉敷市,,,,133.772707,34.528059,,"公設, 容量:40m3"
332020,0200000200,岡山県倉敷市,防火水そう,332020,,倉敷市福田町古新田９９９番地,岡山県,倉敷市,,,,133.770356,34.537076,,"公設, 容量:40m3"
332020,0200000201,岡山県倉敷市,防火水そう,332020,,倉敷市福田町浦田２４６１番地２６,岡山県,倉敷市,,,,133.75089,34.562018,,"公設, 容量:40m3"
332020,0200000202,岡山県倉敷市,防火水そう,332020,,倉敷市広江８丁目２２番７号,岡山県,倉敷市,,,,133.791913,34.529705,,"公設, 容量:40m3"
332020,0200000203,岡山県倉敷市,防火水そう,332020,,倉敷市福田町福田９９２番地,岡山県,倉敷市,,,,133.773543,34.545818,,"公設, 容量:40m3"
332020,0200000204,岡山県倉敷市,防火水そう,332020,,倉敷市福田町福田２１１１番１号,岡山県,倉敷市,,,,133.767949,34.551493,,"公設, 容量:40m3"
332020,0200000205,岡山県倉敷市,防火水そう,332020,,倉敷市福田町浦田７５７番地１,岡山県,倉敷市,,,,133.769868,34.556479,,"公設, 容量:40m3"
332020,0200000212,岡山県倉敷市,防火水そう,332020,,倉敷市児島小川４丁目２４２８番地,岡山県,倉敷市,,,,133.803286,34.474608,,"公設, 容量:100m3"
332020,0200000214,岡山県倉敷市,防火水そう,332020,,倉敷市児島小川７丁目８番地,岡山県,倉敷市,,,,133.800964,34.483186,,"公設, 容量:41m3"
332020,0200000215,岡山県倉敷市,防火水そう,332020,,倉敷市児島小川７丁目１９４６番地,岡山県,倉敷市,,,,133.802901,34.48127,,"公設, 容量:40m3"
332020,0200000216,岡山県倉敷市,防火水そう,332020,,倉敷市児島小川８丁目４３４番５号,岡山県,倉敷市,,,,133.802739,34.488517,,"公設, 容量:30m3"
332020,0200000217,岡山県倉敷市,防火水そう,332020,,倉敷市児島柳田町２４５２番地,岡山県,倉敷市,,,,133.797179,34.482298,,"公設, 容量:50m3"
332020,0200000218,岡山県倉敷市,防火水そう,332020,,倉敷市児島稗田町１６７５－８,岡山県,倉敷市,,,,133.807884,34.501539,,"公設, 容量:40m3"
332020,0200000219,岡山県倉敷市,防火水そう,332020,,倉敷市児島稗田町６８６番３号,岡山県,倉敷市,,,,133.804357,34.494774,,"公設, 容量:40m3"
332020,0200000220,岡山県倉敷市,防火水そう,332020,,倉敷市児島稗田町４０８番地,岡山県,倉敷市,,,,133.804984,34.493153,,"公設, 容量:40m3"
332020,0200000221,岡山県倉敷市,防火水そう,332020,,倉敷市児島稗田町２３０９番３号,岡山県,倉敷市,,,,133.805223,34.502744,,"公設, 容量:35m3"
332020,0200000222,岡山県倉敷市,防火水そう,332020,,倉敷市児島稗田町１５０２番５号,岡山県,倉敷市,,,,133.812915,34.501897,,"公設, 容量:40m3"
332020,0200000223,岡山県倉敷市,防火水そう,332020,,倉敷市児島小川９丁目７番地,岡山県,倉敷市,,,,133.807979,34.490841,,"公設, 容量:40m3"
332020,0200000224,岡山県倉敷市,防火水そう,332020,,倉敷市児島稗田町,岡山県,倉敷市,,,,133.807148,34.494383,,"公設, 容量:40m3"
332020,0200000225,岡山県倉敷市,防火水そう,332020,,倉敷市児島稗田町４０７２番地６,岡山県,倉敷市,,,,133.801666,34.497901,,"公設, 容量:40m3"
332020,0200000226,岡山県倉敷市,防火水そう,332020,,倉敷市児島稗田町３１７６番２２,岡山県,倉敷市,,,,133.800432,34.506089,,"公設, 容量:40m3"
332020,0200000227,岡山県倉敷市,防火水そう,332020,,倉敷市児島柳田町,岡山県,倉敷市,,,,133.782215,34.494659,,"公設, 容量:40m3"
332020,0200000230,岡山県倉敷市,防火水そう,332020,,倉敷市児島味野２丁目３７９２番地の９７,岡山県,倉敷市,,,,133.800987,34.468252,,"公設, 容量:100m3"
332020,0200000231,岡山県倉敷市,防火水そう,332020,,倉敷市児島味野４丁目,岡山県,倉敷市,,,,133.797508,34.461903,,"公設, 容量:50m3"
332020,0200000233,岡山県倉敷市,防火水そう,332020,,倉敷市児島味野６丁目３０１３番１号,岡山県,倉敷市,,,,133.79837,34.46687,,"公設, 容量:45m3"
332020,0200000234,岡山県倉敷市,防火水そう,332020,,倉敷市児島味野城２丁目２０５９番２号,岡山県,倉敷市,,,,133.799837,34.471332,,"公設, 容量:45m3"
332020,0200000238,岡山県倉敷市,防火水そう,332020,,倉敷市菰池３丁目３番１号,岡山県,倉敷市,,,,133.790076,34.456094,,"公設, 容量:40m3"
332020,0200000239,岡山県倉敷市,防火水そう,332020,,倉敷市児島阿津３丁目,岡山県,倉敷市,,,,133.799869,34.453467,,"公設, 容量:40m3"
332020,0200000240,岡山県倉敷市,防火水そう,332020,,倉敷市児島赤崎２丁目,岡山県,倉敷市,,,,133.799743,34.454049,,"公設, 容量:40m3"
332020,0200000241,岡山県倉敷市,防火水そう,332020,,倉敷市下津井吹上２丁目４番２１号,岡山県,倉敷市,,,,133.801343,34.437915,,"公設, 容量:40m3"
332020,0200000242,岡山県倉敷市,防火水そう,332020,,倉敷市児島下の町７丁目５３２番地,岡山県,倉敷市,,,,133.82503,34.478873,,"公設, 容量:40m3"
332020,0200000243,岡山県倉敷市,防火水そう,332020,,倉敷市児島下の町３丁目２４６２番地,岡山県,倉敷市,,,,133.818167,34.475236,,"公設, 容量:40m3"
332020,0200000244,岡山県倉敷市,防火水そう,332020,,倉敷市児島下の町７丁目６４２番地,岡山県,倉敷市,,,,133.827919,34.479881,,"公設, 容量:40m3"
332020,0200000245,岡山県倉敷市,防火水そう,332020,,倉敷市児島下の町２丁目,岡山県,倉敷市,,,,133.817929,34.473551,,"公設, 容量:40m3"
332020,0200000246,岡山県倉敷市,防火水そう,332020,,倉敷市児島上の町１丁目,岡山県,倉敷市,,,,133.814234,34.485068,,"公設, 容量:40m3"
332020,0200000247,岡山県倉敷市,防火水そう,332020,,倉敷市児島下の町１丁目３０３４番地,岡山県,倉敷市,,,,133.813781,34.472705,,"公設, 容量:40m3"
332020,0200000248,岡山県倉敷市,防火水そう,332020,,倉敷市児島上の町１丁目２番地,岡山県,倉敷市,,,,133.811751,34.483186,,"公設, 容量:40m3"
332020,0200000249,岡山県倉敷市,防火水そう,332020,,倉敷市児島上の町３丁目６番地,岡山県,倉敷市,,,,133.820804,34.493074,,"公設, 容量:40m3"
332020,0200000250,岡山県倉敷市,防火水そう,332020,,倉敷市児島下の町４丁目,岡山県,倉敷市,,,,133.815621,34.483014,,"公設, 容量:40m3"
332020,0200000251,岡山県倉敷市,防火水そう,332020,,倉敷市児島田の口６丁目１－３３,岡山県,倉敷市,,,,133.840612,34.472489,,"公設, 容量:19m3"
332020,0200000252,岡山県倉敷市,防火水そう,332020,,倉敷市児島田の口２丁目１１番１７号,岡山県,倉敷市,,,,133.84108,34.477389,,"公設, 容量:40m3"
332020,0200000253,岡山県倉敷市,防火水そう,332020,,倉敷市児島唐琴２丁目９番５号,岡山県,倉敷市,,,,133.861273,34.473882,,"公設, 容量:40m3"
332020,0200000254,岡山県倉敷市,防火水そう,332020,,倉敷市児島唐琴３丁目９番１４号,岡山県,倉敷市,,,,133.867691,34.470975,,"公設, 容量:20m3"
332020,0200000255,岡山県倉敷市,防火水そう,332020,,倉敷市児島白尾１２７８番地,岡山県,倉敷市,,,,133.853929,34.495436,,"公設, 容量:10m3"
332020,0200000256,岡山県倉敷市,防火水そう,332020,,倉敷市児島由加２７１６番地,岡山県,倉敷市,,,,133.852168,34.502787,,"公設, 容量:53m3"
332020,0200000257,岡山県倉敷市,防火水そう,332020,,倉敷市児島白尾９６３番２号,岡山県,倉敷市,,,,133.85449,34.487421,,"公設, 容量:40m3"
332020,0200000258,岡山県倉敷市,防火水そう,332020,,倉敷市児島由加２８５５番地,岡山県,倉敷市,,,,133.850819,34.508299,,"公設, 容量:100m3"
332020,0200000259,岡山県倉敷市,防火水そう,332020,,倉敷市児島由加２７７９番地,岡山県,倉敷市,,,,133.844882,34.506704,,"公設, 容量:60m3"
332020,0200000262,岡山県倉敷市,防火水そう,332020,,倉敷市林５１５番地５,岡山県,倉敷市,,,,133.815154,34.538826,,"公設, 容量:45m3"
332020,0200000264,岡山県倉敷市,防火水そう,332020,,倉敷市林１７４番１号,岡山県,倉敷市,,,,133.819314,34.545806,,"公設, 容量:45m3"
332020,0200000265,岡山県倉敷市,防火水そう,332020,,倉敷市木見２２３２番１号,岡山県,倉敷市,,,,133.841163,34.523044,,"公設, 容量:20m3"
332020,0200000266,岡山県倉敷市,防火水そう,332020,,倉敷市木見８５２番３号,岡山県,倉敷市,,,,133.821454,34.530965,,"公設, 容量:40m3"
332020,0200000267,岡山県倉敷市,防火水そう,332020,,倉敷市尾原１３２番地,岡山県,倉敷市,,,,133.831277,34.517873,,"公設, 容量:40m3"
332020,0200000268,岡山県倉敷市,防火水そう,332020,,倉敷市尾原,岡山県,倉敷市,,,,133.843758,34.517453,,"公設, 容量:20m3"
332020,0200000269,岡山県倉敷市,防火水そう,332020,,倉敷市尾原２０７番１号，２号,岡山県,倉敷市,,,,133.833369,34.518658,,"公設, 容量:40m3"
332020,0200000270,岡山県倉敷市,防火水そう,332020,,倉敷市尾原２５０８番地,岡山県,倉敷市,,,,133.827891,34.517123,,"公設, 容量:40m3"
332020,0200000271,岡山県倉敷市,防火水そう,332020,,倉敷市尾原８５８番地,岡山県,倉敷市,,,,133.844454,34.516743,,"公設, 容量:22m3"
332020,0200000272,岡山県倉敷市,防火水そう,332020,,倉敷市尾原１４３８番地,岡山県,倉敷市,,,,133.838909,34.514886,,"公設, 容量:20m3"
332020,0200000273,岡山県倉敷市,防火水そう,332020,,倉敷市尾原１９２２番１号,岡山県,倉敷市,,,,133.838923,34.509828,,"公設, 容量:18m3"
332020,0200000274,岡山県倉敷市,防火水そう,332020,,倉敷市尾原６９０番４号,岡山県,倉敷市,,,,133.836775,34.516393,,"公設, 容量:24m3"
332020,0200000275,岡山県倉敷市,防火水そう,332020,,倉敷市福江１４５５番地,岡山県,倉敷市,,,,133.809237,34.531406,,"公設, 容量:40m3"
332020,0200000276,岡山県倉敷市,防火水そう,332020,,倉敷市福江,岡山県,倉敷市,,,,133.79586,34.527029,,"公設, 容量:40m3"
332020,0200000277,岡山県倉敷市,防火水そう,332020,,倉敷市林１９４５番４号,岡山県,倉敷市,,,,133.811845,34.531272,,"公設, 容量:40m3"
332020,0200000278,岡山県倉敷市,防火水そう,332020,,倉敷市林７５８番１号，２号,岡山県,倉敷市,,,,133.819759,34.537709,,"公設, 容量:40m3"
332020,0200000279,岡山県倉敷市,防火水そう,332020,,倉敷市福江５４７番１号,岡山県,倉敷市,,,,133.796581,34.528963,,"公設, 容量:40m3"
332020,0200000280,岡山県倉敷市,防火水そう,332020,,倉敷市福江５４７番１号,岡山県,倉敷市,,,,133.795064,34.530416,,"公設, 容量:40m3"
332020,0200000321,岡山県倉敷市,防火水そう,332020,,倉敷市玉島長尾６７１番地１地先,岡山県,倉敷市,,,,133.69016,34.582355,,"公設, 容量:40m3"
332020,0200000322,岡山県倉敷市,防火水そう,332020,,倉敷市玉島長尾明見１６６９－２,岡山県,倉敷市,,,,133.68599,34.576484,,"公設, 容量:40m3"
332020,0200000323,岡山県倉敷市,防火水そう,332020,,倉敷市玉島長尾１７０６－１３,岡山県,倉敷市,,,,133.686645,34.576083,,"公設, 容量:42m3"
332020,0200000324,岡山県倉敷市,防火水そう,332020,,倉敷市玉島長尾１７７９－７,岡山県,倉敷市,,,,133.68509,34.574167,,"公設, 容量:40m3"
332020,0200000325,岡山県倉敷市,防火水そう,332020,,倉敷市玉島長尾２５２６,岡山県,倉敷市,,,,133.683348,34.572309,,"公設, 容量:40m3"
332020,0200000326,岡山県倉敷市,防火水そう,332020,,倉敷市玉島長尾２２８７,岡山県,倉敷市,,,,133.684546,34.569953,,"公設, 容量:40m3"
332020,0200000327,岡山県倉敷市,防火水そう,332020,,倉敷市玉島長尾２６８０－１６,岡山県,倉敷市,,,,133.678695,34.568416,,"公設, 容量:40m3"
332020,0200000332,岡山県倉敷市,防火水そう,332020,,倉敷市玉島道口字口割５１３８－１,岡山県,倉敷市,,,,133.650078,34.579576,,"公設, 容量:40m3"
332020,0200000333,岡山県倉敷市,防火水そう,332020,,倉敷市玉島道口３８７７番地２９,岡山県,倉敷市,,,,133.646247,34.578353,,"公設, 容量:40m3"
332020,0200000334,岡山県倉敷市,防火水そう,332020,,倉敷市玉島道口池畝３８１４－１,岡山県,倉敷市,,,,133.648788,34.576891,,"公設, 容量:113m3"
332020,0200000335,岡山県倉敷市,防火水そう,332020,,倉敷市玉島道口２７４２番地,岡山県,倉敷市,,,,133.651154,34.565728,,"公設, 容量:56m3"
332020,0200000336,岡山県倉敷市,防火水そう,332020,,倉敷市玉島道口西の谷２５５１－２,岡山県,倉敷市,,,,133.649449,34.564592,,"公設, 容量:42m3"
332020,0200000337,岡山県倉敷市,防火水そう,332020,,倉敷市玉島道口３０８２番地,岡山県,倉敷市,,,,133.656919,34.56543,,"公設, 容量:20m3"
332020,0200000338,岡山県倉敷市,防火水そう,332020,,倉敷市玉島道口３０７３番地１,岡山県,倉敷市,,,,133.656407,34.564695,,"公設, 容量:12m3"
332020,0200000339,岡山県倉敷市,防火水そう,332020,,倉敷市玉島道口安井５４－２,岡山県,倉敷市,,,,133.652293,34.562147,,"公設, 容量:48m3"
332020,0200000340,岡山県倉敷市,防火水そう,332020,,倉敷市玉島黒崎小原４４８６－２,岡山県,倉敷市,,,,133.648306,34.509601,,"公設, 容量:34m3"
332020,0200000341,岡山県倉敷市,防火水そう,332020,,倉敷市玉島黒崎南浦８５３７,岡山県,倉敷市,,,,133.611314,34.496848,,"公設, 容量:40m3"
332020,0200000342,岡山県倉敷市,防火水そう,332020,,倉敷市玉島陶５４３５番地,岡山県,倉敷市,,,,133.647535,34.601354,,"公設, 容量:46m3"
332020,0200000343,岡山県倉敷市,防火水そう,332020,,倉敷市玉島陶４５５８番地１,岡山県,倉敷市,,,,133.651407,34.585379,,"公設, 容量:24m3"
332020,0200000344,岡山県倉敷市,防火水そう,332020,,倉敷市玉島陶横内４４２７－１番地先,岡山県,倉敷市,,,,133.655503,34.583867,,"公設, 容量:40m3"
332020,0200000345,岡山県倉敷市,防火水そう,332020,,倉敷市玉島陶１７０７番地,岡山県,倉敷市,,,,133.676466,34.59374,,"公設, 容量:42m3"
332020,0200000346,岡山県倉敷市,防火水そう,332020,,倉敷市玉島陶４３７番地,岡山県,倉敷市,,,,133.681901,34.591346,,"公設, 容量:30m3"
332020,0200000347,岡山県倉敷市,防火水そう,332020,,倉敷市玉島陶１９６２番地,岡山県,倉敷市,,,,133.670397,34.588697,,"公設, 容量:42m3"
332020,0200000348,岡山県倉敷市,防火水そう,332020,,倉敷市玉島陶２５９１－１,岡山県,倉敷市,,,,133.666331,34.584263,,"公設, 容量:41m3"
332020,0200000349,岡山県倉敷市,防火水そう,332020,,倉敷市玉島陶３４２６番地,岡山県,倉敷市,,,,133.665272,34.582346,,"公設, 容量:50m3"
332020,0200000351,岡山県倉敷市,防火水そう,332020,,倉敷市船穂町船穂３５９９番地１,岡山県,倉敷市,,,,133.705929,34.591284,,"公設, 容量:60m3"
332020,0200000352,岡山県倉敷市,防火水そう,332020,,倉敷市船穂町柳井原４６４番地,岡山県,倉敷市,,,,133.720356,34.613376,,"公設, 容量:40m3"
332020,0200000353,岡山県倉敷市,防火水そう,332020,,倉敷市船穂町柳井原１９２６番地６,岡山県,倉敷市,,,,133.722699,34.608965,,"公設, 容量:72m3"
332020,0200000354,岡山県倉敷市,防火水そう,332020,,倉敷市船穂町柳井原２１９７番地,岡山県,倉敷市,,,,133.724406,34.607866,,"公設, 容量:72m3"
332020,0200000356,岡山県倉敷市,防火水そう,332020,,倉敷市船穂町水江３４３,岡山県,倉敷市,,,,133.724624,34.602844,,"公設, 容量:30m3"
332020,0200000357,岡山県倉敷市,防火水そう,332020,,倉敷市船穂町水江１１９４－１,岡山県,倉敷市,,,,133.715142,34.595994,,"公設, 容量:40m3"
332020,0200000358,岡山県倉敷市,防火水そう,332020,,倉敷市船穂町水江１１８７－２,岡山県,倉敷市,,,,133.714483,34.596986,,"公設, 容量:40m3"
332020,0200000359,岡山県倉敷市,防火水そう,332020,,倉敷市船穂町船穂３５５７－５,岡山県,倉敷市,,,,133.705047,34.589171,,"公設, 容量:40m3"
332020,0200000360,岡山県倉敷市,防火水そう,332020,,倉敷市船穂町船穂５２０６番地,岡山県,倉敷市,,,,133.701353,34.589162,,"公設, 容量:36.3m3"
332020,0200000361,岡山県倉敷市,防火水そう,332020,,倉敷市船穂町船穂４９５２番地,岡山県,倉敷市,,,,133.697397,34.590076,,"公設, 容量:40m3"
332020,0200000362,岡山県倉敷市,防火水そう,332020,,倉敷市船穂町船穂６７３８番地２,岡山県,倉敷市,,,,133.690401,34.593176,,"公設, 容量:40m3"
332020,0200000363,岡山県倉敷市,防火水そう,332020,,倉敷市船穂町船穂１６０６番地,岡山県,倉敷市,,,,133.704989,34.582412,,"公設, 容量:60m3"
332020,0200000364,岡山県倉敷市,防火水そう,332020,,倉敷市船穂町船穂５５２６番地４,岡山県,倉敷市,,,,133.699817,34.587825,,"公設, 容量:40m3"
332020,0200000366,岡山県倉敷市,防火水そう,332020,,倉敷市船穂町船穂４３９０番地,岡山県,倉敷市,,,,133.702523,34.591388,,"公設, 容量:28.8m3"
332020,0200000367,岡山県倉敷市,防火水そう,332020,,倉敷市船穂町船穂７７０７番地,岡山県,倉敷市,,,,133.687439,34.588871,,"公設, 容量:40m3"
332020,0200000369,岡山県倉敷市,防火水そう,332020,,倉敷市船穂町船穂６６８３番地,岡山県,倉敷市,,,,133.691929,34.592771,,"公設, 容量:57m3"
332020,0200000370,岡山県倉敷市,防火水そう,332020,,倉敷市船穂町柳井原６４２番地,岡山県,倉敷市,,,,133.71859,34.612452,,"公設, 容量:40m3"
332020,0200000371,岡山県倉敷市,防火水そう,332020,,倉敷市船穂町船穂３６３５番地,岡山県,倉敷市,,,,133.706472,34.589891,,"公設, 容量:60m3"
332020,0200000372,岡山県倉敷市,防火水そう,332020,,倉敷市船穂町船穂５５９７番地,岡山県,倉敷市,,,,133.698197,34.587868,,"公設, 容量:96m3"
332020,0200000373,岡山県倉敷市,防火水そう,332020,,倉敷市船穂町船穂３９１３番地２,岡山県,倉敷市,,,,133.709578,34.594267,,"公設, 容量:36m3"
332020,0200000426,岡山県倉敷市,防火水そう,332020,,倉敷市真備町妹２１７５番地,岡山県,倉敷市,,,,133.641235,34.640282,,"公設, 容量:40m3"
332020,0200000427,岡山県倉敷市,防火水そう,332020,,倉敷市真備町妹１０５９番地,岡山県,倉敷市,,,,133.648906,34.634645,,"公設, 容量:40m3"
332020,0200000428,岡山県倉敷市,防火水そう,332020,,倉敷市真備町妹１１８４番地１,岡山県,倉敷市,,,,133.651087,34.63117,,"公設, 容量:40m3"
332020,0200000429,岡山県倉敷市,防火水そう,332020,,倉敷市真備町妹１６０６番地,岡山県,倉敷市,,,,133.651968,34.626724,,"公設, 容量:40m3"
332020,0200000430,岡山県倉敷市,防火水そう,332020,,倉敷市真備町妹２０１番地１,岡山県,倉敷市,,,,133.656706,34.627471,,"公設, 容量:40m3"
332020,0200000431,岡山県倉敷市,防火水そう,332020,,倉敷市真備町妹１８８２番地５,岡山県,倉敷市,,,,133.6508,34.624059,,"公設, 容量:40m3"
332020,0200000433,岡山県倉敷市,防火水そう,332020,,倉敷市真備町妹２４９６番地５,岡山県,倉敷市,,,,133.642873,34.627275,,"公設, 容量:40m3"
332020,0200000434,岡山県倉敷市,防火水そう,332020,,倉敷市真備町妹,岡山県,倉敷市,,,,133.646079,34.625323,,"公設, 容量:40m3"
332020,0200000435,岡山県倉敷市,防火水そう,332020,,倉敷市真備町妹２８８９番地３,岡山県,倉敷市,,,,133.646705,34.622628,,"公設, 容量:40m3"
332020,0200000437,岡山県倉敷市,防火水そう,332020,,倉敷市真備町妹３２２８番地２,岡山県,倉敷市,,,,133.638967,34.616309,,"公設, 容量:40m3"
332020,0200000438,岡山県倉敷市,防火水そう,332020,,倉敷市真備町妹１４５２番地１６,岡山県,倉敷市,,,,133.655236,34.621554,,"公設, 容量:40m3"
332020,0200000439,岡山県倉敷市,防火水そう,332020,,倉敷市真備町妹４４８６番地２,岡山県,倉敷市,,,,133.658333,34.61835,,"公設, 容量:40m3"
332020,0200000440,岡山県倉敷市,防火水そう,332020,,倉敷市真備町妹４０５２番地１,岡山県,倉敷市,,,,133.655931,34.617681,,"公設, 容量:40m3"
332020,0200000441,岡山県倉敷市,防火水そう,332020,,倉敷市真備町妹４２２８番地３,岡山県,倉敷市,,,,133.652852,34.617694,,"公設, 容量:40m3"
332020,0200000442,岡山県倉敷市,防火水そう,332020,,倉敷市真備町妹４１３９番地１,岡山県,倉敷市,,,,133.651078,34.617798,,"公設, 容量:40m3"
332020,0200000443,岡山県倉敷市,防火水そう,332020,,倉敷市真備町妹３４３７番地２,岡山県,倉敷市,,,,133.64137,34.614917,,"公設, 容量:40m3"
332020,0200000444,岡山県倉敷市,防火水そう,332020,,倉敷市真備町尾崎２３７７番地１,岡山県,倉敷市,,,,133.659659,34.623973,,"公設, 容量:40m3"
332020,0200000445,岡山県倉敷市,防火水そう,332020,,倉敷市真備町尾崎２３２０番地６,岡山県,倉敷市,,,,133.659829,34.625079,,"公設, 容量:40m3"
332020,0200000446,岡山県倉敷市,防火水そう,332020,,倉敷市真備町尾崎２３０６番地７,岡山県,倉敷市,,,,133.662417,34.62491,,"公設, 容量:40m3"
332020,0200000447,岡山県倉敷市,防火水そう,332020,,倉敷市真備町尾崎２０８６番地１,岡山県,倉敷市,,,,133.664245,34.627354,,"公設, 容量:40m3"
332020,0200000449,岡山県倉敷市,防火水そう,332020,,倉敷市真備町尾崎１９８８番地８,岡山県,倉敷市,,,,133.664847,34.626096,,"公設, 容量:40m3"
332020,0200000450,岡山県倉敷市,防火水そう,332020,,倉敷市真備町尾崎,岡山県,倉敷市,,,,133.666205,34.626552,,"公設, 容量:40m3"
332020,0200000451,岡山県倉敷市,防火水そう,332020,,倉敷市真備町尾崎１６４１番地４９,岡山県,倉敷市,,,,133.670652,34.625198,,"公設, 容量:70m3"
332020,0200000452,岡山県倉敷市,防火水そう,332020,,倉敷市真備町尾崎６９７番地,岡山県,倉敷市,,,,133.673133,34.624651,,"公設, 容量:40m3"
332020,0200000454,岡山県倉敷市,防火水そう,332020,,倉敷市真備町尾崎２１４番地２,岡山県,倉敷市,,,,133.6768,34.628339,,"公設, 容量:40m3"
332020,0200000456,岡山県倉敷市,防火水そう,332020,,倉敷市真備町尾崎１０１７番地４１,岡山県,倉敷市,,,,133.679245,34.62237,,"公設, 容量:40m3"
332020,0200000457,岡山県倉敷市,防火水そう,332020,,倉敷市真備町服部８５番地３,岡山県,倉敷市,,,,133.660747,34.618112,,"公設, 容量:40m3"
332020,0200000458,岡山県倉敷市,防火水そう,332020,,倉敷市真備町服部４９番地,岡山県,倉敷市,,,,133.660591,34.617101,,"公設, 容量:40m3"
332020,0200000460,岡山県倉敷市,防火水そう,332020,,倉敷市真備町服部２５３番地１,岡山県,倉敷市,,,,133.665452,34.617502,,"公設, 容量:40m3"
332020,0200000461,岡山県倉敷市,防火水そう,332020,,倉敷市真備町服部４００番地,岡山県,倉敷市,,,,133.667164,34.616859,,"公設, 容量:40m3"
332020,0200000462,岡山県倉敷市,防火水そう,332020,,倉敷市真備町服部１０７９番地,岡山県,倉敷市,,,,133.671039,34.620606,,"公設, 容量:40m3"
332020,0200000463,岡山県倉敷市,防火水そう,332020,,倉敷市真備町服部１０９９番地３,岡山県,倉敷市,,,,133.672731,34.620641,,"公設, 容量:40m3"
332020,0200000464,岡山県倉敷市,防火水そう,332020,,倉敷市真備町服部６０６番地１,岡山県,倉敷市,,,,133.673158,34.616308,,"公設, 容量:40m3"
332020,0200000465,岡山県倉敷市,防火水そう,332020,,倉敷市真備町服部６８２番地１,岡山県,倉敷市,,,,133.675989,34.616019,,"公設, 容量:40m3"
332020,0200000466,岡山県倉敷市,防火水そう,332020,,倉敷市真備町服部１８６２番地,岡山県,倉敷市,,,,133.677874,34.614012,,"公設, 容量:40m3"
332020,0200000467,岡山県倉敷市,防火水そう,332020,,倉敷市真備町服部１９０６番地１,岡山県,倉敷市,,,,133.676526,34.613283,,"公設, 容量:40m3"
332020,0200000468,岡山県倉敷市,防火水そう,332020,,倉敷市真備町服部１９２４番地１,岡山県,倉敷市,,,,133.678153,34.612515,,"公設, 容量:40m3"
332020,0200000470,岡山県倉敷市,防火水そう,332020,,倉敷市真備町箭田２６０１番地５,岡山県,倉敷市,,,,133.679195,34.635212,,"公設, 容量:40m3"
332020,0200000471,岡山県倉敷市,防火水そう,332020,,倉敷市真備町箭田３３３５番地６,岡山県,倉敷市,,,,133.681035,34.631328,,"公設, 容量:40m3"
332020,0200000474,岡山県倉敷市,防火水そう,332020,,倉敷市真備町箭田３８２２番地１,岡山県,倉敷市,,,,133.682349,34.627561,,"公設, 容量:40m3"
332020,0200000475,岡山県倉敷市,防火水そう,332020,,倉敷市真備町箭田３８９０番地,岡山県,倉敷市,,,,133.683585,34.628313,,"公設, 容量:40m3"
332020,0200000476,岡山県倉敷市,防火水そう,332020,,倉敷市真備町箭田４０５５番地４７,岡山県,倉敷市,,,,133.683194,34.627287,,"公設, 容量:95m3"
332020,0200000478,岡山県倉敷市,防火水そう,332020,,倉敷市真備町箭田３７２２番地１,岡山県,倉敷市,,,,133.685099,34.629223,,"公設, 容量:40m3"
332020,0200000479,岡山県倉敷市,防火水そう,332020,,倉敷市真備町箭田３６６９番地,岡山県,倉敷市,,,,133.68585,34.629337,,"公設, 容量:40m3"
332020,0200000481,岡山県倉敷市,防火水そう,332020,,倉敷市真備町箭田１６８５番地,岡山県,倉敷市,,,,133.689085,34.631531,,"公設, 容量:40m3"
332020,0200000482,岡山県倉敷市,防火水そう,332020,,倉敷市真備町箭田６９６番地１４４,岡山県,倉敷市,,,,133.691685,34.632404,,"公設, 容量:50m3"
332020,0200000483,岡山県倉敷市,防火水そう,332020,,倉敷市真備町箭田９８５番地２,岡山県,倉敷市,,,,133.692993,34.632002,,"公設, 容量:40m3"
332020,0200000484,岡山県倉敷市,防火水そう,332020,,倉敷市真備町箭田９１２－２,岡山県,倉敷市,,,,133.693391,34.632544,,"公設, 容量:40m3"
332020,0200000485,岡山県倉敷市,防火水そう,332020,,倉敷市真備町箭田９７１番地２３,岡山県,倉敷市,,,,133.693004,34.633377,,"公設, 容量:40m3"
332020,0200000486,岡山県倉敷市,防火水そう,332020,,倉敷市真備町箭田１１４番地２,岡山県,倉敷市,,,,133.697065,34.635027,,"公設, 容量:40m3"
332020,0200000487,岡山県倉敷市,防火水そう,332020,,倉敷市真備町箭田７４１番地５,岡山県,倉敷市,,,,133.694283,34.631709,,"公設, 容量:40m3"
332020,0200000489,岡山県倉敷市,防火水そう,332020,,倉敷市真備町箭田１０３２番地１２,岡山県,倉敷市,,,,133.693594,34.630059,,"公設, 容量:40m3"
332020,0200000490,岡山県倉敷市,防火水そう,332020,,倉敷市真備町箭田１７６９番地１,岡山県,倉敷市,,,,133.689281,34.628699,,"公設, 容量:40m3"
332020,0200000491,岡山県倉敷市,防火水そう,332020,,倉敷市真備町箭田１７７０番地１,岡山県,倉敷市,,,,133.687973,34.628766,,"公設, 容量:40m3"
332020,0200000492,岡山県倉敷市,防火水そう,332020,,倉敷市真備町箭田４１１０番地,岡山県,倉敷市,,,,133.685145,34.626441,,"公設, 容量:40m3"
332020,0200000494,岡山県倉敷市,防火水そう,332020,,倉敷市真備町箭田４６０２番地４,岡山県,倉敷市,,,,133.689837,34.624207,,"公設, 容量:40m3"
332020,0200000496,岡山県倉敷市,防火水そう,332020,,倉敷市真備町箭田５４６６番地５,岡山県,倉敷市,,,,133.689254,34.6177,,"公設, 容量:40m3"
332020,0200000497,岡山県倉敷市,防火水そう,332020,,倉敷市真備町箭田５６６４番地２,岡山県,倉敷市,,,,133.694608,34.619194,,"公設, 容量:40m3"
332020,0200000498,岡山県倉敷市,防火水そう,332020,,倉敷市真備町箭田６６８３番地６,岡山県,倉敷市,,,,133.699161,34.618831,,"公設, 容量:40m3"
332020,0200000499,岡山県倉敷市,防火水そう,332020,,倉敷市真備町箭田６３４０番地２,岡山県,倉敷市,,,,133.695007,34.608931,,"公設, 容量:40m3"
332020,0200000500,岡山県倉敷市,防火水そう,332020,,倉敷市真備町下二万２５４番地１,岡山県,倉敷市,,,,133.712912,34.625408,,"公設, 容量:40m3"
332020,0200000501,岡山県倉敷市,防火水そう,332020,,倉敷市真備町下二万５５５番地４,岡山県,倉敷市,,,,133.714732,34.623974,,"公設, 容量:40m3"
332020,0200000502,岡山県倉敷市,防火水そう,332020,,倉敷市真備町下二万５８３番地３,岡山県,倉敷市,,,,133.715768,34.623654,,"公設, 容量:40m3"
332020,0200000504,岡山県倉敷市,防火水そう,332020,,倉敷市真備町下二万１３５３番地５２,岡山県,倉敷市,,,,133.711102,34.620865,,"公設, 容量:40m3"
332020,0200000505,岡山県倉敷市,防火水そう,332020,,倉敷市真備町下二万１４０６番地５,岡山県,倉敷市,,,,133.709007,34.622389,,"公設, 容量:40m3"
332020,0200000506,岡山県倉敷市,防火水そう,332020,,倉敷市真備町下二万１６１２番地,岡山県,倉敷市,,,,133.705657,34.617878,,"公設, 容量:40m3"
332020,0200000507,岡山県倉敷市,防火水そう,332020,,倉敷市真備町下二万２３８５番地４,岡山県,倉敷市,,,,133.699131,34.620819,,"公設, 容量:40m3"
332020,0200000508,岡山県倉敷市,防火水そう,332020,,倉敷市真備町下二万２０４１番地,岡山県,倉敷市,,,,133.700934,34.627284,,"公設, 容量:40m3"
332020,0200000509,岡山県倉敷市,防火水そう,332020,,倉敷市真備町下二万１６５４番地１,岡山県,倉敷市,,,,133.705946,34.621018,,"公設, 容量:40m3"
332020,0200000510,岡山県倉敷市,防火水そう,332020,,倉敷市真備町下二万２０８２番地６,岡山県,倉敷市,,,,133.701436,34.625881,,"公設, 容量:40m3"
332020,0200000511,岡山県倉敷市,防火水そう,332020,,倉敷市真備町下二万５８７番地１,岡山県,倉敷市,,,,133.716061,34.624649,,"公設, 容量:40m3"
332020,0200000512,岡山県倉敷市,防火水そう,332020,,倉敷市真備町上二万３３５８番地４,岡山県,倉敷市,,,,133.708646,34.60678,,"公設, 容量:40m3"
332020,0200000513,岡山県倉敷市,防火水そう,332020,,倉敷市真備町上二万３０９１番地１８,岡山県,倉敷市,,,,133.712559,34.60293,,"公設, 容量:40m3"
332020,0200000514,岡山県倉敷市,防火水そう,332020,,倉敷市真備町上二万３１０５番地１０８,岡山県,倉敷市,,,,133.714353,34.602164,,"公設, 容量:40m3"
332020,0200000515,岡山県倉敷市,防火水そう,332020,,倉敷市真備町上二万３０９１番地１０７,岡山県,倉敷市,,,,133.712758,34.6016,,"公設, 容量:40m3"
332020,0200000516,岡山県倉敷市,防火水そう,332020,,倉敷市真備町上二万３０９１番地９０,岡山県,倉敷市,,,,133.711603,34.601208,,"公設, 容量:40m3"
332020,0200000517,岡山県倉敷市,防火水そう,332020,,倉敷市真備町上二万３１０５番地１５４,岡山県,倉敷市,,,,133.714886,34.601306,,"公設, 容量:40m3"
332020,0200000518,岡山県倉敷市,防火水そう,332020,,倉敷市真備町上二万３０９１番地２６５,岡山県,倉敷市,,,,133.713334,34.599629,,"公設, 容量:40m3"
332020,0200000520,岡山県倉敷市,防火水そう,332020,,倉敷市真備町上二万１３５８番地９,岡山県,倉敷市,,,,133.698399,34.600798,,"公設, 容量:40m3"
332020,0200000522,岡山県倉敷市,防火水そう,332020,,倉敷市真備町上二万３９１番地,岡山県,倉敷市,,,,133.706984,34.607345,,"公設, 容量:40m3"
332020,0200000523,岡山県倉敷市,防火水そう,332020,,倉敷市真備町上二万２７１３番地２,岡山県,倉敷市,,,,133.710992,34.618906,,"公設, 容量:40m3"
332020,0200000524,岡山県倉敷市,防火水そう,332020,,倉敷市玉島乙島北泉２２４３番３号,岡山県,倉敷市,,,,133.675342,34.53476,,"公設, 容量:46m3"
332020,0200000525,岡山県倉敷市,防火水そう,332020,,倉敷市玉島乙島船堀６８９９番５号,岡山県,倉敷市,,,,133.680146,34.537717,,"公設, 容量:50m3"
332020,0200000526,岡山県倉敷市,防火水そう,332020,,倉敷市玉島乙島高崎７４７１番４号,岡山県,倉敷市,,,,133.689311,34.531689,,"公設, 容量:42m3"
332020,0200000527,岡山県倉敷市,防火水そう,332020,,倉敷市真備町市場１８０４番地４,岡山県,倉敷市,,,,133.666483,34.646399,,"公設, 容量:40m3"
332020,0200000528,岡山県倉敷市,防火水そう,332020,,倉敷市真備町市場１９３９番地１,岡山県,倉敷市,,,,133.66932,34.647689,,"公設, 容量:40m3"
332020,0200000529,岡山県倉敷市,防火水そう,332020,,倉敷市真備町市場１０７４番地１,岡山県,倉敷市,,,,133.674536,34.647919,,"公設, 容量:40m3"
332020,0200000530,岡山県倉敷市,防火水そう,332020,,倉敷市真備町市場２１７５番地３,岡山県,倉敷市,,,,133.676915,34.649919,,"公設, 容量:40m3"
332020,0200000534,岡山県倉敷市,防火水そう,332020,,倉敷市真備町市場２７１４番地１,岡山県,倉敷市,,,,133.676655,34.654831,,"公設, 容量:40m3"
332020,0200000535,岡山県倉敷市,防火水そう,332020,,倉敷市真備町市場８５０番地３,岡山県,倉敷市,,,,133.680471,34.649646,,"公設, 容量:40m3"
332020,0200000536,岡山県倉敷市,防火水そう,332020,,倉敷市真備町市場７９０番地９,岡山県,倉敷市,,,,133.682018,34.649089,,"公設, 容量:40m3"
332020,0200000537,岡山県倉敷市,防火水そう,332020,,倉敷市真備町市場６５８番地４,岡山県,倉敷市,,,,133.683445,34.648025,,"公設, 容量:40m3"
332020,0200000538,岡山県倉敷市,防火水そう,332020,,倉敷市真備町市場３０４０番地１,岡山県,倉敷市,,,,133.685208,34.651795,,"公設, 容量:50m3"
332020,0200000539,岡山県倉敷市,防火水そう,332020,,倉敷市真備町市場３５０８番地３,岡山県,倉敷市,,,,133.687956,34.654809,,"公設, 容量:40m3"
332020,0200000542,岡山県倉敷市,防火水そう,332020,,倉敷市真備町市場,岡山県,倉敷市,,,,133.690793,34.650717,,"公設, 容量:40m3"
332020,0200000543,岡山県倉敷市,防火水そう,332020,,倉敷市真備町市場６０１番地１２,岡山県,倉敷市,,,,133.686408,34.645761,,"公設, 容量:40m3"
332020,0200000544,岡山県倉敷市,防火水そう,332020,,倉敷市真備町市場３７５番地１８,岡山県,倉敷市,,,,133.689933,34.644033,,"公設, 容量:40m3"
332020,0200000546,岡山県倉敷市,防火水そう,332020,,倉敷市真備町市場２５６番地５,岡山県,倉敷市,,,,133.693714,34.645112,,"公設, 容量:40m3"
332020,0200000547,岡山県倉敷市,防火水そう,332020,,倉敷市真備町市場４６０８番地２,岡山県,倉敷市,,,,133.697894,34.646443,,"公設, 容量:40m3"
332020,0200000553,岡山県倉敷市,防火水そう,332020,,倉敷市真備町有井５９４番地,岡山県,倉敷市,,,,133.701182,34.640783,,"公設, 容量:40m3"
332020,0200000554,岡山県倉敷市,防火水そう,332020,,倉敷市真備町有井６４７番地１２,岡山県,倉敷市,,,,133.69922,34.6416,,"公設, 容量:40m3"
332020,0200000557,岡山県倉敷市,防火水そう,332020,,倉敷市真備町有井８９番地２２,岡山県,倉敷市,,,,133.708547,34.637163,,"公設, 容量:40m3"
332020,0200000558,岡山県倉敷市,防火水そう,332020,,倉敷市真備町有井１０７番地４９,岡山県,倉敷市,,,,133.708554,34.635597,,"公設, 容量:50m3"
332020,0200000561,岡山県倉敷市,防火水そう,332020,,倉敷市真備町有井２０６５番地３,岡山県,倉敷市,,,,133.711216,34.628371,,"公設, 容量:40m3"
332020,0200000562,岡山県倉敷市,防火水そう,332020,,倉敷市真備町岡田,岡山県,倉敷市,,,,133.710806,34.650275,,"公設, 容量:40m3"
332020,0200000563,岡山県倉敷市,防火水そう,332020,,倉敷市真備町岡田９０２番地,岡山県,倉敷市,,,,133.707306,34.650826,,"公設, 容量:40m3"
332020,0200000565,岡山県倉敷市,防火水そう,332020,,倉敷市真備町岡田２２４番地４,岡山県,倉敷市,,,,133.710628,34.64396,,"公設, 容量:40m3"
332020,0200000566,岡山県倉敷市,防火水そう,332020,,倉敷市真備町岡田１４７番地１,岡山県,倉敷市,,,,133.706904,34.643424,,"公設, 容量:40m3"
332020,0200000567,岡山県倉敷市,防火水そう,332020,,倉敷市真備町岡田１６４番地１８,岡山県,倉敷市,,,,133.709065,34.643034,,"公設, 容量:40m3"
332020,0200000568,岡山県倉敷市,防火水そう,332020,,倉敷市真備町岡田２７７番地３,岡山県,倉敷市,,,,133.709476,34.646625,,"公設, 容量:70m3"
332020,0200000569,岡山県倉敷市,防火水そう,332020,,倉敷市真備町岡田６２６番地,岡山県,倉敷市,,,,133.706217,34.646603,,"公設, 容量:40m3"
332020,0200000570,岡山県倉敷市,防火水そう,332020,,倉敷市真備町岡田１０６９番地２５,岡山県,倉敷市,,,,133.700665,34.647296,,"公設, 容量:40m3"
332020,0200000571,岡山県倉敷市,防火水そう,332020,,倉敷市真備町岡田１１２９番地,岡山県,倉敷市,,,,133.695432,34.650978,,"公設, 容量:40m3"
332020,0200000572,岡山県倉敷市,防火水そう,332020,,倉敷市真備町岡田４５番地６,岡山県,倉敷市,,,,133.705141,34.643598,,"公設, 容量:40m3"
332020,0200000573,岡山県倉敷市,防火水そう,332020,,倉敷市真備町辻田８５５番地１４,岡山県,倉敷市,,,,133.716124,34.647991,,"公設, 容量:40m3"
332020,0200000574,岡山県倉敷市,防火水そう,332020,,倉敷市真備町辻田１０１８番地１６,岡山県,倉敷市,,,,133.713374,34.648643,,"公設, 容量:40m3"
332020,0200000575,岡山県倉敷市,防火水そう,332020,,倉敷市真備町辻田１３２０番地３,岡山県,倉敷市,,,,133.712904,34.653296,,"公設, 容量:40m3"
332020,0200000576,岡山県倉敷市,防火水そう,332020,,倉敷市真備町辻田１５０９番地,岡山県,倉敷市,,,,133.715058,34.6545,,"公設, 容量:40m3"
332020,0200000577,岡山県倉敷市,防火水そう,332020,,倉敷市真備町辻田１４８３番地,岡山県,倉敷市,,,,133.714556,34.65522,,"公設, 容量:40m3"
332020,0200000579,岡山県倉敷市,防火水そう,332020,,倉敷市真備町辻田５５７番地１０,岡山県,倉敷市,,,,133.720973,34.647971,,"公設, 容量:40m3"
332020,0200000580,岡山県倉敷市,防火水そう,332020,,倉敷市真備町辻田２６８番地１,岡山県,倉敷市,,,,133.713244,34.644871,,"公設, 容量:40m3"
332020,0200000582,岡山県倉敷市,防火水そう,332020,,倉敷市真備町川辺２０８０番地４２,岡山県,倉敷市,,,,133.709913,34.635049,,"公設, 容量:40m3"
332020,0200000583,岡山県倉敷市,防火水そう,332020,,倉敷市真備町川辺１３８０番地２,岡山県,倉敷市,,,,133.721634,34.633194,,"公設, 容量:40m3"
332020,0200000587,岡山県倉敷市,防火水そう,332020,,倉敷市真備町川辺６８４番地９,岡山県,倉敷市,,,,133.719583,34.639211,,"公設, 容量:40m3"
332020,0200000588,岡山県倉敷市,防火水そう,332020,,倉敷市真備町川辺９９７番地５２,岡山県,倉敷市,,,,133.724199,34.641266,,"公設, 容量:40m3"
332020,0200000589,岡山県倉敷市,防火水そう,332020,,倉敷市真備町川辺８４５番地５,岡山県,倉敷市,,,,133.722407,34.641054,,"公設, 容量:40m3"
332020,0200000590,岡山県倉敷市,防火水そう,332020,,倉敷市真備町川辺６４４番地１,岡山県,倉敷市,,,,133.7205,34.640932,,"公設, 容量:40m3"
332020,0200000591,岡山県倉敷市,防火水そう,332020,,倉敷市真備町川辺２０７番地,岡山県,倉敷市,,,,133.718646,34.642344,,"公設, 容量:40m3"
332020,0200000593,岡山県倉敷市,防火水そう,332020,,倉敷市真備町川辺５７番地,岡山県,倉敷市,,,,133.717338,34.643429,,"公設, 容量:40m3"
332020,0200000594,岡山県倉敷市,防火水そう,332020,,倉敷市真備町川辺５０３番地１,岡山県,倉敷市,,,,133.72028,34.64215,,"公設, 容量:40m3"
332020,0200000596,岡山県倉敷市,防火水そう,332020,,倉敷市玉島中央町３丁目９１１－５,岡山県,倉敷市,,,,133.670453,34.543609,,"公設, 容量:60m3"
332020,0200000597,岡山県倉敷市,防火水そう,332020,,倉敷市玉島阿賀崎１８８０番地３,岡山県,倉敷市,,,,133.660168,34.543159,,"公設, 容量:50m3"
332020,0200000598,岡山県倉敷市,防火水そう,332020,,倉敷市玉島柏島２６５７番地,岡山県,倉敷市,,,,133.653718,34.541588,,"公設, 容量:30m3"
332020,0200000599,岡山県倉敷市,防火水そう,332020,,倉敷市玉島柏島３９７１番地２,岡山県,倉敷市,,,,133.646874,34.537911,,"公設, 容量:40m3"
332020,0200000600,岡山県倉敷市,防火水そう,332020,,倉敷市玉島柏島３７７０番地２,岡山県,倉敷市,,,,133.649347,34.53826,,"公設, 容量:40m3"
332020,0200000601,岡山県倉敷市,防火水そう,332020,,倉敷市玉島柏島３２０３番地２,岡山県,倉敷市,,,,133.654975,34.535124,,"公設, 容量:80m3"
332020,0200000602,岡山県倉敷市,防火水そう,332020,,倉敷市玉島柏島３２８０番地３,岡山県,倉敷市,,,,133.655923,34.533455,,"公設, 容量:40m3"
332020,0200000603,岡山県倉敷市,防火水そう,332020,,倉敷市玉島柏島６６３２番地,岡山県,倉敷市,,,,133.655999,34.524499,,"公設, 容量:46m3"
332020,0200000604,岡山県倉敷市,防火水そう,332020,,倉敷市玉島柏島７０３８番地６,岡山県,倉敷市,,,,133.663322,34.522523,,"公設, 容量:57m3"
332020,0200000606,岡山県倉敷市,防火水そう,332020,,倉敷市玉島勇崎１３８９番地,岡山県,倉敷市,,,,133.659068,34.522034,,"公設, 容量:40m3"
332020,0200000607,岡山県倉敷市,防火水そう,332020,,倉敷市玉島勇崎７２２番地,岡山県,倉敷市,,,,133.649098,34.521919,,"公設, 容量:40m3"
332020,0200000608,岡山県倉敷市,防火水そう,332020,,倉敷市新倉敷駅前３丁目３４番１号,岡山県,倉敷市,,,,133.680848,34.56383,,"公設, 容量:100m3"
332020,0200000609,岡山県倉敷市,防火水そう,332020,,倉敷市玉島爪崎２６５番地２,岡山県,倉敷市,,,,133.675551,34.56615,,"公設, 容量:100m3"
332020,0200000612,岡山県倉敷市,防火水そう,332020,,倉敷市広江７丁目８９０番２７４号,岡山県,倉敷市,,,,133.786686,34.5222,,"公設, 容量:41.6m3"
332020,0200000613,岡山県倉敷市,防火水そう,332020,,倉敷市広江７丁目８９０番２４号,岡山県,倉敷市,,,,133.787118,34.521065,,"公設, 容量:41.5m3"
332020,0200000614,岡山県倉敷市,防火水そう,332020,,倉敷市広江７丁目８９０番２５１号,岡山県,倉敷市,,,,133.784574,34.521909,,"公設, 容量:42.3m3"
332020,0200000615,岡山県倉敷市,防火水そう,332020,,倉敷市広江７丁目８９０番５号,岡山県,倉敷市,,,,133.785998,34.519507,,"公設, 容量:42.3m3"
332020,0200000616,岡山県倉敷市,防火水そう,332020,,倉敷市広江６丁目７２７番２号,岡山県,倉敷市,,,,133.778924,34.5178,,"公設, 容量:48m3"
332020,0200000617,岡山県倉敷市,防火水そう,332020,,倉敷市福田町広江１８０番地,岡山県,倉敷市,,,,133.779618,34.514547,,"公設, 容量:40m3"
332020,0200000618,岡山県倉敷市,防火水そう,332020,,倉敷市広江６丁目８２６番地４号,岡山県,倉敷市,,,,133.781321,34.522848,,"公設, 容量:30m3"
332020,0200000619,岡山県倉敷市,防火水そう,332020,,倉敷市広江６丁目４６１番地,岡山県,倉敷市,,,,133.777976,34.522739,,"公設, 容量:40m3"
332020,0200000620,岡山県倉敷市,防火水そう,332020,,倉敷市広江１丁目９番,岡山県,倉敷市,,,,133.774537,34.520426,,"公設, 容量:40m3"
332020,0200000621,岡山県倉敷市,防火水そう,332020,,倉敷市児島宇野津８４５番地,岡山県,倉敷市,,,,133.782881,34.502298,,"公設, 容量:16.4m3"
332020,0200000622,岡山県倉敷市,防火水そう,332020,,倉敷市児島宇野津２０３０番地１３,岡山県,倉敷市,,,,133.767371,34.505367,,"公設, 容量:40m3"
332020,0200000623,岡山県倉敷市,防火水そう,332020,,倉敷市児島塩生２５９０番地１号,岡山県,倉敷市,,,,133.78136,34.483435,,"公設, 容量:50m3"
332020,0200000624,岡山県倉敷市,防火水そう,332020,,倉敷市児島塩生２５９０番地１号,岡山県,倉敷市,,,,133.781408,34.483267,,"公設, 容量:50m3"
332020,0200000625,岡山県倉敷市,防火水そう,332020,,倉敷市児島塩生１番地１０号,岡山県,倉敷市,,,,133.78651,34.467703,,"公設, 容量:50m3"
332020,0200000626,岡山県倉敷市,防火水そう,332020,,倉敷市児島塩生１番地１０号,岡山県,倉敷市,,,,133.786445,34.467623,,"公設, 容量:50m3"
332020,0200000627,岡山県倉敷市,防火水そう,332020,,倉敷市児島塩生３４８番地１８号,岡山県,倉敷市,,,,133.772645,34.471169,,"公設, 容量:40m3"
332020,0200000628,岡山県倉敷市,防火水そう,332020,,倉敷市児島塩生３５０番地７号,岡山県,倉敷市,,,,133.773469,34.470111,,"公設, 容量:40m3"
332020,0200000629,岡山県倉敷市,防火水そう,332020,,倉敷市児島通生７７３番地３号,岡山県,倉敷市,,,,133.778911,34.463101,,"公設, 容量:30m3"
332020,0200000630,岡山県倉敷市,防火水そう,332020,,倉敷市児島通生１９３６番地,岡山県,倉敷市,,,,133.778468,34.460324,,"公設, 容量:19.5m3"
332020,0200000640,岡山県倉敷市,防火水そう,332020,,倉敷市船穂町船穂７１３９番地,岡山県,倉敷市,,,,133.688353,34.588099,,"公設, 容量:40m3"
332020,0200000692,岡山県倉敷市,防火水そう,332020,,倉敷市児島阿津１丁目１０８９番地,岡山県,倉敷市,,,,133.802719,34.456538,,"公設, 容量:25m3"
332020,0200000694,岡山県倉敷市,防火水そう,332020,,倉敷市児島阿津１丁目１００１番地,岡山県,倉敷市,,,,133.804963,34.455538,,"公設, 容量:20m3"
332020,0200000696,岡山県倉敷市,防火水そう,332020,,倉敷市児島小川４丁目,岡山県,倉敷市,,,,133.808876,34.47561,,"公設, 容量:40m3"
332020,0200000697,岡山県倉敷市,防火水そう,332020,,倉敷市児島小川２丁目,岡山県,倉敷市,,,,133.811204,34.472399,,"公設, 容量:40m3"
332020,0200000700,岡山県倉敷市,防火水そう,332020,,倉敷市下津井吹上,岡山県,倉敷市,,,,133.795506,34.445105,,"公設, 容量:60m3"
332020,0200000704,岡山県倉敷市,防火水そう,332020,,倉敷市児島小川町４２４５番地,岡山県,倉敷市,,,,133.805912,34.486101,,"公設, 容量:100m3"
332020,0200000705,岡山県倉敷市,防火水そう,332020,,倉敷市児島小川１丁目１番４７号,岡山県,倉敷市,,,,133.80984,34.469784,,"公設, 容量:100m3"
332020,0200000715,岡山県倉敷市,防火水そう,332020,,倉敷市玉島柏台３丁目９,岡山県,倉敷市,,,,133.650853,34.5301,,"公設, 容量:100m3"
332020,0200000728,岡山県倉敷市,防火水そう,332020,,倉敷市真備町川辺１６８１番地３１,岡山県,倉敷市,,,,133.718849,34.634653,,"公設, 容量:40m3"
332020,0200000729,岡山県倉敷市,防火水そう,332020,,倉敷市東塚５丁目１０番,岡山県,倉敷市,,,,133.763619,34.527198,,"公設, 容量:100m3"
332020,0200000735,岡山県倉敷市,防火水そう,332020,,倉敷市船穂町柳井原１３４６番地,岡山県,倉敷市,,,,133.717743,34.609842,,"公設, 容量:40m3"
332020,0200000752,岡山県倉敷市,防火水そう,332020,,倉敷市曽原４７９番地２,岡山県,倉敷市,,,,133.804517,34.534805,,"公設, 容量:14m3"
332020,0200000754,岡山県倉敷市,防火水そう,332020,,倉敷市児島下の町２丁目１５７６番１８号,岡山県,倉敷市,,,,133.821618,34.472081,,"公設, 容量:100m3"
332020,0200000755,岡山県倉敷市,防火水そう,332020,,倉敷市児島小川６丁目７－２６,岡山県,倉敷市,,,,133.804394,34.479479,,"公設, 容量:41m3"
332020,0200000756,岡山県倉敷市,防火水そう,332020,,倉敷市四十瀬,岡山県,倉敷市,,,,133.747628,34.589827,,"公設, 容量:100m3"
332020,0200000762,岡山県倉敷市,防火水そう,332020,,倉敷市水島東栄町１２番地,岡山県,倉敷市,,,,133.74385,34.536384,,"公設, 容量:100m3"
332020,0200000763,岡山県倉敷市,防火水そう,332020,,倉敷市児島下の町４丁目１９６５－１,岡山県,倉敷市,,,,133.816975,34.48167,,"公設, 容量:100m3"
332020,0200000764,岡山県倉敷市,防火水そう,332020,,倉敷市曽原５７４番地２,岡山県,倉敷市,,,,133.803229,34.534749,,"公設, 容量:15m3"
332020,0200000766,岡山県倉敷市,防火水そう,332020,,倉敷市東富井１００５－５１,岡山県,倉敷市,,,,133.756368,34.572244,,"公設, 容量:40m3"
332020,0200000767,岡山県倉敷市,防火水そう,332020,,倉敷市真備町下二万２７６９番地１２,岡山県,倉敷市,,,,133.700595,34.610221,,"公設, 容量:40m3"
332020,0200000772,岡山県倉敷市,防火水そう,332020,,倉敷市笹沖７９９番地３号,岡山県,倉敷市,,,,133.76389,34.575791,,"公設, 容量:40m3"
332020,0200000773,岡山県倉敷市,防火水そう,332020,,倉敷市児島宇野津,岡山県,倉敷市,,,,133.766448,34.502392,,"公設, 容量:40m3"
332020,0200000775,岡山県倉敷市,防火水そう,332020,,倉敷市児島元浜町１６７番地,岡山県,倉敷市,,,,133.80493,34.458602,,"公設, 容量:100m3"
332020,0200000776,岡山県倉敷市,防火水そう,332020,,倉敷市船穂町船穂１２４０番１,岡山県,倉敷市,,,,133.69802,34.574838,,"公設, 容量:40m3"
332020,0200000784,岡山県倉敷市,防火水そう,332020,,倉敷市玉島１丁目１４番,岡山県,倉敷市,,,,133.681498,34.543992,,"公設, 容量:102m3"
332020,0200000785,岡山県倉敷市,防火水そう,332020,,倉敷市阿知１丁目,岡山県,倉敷市,,,,133.768022,34.602684,,"公設, 容量:100m3"
332020,0200000810,岡山県倉敷市,防火水そう,332020,,倉敷市連島１丁目９番,岡山県,倉敷市,,,,133.737068,34.545048,,"公設, 容量:100m3"
332020,0200000812,岡山県倉敷市,防火水そう,332020,,倉敷市阿知３丁目,岡山県,倉敷市,,,,133.76783,34.599088,,"公設, 容量:100m3"
332020,0200000815,岡山県倉敷市,防火水そう,332020,,倉敷市船穂町船穂１２３１－１,岡山県,倉敷市,,,,133.695048,34.576172,,"公設, 容量:40m3"
