水利種別(消火栓),水利種別(消火栓)名,市町村(消火栓)名,担当区内通番(消火栓),設置場所-1(消火栓),配管径,Ｘ座標(栓)(座標),Ｙ座標(栓)(座標),緯度(栓)(座標),経度(栓)(座標),備考
01,消火栓,彦根市,1,彦根市甲田町　 ,75,2650153,-7803609,0351746231,1361729125,
01,消火栓,彦根市,2,彦根市甲田町　 ,100,2648997,-7814141,0351742814,1361728655,
01,消火栓,彦根市,3,彦根市甲田町　 ,125,2626660,-7835459,0351735916,1361719788,
01,消火栓,彦根市,4,彦根市下矢倉町　 ,125,2627897,-7885150,0351719788,1361720220,
01,消火栓,彦根市,5,彦根市下矢倉町　 ,125,2621669,-7902847,0351714050,1361717735,
01,消火栓,彦根市,6,彦根市鳥居本町　 ,150,2621463,-7924658,0351706972,1361717628,
01,消火栓,彦根市,7,彦根市鳥居本町　 ,150,2623040,-7935302,0351703516,1361718240,
01,消火栓,彦根市,8,彦根市鳥居本町　 ,125,2613125,-7934887,0351703660,1361714316,
01,消火栓,彦根市,9,彦根市鳥居本町　 ,125,2597173,-7922509,0351707692,1361708016,
01,消火栓,彦根市,10,彦根市宮田町　 ,125,2573224,-7912373,0351711004,1361658548,
01,消火栓,彦根市,11,彦根市宮田町　 ,125,2563747,-7905855,0351713128,1361654804,
01,消火栓,彦根市,12,彦根市宮田町　 ,75,2557630,-7897664,0351715792,1361652392,
01,消火栓,彦根市,13,彦根市宮田町　 ,125,2554553,-7903330,0351713956,1361651168,
01,消火栓,彦根市,14,彦根市宮田町　 ,100,2553552,-7935168,0351703624,1361650736,
01,消火栓,彦根市,15,彦根市宮田町　 ,75,2535085,-7933778,0351704091,1361643428,
01,消火栓,彦根市,16,彦根市宮田町　 ,75,2538543,-7867962,0351725449,1361644870,
01,消火栓,彦根市,17,彦根市宮田町　 ,75,2531961,-7857582,0351728824,1361642276,
01,消火栓,彦根市,18,彦根市松原町　 ,100,2351729,-7795620,0351749092,1361530996,
01,消火栓,彦根市,19,彦根市松原町　 ,100,2359457,-7794934,0351749308,1361534056,
01,消火栓,彦根市,20,彦根市松原町　 ,100,2367653,-7810226,0351744338,1361537285,
01,消火栓,彦根市,21,彦根市松原町　 ,100,2358908,-7810064,0351744398,1361533823,
01,消火栓,彦根市,22,彦根市松原町　 ,150,2360356,-7825547,0351739372,1361534380,
01,消火栓,彦根市,23,彦根市松原町　 ,100,2371754,-7826155,0351739165,1361538892,
01,消火栓,彦根市,24,彦根市松原町　 ,200,2362215,-7840960,0351734368,1361535100,
01,消火栓,彦根市,25,彦根市松原町　 ,100,2370148,-7840349,0351734560,1361538241,
01,消火栓,彦根市,26,彦根市松原町　 ,200,2365082,-7859144,0351728464,1361536216,
01,消火栓,彦根市,27,彦根市松原町　 ,200,2351420,-7886357,0351719644,1361530780,
01,消火栓,彦根市,28,彦根市松原町　 ,200,2323788,-7927803,0351706216,1361519800,
01,消火栓,彦根市,29,彦根市松原町　 ,75,2314511,-7928049,0351706144,1361516128,
01,消火栓,彦根市,30,彦根市松原町　 ,75,2308436,-7935274,0351703804,1361513716,
01,消火栓,彦根市,31,彦根市松原町　 ,200,2319094,-7939539,0351702411,1361517930,
01,消火栓,彦根市,32,彦根市松原町　 ,150,2359899,-7963759,0351654516,1361534056,
01,消火栓,彦根市,33,彦根市松原町　 ,100,2369319,-8018309,0351636804,1361537728,
01,消火栓,彦根市,34,彦根市松原町　 ,100,2373945,-8013306,0351638424,1361539564,
01,消火栓,彦根市,35,彦根市松原町　 ,75,2414248,-7982251,0351648468,1361555548,
01,消火栓,彦根市,36,彦根市松原町　 ,75,2423452,-7988549,0351646416,1361559184,
01,消火栓,彦根市,37,彦根市松原町　 ,50,2428404,-7969679,0351652536,1361601164,
01,消火栓,彦根市,38,彦根市古沢町　 ,100,2438015,-7992059,0351645264,1361604944,
01,消火栓,彦根市,39,彦根市松原町　 ,75,2424120,-8000194,0351642636,1361559436,
01,消火栓,彦根市,40,彦根市松原町　 ,75,2411392,-8002447,0351641916,1361554396,
01,消火栓,彦根市,41,彦根市松原町　 ,75,2415859,-8006206,0351640692,1361556160,
01,消火栓,彦根市,42,彦根市松原町　 ,100,2426406,-8004625,0351641196,1361600336,
01,消火栓,彦根市,43,彦根市古沢町　 ,75,2426821,-8023925,0351634932,1361600480,
01,消火栓,彦根市,44,彦根市松原町　 ,100,2413184,-8026291,0351634176,1361555080,
01,消火栓,彦根市,45,彦根市古沢町　 ,100,2407753,-8036510,0351630864,1361552920,
01,消火栓,彦根市,46,彦根市古沢町　 ,75,2415026,-8034938,0351631368,1361555800,
01,消火栓,彦根市,47,彦根市古沢町　 ,100,2403690,-8047946,0351627156,1361551300,
01,消火栓,彦根市,48,彦根市松原町　 ,150,2390956,-8048313,0351627048,1361546260,
01,消火栓,彦根市,49,彦根市古沢町　 ,75,2427570,-8031576,0351632448,1361600768,
01,消火栓,彦根市,50,彦根市古沢町　 ,75,2423597,-8042569,0351628884,1361559184,
01,消火栓,彦根市,51,彦根市古沢町　 ,350,2416800,-8052015,0351625824,1361556484,
01,消火栓,彦根市,52,彦根市船町　 ,75,2407003,-8062025,0351622584,1361552596,
01,消火栓,彦根市,53,彦根市船町　 ,150,2398640,-8064376,0351621828,1361549284,
01,消火栓,彦根市,54,彦根市船町　 ,150,2414209,-8069659,0351620100,1361555440,
01,消火栓,彦根市,55,彦根市船町　 ,350,2426372,-8067688,0351620729,1361600256,
01,消火栓,彦根市,56,彦根市旭町　 ,75,2418605,-8080629,0351616536,1361557168,
01,消火栓,彦根市,57,彦根市古沢町　 ,75,2447281,-8021318,0351635760,1361608580,
01,消火栓,彦根市,58,彦根市古沢町　 ,75,2447900,-8048493,0351626940,1361608796,
01,消火栓,彦根市,59,彦根市古沢町　 ,75,2449747,-8058582,0351623664,1361609516,
01,消火栓,彦根市,60,彦根市古沢町　 ,100,2441398,-8065925,0351621288,1361606204,
01,消火栓,彦根市,61,彦根市古沢町　 ,150,2438151,-8076361,0351617904,1361604908,
01,消火栓,彦根市,62,彦根市古沢町　 ,150,2448904,-8083098,0351615708,1361609156,
01,消火栓,彦根市,63,彦根市古沢町　 ,75,2461173,-8078961,0351617040,1361614016,
01,消火栓,彦根市,64,彦根市古沢町　 ,150,2453022,-8092405,0351612684,1361610776,
01,消火栓,彦根市,65,彦根市古沢町　 ,150,2452408,-8100615,0351610020,1361610524,
01,消火栓,彦根市,66,彦根市駅東町,150,2451245,-8107939,0351607644,1361610056,
01,消火栓,彦根市,67,彦根市古沢町　 ,150,2453450,-8115920,0351605052,1361610920,
01,消火栓,彦根市,68,彦根市古沢町　 ,150,2453378,-8122908,0351602784,1361610884,
01,消火栓,彦根市,69,彦根市外町　 ,150,2453507,-8136662,0351558320,1361610920,
01,消火栓,彦根市,70,彦根市里根町　 ,150,2465260,-8143286,0351556160,1361615564,
01,消火栓,彦根市,71,彦根市里根町　 ,150,2471454,-8146153,0351555224,1361618012,
01,消火栓,彦根市,72,彦根市里根町　 ,75,2464672,-8152122,0351553293,1361615322,
01,消火栓,彦根市,73,彦根市里根町　 ,150,2470944,-8159243,0351550976,1361617796,
01,消火栓,彦根市,74,彦根市鳥居本町　 ,150,2612896,-7946090,0351700024,1361714213,
01,消火栓,彦根市,75,彦根市鳥居本町　 ,150,2611673,-7958681,0351655939,1361713714,
01,消火栓,彦根市,76,彦根市鳥居本町　 ,75,2616579,-7965492,0351653724,1361715648,
01,消火栓,彦根市,77,彦根市鳥居本町　 ,150,2608618,-7973631,0351651090,1361712488,
01,消火栓,彦根市,78,彦根市鳥居本町　 ,150,2605976,-7987559,0351646572,1361711426,
01,消火栓,彦根市,79,彦根市鳥居本町　 ,100,2619665,-7994545,0351644292,1361716836,
01,消火栓,彦根市,80,彦根市鳥居本町　 ,75,2632562,-7986728,0351646817,1361721949,
01,消火栓,彦根市,81,彦根市鳥居本町　 ,150,2602687,-8005465,0351640764,1361710104,
01,消火栓,彦根市,82,彦根市佐和山町　 ,75,2569708,-7987257,0351646704,1361657072,
01,消火栓,彦根市,83,彦根市佐和山町　 ,75,2556613,-7988071,0351646452,1361651888,
01,消火栓,彦根市,84,彦根市佐和山町　 ,75,2555887,-8021017,0351635760,1361651564,
01,消火栓,彦根市,85,彦根市佐和山町　 ,75,2530763,-8046489,0351627516,1361641592,
01,消火栓,彦根市,86,彦根市佐和山町　 ,150,2547938,-8040451,0351629460,1361648396,
01,消火栓,彦根市,87,彦根市鳥居本町　 ,150,2582672,-8035694,0351630972,1361702148,
01,消火栓,彦根市,88,彦根市鳥居本町　 ,200,2597039,-8033989,0351631512,1361707836,
01,消火栓,彦根市,89,彦根市鳥居本町　 ,150,2599637,-8020005,0351636048,1361708880,
01,消火栓,彦根市,90,彦根市鳥居本町　 ,125,2618220,-8029269,0351633024,1361716224,
01,消火栓,彦根市,91,彦根市鳥居本町　 ,75,2640583,-8020025,0351636003,1361725086,
01,消火栓,彦根市,92,彦根市鳥居本町　 ,75,2662120,-7996322,0351643675,1361733637,
01,消火栓,彦根市,93,彦根市鳥居本町　 ,75,2658727,-8008296,0351639792,1361732280,
01,消火栓,彦根市,94,彦根市鳥居本町　 ,75,2668088,-8005828,0351640584,1361735988,
01,消火栓,彦根市,95,彦根市鳥居本町　 ,75,2679562,-8010231,0351639144,1361740524,
01,消火栓,彦根市,96,彦根市鳥居本町　 ,75,2677127,-8017227,0351636876,1361739552,
01,消火栓,彦根市,97,彦根市鳥居本町　 ,125,2660495,-8021713,0351635436,1361732964,
01,消火栓,彦根市,98,彦根市鳥居本町　 ,125,2660978,-8031251,0351632340,1361733144,
01,消火栓,彦根市,99,彦根市鳥居本町　 ,200,2594441,-8047751,0351627048,1361706792,
01,消火栓,彦根市,100,彦根市小野町　 ,200,2581451,-8085946,0351614664,1361701608,
01,消火栓,彦根市,101,彦根市小野町　 ,200,2578587,-8102371,0351609336,1361700456,
01,消火栓,彦根市,102,彦根市小野町　 ,200,2575722,-8118352,0351604152,1361659304,
01,消火栓,彦根市,103,彦根市小野町　 ,200,2571947,-8134558,0351558896,1361657792,
01,消火栓,彦根市,104,彦根市松原町　 ,150,2300478,-7953375,0351657936,1361510548,
01,消火栓,彦根市,105,彦根市松原２丁目　 ,75,2296523,-7961926,0351655164,1361508974,
01,消火栓,彦根市,106,彦根市松原２丁目　 ,75,2292330,-7971837,0351651951,1361507304,
01,消火栓,彦根市,107,彦根市松原２丁目　 ,100,2292630,-7978575,0351649764,1361507416,
01,消火栓,彦根市,108,彦根市松原１丁目　 ,150,2305435,-7971110,0351652176,1361512492,
01,消火栓,彦根市,109,彦根市松原２丁目　 ,75,2310321,-7961004,0351655452,1361514436,
01,消火栓,彦根市,110,彦根市松原町　 ,75,2318703,-7966307,0351653724,1361517748,
01,消火栓,彦根市,111,彦根市松原１丁目　 ,75,2313173,-7973531,0351651384,1361515552,
01,消火栓,彦根市,112,彦根市松原１丁目　 ,75,2306459,-7979982,0351649296,1361512888,
01,消火栓,彦根市,113,彦根市松原１丁目　 ,75,2324212,-7986370,0351647208,1361519908,
01,消火栓,彦根市,114,彦根市松原１丁目　 ,100,2317410,-7994374,0351644616,1361517208,
01,消火栓,彦根市,115,彦根市松原１丁目　 ,150,2309677,-7993506,0351644904,1361514148,
01,消火栓,彦根市,116,彦根市松原１丁目　 ,150,2303110,-7986646,0351647136,1361511556,
01,消火栓,彦根市,117,彦根市松原２丁目　 ,75,2283090,-7979336,0351649525,1361503640,
01,消火栓,彦根市,118,彦根市馬場２丁目　 ,75,2266608,-7989014,0351646397,1361457107,
01,消火栓,彦根市,119,彦根市馬場２丁目　 ,75,2279568,-7992806,0351645156,1361502232,
01,消火栓,彦根市,120,彦根市馬場２丁目　 ,75,2282920,-7987473,0351646884,1361503564,
01,消火栓,彦根市,121,彦根市馬場２丁目　 ,100,2280498,-8001012,0351642492,1361502592,
01,消火栓,彦根市,122,彦根市馬場１丁目　 ,100,2277888,-8012000,0351638928,1361501548,
01,消火栓,彦根市,123,彦根市馬場１丁目　 ,150,2285808,-8014421,0351638136,1361504680,
01,消火栓,彦根市,124,彦根市馬場１丁目　 ,200,2271465,-8025993,0351634392,1361458992,
01,消火栓,彦根市,125,彦根市馬場１丁目　 ,75,2268348,-8016129,0351637596,1361457768,
01,消火栓,彦根市,126,彦根市馬場１丁目　 ,75,2261546,-8024132,0351635004,1361455068,
01,消火栓,彦根市,127,彦根市馬場１丁目　 ,200,2260307,-8038223,0351630432,1361454564,
01,消火栓,彦根市,128,彦根市馬場１丁目　 ,100,2252842,-8035690,0351631260,1361451612,
01,消火栓,彦根市,129,彦根市城町２丁目　 ,75,2240787,-8043565,0351628714,1361446833,
01,消火栓,彦根市,130,彦根市城町２丁目　 ,50,2235870,-8050929,0351626328,1361444880,
01,消火栓,彦根市,132,彦根市長曽根町　 ,75,2225104,-8045866,0351627980,1361440624,
01,消火栓,彦根市,133,彦根市長曽根町　 ,75,2221831,-8038540,0351630360,1361439336,
01,消火栓,彦根市,134,彦根市長曽根町　 ,75,2209754,-8046889,0351627660,1361434548,
01,消火栓,彦根市,135,彦根市長曽根町　 ,75,2219408,-8052079,0351625968,1361438364,
01,消火栓,彦根市,136,彦根市長曽根町　 ,75,2226705,-8060047,0351623376,1361441244,
01,消火栓,彦根市,137,彦根市城町２丁目　 ,75,2230248,-8057931,0351624060,1361442648,
01,消火栓,彦根市,138,彦根市城町２丁目　 ,200,2244378,-8056626,0351624472,1361448242,
01,消火栓,彦根市,139,彦根市城町２丁目８番２１号,200,2250719,-8049314,0351626840,1361450758,
01,消火栓,彦根市,140,彦根市城町２丁目　 ,100,2262711,-8053524,0351625464,1361455500,
01,消火栓,彦根市,141,彦根市城町２丁目　 ,100,2262178,-8058739,0351623772,1361455284,
01,消火栓,彦根市,142,彦根市城町２丁目　 ,125,2256735,-8064742,0351621828,1361453124,
01,消火栓,彦根市,143,彦根市城町２丁目　 ,75,2245550,-8066212,0351621360,1361448696,
01,消火栓,彦根市,144,彦根市栄町２丁目　 ,200,2233819,-8067683,0351620892,1361444052,
01,消火栓,彦根市,145,彦根市栄町２丁目　 ,200,2223004,-8071481,0351619668,1361439768,
01,消火栓,彦根市,146,彦根市栄町２丁目　 ,200,2211479,-8082935,0351615960,1361435196,
01,消火栓,彦根市,147,彦根市中薮２丁目　 ,200,2200585,-8091946,0351613044,1361430876,
01,消火栓,彦根市,148,彦根市栄町２丁目　 ,100,2220488,-8084022,0351615600,1361438760,
01,消火栓,彦根市,149,彦根市栄町２丁目　 ,75,2227232,-8089219,0351613908,1361441424,
01,消火栓,彦根市,150,彦根市栄町２丁目　 ,100,2237485,-8078545,0351617364,1361445492,
01,消火栓,彦根市,151,彦根市栄町２丁目　 ,200,2242112,-8074324,0351618730,1361447328,
01,消火栓,彦根市,152,彦根市栄町２丁目　 ,200,2249939,-8080731,0351616644,1361450419,
01,消火栓,彦根市,153,彦根市城町２丁目　 ,75,2258687,-8076033,0351618162,1361453886,
01,消火栓,彦根市,154,彦根市城町１丁目　 ,125,2259408,-8086634,0351614721,1361454160,
01,消火栓,彦根市,155,彦根市栄町２丁目　 ,75,2249453,-8095244,0351611935,1361450212,
01,消火栓,彦根市,156,彦根市栄町２丁目　 ,75,2237712,-8096625,0351611496,1361445564,
01,消火栓,彦根市,157,彦根市中薮２丁目　 ,75,2218264,-8104437,0351608976,1361437860,
01,消火栓,彦根市,158,彦根市中薮２丁目　 ,75,2227833,-8111513,0351606672,1361441640,
01,消火栓,彦根市,159,彦根市中薮２丁目　 ,100,2240263,-8114639,0351605648,1361446556,
01,消火栓,彦根市,160,彦根市栄町２丁目　 ,75,2244025,-8104723,0351608863,1361448055,
01,消火栓,彦根市,161,彦根市栄町１丁目　 ,75,2256802,-8105222,0351608691,1361453111,
01,消火栓,彦根市,162,彦根市中薮１丁目　 ,75,2250959,-8119331,0351604116,1361450784,
01,消火栓,彦根市,163,彦根市中薮１丁目　 ,75,2243963,-8122898,0351602964,1361448012,
01,消火栓,彦根市,164,彦根市中薮１丁目　 ,75,2254445,-8129630,0351600771,1361452153,
01,消火栓,彦根市,165,彦根市栄町１丁目　 ,75,2266156,-8105890,0351608466,1361456812,
01,消火栓,彦根市,166,彦根市城町１丁目　 ,200,2268809,-8097075,0351611325,1361457870,
01,消火栓,彦根市,167,彦根市城町１丁目　 ,75,2268443,-8083047,0351615878,1361457739,
01,消火栓,彦根市,168,彦根市城町２丁目　 ,150,2268920,-8073302,0351619040,1361457938,
01,消火栓,彦根市,169,彦根市城町２丁目　 ,125,2276069,-8063174,0351622322,1361500777,
01,消火栓,彦根市,170,彦根市金亀町　 ,125,2281974,-8054187,0351625233,1361503123,
01,消火栓,彦根市,171,彦根市金亀町　 ,75,2298124,-8028809,0351633456,1361509540,
01,消火栓,彦根市,172,彦根市金亀町　 ,75,2326928,-8038319,0351630346,1361520930,
01,消火栓,彦根市,173,彦根市松原町　 ,300,2343773,-8017151,0351637202,1361527619,
01,消火栓,彦根市,174,彦根市松原町　 ,300,2364442,-8031522,0351632520,1361535784,
01,消火栓,彦根市,175,彦根市尾末町　 ,75,2351651,-8044977,0351628164,1361530708,
01,消火栓,彦根市,176,彦根市金亀町　 ,100,2344109,-8067985,0351620703,1361527699,
01,消火栓,彦根市,177,彦根市池州町　 ,125,2328084,-8093684,0351612376,1361521331,
01,消火栓,彦根市,178,彦根市金亀町　 ,125,2319249,-8085888,0351614914,1361517843,
01,消火栓,彦根市,179,彦根市金亀町　 ,125,2308595,-8076697,0351617906,1361513636,
01,消火栓,彦根市,180,彦根市金亀町　 ,125,2296541,-8066273,0351621299,1361508876,
01,消火栓,彦根市,181,彦根市城町１丁目　 ,75,2283806,-8076496,0351617991,1361503826,
01,消火栓,彦根市,182,彦根市城町１丁目　 ,200,2279793,-8082139,0351616163,1361502232,
01,消火栓,彦根市,183,彦根市城町１丁目　 ,75,2275701,-8091015,0351613286,1361500604,
01,消火栓,彦根市,184,彦根市栄町１丁目　 ,200,2277212,-8104402,0351608940,1361501188,
01,消火栓,彦根市,185,彦根市栄町１丁目　 ,75,2278506,-8112718,0351606240,1361501692,
01,消火栓,彦根市,186,彦根市池州町　 ,75,2267784,-8130261,0351600555,1361457432,
01,消火栓,彦根市,187,彦根市芹橋２丁目　 ,200,2274121,-8141458,0351556916,1361459928,
01,消火栓,彦根市,188,彦根市芹橋２丁目　 ,200,2286862,-8129241,0351600871,1361504982,
01,消火栓,彦根市,189,彦根市池州町　 ,75,2287491,-8122339,0351603110,1361505238,
01,消火栓,彦根市,190,彦根市本町３丁目　 ,200,2286831,-8113499,0351605980,1361504986,
01,消火栓,彦根市,191,彦根市本町３丁目　 ,75,2288675,-8100111,0351610323,1361505729,
01,消火栓,彦根市,192,彦根市本町３丁目　 ,200,2290545,-8091977,0351612961,1361506477,
01,消火栓,彦根市,193,彦根市本町２丁目　 ,75,2295058,-8085872,0351614939,1361508269,
01,消火栓,彦根市,194,彦根市本町２丁目　 ,75,2306250,-8094443,0351612148,1361512690,
01,消火栓,彦根市,195,彦根市本町３丁目　 ,200,2301097,-8099298,0351610577,1361510646,
01,消火栓,彦根市,196,彦根市本町２丁目　 ,75,2300362,-8109647,0351607219,1361510345,
01,消火栓,彦根市,197,彦根市本町３丁目　 ,200,2294812,-8124134,0351602521,1361508134,
01,消火栓,彦根市,198,彦根市芹橋２丁目　 ,75,2293204,-8133201,0351559580,1361507488,
01,消火栓,彦根市,199,彦根市芹橋２丁目　 ,150,2280574,-8139112,0351557672,1361502484,
01,消火栓,彦根市,200,彦根市芹橋２丁目　 ,150,2288869,-8145414,0351555620,1361505760,
01,消火栓,彦根市,201,彦根市芹橋２丁目　 ,150,2298320,-8141507,0351556880,1361509504,
01,消火栓,彦根市,202,彦根市本町２丁目　 ,250,2300940,-8134402,0351559184,1361510548,
01,消火栓,彦根市,203,彦根市本町１丁目　 ,150,2310843,-8125704,0351601999,1361514476,
01,消火栓,彦根市,204,彦根市本町２丁目　 ,75,2311221,-8117509,0351604658,1361514634,
01,消火栓,彦根市,205,彦根市本町２丁目　 ,200,2308659,-8106129,0351608353,1361513631,
01,消火栓,彦根市,206,彦根市本町１丁目　 ,200,2318787,-8113444,0351605971,1361517632,
01,消火栓,彦根市,207,彦根市本町１丁目　 ,75,2328808,-8111147,0351606708,1361521600,
01,消火栓,彦根市,208,彦根市本町１丁目　 ,75,2320929,-8124700,0351602316,1361518468,
01,消火栓,彦根市,209,彦根市本町１丁目　 ,75,2315766,-8133476,0351559472,1361516416,
01,消火栓,彦根市,210,彦根市本町１丁目　 ,250,2310510,-8141365,0351556916,1361514328,
01,消火栓,彦根市,211,彦根市芹橋２丁目　 ,250,2299897,-8153372,0351553028,1361510116,
01,消火栓,彦根市,212,彦根市芹橋２丁目　 ,150,2309743,-8161556,0351550364,1361514004,
01,消火栓,彦根市,213,彦根市芹橋２丁目　 ,75,2307070,-8148030,0351554756,1361512960,
01,消火栓,彦根市,214,彦根市本町１丁目　 ,75,2321159,-8143557,0351556196,1361518540,
01,消火栓,彦根市,215,彦根市本町１丁目　 ,150,2325318,-8133452,0351559472,1361520196,
01,消火栓,彦根市,216,彦根市本町１丁目　 ,200,2329652,-8120906,0351603540,1361521924,
01,消火栓,彦根市,217,彦根市本町１丁目　 ,75,2333004,-8115462,0351605304,1361523256,
01,消火栓,彦根市,218,彦根市本町１丁目　 ,100,2340554,-8115221,0351605376,1361526244,
01,消火栓,彦根市,219,彦根市立花町　 ,75,2350330,-8103049,0351609318,1361530125,
01,消火栓,彦根市,220,彦根市立花町　 ,75,2360049,-8090636,0351613339,1361533985,
01,消火栓,彦根市,221,彦根市尾末町　 ,150,2357621,-8066592,0351621144,1361533048,
01,消火栓,彦根市,222,彦根市尾末町　 ,75,2364507,-8056828,0351624307,1361535784,
01,消火栓,彦根市,223,彦根市松原町　 ,350,2376470,-8039477,0351629928,1361540536,
01,消火栓,彦根市,224,彦根市元町　 ,150,2390054,-8059920,0351623282,1361545891,
01,消火栓,彦根市,225,彦根市元町　 ,150,2382430,-8071273,0351619604,1361542862,
01,消火栓,彦根市,226,彦根市尾末町　 ,150,2367630,-8068008,0351620676,1361537008,
01,消火栓,彦根市,227,彦根市佐和町　 ,75,2374309,-8082521,0351615960,1361539636,
01,消火栓,彦根市,228,彦根市佐和町　 ,150,2368240,-8092188,0351612828,1361537224,
01,消火栓,彦根市,229,彦根市立花町　 ,150,2360990,-8102855,0351609372,1361534344,
01,消火栓,彦根市,230,彦根市立花町　 ,150,2355282,-8111633,0351606528,1361532076,
01,消火栓,彦根市,231,彦根市中央町　 ,200,2348488,-8122632,0351602964,1361529376,
01,消火栓,彦根市,232,彦根市本町１丁目　 ,100,2340574,-8122875,0351602892,1361526244,
01,消火栓,彦根市,233,彦根市中央町　 ,200,2341139,-8130194,0351600516,1361526460,
01,消火栓,彦根市,234,彦根市本町１丁目　 ,150,2330786,-8137209,0351558248,1361522356,
01,消火栓,彦根市,235,彦根市中央町　 ,200,2336344,-8140412,0351557204,1361524552,
01,消火栓,彦根市,236,彦根市中央町　 ,200,2327630,-8147977,0351554756,1361521096,
01,消火栓,彦根市,237,彦根市銀座町　 ,250,2327736,-8153745,0351552884,1361521132,
01,消火栓,彦根市,238,彦根市本町１丁目　 ,250,2319899,-8148551,0351554576,1361518036,
01,消火栓,彦根市,239,彦根市芹橋２丁目　 ,150,2314645,-8157328,0351551732,1361515948,
01,消火栓,彦根市,240,彦根市芹橋１丁目　 ,150,2307483,-8167218,0351548528,1361513104,
01,消火栓,彦根市,241,彦根市芹橋１丁目　 ,150,2314754,-8164427,0351549428,1361515984,
01,消火栓,彦根市,242,彦根市芹橋１丁目　 ,75,2322205,-8161191,0351550472,1361518936,
01,消火栓,彦根市,243,彦根市銀座町　 ,100,2329925,-8156179,0351552092,1361521996,
01,消火栓,彦根市,244,彦根市中央町　 ,75,2346894,-8139386,0351557528,1361528728,
01,消火栓,彦根市,245,彦根市中央町　 ,150,2358220,-8125443,0351602044,1361533225,
01,消火栓,彦根市,246,彦根市立花町　 ,75,2357736,-8118212,0351604391,1361533040,
01,消火栓,彦根市,247,彦根市立花町　 ,75,2368649,-8109380,0351607248,1361537368,
01,消火栓,彦根市,248,彦根市立花町　 ,100,2372629,-8100717,0351610056,1361538952,
01,消火栓,彦根市,249,彦根市佐和町　 ,75,2377345,-8095380,0351611784,1361540824,
01,消火栓,彦根市,250,彦根市佐和町　 ,150,2387609,-8089585,0351613656,1361544892,
01,消火栓,彦根市,251,彦根市元町　 ,75,2394646,-8075915,0351618087,1361547691,
01,消火栓,彦根市,252,彦根市船町　 ,150,2405874,-8082327,0351615996,1361552128,
01,消火栓,彦根市,253,彦根市佐和町　 ,150,2397447,-8094773,0351611964,1361548780,
01,消火栓,彦根市,254,彦根市佐和町　 ,75,2389716,-8095237,0351611820,1361545720,
01,消火栓,彦根市,255,彦根市佐和町　 ,100,2383282,-8104350,0351608868,1361543164,
01,消火栓,彦根市,256,彦根市京町３丁目　 ,75,2376751,-8111577,0351606528,1361540572,
01,消火栓,彦根市,257,彦根市京町３丁目　 ,100,2369670,-8117253,0351604692,1361537764,
01,消火栓,彦根市,258,彦根市京町２丁目　 ,100,2366241,-8127799,0351601272,1361536396,
01,消火栓,彦根市,259,彦根市京町２丁目　 ,100,2358900,-8138356,0351557852,1361533480,
01,消火栓,彦根市,260,彦根市中央町　 ,75,2346010,-8149371,0351554288,1361528368,
01,消火栓,彦根市,261,彦根市錦町　 ,100,2344027,-8156587,0351551948,1361527576,
01,消火栓,彦根市,262,彦根市銀座町　 ,250,2335764,-8162598,0351550004,1361524300,
01,消火栓,彦根市,263,彦根市芹橋１丁目　 ,75,2331959,-8168708,0351548024,1361522788,
01,消火栓,彦根市,264,彦根市芹橋１丁目　 ,150,2322593,-8170396,0351547484,1361519080,
01,消火栓,彦根市,265,彦根市芹橋１丁目　 ,150,2331070,-8176697,0351545432,1361522428,
01,消火栓,彦根市,266,彦根市芹橋１丁目　 ,150,2336813,-8181230,0351543956,1361524696,
01,消火栓,彦根市,267,彦根市河原２丁目　 ,75,2335646,-8187223,0351542012,1361524228,
01,消火栓,彦根市,268,彦根市銀座町　 ,250,2346159,-8171778,0351547016,1361528404,
01,消火栓,彦根市,269,彦根市錦町　 ,250,2353056,-8164993,0351549212,1361531140,
01,消火栓,彦根市,270,彦根市京町２丁目　 ,75,2353486,-8155453,0351552308,1361531320,
01,消火栓,彦根市,271,彦根市京町２丁目　 ,100,2359857,-8156767,0351551876,1361533840,
01,消火栓,彦根市,272,彦根市京町２丁目　 ,250,2364387,-8149323,0351554288,1361535640,
01,消火栓,彦根市,273,彦根市京町２丁目　 ,75,2371278,-8140653,0351557096,1361538376,
01,消火栓,彦根市,274,彦根市京町３丁目　 ,200,2376712,-8131543,0351600048,1361540536,
01,消火栓,彦根市,275,彦根市京町３丁目　 ,75,2373788,-8126559,0351601668,1361539384,
01,消火栓,彦根市,276,彦根市京町３丁目　 ,200,2386228,-8117653,0351604548,1361544316,
01,消火栓,彦根市,277,彦根市京町３丁目　 ,200,2391120,-8109986,0351607032,1361546260,
01,消火栓,彦根市,278,彦根市佐和町　 ,200,2391921,-8103217,0351609228,1361546584,
01,消火栓,彦根市,279,彦根市佐和町　 ,75,2397465,-8101428,0351609804,1361548780,
01,消火栓,彦根市,280,彦根市旭町　 ,350,2411451,-8092628,0351612648,1361554324,
01,消火栓,彦根市,281,彦根市佐和町　 ,350,2404471,-8101853,0351609660,1361551552,
01,消火栓,彦根市,282,彦根市佐和町　 ,75,2401392,-8107297,0351607896,1361550328,
01,消火栓,彦根市,283,彦根市京町３丁目　 ,75,2393873,-8119185,0351604043,1361547340,
01,消火栓,彦根市,284,彦根市京町３丁目　 ,100,2385628,-8131520,0351600048,1361544064,
01,消火栓,彦根市,285,彦根市京町１丁目　 ,200,2382639,-8136519,0351558428,1361542876,
01,消火栓,彦根市,286,彦根市京町２丁目　 ,100,2373131,-8153294,0351552992,1361539096,
01,消火栓,彦根市,287,彦根市京町２丁目　 ,75,2366602,-8161408,0351550364,1361536504,
01,消火栓,彦根市,288,彦根市京町２丁目　 ,75,2364320,-8158752,0351551228,1361535604,
01,消火栓,彦根市,289,彦根市京町２丁目　 ,100,2362390,-8168435,0351548087,1361534830,
01,消火栓,彦根市,290,彦根市河原３丁目　 ,75,2354454,-8177968,0351545000,1361531680,
01,消火栓,彦根市,291,彦根市河原３丁目　 ,150,2348818,-8179424,0351544532,1361529448,
01,消火栓,彦根市,292,彦根市河原２丁目　 ,150,2353850,-8190393,0351540968,1361531428,
01,消火栓,彦根市,293,彦根市河原２丁目　 ,75,2343695,-8192492,0351540296,1361527408,
01,消火栓,彦根市,294,彦根市河原２丁目　 ,75,2352357,-8199199,0351538111,1361530829,
01,消火栓,彦根市,295,彦根市錦町　 ,75,2362747,-8183159,0351543308,1361534956,
01,消火栓,彦根市,296,彦根市京町１丁目　 ,100,2369906,-8172492,0351546764,1361537800,
01,消火栓,彦根市,297,彦根市京町１丁目　 ,75,2374615,-8164049,0351549500,1361539672,
01,消火栓,彦根市,298,彦根市京町１丁目　 ,75,2376897,-8167260,0351548456,1361540572,
01,消火栓,彦根市,299,彦根市京町１丁目　 ,100,2383972,-8159144,0351551084,1361543380,
01,消火栓,彦根市,300,彦根市京町１丁目　 ,100,2390767,-8148699,0351554468,1361546080,
01,消火栓,彦根市,301,彦根市大東町　 ,75,2387191,-8137838,0351557996,1361544676,
01,消火栓,彦根市,302,彦根市大東町　 ,350,2394619,-8125950,0351601848,1361547628,
01,消火栓,彦根市,303,彦根市大東町　 ,100,2405100,-8133021,0351559544,1361551768,
01,消火栓,彦根市,304,彦根市大東町　 ,75,2405890,-8122370,0351603000,1361552092,
01,消火栓,彦根市,305,彦根市大東町　 ,75,2402608,-8119828,0351603828,1361550796,
01,消火栓,彦根市,306,彦根市大東町　 ,75,2409176,-8107978,0351607668,1361553408,
01,消火栓,彦根市,307,彦根市大東町　 ,150,2415638,-8127558,0351601308,1361555944,
01,消火栓,彦根市,308,彦根市南川瀬町　 ,75,2083721,-8656933,0351309768,1361344112,
01,消火栓,彦根市,309,彦根市大東町　 ,150,2413757,-8138544,0351557744,1361555188,
01,消火栓,彦根市,310,彦根市大東町　 ,200,2401944,-8143678,0351556088,1361550508,
01,消火栓,彦根市,311,彦根市安清町　 ,350,2404870,-8149438,0351554216,1361551660,
01,消火栓,彦根市,312,彦根市大東町　 ,150,2411783,-8149087,0351554324,1361554396,
01,消火栓,彦根市,313,彦根市安清町　 ,150,2405901,-8160528,0351550616,1361552056,
01,消火栓,彦根市,314,彦根市安清町　 ,150,2394019,-8173981,0351546260,1361547340,
01,消火栓,彦根市,315,彦根市安清町　 ,100,2388663,-8175512,0351545768,1361545219,
01,消火栓,彦根市,316,彦根市安清町　 ,75,2381089,-8169800,0351547628,1361542228,
01,消火栓,彦根市,317,彦根市錦町　 ,100,2376570,-8181127,0351543956,1361540428,
01,消火栓,彦根市,318,彦根市安清町　 ,150,2388224,-8184645,0351542804,1361545036,
01,消火栓,彦根市,319,彦根市安清町　 ,150,2382133,-8198171,0351538420,1361542612,
01,消火栓,彦根市,320,彦根市錦町　 ,75,2372134,-8189457,0351541256,1361538664,
01,消火栓,彦根市,321,彦根市河原３丁目　 ,150,2365336,-8199015,0351538160,1361535964,
01,消火栓,彦根市,322,彦根市河原１丁目　 ,75,2359018,-8201324,0351537416,1361533462,
01,消火栓,彦根市,323,彦根市河原１丁目　 ,75,2363466,-8205533,0351536046,1361535218,
01,消火栓,彦根市,324,彦根市河原１丁目　 ,75,2368531,-8209946,0351534610,1361537217,
01,消火栓,彦根市,325,彦根市芹町　 ,150,2369483,-8219192,0351531608,1361537584,
01,消火栓,彦根市,326,彦根市河原１丁目　 ,200,2375195,-8207715,0351535328,1361539857,
01,消火栓,彦根市,327,彦根市安清町　 ,150,2388047,-8204265,0351536437,1361544945,
01,消火栓,彦根市,328,彦根市芹町　 ,100,2382400,-8218271,0351531896,1361542696,
01,消火栓,彦根市,329,彦根市芹町　 ,75,2375318,-8223835,0351530096,1361539888,
01,消火栓,彦根市,330,彦根市芹町　 ,100,2386158,-8228798,0351528476,1361544172,
01,消火栓,彦根市,331,彦根市芹町　 ,150,2397609,-8212202,0351533852,1361548721,
01,消火栓,彦根市,332,彦根市芹川町　 ,100,2402510,-8209577,0351534700,1361550663,
01,消火栓,彦根市,333,彦根市芹川町　 ,100,2408724,-8195794,0351539168,1361553136,
01,消火栓,彦根市,334,彦根市外町　 ,100,2418513,-8182124,0351543596,1361557024,
01,消火栓,彦根市,335,彦根市外町　 ,200,2422088,-8158266,0351551336,1361558464,
01,消火栓,彦根市,336,彦根市駅東町,0,2422576,-8136635,0351558356,1361558680,
01,消火栓,彦根市,337,彦根市八坂町　 ,100,2002238,-8227637,0351529156,1361312262,
01,消火栓,彦根市,338,彦根市外町　 ,200,2434357,-8166662,0351548601,1361603310,
01,消火栓,彦根市,339,彦根市外町　 ,75,2438689,-8174416,0351546080,1361605016,
01,消火栓,彦根市,340,彦根市外町　 ,200,2447038,-8172983,0351546538,1361608322,
01,消火栓,彦根市,341,彦根市外町　 ,200,2450825,-8171449,0351547032,1361609822,
01,消火栓,彦根市,342,彦根市里根町　 ,150,2469067,-8171339,0351547052,1361617040,
01,消火栓,彦根市,343,彦根市里根町　 ,150,2463894,-8175901,0351545576,1361614988,
01,消火栓,彦根市,344,彦根市幸町　 ,150,2473475,-8186523,0351542120,1361618768,
01,消火栓,彦根市,345,彦根市幸町　 ,75,2481295,-8185060,0351542588,1361621864,
01,消火栓,彦根市,346,彦根市幸町　 ,150,2482146,-8196815,0351538772,1361622188,
01,消火栓,彦根市,347,彦根市幸町　 ,75,2472499,-8195622,0351539168,1361618372,
01,消火栓,彦根市,348,彦根市外町　 ,75,2449115,-8194354,0351539600,1361609120,
01,消火栓,彦根市,349,彦根市芹川町　 ,75,2448241,-8207557,0351535316,1361608760,
01,消火栓,彦根市,350,彦根市西沼波町　 ,250,2460730,-8216951,0351532256,1361613692,
01,消火栓,彦根市,351,彦根市芹川町　 ,100,2446010,-8223869,0351530024,1361607860,
01,消火栓,彦根市,352,彦根市芹川町　 ,75,2440960,-8206578,0351535640,1361605880,
01,消火栓,彦根市,353,彦根市芹川町　 ,100,2420787,-8197176,0351538709,1361557908,
01,消火栓,彦根市,354,彦根市芹川町　 ,75,2420772,-8210404,0351534416,1361557888,
01,消火栓,彦根市,355,彦根市芹川町　 ,75,2433816,-8219045,0351531600,1361603040,
01,消火栓,彦根市,356,彦根市芹川町　 ,100,2431400,-8231395,0351527594,1361602071,
01,消火栓,彦根市,357,彦根市芹川町　 ,75,2398131,-8249620,0351521708,1361548888,
01,消火栓,彦根市,358,彦根市大薮町　 ,200,2153753,-8098826,0351610848,1361412336,
01,消火栓,彦根市,359,彦根市大薮町　 ,200,2129050,-8116077,0351605268,1361402544,
01,消火栓,彦根市,360,彦根市大薮町　 ,200,2117790,-8124645,0351602496,1361358080,
01,消火栓,彦根市,361,彦根市大薮町　 ,200,2106378,-8133440,0351559651,1361353556,
01,消火栓,彦根市,362,彦根市大薮町　 ,200,2096056,-8141936,0351556901,1361349463,
01,消火栓,彦根市,363,彦根市大薮町　 ,200,2081381,-8154901,0351552704,1361343644,
01,消火栓,彦根市,364,彦根市大薮町　 ,200,2067942,-8164827,0351549493,1361338317,
01,消火栓,彦根市,365,彦根市八坂町　 ,200,2049775,-8178378,0351545108,1361331116,
01,消火栓,彦根市,366,彦根市八坂町　 ,100,2042670,-8174623,0351546332,1361328308,
01,消火栓,彦根市,367,彦根市八坂町　 ,200,2037241,-8187391,0351542192,1361326148,
01,消火栓,彦根市,368,彦根市八坂町　 ,75,2048443,-8192690,0351540464,1361330576,
01,消火栓,彦根市,369,彦根市八坂町　 ,75,2048928,-8206111,0351536108,1361330756,
01,消火栓,彦根市,370,彦根市八坂町　 ,100,2062185,-8194766,0351539780,1361336012,
01,消火栓,彦根市,371,彦根市八坂町　 ,150,2063702,-8181785,0351543992,1361336624,
01,消火栓,彦根市,372,彦根市八坂町　 ,150,2071090,-8190087,0351541292,1361339540,
01,消火栓,彦根市,373,彦根市開出今町　 ,75,2082560,-8192945,0351540356,1361344076,
01,消火栓,彦根市,374,彦根市開出今町　 ,100,2087848,-8197591,0351538844,1361346164,
01,消火栓,彦根市,375,彦根市開出今町　 ,75,2094216,-8197688,0351538808,1361348684,
01,消火栓,彦根市,376,彦根市開出今町　 ,100,2098601,-8205442,0351536288,1361350412,
01,消火栓,彦根市,377,彦根市開出今町　 ,150,2090150,-8209788,0351534884,1361347064,
01,消火栓,彦根市,378,彦根市開出今町　 ,100,2092821,-8223647,0351530384,1361348108,
01,消火栓,彦根市,379,彦根市開出今町　 ,75,2097752,-8231733,0351527756,1361350052,
01,消火栓,彦根市,380,彦根市開出今町　 ,150,2104853,-8223083,0351530558,1361352870,
01,消火栓,彦根市,381,彦根市大薮町　 ,75,2115998,-8136074,0351558788,1361357360,
01,消火栓,彦根市,382,彦根市大薮町　 ,75,2126644,-8137159,0351558428,1361401572,
01,消火栓,彦根市,383,彦根市大薮町　 ,75,2128073,-8125952,0351602064,1361402148,
01,消火栓,彦根市,384,彦根市大薮町　 ,100,2170171,-8116867,0351604980,1361418816,
01,消火栓,彦根市,385,彦根市大薮町　 ,100,2175742,-8125838,0351602064,1361421012,
01,消火栓,彦根市,386,彦根市大薮町　 ,100,2168659,-8131069,0351600372,1361418204,
01,消火栓,彦根市,387,彦根市大薮町　 ,100,2164312,-8139509,0351557636,1361416476,
01,消火栓,彦根市,388,彦根市大薮町　 ,100,2176138,-8139481,0351557636,1361421156,
01,消火栓,彦根市,389,彦根市大薮町　 ,100,2192039,-8131234,0351600300,1361427456,
01,消火栓,彦根市,390,彦根市大薮町　 ,200,2183699,-8143678,0351556268,1361424144,
01,消火栓,彦根市,391,彦根市大薮町　 ,100,2193707,-8144097,0351556124,1361428104,
01,消火栓,彦根市,392,彦根市大薮町　 ,150,2188908,-8153094,0351553208,1361426196,
01,消火栓,彦根市,393,彦根市大薮町　 ,150,2183374,-8159652,0351551084,1361424000,
01,消火栓,彦根市,394,彦根市大薮町　 ,50,2197727,-8151076,0351553856,1361429688,
01,消火栓,彦根市,395,彦根市大薮町　 ,75,2206205,-8158265,0351551516,1361433036,
01,消火栓,彦根市,396,彦根市大薮町　 ,100,2199403,-8166934,0351548708,1361430336,
01,消火栓,彦根市,397,彦根市大薮町　 ,75,2193393,-8164397,0351549536,1361427960,
01,消火栓,彦根市,398,彦根市大薮町　 ,75,2189411,-8172948,0351546764,1361426376,
01,消火栓,彦根市,399,彦根市大薮町　 ,100,2182872,-8177733,0351545216,1361423784,
01,消火栓,彦根市,400,彦根市大薮町　 ,100,2171327,-8181532,0351543992,1361419212,
01,消火栓,彦根市,401,彦根市大薮町　 ,200,2152999,-8202208,0351537296,1361411940,
01,消火栓,彦根市,402,彦根市大薮町　 ,100,2184993,-8189708,0351541328,1361424612,
01,消火栓,彦根市,403,彦根市大薮町　 ,100,2197021,-8173372,0351546620,1361429387,
01,消火栓,彦根市,404,彦根市大薮町　 ,100,2208321,-8167910,0351548384,1361433864,
01,消火栓,彦根市,405,彦根市中薮町　 ,100,2225034,-8157109,0351551876,1361440488,
01,消火栓,彦根市,406,彦根市中薮町　 ,150,2236630,-8137336,0351558284,1361445096,
01,消火栓,彦根市,407,彦根市中薮町　 ,75,2218569,-8117637,0351604692,1361437968,
01,消火栓,彦根市,408,彦根市中薮町　 ,100,2242900,-8134437,0351559220,1361447580,
01,消火栓,彦根市,409,彦根市中薮町　 ,100,2255749,-8143279,0351556340,1361452656,
01,消火栓,彦根市,410,彦根市竹ケ鼻町　 ,75,2212572,-8417477,0351427384,1361435304,
01,消火栓,彦根市,411,彦根市中薮町　 ,75,2236496,-8156748,0351551984,1361445024,
01,消火栓,彦根市,412,彦根市中薮町　 ,125,2241526,-8167163,0351548600,1361447004,
01,消火栓,彦根市,413,彦根市大薮町　 ,100,2214797,-8177935,0351545125,1361436417,
01,消火栓,彦根市,414,彦根市大薮町　 ,150,2205437,-8179120,0351544748,1361432712,
01,消火栓,彦根市,415,彦根市大薮町　 ,100,2202635,-8186448,0351542372,1361431596,
01,消火栓,彦根市,416,彦根市大薮町　 ,75,2179758,-8206914,0351535748,1361422524,
01,消火栓,彦根市,417,彦根市西今町　 ,200,2172500,-8215250,0351533048,1361419644,
01,消火栓,彦根市,418,彦根市西今町　 ,200,2182525,-8222436,0351530708,1361423604,
01,消火栓,彦根市,419,彦根市大薮町　 ,100,2196611,-8215858,0351532832,1361429184,
01,消火栓,彦根市,420,彦根市大薮町　 ,75,2198579,-8201876,0351537368,1361429976,
01,消火栓,彦根市,421,彦根市大薮町　 ,100,2206020,-8194316,0351539816,1361432928,
01,消火栓,彦根市,422,彦根市大薮町　 ,150,2213187,-8185757,0351542588,1361435772,
01,消火栓,彦根市,423,彦根市大薮町　 ,150,2222849,-8193276,0351540140,1361439588,
01,消火栓,彦根市,424,彦根市大薮町　 ,100,2215224,-8200172,0351537908,1361436564,
01,消火栓,彦根市,425,彦根市大薮町　 ,100,2211157,-8211274,0351534308,1361434944,
01,消火栓,彦根市,426,彦根市平田町　 ,200,2194098,-8229951,0351528260,1361428176,
01,消火栓,彦根市,427,彦根市平田町　 ,100,2186399,-8244057,0351523688,1361425116,
01,消火栓,彦根市,428,彦根市平田町　 ,100,2179883,-8258604,0351518972,1361422524,
01,消火栓,彦根市,429,彦根市西今町　 ,75,2167787,-8260518,0351518360,1361417736,
01,消火栓,彦根市,430,彦根市西今町　 ,75,2158676,-8255327,0351520052,1361414136,
01,消火栓,彦根市,431,彦根市西今町　 ,200,2145005,-8253651,0351520607,1361408729,
01,消火栓,彦根市,432,彦根市開出今町　 ,75,2109295,-8265538,0351516776,1361354588,
01,消火栓,彦根市,433,彦根市西今町　 ,100,2144144,-8266343,0351516488,1361408376,
01,消火栓,彦根市,434,彦根市西今町　 ,200,2152502,-8260666,0351518324,1361411688,
01,消火栓,彦根市,435,彦根市西今町　 ,200,2159340,-8266861,0351516308,1361414388,
01,消火栓,彦根市,436,彦根市西今町　 ,100,2149618,-8272320,0351514544,1361410536,
01,消火栓,彦根市,437,彦根市西今町　 ,100,2159914,-8278507,0351512528,1361414604,
01,消火栓,彦根市,438,彦根市西今町　 ,200,2169644,-8276265,0351513248,1361418456,
01,消火栓,彦根市,439,彦根市西今町　 ,250,2183553,-8271240,0351514868,1361423964,
01,消火栓,彦根市,440,彦根市平田町　 ,250,2187276,-8268236,0351515840,1361425440,
01,消火栓,彦根市,441,彦根市平田町　 ,250,2193532,-8259125,0351518792,1361427924,
01,消火栓,彦根市,442,彦根市平田町　 ,250,2201419,-8247570,0351522536,1361431056,
01,消火栓,彦根市,444,彦根市平田町　 ,200,2211935,-8231793,0351527648,1361435232,
01,消火栓,彦根市,445,彦根市長曽根南町　 ,200,2229521,-8205794,0351536072,1361442216,
01,消火栓,彦根市,446,彦根市大薮町　 ,100,2231504,-8198246,0351538520,1361443008,
01,消火栓,彦根市,447,彦根市長曽根南町　 ,200,2238949,-8191905,0351540572,1361445960,
01,消火栓,彦根市,448,彦根市後三条町　 ,250,2244569,-8183572,0351543272,1361448192,
01,消火栓,彦根市,449,彦根市後三条町　 ,75,2250385,-8181006,0351544100,1361450496,
01,消火栓,彦根市,450,彦根市後三条町　 ,250,2250370,-8175127,0351546008,1361450496,
01,消火栓,彦根市,451,彦根市後三条町　 ,250,2260160,-8161126,0351550544,1361454384,
01,消火栓,彦根市,452,彦根市後三条町　 ,100,2264737,-8172207,0351546944,1361456184,
01,消火栓,彦根市,453,彦根市後三条町　 ,100,2255948,-8186428,0351542336,1361452692,
01,消火栓,彦根市,454,彦根市長曽根南町　 ,150,2247156,-8199649,0351538052,1361449200,
01,消火栓,彦根市,455,彦根市長曽根南町　 ,150,2236917,-8216424,0351532616,1361445132,
01,消火栓,彦根市,456,彦根市平田町　 ,250,2218338,-8245865,0351523076,1361437752,
01,消火栓,彦根市,457,彦根市平田町　 ,100,2202285,-8266536,0351516379,1361431380,
01,消火栓,彦根市,458,彦根市平田町　 ,150,2209221,-8275504,0351513464,1361434116,
01,消火栓,彦根市,459,彦根市平田町　 ,250,2230095,-8254044,0351520412,1361442396,
01,消火栓,彦根市,460,彦根市長曽根南町　 ,100,2250496,-8225486,0351529664,1361450496,
01,消火栓,彦根市,461,彦根市長曽根南町　 ,100,2250922,-8213949,0351533408,1361450676,
01,消火栓,彦根市,462,彦根市長曽根南町　 ,75,2258911,-8207163,0351535604,1361453844,
01,消火栓,彦根市,463,彦根市後三条町　 ,75,2257244,-8195409,0351539420,1361453196,
01,消火栓,彦根市,464,彦根市後三条町　 ,75,2264603,-8191286,0351540752,1361456112,
01,消火栓,彦根市,465,彦根市後三条町　 ,75,2264303,-8180749,0351544172,1361456004,
01,消火栓,彦根市,466,彦根市後三条町　 ,100,2279136,-8182154,0351543704,1361501872,
01,消火栓,彦根市,467,彦根市後三条町　 ,100,2288386,-8170484,0351547484,1361505544,
01,消火栓,彦根市,468,彦根市後三条町　 ,100,2289708,-8189448,0351541328,1361506048,
01,消火栓,彦根市,469,彦根市後三条町　 ,100,2288811,-8194331,0351539744,1361505688,
01,消火栓,彦根市,470,彦根市後三条町　 ,100,2281559,-8204776,0351536360,1361502808,
01,消火栓,彦根市,471,彦根市平田町　 ,100,2273765,-8216665,0351532508,1361459712,
01,消火栓,彦根市,472,彦根市長曽根南町　 ,75,2260123,-8219029,0351531752,1361454312,
01,消火栓,彦根市,473,彦根市平田町　 ,100,2263070,-8233108,0351527180,1361455464,
01,消火栓,彦根市,474,彦根市平田町　 ,75,2253344,-8236571,0351526064,1361451612,
01,消火栓,彦根市,475,彦根市平田町　 ,100,2255818,-8243886,0351523688,1361452584,
01,消火栓,彦根市,476,彦根市平田町　 ,100,2249019,-8253554,0351520556,1361449884,
01,消火栓,彦根市,477,彦根市平田町　 ,100,2243125,-8261666,0351517928,1361447544,
01,消火栓,彦根市,478,彦根市平田町　 ,250,2231699,-8277112,0351512924,1361443008,
01,消火栓,彦根市,479,彦根市平田町　 ,75,2221059,-8279468,0351512168,1361438796,
01,消火栓,彦根市,480,彦根市平田町　 ,150,2222722,-8289780,0351508820,1361439444,
01,消火栓,彦根市,481,彦根市平田町　 ,75,2212716,-8290692,0351508532,1361435484,
01,消火栓,彦根市,482,彦根市戸賀町　 ,100,2198735,-8303482,0351504392,1361429940,
01,消火栓,彦根市,483,彦根市戸賀町　 ,75,2185338,-8294419,0351507344,1361424648,
01,消火栓,彦根市,484,彦根市西今町　 ,75,2179353,-8302752,0351504644,1361422272,
01,消火栓,彦根市,485,彦根市戸賀町　 ,75,2188739,-8304074,0351504208,1361425985,
01,消火栓,彦根市,486,彦根市西今町　 ,100,2180289,-8313843,0351501044,1361422632,
01,消火栓,彦根市,487,彦根市西今町　 ,100,2194753,-8312255,0351501548,1361428356,
01,消火栓,彦根市,488,彦根市戸賀町　 ,75,2203939,-8313603,0351501103,1361431989,
01,消火栓,彦根市,489,彦根市西今町　 ,150,2198061,-8325668,0351457192,1361429652,
01,消火栓,彦根市,490,彦根市西今町　 ,100,2184139,-8325591,0351457228,1361424144,
01,消火栓,彦根市,491,彦根市西今町　 ,75,2207093,-8346376,0351450464,1361433206,
01,消火栓,彦根市,492,彦根市西今町　 ,100,2202613,-8363815,0351444808,1361431416,
01,消火栓,彦根市,493,彦根市西今町　 ,100,2208232,-8354483,0351447832,1361433648,
01,消火栓,彦根市,494,彦根市西今町　 ,75,2214874,-8354578,0351447796,1361436276,
01,消火栓,彦根市,495,彦根市西今町　 ,75,2215125,-8345371,0351450784,1361436384,
01,消火栓,彦根市,496,彦根市西今町　 ,100,2222574,-8340472,0351452368,1361439336,
01,消火栓,彦根市,497,彦根市西今町　 ,75,2227749,-8335690,0351453916,1361441388,
01,消火栓,彦根市,498,彦根市戸賀町　 ,75,2240893,-8326086,0351457023,1361446598,
01,消火栓,彦根市,499,彦根市平田町　 ,100,2245810,-8317010,0351459964,1361448552,
01,消火栓,彦根市,500,彦根市平田町　 ,75,2240326,-8307040,0351503204,1361446392,
01,消火栓,彦根市,501,彦根市平田町　 ,75,2235647,-8291412,0351508280,1361444556,
01,消火栓,彦根市,502,彦根市平田町　 ,75,2242800,-8277307,0351512852,1361447400,
01,消火栓,彦根市,503,彦根市平田町　 ,150,2251148,-8268079,0351515840,1361450712,
01,消火栓,彦根市,504,彦根市平田町　 ,150,2261537,-8274930,0351513608,1361454816,
01,消火栓,彦根市,505,彦根市平田町　 ,75,2265562,-8247411,0351522536,1361456436,
01,消火栓,彦根市,506,彦根市平田町　 ,75,2270457,-8239967,0351524948,1361458380,
01,消火栓,彦根市,507,彦根市平田町　 ,75,2272705,-8229424,0351528368,1361459280,
01,消火栓,彦根市,508,彦根市平田町　 ,100,2266695,-8227220,0351529088,1361456904,
01,消火栓,彦根市,509,彦根市後三条町　 ,300,2303830,-8197621,0351538664,1361511628,
01,消火栓,彦根市,510,彦根市後三条町　 ,100,2301329,-8179879,0351544424,1361510656,
01,消火栓,彦根市,511,彦根市後三条町　 ,100,2313359,-8188057,0351541760,1361515408,
01,消火栓,彦根市,512,彦根市後三条町　 ,100,2311944,-8204034,0351536576,1361514832,
01,消火栓,彦根市,513,彦根市平田町　 ,75,2280158,-8234559,0351526695,1361502224,
01,消火栓,彦根市,514,彦根市平田町　 ,100,2278224,-8246654,0351522772,1361501447,
01,消火栓,彦根市,515,彦根市平田町　 ,75,2285132,-8246018,0351522972,1361504181,
01,消火栓,彦根市,516,彦根市平田町　 ,75,2287579,-8239923,0351524949,1361505155,
01,消火栓,彦根市,517,彦根市後三条町　 ,100,2290774,-8214958,0351533048,1361506444,
01,消火栓,彦根市,518,彦根市後三条町　 ,150,2304286,-8233559,0351527000,1361511772,
01,消火栓,彦根市,519,彦根市後三条町　 ,150,2312532,-8220560,0351531212,1361515048,
01,消火栓,彦根市,520,彦根市後三条町　 ,150,2320329,-8209780,0351534704,1361518144,
01,消火栓,彦根市,521,彦根市橋向町　 ,150,2327938,-8197004,0351538844,1361521168,
01,消火栓,彦根市,522,彦根市新町　 ,100,2338505,-8201969,0351537224,1361525344,
01,消火栓,彦根市,523,彦根市新町　 ,75,2348075,-8208821,0351534992,1361529124,
01,消火栓,彦根市,524,彦根市後三条町　 ,100,2338519,-8207626,0351535388,1361525344,
01,消火栓,彦根市,525,彦根市芹川町　 ,100,2354654,-8219564,0351531500,1361531716,
01,消火栓,彦根市,526,彦根市後三条町　 ,100,2332630,-8216959,0351532363,1361523004,
01,消火栓,彦根市,527,彦根市後三条町　 ,100,2325827,-8225184,0351529700,1361520304,
01,消火栓,彦根市,528,彦根市後三条町　 ,100,2322754,-8232846,0351527216,1361519080,
01,消火栓,彦根市,529,彦根市後三条町　 ,75,2328758,-8232498,0351527324,1361521456,
01,消火栓,彦根市,530,彦根市後三条町　 ,75,2305309,-8242208,0351524192,1361512168,
01,消火栓,彦根市,531,彦根市平田町　 ,75,2293998,-8230701,0351527936,1361507704,
01,消火栓,彦根市,532,彦根市平田町　 ,150,2299389,-8240005,0351524912,1361509828,
01,消火栓,彦根市,533,彦根市和田町　 ,150,2293236,-8252999,0351520700,1361507380,
01,消火栓,彦根市,534,彦根市和田町　 ,150,2300254,-8257750,0351519152,1361510152,
01,消火栓,彦根市,535,彦根市和田町　 ,75,2315359,-8258377,0351518936,1361516128,
01,消火栓,彦根市,536,彦根市平田町　 ,150,2284435,-8262782,0351517532,1361503888,
01,消火栓,彦根市,537,彦根市平田町　 ,150,2277726,-8272449,0351514400,1361501224,
01,消火栓,彦根市,538,彦根市平田町　 ,75,2272812,-8283019,0351510974,1361459269,
01,消火栓,彦根市,539,彦根市平田町　 ,100,2264577,-8289787,0351508784,1361456004,
01,消火栓,彦根市,540,彦根市平田町　 ,100,2252290,-8288486,0351509216,1361451144,
01,消火栓,彦根市,541,彦根市平田町　 ,75,2255226,-8298018,0351506120,1361452296,
01,消火栓,彦根市,542,彦根市平田町　 ,250,2257616,-8307663,0351502988,1361453232,
01,消火栓,彦根市,543,彦根市平田町　 ,100,2265274,-8313633,0351501044,1361456256,
01,消火栓,彦根市,544,彦根市小泉町　 ,75,2270642,-8313620,0351501044,1361458380,
01,消火栓,彦根市,545,彦根市小泉町　 ,100,2257388,-8325855,0351457084,1361453124,
01,消火栓,彦根市,546,彦根市小泉町　 ,75,2257695,-8339608,0351452620,1361453232,
01,消火栓,彦根市,547,彦根市小泉町　 ,100,2265550,-8333592,0351454566,1361456346,
01,消火栓,彦根市,548,彦根市小泉町　 ,75,2281930,-8331848,0351455119,1361502828,
01,消火栓,彦根市,549,彦根市小泉町　 ,250,2281291,-8314702,0351500684,1361502592,
01,消火栓,彦根市,550,彦根市平田町　 ,100,2274334,-8298303,0351506012,1361459856,
01,消火栓,彦根市,551,彦根市平田町　 ,100,2284296,-8290904,0351508405,1361503805,
01,消火栓,彦根市,552,彦根市平田町　 ,75,2285657,-8278197,0351512528,1361504356,
01,消火栓,彦根市,553,彦根市山之脇町　 ,75,2297500,-8284157,0351510584,1361509036,
01,消火栓,彦根市,554,彦根市小泉町　 ,100,2295350,-8297702,0351506190,1361508172,
01,消火栓,彦根市,555,彦根市小泉町　 ,75,2301576,-8305138,0351503771,1361510628,
01,消火栓,彦根市,556,彦根市山之脇町　 ,100,2302079,-8295793,0351506804,1361510836,
01,消火栓,彦根市,557,彦根市山之脇町　 ,100,2308964,-8284128,0351510584,1361513572,
01,消火栓,彦根市,558,彦根市芹川町　 ,100,2354438,-8241527,0351524372,1361531608,
01,消火栓,彦根市,559,彦根市芹川町　 ,100,2354961,-8232874,0351527180,1361531824,
01,消火栓,彦根市,560,彦根市大橋町　 ,75,2367709,-8236833,0351525884,1361536864,
01,消火栓,彦根市,561,彦根市元岡町　 ,100,2366477,-8252477,0351520808,1361536360,
01,消火栓,彦根市,562,彦根市芹川町　 ,100,2379586,-8255548,0351519800,1361541544,
01,消火栓,彦根市,563,彦根市沼波町　 ,75,2377523,-8266646,0351516200,1361540716,
01,消火栓,彦根市,564,彦根市沼波町　 ,75,2374650,-8281296,0351511448,1361539564,
01,消火栓,彦根市,565,彦根市芹川町　 ,150,2357649,-8251502,0351521132,1361532868,
01,消火栓,彦根市,566,彦根市芹川町　 ,100,2359147,-8268025,0351515768,1361533444,
01,消火栓,彦根市,567,彦根市芹川町　 ,300,2362279,-8282548,0351511052,1361534668,
01,消火栓,彦根市,568,彦根市岡町　 ,300,2362391,-8290423,0351508496,1361534704,
01,消火栓,彦根市,569,彦根市岡町　 ,150,2355126,-8296100,0351506660,1361531824,
01,消火栓,彦根市,570,彦根市岡町　 ,150,2344550,-8287586,0351509432,1361527648,
01,消火栓,彦根市,571,彦根市岡町　 ,100,2335808,-8285057,0351510260,1361524192,
01,消火栓,彦根市,572,彦根市岡町　 ,100,2322336,-8282763,0351511016,1361518864,
01,消火栓,彦根市,573,彦根市山之脇町　 ,300,2315187,-8297867,0351506120,1361516020,
01,消火栓,彦根市,574,彦根市小泉町　 ,100,2317737,-8312065,0351501510,1361517015,
01,消火栓,彦根市,575,彦根市小泉町　 ,100,2323102,-8323222,0351457885,1361519126,
01,消火栓,彦根市,576,彦根市小泉町　 ,250,2296147,-8324648,0351457444,1361508460,
01,消火栓,彦根市,577,彦根市小泉町　 ,100,2288805,-8335759,0351453844,1361505544,
01,消火栓,彦根市,578,彦根市小泉町　 ,100,2283273,-8343094,0351451468,1361503348,
01,消火栓,彦根市,579,彦根市小泉町　 ,100,2278140,-8338970,0351452811,1361501321,
01,消火栓,彦根市,580,彦根市小泉町　 ,300,2277008,-8348434,0351449740,1361500864,
01,消火栓,彦根市,581,彦根市小泉町　 ,50,2269098,-8347606,0351450015,1361457736,
01,消火栓,彦根市,582,彦根市小泉町　 ,75,2273849,-8358647,0351446428,1361459604,
01,消火栓,彦根市,583,彦根市小泉町　 ,150,2265022,-8358447,0351446500,1361456112,
01,消火栓,彦根市,584,彦根市小泉町　 ,75,2259905,-8349808,0351449308,1361454096,
01,消火栓,彦根市,585,彦根市西今町　 ,300,2244467,-8365408,0351444258,1361447973,
01,消火栓,彦根市,586,彦根市西今町　 ,100,2238675,-8362832,0351445098,1361445684,
01,消火栓,彦根市,587,彦根市西今町　 ,100,2238164,-8352746,0351448372,1361445492,
01,消火栓,彦根市,588,彦根市西今町　 ,100,2231283,-8366628,0351443872,1361442756,
01,消火栓,彦根市,589,彦根市西今町　 ,100,2221354,-8352063,0351448607,1361438842,
01,消火栓,彦根市,590,彦根市西今町　 ,75,2214530,-8362676,0351445168,1361436132,
01,消火栓,彦根市,591,彦根市西今町　 ,100,2209003,-8372340,0351442036,1361433936,
01,消火栓,彦根市,592,彦根市西今町　 ,100,2218843,-8377419,0351440380,1361437824,
01,消火栓,彦根市,593,彦根市西今町　 ,75,2200283,-8378684,0351439984,1361430480,
01,消火栓,彦根市,594,彦根市西今町　 ,75,2199645,-8388859,0351436683,1361430218,
01,消火栓,彦根市,595,彦根市西今町　 ,75,2206501,-8397082,0351434008,1361432922,
01,消火栓,彦根市,596,彦根市西今町　 ,200,2199897,-8406860,0351430840,1361430300,
01,消火栓,彦根市,597,彦根市西今町　 ,200,2190690,-8400337,0351432964,1361426664,
01,消火栓,彦根市,598,彦根市西今町　 ,200,2180520,-8391630,0351435798,1361422649,
01,消火栓,彦根市,599,彦根市野瀬町　 ,75,2173004,-8384857,0351438002,1361419682,
01,消火栓,彦根市,600,彦根市野瀬町　 ,200,2161256,-8382883,0351438652,1361415036,
01,消火栓,彦根市,601,彦根市宇尾町　 ,75,2149637,-8382192,0351438885,1361410441,
01,消火栓,彦根市,602,彦根市宇尾町　 ,75,2150852,-8392486,0351435544,1361410911,
01,消火栓,彦根市,603,彦根市宇尾町　 ,75,2161834,-8396303,0351434296,1361415252,
01,消火栓,彦根市,604,彦根市宇尾町　 ,75,2167966,-8410930,0351429544,1361417664,
01,消火栓,彦根市,605,彦根市宇尾町　 ,75,2171449,-8421459,0351426124,1361419032,
01,消火栓,彦根市,606,彦根市宇尾町　 ,150,2180582,-8422336,0351425833,1361422644,
01,消火栓,彦根市,607,彦根市宇尾町　 ,150,2189819,-8416423,0351427744,1361426304,
01,消火栓,彦根市,608,彦根市宇尾町　 ,100,2189833,-8422302,0351425836,1361426304,
01,消火栓,彦根市,609,彦根市八坂町　 ,200,1977397,-8237994,0351525812,1361302424,
01,消火栓,彦根市,610,彦根市八坂町　 ,75,1970767,-8243000,0351524192,1361259796,
01,消火栓,彦根市,611,彦根市八坂町　 ,200,1974506,-8247318,0351522788,1361301272,
01,消火栓,彦根市,612,彦根市八坂町　 ,200,1966151,-8254325,0351520520,1361257960,
01,消火栓,彦根市,613,彦根市八坂町　 ,200,1960247,-8258663,0351519116,1361255620,
01,消火栓,彦根市,614,彦根市八坂町　 ,75,1944972,-8263910,0351517424,1361249572,
01,消火栓,彦根市,615,彦根市八坂町　 ,200,1943348,-8270125,0351515408,1361248924,
01,消火栓,彦根市,616,彦根市八坂町　 ,150,1930714,-8276142,0351513464,1361243920,
01,消火栓,彦根市,617,彦根市八坂町　 ,75,1950620,-8266782,0351516488,1361251804,
01,消火栓,彦根市,618,彦根市八坂町　 ,75,1949459,-8276989,0351513176,1361251336,
01,消火栓,彦根市,619,彦根市八坂町　 ,75,1958743,-8278411,0351512708,1361255008,
01,消火栓,彦根市,620,彦根市八坂町　 ,75,1967275,-8269186,0351515696,1361258392,
01,消火栓,彦根市,621,彦根市八坂町　 ,200,1992650,-8223097,0351530636,1361308472,
01,消火栓,彦根市,622,彦根市八坂町　 ,75,2060548,-8249312,0351522079,1361335315,
01,消火栓,彦根市,623,彦根市八坂町　 ,100,2067695,-8256649,0351519692,1361338136,
01,消火栓,彦根市,624,彦根市開出今町　 ,100,2065099,-8275290,0351513644,1361337092,
01,消火栓,彦根市,625,彦根市開出今町　 ,100,2061294,-8282731,0351511232,1361335580,
01,消火栓,彦根市,626,彦根市開出今町　 ,100,2056766,-8292169,0351508172,1361333780,
01,消火栓,彦根市,627,彦根市開出今町　 ,75,2072734,-8272056,0351514688,1361340116,
01,消火栓,彦根市,628,彦根市開出今町　 ,75,2066399,-8287045,0351509828,1361337596,
01,消火栓,彦根市,629,彦根市開出今町　 ,75,2074215,-8282812,0351511196,1361340692,
01,消火栓,彦根市,630,彦根市開出今町　 ,50,2078843,-8277699,0351512852,1361342528,
01,消火栓,彦根市,631,彦根市開出今町　 ,75,2079779,-8288789,0351509252,1361342888,
01,消火栓,彦根市,632,彦根市開出今町　 ,150,2073874,-8292907,0351507920,1361340548,
01,消火栓,彦根市,633,彦根市開出今町　 ,100,2063512,-8297478,0351506444,1361336444,
01,消火栓,彦根市,634,彦根市開出今町　 ,150,2071800,-8301342,0351505184,1361339720,
01,消火栓,彦根市,635,彦根市開出今町　 ,200,2077372,-8350246,0351449308,1361341880,
01,消火栓,彦根市,636,彦根市開出今町　 ,200,2088399,-8357431,0351446968,1361346236,
01,消火栓,彦根市,637,彦根市開出今町　 ,75,2103406,-8354179,0351448012,1361352176,
01,消火栓,彦根市,638,彦根市開出今町　 ,75,2112151,-8358596,0351446572,1361355632,
01,消火栓,彦根市,639,彦根市開出今町　 ,75,2117187,-8371673,0351442324,1361357612,
01,消火栓,彦根市,640,彦根市開出今町　 ,75,2118350,-8380322,0351439516,1361358064,
01,消火栓,彦根市,641,彦根市開出今町　 ,200,2104982,-8370279,0351442786,1361352785,
01,消火栓,彦根市,642,彦根市開出今町　 ,200,2096718,-8363427,0351445016,1361349522,
01,消火栓,彦根市,643,彦根市開出今町　 ,75,2090892,-8372843,0351441964,1361347208,
01,消火栓,彦根市,644,彦根市開出今町　 ,200,2100187,-8379158,0351439908,1361350880,
01,消火栓,彦根市,645,彦根市開出今町　 ,200,2108610,-8384677,0351438110,1361354207,
01,消火栓,彦根市,646,彦根市甘呂町　 ,100,2094130,-8387609,0351437169,1361348476,
01,消火栓,彦根市,647,彦根市甘呂町　 ,200,2084902,-8379956,0351439660,1361344832,
01,消火栓,彦根市,648,彦根市甘呂町　 ,200,2070075,-8382209,0351438940,1361338964,
01,消火栓,彦根市,649,彦根市甘呂町　 ,200,2045732,-8401565,0351432676,1361329316,
01,消火栓,彦根市,650,彦根市甘呂町　 ,75,2038067,-8392486,0351435628,1361326292,
01,消火栓,彦根市,651,彦根市甘呂町　 ,75,2032536,-8401040,0351432856,1361324096,
01,消火栓,彦根市,652,彦根市甘呂町　 ,200,2038295,-8413007,0351428968,1361326364,
01,消火栓,彦根市,653,彦根市甘呂町　 ,200,2045412,-8421088,0351426340,1361329172,
01,消火栓,彦根市,654,彦根市甘呂町　 ,200,2063003,-8433360,0351422344,1361336120,
01,消火栓,彦根市,655,彦根市甘呂町　 ,100,2058110,-8442800,0351419284,1361334176,
01,消火栓,彦根市,656,彦根市八坂町　 ,150,1919543,-8285594,0351510404,1361239492,
01,消火栓,彦根市,657,彦根市八坂町　 ,150,1904916,-8296274,0351506948,1361233696,
01,消火栓,彦根市,658,彦根市須越町　 ,150,1890743,-8306398,0351503672,1361228080,
01,消火栓,彦根市,659,彦根市須越町　 ,75,1878126,-8320733,0351459028,1361223076,
01,消火栓,彦根市,660,彦根市須越町　 ,150,1866295,-8319648,0351459388,1361218396,
01,消火栓,彦根市,661,彦根市須越町　 ,125,1846441,-8330391,0351455915,1361210533,
01,消火栓,彦根市,662,彦根市須越町　 ,75,1852496,-8335317,0351454312,1361212924,
01,消火栓,彦根市,663,彦根市須越町　 ,75,1846574,-8338173,0351453389,1361210579,
01,消火栓,彦根市,664,彦根市須越町　 ,125,1840029,-8334566,0351454564,1361207992,
01,消火栓,彦根市,665,彦根市須越町　 ,75,1836410,-8344778,0351451252,1361206552,
01,消火栓,彦根市,666,彦根市須越町　 ,75,1830851,-8343929,0351451531,1361204353,
01,消火栓,彦根市,667,彦根市須越町　 ,125,1815674,-8350144,0351449524,1361158344,
01,消火栓,彦根市,668,彦根市須越町　 ,125,1808951,-8355371,0351447832,1361155680,
01,消火栓,彦根市,669,彦根市甘呂町　 ,75,2018345,-8403512,0351432064,1361318480,
01,消火栓,彦根市,670,彦根市甘呂町　 ,100,2027638,-8408483,0351430444,1361322152,
01,消火栓,彦根市,671,彦根市甘呂町　 ,75,2023195,-8415481,0351428176,1361320388,
01,消火栓,彦根市,672,彦根市日夏町　 ,200,2047318,-8459130,0351413992,1361329892,
01,消火栓,彦根市,673,彦根市日夏町　 ,200,2038877,-8469556,0351410615,1361326544,
01,消火栓,彦根市,674,彦根市日夏町　 ,75,2021958,-8458724,0351414143,1361319861,
01,消火栓,彦根市,675,彦根市日夏町　 ,75,2000432,-8450916,0351416692,1361311352,
01,消火栓,彦根市,676,彦根市日夏町　 ,75,2008937,-8464397,0351412311,1361314705,
01,消火栓,彦根市,677,彦根市日夏町　 ,75,2024784,-8474821,0351408916,1361320964,
01,消火栓,彦根市,678,彦根市日夏町　 ,200,2030993,-8484125,0351405892,1361323412,
01,消火栓,彦根市,679,彦根市日夏町　 ,100,2013720,-8492039,0351403336,1361316572,
01,消火栓,彦根市,680,彦根市日夏町　 ,200,2007915,-8500926,0351400456,1361314268,
01,消火栓,彦根市,681,彦根市日夏町　 ,75,2000342,-8492401,0351403228,1361311280,
01,消火栓,彦根市,682,彦根市日夏町　 ,75,1990776,-8487653,0351404776,1361307500,
01,消火栓,彦根市,683,彦根市日夏町　 ,75,1992176,-8503623,0351359592,1361308039,
01,消火栓,彦根市,684,彦根市日夏町　 ,75,1979888,-8502651,0351359916,1361303180,
01,消火栓,彦根市,685,彦根市日夏町　 ,75,1971158,-8505998,0351358836,1361259724,
01,消火栓,彦根市,686,彦根市日夏町　 ,75,1973190,-8519526,0351354444,1361300516,
01,消火栓,彦根市,687,彦根市日夏町　 ,75,1982577,-8525495,0351352500,1361304224,
01,消火栓,彦根市,688,彦根市日夏町　 ,200,1994040,-8523252,0351353220,1361308760,
01,消火栓,彦根市,689,彦根市日夏町　 ,200,1999754,-8514254,0351356136,1361311028,
01,消火栓,彦根市,690,彦根市日夏町　 ,200,2002384,-8510144,0351357468,1361312072,
01,消火栓,彦根市,691,彦根市日夏町　 ,150,2014236,-8519436,0351354444,1361316752,
01,消火栓,彦根市,692,彦根市日夏町　 ,200,2024766,-8507432,0351358332,1361320928,
01,消火栓,彦根市,693,彦根市日夏町　 ,200,2031022,-8496992,0351401716,1361323412,
01,消火栓,彦根市,694,彦根市日夏町　 ,75,2028315,-8507203,0351358404,1361322332,
01,消火栓,彦根市,695,彦根市日夏町　 ,100,2025784,-8514862,0351355920,1361321324,
01,消火栓,彦根市,696,彦根市日夏町　 ,150,2023259,-8525405,0351352500,1361320316,
01,消火栓,彦根市,697,彦根市日夏町　 ,200,2010074,-8530426,0351350880,1361315096,
01,消火栓,彦根市,698,彦根市日夏町　 ,200,2004360,-8539645,0351347892,1361312828,
01,消火栓,彦根市,699,彦根市日夏町　 ,100,2005116,-8552289,0351343788,1361313116,
01,消火栓,彦根市,700,彦根市日夏町　 ,200,1983700,-8539358,0351348000,1361304656,
01,消火栓,彦根市,701,彦根市日夏町　 ,75,1988916,-8552214,0351343824,1361306708,
01,消火栓,彦根市,702,彦根市日夏町　 ,75,1989940,-8562527,0351340476,1361307104,
01,消火栓,彦根市,703,彦根市日夏町　 ,200,1974176,-8554465,0351343104,1361300876,
01,消火栓,彦根市,704,彦根市清崎町　 ,75,1972814,-8574291,0351336671,1361300320,
01,消火栓,彦根市,705,彦根市清崎町　 ,200,1958938,-8578457,0351335328,1361254828,
01,消火栓,彦根市,706,彦根市清崎町　 ,200,1963151,-8590317,0351331476,1361256484,
01,消火栓,彦根市,707,彦根市三津屋町　 ,125,1790228,-8366390,0351444268,1361148264,
01,消火栓,彦根市,708,彦根市三津屋町　 ,125,1781590,-8369624,0351443224,1361144844,
01,消火栓,彦根市,709,彦根市三津屋町　 ,100,1770682,-8375191,0351441424,1361140524,
01,消火栓,彦根市,710,彦根市三津屋町　 ,75,1776265,-8380342,0351439749,1361142729,
01,消火栓,彦根市,711,彦根市三津屋町　 ,75,1794982,-8377473,0351440668,1361150136,
01,消火栓,彦根市,712,彦根市三津屋町　 ,75,1786814,-8388138,0351437212,1361146896,
01,消火栓,彦根市,713,彦根市三津屋町　 ,75,1776346,-8386716,0351437680,1361142756,
01,消火栓,彦根市,714,彦根市三津屋町　 ,75,1765827,-8386261,0351437835,1361138595,
01,消火栓,彦根市,715,彦根市三津屋町　 ,150,1738238,-8396884,0351434404,1361127672,
01,消火栓,彦根市,716,彦根市石寺町　 ,150,1675608,-8433274,0351422632,1361102868,
01,消火栓,彦根市,717,彦根市石寺町　 ,75,1643244,-8451525,0351416728,1361050052,
01,消火栓,彦根市,718,彦根市石寺町　 ,150,1639803,-8460627,0351413776,1361048684,
01,消火栓,彦根市,719,彦根市石寺町　 ,150,1641731,-8469941,0351410752,1361049440,
01,消火栓,彦根市,720,彦根市石寺町　 ,75,1638917,-8474050,0351409420,1361048324,
01,消火栓,彦根市,721,彦根市石寺町　 ,150,1644914,-8478026,0351408126,1361050694,
01,消火栓,彦根市,722,彦根市石寺町　 ,75,1647803,-8473495,0351409595,1361051840,
01,消火栓,彦根市,723,彦根市石寺町　 ,75,1651460,-8465375,0351412228,1361053292,
01,消火栓,彦根市,724,彦根市石寺町　 ,75,1657213,-8476124,0351408736,1361055560,
01,消火栓,彦根市,725,彦根市石寺町　 ,100,1701266,-8576206,0351336228,1361112912,
01,消火栓,彦根市,726,彦根市石寺町　 ,75,1706731,-8578414,0351335508,1361115072,
01,消火栓,彦根市,727,彦根市石寺町　 ,100,1705016,-8586071,0351333024,1361114388,
01,消火栓,彦根市,728,彦根市石寺町　 ,250,1702116,-8592510,0351330936,1361113236,
01,消火栓,彦根市,729,彦根市下岡部町　 ,75,1729600,-8590794,0351331476,1361124108,
01,消火栓,彦根市,730,彦根市下岡部町　 ,250,1737811,-8600761,0351328236,1361127348,
01,消火栓,彦根市,731,彦根市稲里町　 ,75,1779092,-8626193,0351319956,1361143656,
01,消火栓,彦根市,732,彦根市稲里町　 ,75,1790522,-8614047,0351323891,1361148186,
01,消火栓,彦根市,733,彦根市稲里町　 ,75,1788051,-8599443,0351328632,1361147220,
01,消火栓,彦根市,734,彦根市日夏町　 ,75,1925207,-8552685,0351343716,1361241508,
01,消火栓,彦根市,735,彦根市清崎町　 ,200,1899710,-8572260,0351337381,1361231407,
01,消火栓,彦根市,736,彦根市清崎町　 ,200,1875802,-8604257,0351327012,1361221924,
01,消火栓,彦根市,737,彦根市清崎町　 ,200,1864334,-8604391,0351326976,1361217388,
01,消火栓,彦根市,738,彦根市稲里町　 ,200,1851143,-8607524,0351325968,1361212168,
01,消火栓,彦根市,739,彦根市稲里町　 ,200,1845152,-8619319,0351322144,1361209789,
01,消火栓,彦根市,740,彦根市稲里町　 ,75,1854885,-8625961,0351319982,1361213633,
01,消火栓,彦根市,741,彦根市稲里町　 ,75,1867945,-8633778,0351317436,1361218792,
01,消火栓,彦根市,742,彦根市稲里町　 ,250,1811391,-8664619,0351307464,1361156400,
01,消火栓,彦根市,743,彦根市稲里町　 ,100,1793366,-8663545,0351307824,1361149272,
01,消火栓,彦根市,744,彦根市稲里町　 ,75,1784727,-8668110,0351306348,1361145852,
01,消火栓,彦根市,745,彦根市稲里町　 ,100,1785559,-8674431,0351304296,1361146176,
01,消火栓,彦根市,746,彦根市稲里町　 ,75,1795024,-8673303,0351304656,1361149920,
01,消火栓,彦根市,747,彦根市稲里町　 ,250,1805364,-8674843,0351304150,1361154009,
01,消火栓,彦根市,748,彦根市稲里町　 ,250,1799932,-8683024,0351301498,1361151854,
01,消火栓,彦根市,749,彦根市稲里町　 ,75,1788669,-8682190,0351301776,1361147400,
01,消火栓,彦根市,750,彦根市稲里町　 ,100,1782034,-8687083,0351300192,1361144772,
01,消火栓,彦根市,751,彦根市稲里町　 ,100,1775865,-8697633,0351256772,1361142324,
01,消火栓,彦根市,752,彦根市稲里町　 ,250,1783437,-8706159,0351254000,1361145312,
01,消火栓,彦根市,753,彦根市下岡部町　 ,250,1675973,-8630272,0351318696,1361102868,
01,消火栓,彦根市,754,彦根市下岡部町　 ,250,1668616,-8639049,0351315852,1361059952,
01,消火栓,彦根市,755,彦根市下岡部町　 ,75,1659424,-8639731,0351315636,1361056316,
01,消火栓,彦根市,756,彦根市下岡部町　 ,250,1659896,-8648604,0351312756,1361056496,
01,消火栓,彦根市,757,彦根市下岡部町　 ,250,1647996,-8661936,0351308436,1361051780,
01,消火栓,彦根市,758,彦根市下西川町　 ,100,1636052,-8650977,0351312000,1361047064,
01,消火栓,彦根市,759,彦根市下西川町　 ,100,1628212,-8644225,0351314196,1361043968,
01,消火栓,彦根市,760,彦根市下西川町　 ,100,1615004,-8638924,0351315924,1361038748,
01,消火栓,彦根市,761,彦根市甲崎町　 ,200,1606524,-8630731,0351318588,1361035400,
01,消火栓,彦根市,762,彦根市甲崎町　 ,200,1598402,-8618766,0351322476,1361032195,
01,消火栓,彦根市,763,彦根市甲崎町　 ,200,1585460,-8608916,0351325680,1361027084,
01,消火栓,彦根市,764,彦根市甲崎町　 ,100,1577432,-8598504,0351329064,1361023916,
01,消火栓,彦根市,765,彦根市甲崎町　 ,200,1575711,-8603055,0351327588,1361023232,
01,消火栓,彦根市,766,彦根市甲崎町　 ,150,1566064,-8603626,0351327408,1361019416,
01,消火栓,彦根市,767,彦根市甲崎町　 ,100,1592762,-8620439,0351321936,1361029964,
01,消火栓,彦根市,768,彦根市下西川町　 ,200,1608279,-8645148,0351313908,1361036084,
01,消火栓,彦根市,769,彦根市下西川町　 ,200,1618035,-8654448,0351310884,1361039936,
01,消火栓,彦根市,770,彦根市下西川町　 ,75,1620025,-8647345,0351313188,1361040728,
01,消火栓,彦根市,771,彦根市下西川町　 ,75,1628776,-8654207,0351310956,1361044184,
01,消火栓,彦根市,772,彦根市上西川町　 ,200,1629432,-8664965,0351307464,1361044436,
01,消火栓,彦根市,773,彦根市上西川町　 ,250,1639553,-8674042,0351304512,1361048432,
01,消火栓,彦根市,774,彦根市上西川町　 ,125,1652230,-8687441,0351300156,1361053436,
01,消火栓,彦根市,775,彦根市上岡部町　 ,100,1667970,-8683308,0351301488,1361059664,
01,消火栓,彦根市,776,彦根市上岡部町　 ,100,1663343,-8691968,0351258680,1361057828,
01,消火栓,彦根市,777,彦根市上岡部町　 ,100,1671638,-8698054,0351256700,1361101104,
01,消火栓,彦根市,778,彦根市上岡部町　 ,75,1663267,-8700177,0351256016,1361057792,
01,消火栓,彦根市,779,彦根市上岡部町　 ,125,1655346,-8698971,0351256412,1361054660,
01,消火栓,彦根市,780,彦根市上岡部町　 ,125,1649988,-8706080,0351254108,1361052536,
01,消火栓,彦根市,781,彦根市田原町　 ,125,1652835,-8719718,0351249680,1361053652,
01,消火栓,彦根市,782,彦根市田原町　 ,125,1648844,-8727934,0351247016,1361052068,
01,消火栓,彦根市,783,彦根市田原町　 ,125,1655411,-8734688,0351244820,1361054660,
01,消火栓,彦根市,784,彦根市田原町　 ,125,1659261,-8749212,0351240104,1361056172,
01,消火栓,彦根市,785,彦根市薩摩町　 ,200,1514877,-8565046,0351339958,1360959196,
01,消火栓,彦根市,786,彦根市薩摩町　 ,75,1490274,-8550909,0351344559,1360949474,
01,消火栓,彦根市,787,彦根市薩摩町　 ,125,1481851,-8550172,0351344803,1360946143,
01,消火栓,彦根市,788,彦根市薩摩町　 ,100,1472328,-8555976,0351342924,1360942372,
01,消火栓,彦根市,789,彦根市薩摩町　 ,75,1463920,-8554691,0351343345,1360939047,
01,消火栓,彦根市,790,彦根市薩摩町　 ,100,1462695,-8564976,0351340008,1360938556,
01,消火栓,彦根市,791,彦根市柳川町　 ,100,1455246,-8573348,0351337295,1360935604,
01,消火栓,彦根市,792,彦根市柳川町　 ,75,1441945,-8582699,0351334267,1360930338,
01,消火栓,彦根市,793,彦根市柳川町　 ,75,1434610,-8589202,0351332159,1360927432,
01,消火栓,彦根市,794,彦根市柳川町　 ,150,1420634,-8615069,0351323772,1360921888,
01,消火栓,彦根市,795,彦根市柳川町　 ,75,1442032,-8592531,0351331076,1360930366,
01,消火栓,彦根市,796,彦根市柳川町　 ,75,1451080,-8587069,0351332844,1360933948,
01,消火栓,彦根市,797,彦根市柳川町　 ,75,1458716,-8581066,0351334788,1360936972,
01,消火栓,彦根市,798,彦根市薩摩町　 ,75,1464329,-8574859,0351336800,1360939196,
01,消火栓,彦根市,799,彦根市薩摩町　 ,75,1473807,-8570282,0351338280,1360942948,
01,消火栓,彦根市,800,彦根市薩摩町　 ,75,1475795,-8561405,0351341160,1360943740,
01,消火栓,彦根市,801,彦根市薩摩町　 ,125,1488165,-8556505,0351342744,1360948636,
01,消火栓,彦根市,802,彦根市普光寺町　 ,75,1501387,-8674253,0351304522,1360953789,
01,消火栓,彦根市,803,彦根市普光寺町　 ,75,1507293,-8674605,0351304404,1360956124,
01,消火栓,彦根市,804,彦根市普光寺町　 ,75,1509760,-8680369,0351302532,1360957096,
01,消火栓,彦根市,805,彦根市普光寺町　 ,75,1503518,-8686780,0351300455,1360954623,
01,消火栓,彦根市,806,彦根市普光寺町　 ,150,1520788,-8681683,0351302100,1361001457,
01,消火栓,彦根市,807,彦根市普光寺町　 ,150,1513735,-8693079,0351258405,1360958660,
01,消火栓,彦根市,808,彦根市普光寺町　 ,75,1523536,-8698870,0351256520,1361002532,
01,消火栓,彦根市,809,彦根市南三ツ谷町　 ,100,1411889,-8727447,0351247304,1360918360,
01,消火栓,彦根市,810,彦根市南三ツ谷町　 ,100,1422369,-8734419,0351245036,1360922500,
01,消火栓,彦根市,811,彦根市南三ツ谷町　 ,75,1433291,-8733514,0351245324,1360926820,
01,消火栓,彦根市,812,彦根市南三ツ谷町　 ,75,1420014,-8742409,0351242444,1360921564,
01,消火栓,彦根市,813,彦根市南三ツ谷町　 ,100,1434215,-8742054,0351242552,1360927180,
01,消火栓,彦根市,814,彦根市南三ツ谷町　 ,150,1429496,-8751490,0351239492,1360925308,
01,消火栓,彦根市,815,彦根市南三ツ谷町　 ,75,1420665,-8751060,0351239636,1360921816,
01,消火栓,彦根市,816,彦根市南三ツ谷町　 ,75,1438700,-8757354,0351237584,1360928944,
01,消火栓,彦根市,817,彦根市南三ツ谷町　 ,75,1429877,-8762027,0351236072,1360925452,
01,消火栓,彦根市,818,彦根市田附町　 ,150,1365247,-8654468,0351311013,1360859958,
01,消火栓,彦根市,819,彦根市田附町　 ,75,1355111,-8658037,0351309860,1360855947,
01,消火栓,彦根市,820,彦根市田附町　 ,150,1348713,-8665760,0351307356,1360853412,
01,消火栓,彦根市,821,彦根市田附町　 ,150,1337252,-8671545,0351305484,1360848876,
01,消火栓,彦根市,822,彦根市新海町　 ,100,1331326,-8726793,0351247556,1360846500,
01,消火栓,彦根市,823,彦根市新海町　 ,100,1322595,-8732241,0351245792,1360843044,
01,消火栓,彦根市,824,彦根市新海町　 ,100,1312862,-8737468,0351244100,1360839192,
01,消火栓,彦根市,825,彦根市新海町　 ,75,1291097,-8732064,0351245864,1360830588,
01,消火栓,彦根市,826,彦根市新海町　 ,75,1281624,-8727752,0351247268,1360826844,
01,消火栓,彦根市,827,彦根市新海町　 ,75,1279362,-8737294,0351244172,1360825944,
01,消火栓,彦根市,828,彦根市新海町　 ,75,1274545,-8743291,0351242228,1360824036,
01,消火栓,彦根市,829,彦根市新海町　 ,150,1275739,-8750167,0351239996,1360824504,
01,消火栓,彦根市,830,彦根市新海町　 ,75,1285102,-8741169,0351242912,1360828212,
01,消火栓,彦根市,831,彦根市新海町　 ,75,1291742,-8737388,0351244136,1360830840,
01,消火栓,彦根市,832,彦根市新海町　 ,100,1299674,-8745474,0351241508,1360833972,
01,消火栓,彦根市,833,彦根市新海町　 ,150,1298228,-8752908,0351239096,1360833396,
01,消火栓,彦根市,834,彦根市新海町　 ,75,1290037,-8754583,0351238556,1360830156,
01,消火栓,彦根市,835,彦根市新海町　 ,75,1286861,-8761798,0351236216,1360828896,
01,消火栓,彦根市,836,彦根市新海町　 ,75,1279408,-8770238,0351233480,1360825944,
01,消火栓,彦根市,837,彦根市田附町　 ,75,1368713,-8791756,0351226454,1360901247,
01,消火栓,彦根市,838,彦根市田附町　 ,75,1377943,-8797295,0351224652,1360904893,
01,消火栓,彦根市,839,彦根市田附町　 ,100,1371044,-8806043,0351221816,1360902160,
01,消火栓,彦根市,840,彦根市田附町　 ,75,1367235,-8815477,0351218756,1360900648,
01,消火栓,彦根市,841,彦根市田附町　 ,100,1380612,-8811796,0351219944,1360905940,
01,消火栓,彦根市,842,彦根市田附町　 ,150,1386697,-8802358,0351223004,1360908352,
01,消火栓,彦根市,843,彦根市田附町　 ,100,1391997,-8815328,0351218792,1360910440,
01,消火栓,彦根市,844,彦根市田附町　 ,100,1401930,-8821524,0351216776,1360914364,
01,消火栓,彦根市,845,彦根市田附町　 ,150,1406473,-8815639,0351218684,1360916164,
01,消火栓,彦根市,846,彦根市新海浜２丁目　 ,150,1165697,-8718690,0351250260,1360741003,
01,消火栓,彦根市,847,彦根市新海浜２丁目　 ,100,1154092,-8720283,0351249748,1360736413,
01,消火栓,彦根市,848,彦根市新海浜２丁目　 ,100,1138245,-8722465,0351249046,1360730145,
01,消火栓,彦根市,849,彦根市新海浜１丁目　 ,100,1123862,-8723969,0351248564,1360724456,
01,消火栓,彦根市,850,彦根市新海浜１丁目　 ,75,1115160,-8733193,0351245574,1360721010,
01,消火栓,彦根市,851,彦根市新海浜１丁目　 ,75,1103579,-8737748,0351244100,1360716428,
01,消火栓,彦根市,852,彦根市新海浜１丁目　 ,75,1117644,-8743414,0351242256,1360721988,
01,消火栓,彦根市,853,彦根市新海浜１丁目　 ,100,1129523,-8737605,0351244136,1360726688,
01,消火栓,彦根市,854,彦根市新海浜２丁目　 ,75,1134431,-8730833,0351246332,1360728632,
01,消火栓,彦根市,855,彦根市新海浜２丁目　 ,75,1147359,-8732036,0351245936,1360733744,
01,消火栓,彦根市,856,彦根市新海浜２丁目　 ,75,1163736,-8725471,0351248060,1360740224,
01,消火栓,彦根市,857,彦根市新海浜２丁目　 ,100,1171123,-8735777,0351244712,1360743140,
01,消火栓,彦根市,858,彦根市新海浜２丁目　 ,75,1157375,-8734464,0351245144,1360737704,
01,消火栓,彦根市,859,彦根市新海浜２丁目　 ,75,1150196,-8743901,0351242084,1360734860,
01,消火栓,彦根市,860,彦根市新海浜２丁目　 ,75,1138358,-8741143,0351242984,1360730180,
01,消火栓,彦根市,861,彦根市新海浜１丁目　 ,100,1134102,-8749207,0351240369,1360728493,
01,消火栓,彦根市,862,彦根市小野町　 ,200,2570087,-8152089,0351553208,1361657036,
01,消火栓,彦根市,863,彦根市原町　 ,200,2557957,-8205589,0351535856,1361652176,
01,消火栓,彦根市,864,彦根市原町　 ,200,2552452,-8221688,0351530636,1361649980,
01,消火栓,彦根市,865,彦根市原町　 ,200,2544121,-8235466,0351526172,1361646668,
01,消火栓,彦根市,866,彦根市原町　 ,200,2537235,-8245802,0351522824,1361643932,
01,消火栓,彦根市,867,彦根市西沼波町　 ,250,2452936,-8228505,0351528513,1361610596,
01,消火栓,彦根市,868,彦根市西沼波町　 ,100,2445057,-8241286,0351524372,1361607464,
01,消火栓,彦根市,869,彦根市西沼波町　 ,75,2439169,-8249449,0351521728,1361605126,
01,消火栓,彦根市,870,彦根市西沼波町　 ,300,2428202,-8266844,0351516091,1361600768,
01,消火栓,彦根市,871,彦根市西沼波町　 ,300,2420062,-8279544,0351511977,1361557534,
01,消火栓,彦根市,872,彦根市芹川町　 ,75,2406796,-8262713,0351517451,1361552303,
01,消火栓,彦根市,873,彦根市西沼波町　 ,100,2405846,-8276665,0351512924,1361551912,
01,消火栓,彦根市,874,彦根市西沼波町　 ,100,2411615,-8290515,0351508424,1361554180,
01,消火栓,彦根市,875,彦根市西沼波町　 ,200,2411104,-8303495,0351504212,1361553964,
01,消火栓,彦根市,876,彦根市西沼波町　 ,100,2419727,-8295707,0351506732,1361557384,
01,消火栓,彦根市,877,彦根市西沼波町　 ,100,2443870,-8273457,0351513932,1361606960,
01,消火栓,彦根市,878,彦根市西沼波町　 ,75,2445905,-8252265,0351520808,1361607788,
01,消火栓,彦根市,879,彦根市西沼波町　 ,75,2463107,-8233252,0351526964,1361614615,
01,消火栓,彦根市,880,彦根市原町　 ,250,2470974,-8225080,0351529609,1361617737,
01,消火栓,彦根市,881,彦根市原町　 ,75,2479755,-8220704,0351531021,1361621216,
01,消火栓,彦根市,882,彦根市原町　 ,250,2478147,-8231324,0351527576,1361620568,
01,消火栓,彦根市,883,彦根市原町　 ,150,2468944,-8241128,0351524402,1361616916,
01,消火栓,彦根市,884,彦根市原町　 ,150,2466646,-8250878,0351521240,1361615996,
01,消火栓,彦根市,885,彦根市地蔵町　 ,75,2462755,-8264088,0351516956,1361614443,
01,消火栓,彦根市,886,彦根市地蔵町　 ,75,2444788,-8276561,0351512924,1361607320,
01,消火栓,彦根市,887,彦根市東沼波町　 ,200,2433033,-8303880,0351504067,1361602640,
01,消火栓,彦根市,888,彦根市東沼波町　 ,100,2430071,-8318640,0351459280,1361601452,
01,消火栓,彦根市,889,彦根市東沼波町　 ,100,2436090,-8323838,0351457588,1361603828,
01,消火栓,彦根市,890,彦根市東沼波町　 ,200,2441696,-8310733,0351501836,1361606060,
01,消火栓,彦根市,891,彦根市地蔵町　 ,75,2453158,-8309704,0351502160,1361610596,
01,消火栓,彦根市,892,彦根市地蔵町　 ,75,2466841,-8289035,0351508856,1361616032,
01,消火栓,彦根市,893,彦根市地蔵町　 ,75,2472550,-8280478,0351511628,1361618300,
01,消火栓,彦根市,894,彦根市地蔵町　 ,250,2480975,-8267144,0351515948,1361621648,
01,消火栓,彦根市,895,彦根市原町　 ,250,2482872,-8262148,0351517568,1361622404,
01,消火栓,彦根市,896,彦根市原町　 ,250,2477567,-8251846,0351520916,1361620316,
01,消火栓,彦根市,897,彦根市原町　 ,100,2481181,-8242741,0351523868,1361621756,
01,消火栓,彦根市,898,彦根市原町　 ,100,2489049,-8251927,0351520880,1361624860,
01,消火栓,彦根市,899,彦根市原町　 ,150,2493900,-8235939,0351526064,1361626796,
01,消火栓,彦根市,900,彦根市原町　 ,50,2496137,-8222289,0351530492,1361627696,
01,消火栓,彦根市,901,彦根市原町　 ,150,2510879,-8223580,0351530060,1361633528,
01,消火栓,彦根市,902,彦根市原町　 ,150,2522465,-8235937,0351526039,1361638099,
01,消火栓,彦根市,903,彦根市原町　 ,250,2523989,-8265534,0351516432,1361638669,
01,消火栓,彦根市,904,彦根市正法寺町　 ,125,2528239,-8271292,0351514559,1361640345,
01,消火栓,彦根市,905,彦根市正法寺町　 ,100,2526066,-8285703,0351509884,1361639469,
01,消火栓,彦根市,906,彦根市正法寺町　 ,100,2513290,-8310432,0351501870,1361634386,
01,消火栓,彦根市,907,彦根市正法寺町　 ,100,2507131,-8315435,0351500252,1361631944,
01,消火栓,彦根市,908,彦根市正法寺町　 ,250,2487817,-8317166,0351459708,1361624301,
01,消火栓,彦根市,909,彦根市地蔵町　 ,300,2477983,-8303979,0351503996,1361620424,
01,消火栓,彦根市,910,彦根市地蔵町　 ,200,2454375,-8322235,0351458092,1361611064,
01,消火栓,彦根市,911,彦根市地蔵町　 ,200,2462948,-8329533,0351455716,1361614448,
01,消火栓,彦根市,912,彦根市地蔵町　 ,75,2473049,-8329727,0351455644,1361618444,
01,消火栓,彦根市,913,彦根市地蔵町　 ,75,2463798,-8340845,0351452044,1361614772,
01,消火栓,彦根市,914,彦根市地蔵町　 ,75,2454152,-8340649,0351452116,1361610956,
01,消火栓,彦根市,915,彦根市地蔵町　 ,75,2447615,-8345991,0351450388,1361608364,
01,消火栓,彦根市,916,彦根市地蔵町　 ,100,2455738,-8355065,0351447436,1361611568,
01,消火栓,彦根市,917,彦根市正法寺町　 ,100,2456670,-8363160,0351444808,1361611928,
01,消火栓,彦根市,918,彦根市正法寺町　 ,100,2466189,-8350045,0351449056,1361615708,
01,消火栓,彦根市,919,彦根市正法寺町　 ,200,2474960,-8339099,0351452601,1361619190,
01,消火栓,彦根市,920,彦根市正法寺町　 ,200,2493493,-8352410,0351448264,1361626508,
01,消火栓,彦根市,921,彦根市正法寺町　 ,200,2512098,-8367444,0351443368,1361633852,
01,消火栓,彦根市,922,彦根市正法寺町　 ,100,2524544,-8360199,0351445708,1361638784,
01,消火栓,彦根市,923,彦根市正法寺町　 ,100,2535117,-8333992,0351454204,1361642996,
01,消火栓,彦根市,924,彦根市正法寺町　 ,75,2538090,-8323224,0351457696,1361644184,
01,消火栓,彦根市,925,彦根市正法寺町　 ,125,2536605,-8312801,0351501080,1361643608,
01,消火栓,彦根市,926,彦根市正法寺町　 ,125,2545864,-8307445,0351502810,1361647278,
01,消火栓,彦根市,927,彦根市正法寺町　 ,75,2538581,-8299708,0351505328,1361644405,
01,消火栓,彦根市,928,彦根市正法寺町　 ,125,2538950,-8294484,0351507023,1361644557,
01,消火栓,彦根市,929,彦根市正法寺町　 ,200,2540510,-8280681,0351511501,1361645189,
01,消火栓,彦根市,930,彦根市正法寺町　 ,75,2551318,-8292356,0351507702,1361649453,
01,消火栓,彦根市,931,彦根市正法寺町　 ,75,2569508,-8300396,0351505076,1361656640,
01,消火栓,彦根市,932,彦根市正法寺町　 ,100,2557232,-8302982,0351504248,1361651780,
01,消火栓,彦根市,933,彦根市正法寺町　 ,75,2553808,-8314860,0351500396,1361650412,
01,消火栓,彦根市,934,彦根市正法寺町　 ,100,2549485,-8330624,0351455284,1361648684,
01,消火栓,彦根市,935,彦根市正法寺町　 ,100,2547053,-8347730,0351449735,1361647703,
01,消火栓,彦根市,936,彦根市野田山町　 ,100,2546005,-8364498,0351444293,1361647270,
01,消火栓,彦根市,937,彦根市野田山町　 ,100,2554872,-8375538,0351440702,1361650765,
01,消火栓,彦根市,938,彦根市野田山町　 ,100,2541084,-8384778,0351437716,1361645300,
01,消火栓,彦根市,939,彦根市野口町　 ,100,2176959,-8666600,0351306560,1361420979,
01,消火栓,彦根市,940,彦根市野田山町　 ,100,2570668,-8380191,0351439178,1361657010,
01,消火栓,彦根市,941,彦根市野田山町　 ,100,2583957,-8386507,0351437115,1361702260,
01,消火栓,彦根市,942,彦根市野田山町　 ,75,2597925,-8382078,0351438540,1361707791,
01,消火栓,彦根市,943,彦根市野田山町　 ,75,2605263,-8391890,0351435349,1361710682,
01,消火栓,彦根市,944,彦根市野田山町　 ,75,2580525,-8401605,0351432219,1361700885,
01,消火栓,彦根市,945,彦根市野田山町　 ,100,2570358,-8407324,0351430372,1361656856,
01,消火栓,彦根市,946,彦根市野田山町　 ,75,2579748,-8411050,0351429154,1361700567,
01,消火栓,彦根市,947,彦根市野田山町　 ,200,2571490,-8421408,0351425800,1361657288,
01,消火栓,彦根市,948,彦根市野田山町　 ,75,2585608,-8425693,0351424396,1361702868,
01,消火栓,彦根市,949,彦根市駅東町,200,2445467,-8090429,0351613332,1361607788,
01,消火栓,彦根市,950,彦根市岡町　 ,250,2372608,-8300602,0351505184,1361538736,
01,消火栓,彦根市,951,彦根市岡町　 ,200,2366704,-8304499,0351503924,1361536396,
01,消火栓,彦根市,952,彦根市岡町　 ,300,2363146,-8300959,0351505076,1361534992,
01,消火栓,彦根市,953,彦根市岡町　 ,100,2354907,-8316510,0351500036,1361531716,
01,消火栓,彦根市,954,彦根市岡町　 ,100,2345565,-8328292,0351456220,1361528008,
01,消火栓,彦根市,955,彦根市小泉町　 ,100,2339098,-8340290,0351452332,1361525437,
01,消火栓,彦根市,956,彦根市小泉町　 ,100,2331246,-8354302,0351447791,1361522316,
01,消火栓,彦根市,957,彦根市小泉町　 ,100,2322141,-8367448,0351443532,1361518701,
01,消火栓,彦根市,958,彦根市小泉町　 ,100,2305399,-8348584,0351449668,1361512096,
01,消火栓,彦根市,959,彦根市小泉町　 ,100,2290667,-8352282,0351448480,1361506264,
01,消火栓,彦根市,960,彦根市小泉町　 ,100,2289704,-8367370,0351443584,1361505868,
01,消火栓,彦根市,961,彦根市小泉町　 ,75,2278523,-8371724,0351442180,1361501440,
01,消火栓,彦根市,962,彦根市小泉町　 ,150,2268416,-8369420,0351442936,1361457444,
01,消火栓,彦根市,963,彦根市小泉町　 ,150,2271172,-8379840,0351439552,1361458524,
01,消火栓,彦根市,964,彦根市小泉町　 ,100,2265089,-8385068,0351437860,1361456112,
01,消火栓,彦根市,965,彦根市小泉町　 ,75,2269206,-8393821,0351435016,1361457732,
01,消火栓,彦根市,966,彦根市小泉町　 ,150,2280929,-8387691,0351436996,1361502376,
01,消火栓,彦根市,967,彦根市小泉町　 ,100,2288461,-8379352,0351439696,1361505364,
01,消火栓,彦根市,968,彦根市小泉町　 ,75,2298150,-8371367,0351442280,1361509206,
01,消火栓,彦根市,969,彦根市小泉町　 ,150,2307118,-8380525,0351439300,1361512744,
01,消火栓,彦根市,970,彦根市小泉町　 ,125,2303213,-8383530,0351438328,1361511196,
01,消火栓,彦根市,971,彦根市小泉町　 ,125,2288595,-8395810,0351434355,1361505401,
01,消火栓,彦根市,972,彦根市小泉町　 ,75,2299432,-8399513,0351433144,1361509684,
01,消火栓,彦根市,973,彦根市小泉町　 ,125,2307253,-8397940,0351433648,1361512780,
01,消火栓,彦根市,974,彦根市小泉町　 ,350,2326244,-8399620,0351433087,1361520291,
01,消火栓,彦根市,975,彦根市東沼波町　 ,75,2341904,-8380475,0351439288,1361526506,
01,消火栓,彦根市,976,彦根市東沼波町　 ,150,2363810,-8345992,0351450460,1361535208,
01,消火栓,彦根市,977,彦根市岡町　 ,75,2371115,-8321237,0351458488,1361538124,
01,消火栓,彦根市,978,彦根市東沼波町　 ,250,2381461,-8310783,0351501872,1361542228,
01,消火栓,彦根市,979,彦根市西沼波町　 ,75,2385801,-8300345,0351505256,1361543956,
01,消火栓,彦根市,980,彦根市東沼波町　 ,75,2395198,-8310081,0351502088,1361547664,
01,消火栓,彦根市,981,彦根市西沼波町　 ,250,2388306,-8318752,0351459280,1361544928,
01,消火栓,彦根市,982,彦根市西沼波町　 ,75,2379128,-8323435,0351457768,1361541292,
01,消火栓,彦根市,983,彦根市東沼波町　 ,100,2385896,-8336284,0351453592,1361543956,
01,消火栓,彦根市,984,彦根市東沼波町　 ,250,2399617,-8329481,0351455788,1361549392,
01,消火栓,彦根市,985,彦根市西沼波町　 ,75,2402065,-8326147,0351456868,1361550364,
01,消火栓,彦根市,986,彦根市東沼波町　 ,250,2407912,-8335005,0351453988,1361552668,
01,消火栓,彦根市,987,彦根市東沼波町　 ,75,2397733,-8339469,0351452548,1361548636,
01,消火栓,彦根市,988,彦根市東沼波町　 ,100,2392016,-8345364,0351450640,1361546368,
01,消火栓,彦根市,989,彦根市東沼波町　 ,75,2381915,-8344947,0351450784,1361542372,
01,消火栓,彦根市,990,彦根市東沼波町　 ,75,2385212,-8352924,0351448192,1361543668,
01,消火栓,彦根市,991,彦根市東沼波町　 ,75,2368987,-8377037,0351440380,1361537224,
01,消火栓,彦根市,992,彦根市東沼波町　 ,75,2361279,-8387263,0351437068,1361534164,
01,消火栓,彦根市,993,彦根市東沼波町　 ,100,2348843,-8399164,0351433216,1361529232,
01,消火栓,彦根市,994,彦根市小泉町　 ,100,2334886,-8411669,0351429169,1361523698,
01,消火栓,彦根市,995,彦根市小泉町　 ,125,2320667,-8414452,0351428278,1361518070,
01,消火栓,彦根市,996,彦根市高宮町　 ,150,2335542,-8426315,0351424415,1361523942,
01,消火栓,彦根市,997,彦根市高宮町　 ,100,2327277,-8434937,0351421624,1361520664,
01,消火栓,彦根市,998,彦根市高宮町　 ,75,2320478,-8445048,0351418348,1361517964,
01,消火栓,彦根市,999,彦根市高宮町　 ,75,2334298,-8440132,0351419932,1361523436,
01,消火栓,彦根市,1000,彦根市高宮町　 ,350,2347842,-8434107,0351421876,1361528800,
01,消火栓,彦根市,1001,彦根市高宮町　 ,100,2362900,-8455522,0351414913,1361534735,
01,消火栓,彦根市,1002,彦根市高宮町　 ,150,2362219,-8433737,0351421984,1361534488,
01,消火栓,彦根市,1003,彦根市高宮町　 ,150,2359551,-8422541,0351425620,1361533444,
01,消火栓,彦根市,1004,彦根市高宮町　 ,100,2372906,-8414186,0351428320,1361538736,
01,消火栓,彦根市,1005,彦根市高宮町　 ,150,2358338,-8410897,0351429400,1361532976,
01,消火栓,彦根市,1006,彦根市東沼波町　 ,100,2363948,-8398902,0351433288,1361535208,
01,消火栓,彦根市,1007,彦根市東沼波町　 ,75,2358932,-8394701,0351434656,1361533228,
01,消火栓,彦根市,1008,彦根市東沼波町　 ,75,2367201,-8390242,0351436096,1361536504,
01,消火栓,彦根市,1009,彦根市東沼波町　 ,75,2371703,-8394406,0351434741,1361538281,
01,消火栓,彦根市,1010,彦根市東沼波町　 ,75,2393133,-8354678,0351447616,1361546800,
01,消火栓,彦根市,1011,彦根市東沼波町　 ,75,2404854,-8348213,0351449704,1361551444,
01,消火栓,彦根市,1012,彦根市東沼波町　 ,250,2417301,-8341192,0351451972,1361556376,
01,消火栓,彦根市,1013,彦根市東沼波町　 ,200,2426059,-8349710,0351449200,1361559832,
01,消火栓,彦根市,1014,彦根市東沼波町　 ,200,2431912,-8360564,0351445672,1361602136,
01,消火栓,彦根市,1015,彦根市東沼波町　 ,75,2406484,-8379600,0351439516,1361552056,
01,消火栓,彦根市,1016,彦根市大堀町　 ,75,2415926,-8391451,0351435662,1361555779,
01,消火栓,彦根市,1017,彦根市東沼波町　 ,200,2436514,-8371148,0351442233,1361603946,
01,消火栓,彦根市,1018,彦根市大堀町　 ,150,2444050,-8385732,0351437493,1361606911,
01,消火栓,彦根市,1019,彦根市大堀町　 ,150,2439144,-8395806,0351434228,1361604960,
01,消火栓,彦根市,1020,彦根市大堀町　 ,75,2445686,-8406450,0351430768,1361607536,
01,消火栓,彦根市,1021,彦根市大堀町　 ,150,2433181,-8404572,0351431389,1361602591,
01,消火栓,彦根市,1022,彦根市大堀町　 ,75,2422990,-8400252,0351432799,1361558564,
01,消火栓,彦根市,1023,彦根市大堀町　 ,150,2426143,-8414822,0351428068,1361559796,
01,消火栓,彦根市,1024,彦根市大堀町　 ,150,2419255,-8425267,0351424684,1361557060,
01,消火栓,彦根市,1025,彦根市高宮町　 ,150,2394139,-8459720,0351413524,1361547088,
01,消火栓,彦根市,1026,彦根市高宮町　 ,150,2384437,-8473389,0351409096,1361543236,
01,消火栓,彦根市,1027,彦根市高宮町　 ,300,2377920,-8486717,0351404776,1361540644,
01,消火栓,彦根市,1028,彦根市高宮町　 ,300,2368224,-8502715,0351359592,1361536792,
01,消火栓,彦根市,1029,彦根市高宮町　 ,100,2362658,-8496962,0351401464,1361534596,
01,消火栓,彦根市,1030,彦根市高宮町　 ,75,2352195,-8498320,0351401032,1361530456,
01,消火栓,彦根市,1031,彦根市高宮町　 ,100,2351768,-8509081,0351357540,1361530276,
01,消火栓,彦根市,1032,彦根市高宮町　 ,300,2360607,-8513273,0351356172,1361533768,
01,消火栓,彦根市,1033,彦根市高宮町　 ,300,2356622,-8520826,0351353724,1361532183,
01,消火栓,彦根市,1034,彦根市高宮町　 ,75,2348889,-8522067,0351353328,1361529124,
01,消火栓,彦根市,1035,彦根市高宮町　 ,100,2342040,-8512767,0351356352,1361526424,
01,消火栓,彦根市,1036,彦根市高宮町　 ,100,2327587,-8522041,0351353354,1361520698,
01,消火栓,彦根市,1037,彦根市高宮町　 ,100,2334962,-8538605,0351347972,1361523598,
01,消火栓,彦根市,1038,彦根市高宮町　 ,300,2347466,-8534605,0351349260,1361528548,
01,消火栓,彦根市,1039,彦根市高宮町　 ,300,2336397,-8547833,0351344976,1361524156,
01,消火栓,彦根市,1040,彦根市高宮町　 ,75,2346784,-8552576,0351343428,1361528260,
01,消火栓,彦根市,1041,彦根市高宮町　 ,75,2349219,-8543696,0351346308,1361529232,
01,消火栓,彦根市,1042,彦根市高宮町　 ,150,2354838,-8534807,0351349188,1361531464,
01,消火栓,彦根市,1043,彦根市高宮町　 ,100,2360826,-8527582,0351351528,1361533840,
01,消火栓,彦根市,1044,彦根市高宮町　 ,150,2368539,-8518577,0351354444,1361536900,
01,消火栓,彦根市,1045,彦根市高宮町　 ,75,2376617,-8510347,0351357108,1361540104,
01,消火栓,彦根市,1046,彦根市高宮町　 ,100,2381680,-8497467,0351401284,1361542120,
01,消火栓,彦根市,1047,彦根市高宮町　 ,75,2384747,-8487032,0351404668,1361543344,
01,消火栓,彦根市,1048,彦根市高宮町　 ,250,2394004,-8481263,0351406532,1361547012,
01,消火栓,彦根市,1049,彦根市高宮町　 ,250,2412511,-8492583,0351402843,1361554321,
01,消火栓,彦根市,1050,彦根市高宮町　 ,75,2406360,-8503724,0351359232,1361551876,
01,消火栓,彦根市,1051,彦根市高宮町　 ,100,2392259,-8505980,0351358512,1361546296,
01,消火栓,彦根市,1052,彦根市高宮町　 ,100,2385008,-8517091,0351354912,1361543416,
01,消火栓,彦根市,1053,彦根市高宮町　 ,100,2380655,-8523093,0351352968,1361541688,
01,消火栓,彦根市,1054,彦根市高宮町　 ,100,2369572,-8530997,0351350412,1361537296,
01,消火栓,彦根市,1055,彦根市高宮町　 ,150,2363317,-8540442,0351347352,1361534812,
01,消火栓,彦根市,1056,彦根市高宮町　 ,75,2357871,-8546113,0351345516,1361532652,
01,消火栓,彦根市,1057,彦根市高宮町　 ,75,2359908,-8559419,0351341196,1361533444,
01,消火栓,彦根市,1058,彦根市高宮町　 ,150,2371435,-8547298,0351345120,1361538016,
01,消火栓,彦根市,1059,彦根市高宮町　 ,100,2382975,-8539947,0351347496,1361542588,
01,消火栓,彦根市,1060,彦根市高宮町　 ,150,2386588,-8529732,0351350808,1361544028,
01,消火栓,彦根市,1061,彦根市高宮町　 ,100,2390345,-8539373,0351347676,1361545504,
01,消火栓,彦根市,1062,彦根市高宮町　 ,100,2382098,-8552483,0351343428,1361542228,
01,消火栓,彦根市,1063,彦根市高宮町　 ,150,2370287,-8560723,0351340764,1361537548,
01,消火栓,彦根市,1064,彦根市高宮町　 ,75,2386636,-8557433,0351341818,1361544018,
01,消火栓,彦根市,1065,彦根市高宮町　 ,150,2398439,-8536800,0351348504,1361548708,
01,消火栓,彦根市,1066,彦根市高宮町　 ,150,2411110,-8544420,0351346020,1361553712,
01,消火栓,彦根市,1067,彦根市高宮町　 ,250,2425011,-8501456,0351359952,1361559256,
01,消火栓,彦根市,1068,彦根市高宮町　 ,250,2463939,-8526308,0351351852,1361614628,
01,消火栓,彦根市,1069,彦根市高宮町　 ,150,2427335,-8553694,0351342996,1361600120,
01,消火栓,彦根市,1070,彦根市高宮町　 ,125,2463315,-8597744,0351328668,1361614304,
01,消火栓,彦根市,1071,彦根市西今町　 ,75,2212657,-8415259,0351428104,1361435340,
01,消火栓,彦根市,1072,彦根市宇尾町　 ,75,2204670,-8423708,0351425368,1361432171,
01,消火栓,彦根市,1073,彦根市宇尾町　 ,100,2196947,-8428830,0351423712,1361429112,
01,消火栓,彦根市,1074,彦根市竹ケ鼻町　 ,75,2210589,-8425469,0351424792,1361434512,
01,消火栓,彦根市,1075,彦根市竹ケ鼻町　 ,75,2222770,-8420114,0351426520,1361439336,
01,消火栓,彦根市,1076,彦根市竹ケ鼻町　 ,75,2230807,-8431852,0351422704,1361442504,
01,消火栓,彦根市,1077,彦根市宇尾町　 ,75,2182923,-8462584,0351412768,1361423532,
01,消火栓,彦根市,1078,彦根市堀町　 ,75,2150221,-8487509,0351404704,1361410572,
01,消火栓,彦根市,1079,彦根市堀町　 ,150,2136462,-8480443,0351407008,1361405136,
01,消火栓,彦根市,1080,彦根市堀町　 ,150,2131293,-8488331,0351404452,1361403084,
01,消火栓,彦根市,1081,彦根市蓮台寺町　 ,75,2108540,-8501975,0351400041,1361354071,
01,消火栓,彦根市,1082,彦根市蓮台寺町　 ,75,2118505,-8506736,0351358488,1361358008,
01,消火栓,彦根市,1083,彦根市辻堂町　 ,150,2133977,-8507292,0351358296,1361404128,
01,消火栓,彦根市,1084,彦根市辻堂町　 ,75,2128920,-8515572,0351355613,1361402120,
01,消火栓,彦根市,1085,彦根市辻堂町　 ,150,2135415,-8525667,0351352332,1361404680,
01,消火栓,彦根市,1086,彦根市極楽寺町　 ,75,2127681,-8538809,0351348072,1361401608,
01,消火栓,彦根市,1087,彦根市極楽寺町　 ,150,2143530,-8544207,0351346308,1361407872,
01,消火栓,彦根市,1088,彦根市森堂町　 ,150,2157473,-8551938,0351343788,1361413380,
01,消火栓,彦根市,1089,彦根市金剛寺町　 ,100,2177739,-8539134,0351347928,1361421408,
01,消火栓,彦根市,1090,彦根市金剛寺町　 ,75,2172078,-8531826,0351350304,1361419176,
01,消火栓,彦根市,1091,彦根市堀町　 ,150,2214238,-8516515,0351355240,1361435867,
01,消火栓,彦根市,1092,彦根市宇尾町　 ,75,2214570,-8490460,0351403696,1361436024,
01,消火栓,彦根市,1093,彦根市宇尾町　 ,75,2209638,-8483262,0351406036,1361434080,
01,消火栓,彦根市,1094,彦根市犬方町　 ,100,2223756,-8487886,0351404524,1361439660,
01,消火栓,彦根市,1095,彦根市広野町　 ,75,2227734,-8477117,0351408016,1361441244,
01,消火栓,彦根市,1096,彦根市広野町　 ,75,2242197,-8471711,0351409759,1361446971,
01,消火栓,彦根市,1097,彦根市広野町　 ,75,2247018,-8473298,0351409240,1361448876,
01,消火栓,彦根市,1098,彦根市広野町　 ,100,2235187,-8473438,0351409204,1361444196,
01,消火栓,彦根市,1099,彦根市広野町　 ,100,2237775,-8489404,0351404019,1361445204,
01,消火栓,彦根市,1100,彦根市犬方町　 ,150,2231904,-8499467,0351400759,1361442872,
01,消火栓,彦根市,1101,彦根市広野町　 ,150,2242166,-8498711,0351400996,1361446932,
01,消火栓,彦根市,1102,彦根市広野町　 ,100,2246973,-8492044,0351403156,1361448840,
01,消火栓,彦根市,1103,彦根市広野町　 ,75,2252447,-8481857,0351406458,1361451016,
01,消火栓,彦根市,1104,彦根市広野町　 ,75,2258686,-8481033,0351406720,1361453484,
01,消火栓,彦根市,1105,彦根市広野町　 ,75,2257615,-8489688,0351403912,1361453052,
01,消火栓,彦根市,1106,彦根市広野町　 ,75,2254169,-8494355,0351402400,1361451684,
01,消火栓,彦根市,1107,彦根市広野町　 ,100,2248542,-8500914,0351400276,1361449452,
01,消火栓,彦根市,1108,彦根市犬方町　 ,150,2242910,-8505032,0351358944,1361447220,
01,消火栓,彦根市,1109,彦根市犬方町　 ,100,2256289,-8500640,0351400359,1361452517,
01,消火栓,彦根市,1110,彦根市広野町　 ,75,2266172,-8490332,0351403696,1361456436,
01,消火栓,彦根市,1111,彦根市犬方町　 ,100,2265215,-8508082,0351357936,1361456040,
01,消火栓,彦根市,1112,彦根市犬方町　 ,100,2259676,-8513198,0351356280,1361453844,
01,消火栓,彦根市,1113,彦根市犬方町　 ,150,2244852,-8517228,0351354984,1361447976,
01,消火栓,彦根市,1114,彦根市犬方町　 ,150,2250423,-8525312,0351352356,1361450172,
01,消火栓,彦根市,1115,彦根市堀町　 ,150,2223336,-8526429,0351352015,1361439457,
01,消火栓,彦根市,1116,彦根市金剛寺町　 ,150,2219527,-8544800,0351346056,1361437932,
01,消火栓,彦根市,1117,彦根市金剛寺町　 ,150,2215657,-8562335,0351340368,1361436384,
01,消火栓,彦根市,1118,彦根市犬方町　 ,150,2259633,-8532166,0351350124,1361453808,
01,消火栓,彦根市,1119,彦根市犬方町　 ,75,2267345,-8522829,0351353148,1361456868,
01,消火栓,彦根市,1120,彦根市犬方町　 ,150,2268941,-8542015,0351346920,1361457480,
01,消火栓,彦根市,1121,彦根市極楽寺町　 ,150,2198819,-8599679,0351328261,1361429688,
01,消火栓,彦根市,1122,彦根市川瀬馬場町　 ,150,2182783,-8620669,0351321462,1361423326,
01,消火栓,彦根市,1123,彦根市葛篭町　 ,75,2223231,-8615516,0351323102,1361439328,
01,消火栓,彦根市,1124,彦根市犬方町　 ,150,2285545,-8557835,0351341772,1361504032,
01,消火栓,彦根市,1125,彦根市高宮町　 ,300,2327507,-8559503,0351341196,1361520628,
01,消火栓,彦根市,1126,彦根市高宮町　 ,75,2337358,-8567686,0351338532,1361524516,
01,消火栓,彦根市,1127,彦根市高宮町　 ,300,2319447,-8570348,0351337683,1361517429,
01,消火栓,彦根市,1128,彦根市法士町　 ,300,2311276,-8583171,0351333528,1361514184,
01,消火栓,彦根市,1129,彦根市法士町　 ,250,2301470,-8592736,0351330432,1361510296,
01,消火栓,彦根市,1130,彦根市法士町　 ,250,2292888,-8602845,0351327158,1361506892,
01,消火栓,彦根市,1131,彦根市葛篭町　 ,250,2281602,-8618298,0351322152,1361502412,
01,消火栓,彦根市,1132,彦根市西葛篭町　 ,250,2271991,-8633186,0351317328,1361458596,
01,消火栓,彦根市,1133,彦根市西葛篭町　 ,75,2238878,-8629363,0351318596,1361445503,
01,消火栓,彦根市,1134,彦根市葛篭町　 ,250,2261110,-8649741,0351311964,1361454276,
01,消火栓,彦根市,1135,彦根市葛篭町　 ,75,2271402,-8652488,0351311064,1361458344,
01,消火栓,彦根市,1136,彦根市葛篭町　 ,75,2266782,-8661263,0351308220,1361456508,
01,消火栓,彦根市,1137,彦根市葛篭町　 ,75,2259981,-8671374,0351304944,1361453808,
01,消火栓,彦根市,1138,彦根市葛篭町　 ,250,2250144,-8668958,0351305736,1361449920,
01,消火栓,彦根市,1139,彦根市葛篭町　 ,250,2240975,-8678853,0351302532,1361446284,
01,消火栓,彦根市,1140,彦根市清崎町　 ,100,1984695,-8578068,0351335436,1361305016,
01,消火栓,彦根市,1141,彦根市清崎町　 ,100,1978533,-8590505,0351331404,1361302568,
01,消火栓,彦根市,1142,彦根市清崎町　 ,50,1987831,-8596918,0351329316,1361306240,
01,消火栓,彦根市,1143,彦根市清崎町　 ,200,1984571,-8604579,0351326832,1361304944,
01,消火栓,彦根市,1144,彦根市賀田山町　 ,75,1914382,-8641335,0351314952,1361237152,
01,消火栓,彦根市,1145,彦根市賀田山町　 ,75,1905205,-8649008,0351312468,1361233516,
01,消火栓,彦根市,1146,彦根市賀田山町　 ,150,1907086,-8662458,0351308101,1361234249,
01,消火栓,彦根市,1147,彦根市賀田山町　 ,150,1888274,-8692414,0351258392,1361226784,
01,消火栓,彦根市,1148,彦根市賀田山町　 ,150,1884108,-8702738,0351255044,1361225128,
01,消火栓,彦根市,1149,彦根市賀田山町　 ,150,1879719,-8712163,0351251988,1361223385,
01,消火栓,彦根市,1150,彦根市賀田山町　 ,100,1969272,-8684698,0351300840,1361258824,
01,消火栓,彦根市,1151,彦根市賀田山町　 ,150,1982515,-8690218,0351259040,1361304057,
01,消火栓,彦根市,1152,彦根市清崎町　 ,150,1997170,-8675452,0351303821,1361309866,
01,消火栓,彦根市,1153,彦根市清崎町　 ,150,1984566,-8665461,0351307073,1361304889,
01,消火栓,彦根市,1154,彦根市清崎町　 ,150,1997033,-8645203,0351313639,1361309838,
01,消火栓,彦根市,1155,彦根市清崎町　 ,200,2010184,-8620939,0351321504,1361315060,
01,消火栓,彦根市,1156,彦根市清崎町　 ,75,2020733,-8616589,0351322908,1361319236,
01,消火栓,彦根市,1157,彦根市南川瀬町　 ,150,2051736,-8647460,0351312866,1361331471,
01,消火栓,彦根市,1158,彦根市南川瀬町　 ,150,2061645,-8635909,0351316608,1361335400,
01,消火栓,彦根市,1159,彦根市南川瀬町　 ,150,2070996,-8625350,0351320028,1361339108,
01,消火栓,彦根市,1160,彦根市極楽寺町　 ,75,2132216,-8548932,0351344783,1361403393,
01,消火栓,彦根市,1161,彦根市川瀬馬場町　 ,100,2095447,-8610984,0351324672,1361348792,
01,消火栓,彦根市,1162,彦根市川瀬馬場町　 ,100,2087646,-8619537,0351321902,1361345699,
01,消火栓,彦根市,1163,彦根市南川瀬町　 ,125,2077746,-8631768,0351317940,1361341772,
01,消火栓,彦根市,1164,彦根市南川瀬町　 ,150,2070833,-8639927,0351315297,1361339031,
01,消火栓,彦根市,1165,彦根市楡町　 ,150,2049742,-8685296,0351300588,1361330648,
01,消火栓,彦根市,1166,彦根市南川瀬町　 ,100,2069763,-8683032,0351301308,1361338568,
01,消火栓,彦根市,1167,彦根市南川瀬町　 ,200,2074900,-8660503,0351308616,1361340620,
01,消火栓,彦根市,1168,彦根市南川瀬町　 ,200,2081523,-8651281,0351311604,1361343248,
01,消火栓,彦根市,1169,彦根市南川瀬町　 ,100,2087960,-8639952,0351315276,1361345804,
01,消火栓,彦根市,1170,彦根市川瀬馬場町　 ,200,2096945,-8628728,0351318912,1361349368,
01,消火栓,彦根市,1171,彦根市川瀬馬場町　 ,125,2105574,-8616421,0351322900,1361352793,
01,消火栓,彦根市,1172,彦根市川瀬馬場町　 ,150,2119438,-8625191,0351320043,1361358268,
01,消火栓,彦根市,1173,彦根市川瀬馬場町　 ,100,2107695,-8633029,0351317508,1361353616,
01,消火栓,彦根市,1174,彦根市南川瀬町　 ,100,2101156,-8638923,0351315600,1361351024,
01,消火栓,彦根市,1175,彦根市南川瀬町　 ,75,2086562,-8665468,0351306996,1361345228,
01,消火栓,彦根市,1176,彦根市南川瀬町　 ,100,2108935,-8657208,0351309660,1361354084,
01,消火栓,彦根市,1177,彦根市川瀬馬場町　 ,100,2116810,-8638110,0351315852,1361357216,
01,消火栓,彦根市,1178,彦根市川瀬馬場町　 ,150,2126707,-8631067,0351318131,1361401137,
01,消火栓,彦根市,1179,彦根市川瀬馬場町　 ,75,2134427,-8620543,0351321540,1361404200,
01,消火栓,彦根市,1180,彦根市川瀬馬場町　 ,75,2145160,-8617412,0351322548,1361408448,
01,消火栓,彦根市,1181,彦根市川瀬馬場町　 ,75,2157374,-8624926,0351320100,1361413272,
01,消火栓,彦根市,1182,彦根市川瀬馬場町　 ,75,2144101,-8631724,0351317904,1361408016,
01,消火栓,彦根市,1183,彦根市川瀬馬場町　 ,150,2135147,-8641044,0351314886,1361404466,
01,消火栓,彦根市,1184,彦根市野口町　 ,75,2150307,-8638697,0351315636,1361410464,
01,消火栓,彦根市,1185,彦根市南川瀬町　 ,150,2141020,-8647621,0351312747,1361406783,
01,消火栓,彦根市,1186,彦根市南川瀬町　 ,100,2132781,-8655931,0351310056,1361403516,
01,消火栓,彦根市,1187,彦根市南川瀬町　 ,100,2122613,-8667380,0351306348,1361359484,
01,消火栓,彦根市,1188,彦根市南川瀬町　 ,75,2106252,-8677734,0351303000,1361353004,
01,消火栓,彦根市,1189,彦根市南川瀬町　 ,75,2118078,-8674601,0351304008,1361357684,
01,消火栓,彦根市,1190,彦根市南川瀬町　 ,75,2133176,-8669130,0351305772,1361403660,
01,消火栓,彦根市,1191,彦根市南川瀬町　 ,75,2140296,-8677433,0351303072,1361406468,
01,消火栓,彦根市,1192,彦根市野口町　 ,150,2151453,-8656356,0351309904,1361410901,
01,消火栓,彦根市,1193,彦根市野口町　 ,75,2157287,-8645831,0351313315,1361413218,
01,消火栓,彦根市,1194,彦根市野口町　 ,150,2200243,-8694116,0351257611,1361430161,
01,消火栓,彦根市,1195,彦根市葛篭町　 ,250,2230728,-8694851,0351257348,1361442216,
01,消火栓,彦根市,1196,彦根市出町,250,2220400,-8709223,0351252692,1361438118,
01,消火栓,彦根市,1197,彦根市出町　 ,200,2211677,-8721408,0351248744,1361434656,
01,消火栓,彦根市,1198,彦根市出町　 ,200,2205239,-8731629,0351245432,1361432100,
01,消火栓,彦根市,1199,彦根市楡町　 ,125,2023082,-8730834,0351245828,1361320064,
01,消火栓,彦根市,1200,彦根市楡町　 ,125,2017912,-8739609,0351242984,1361318012,
01,消火栓,彦根市,1201,彦根市千尋町　 ,100,1996338,-8739768,0351242948,1361309480,
01,消火栓,彦根市,1202,彦根市千尋町　 ,100,1991619,-8746655,0351240716,1361307608,
01,消火栓,彦根市,1203,彦根市太堂町　 ,100,1985454,-8757872,0351237080,1361305160,
01,消火栓,彦根市,1204,彦根市太堂町　 ,75,1974905,-8762997,0351235424,1361300984,
01,消火栓,彦根市,1205,彦根市太堂町　 ,75,1988208,-8768514,0351233624,1361306240,
01,消火栓,彦根市,1206,彦根市楡町　 ,125,2011472,-8749828,0351239672,1361315456,
01,消火栓,彦根市,1207,彦根市楡町　 ,75,2027934,-8743247,0351241796,1361321972,
01,消火栓,彦根市,1208,彦根市楡町　 ,75,2026942,-8747575,0351240392,1361321576,
01,消火栓,彦根市,1209,彦根市安食中町　 ,100,2022083,-8772876,0351232183,1361319632,
01,消火栓,彦根市,1210,彦根市安食中町　 ,75,2031754,-8782172,0351229160,1361323448,
01,消火栓,彦根市,1211,彦根市安食中町　 ,75,2021759,-8785118,0351228211,1361319493,
01,消火栓,彦根市,1212,彦根市安食中町　 ,150,2013472,-8791507,0351226144,1361316211,
01,消火栓,彦根市,1213,彦根市三津町　 ,150,1979274,-8846069,0351208460,1361302640,
01,消火栓,彦根市,1214,彦根市三津町　 ,75,1983949,-8860257,0351203852,1361304476,
01,消火栓,彦根市,1215,彦根市三津町　 ,125,1972198,-8857509,0351204752,1361259832,
01,消火栓,彦根市,1216,彦根市海瀬町　 ,125,1930509,-8835226,0351212013,1361243367,
01,消火栓,彦根市,1217,彦根市海瀬町　 ,75,1921245,-8829777,0351213788,1361239708,
01,消火栓,彦根市,1218,彦根市海瀬町　 ,125,1914964,-8837196,0351211385,1361237219,
01,消火栓,彦根市,1219,彦根市海瀬町　 ,125,1925707,-8842526,0351209648,1361241462,
01,消火栓,彦根市,1220,彦根市三津町　 ,75,1953506,-8886944,0351155212,1361252416,
01,消火栓,彦根市,1221,彦根市三津町　 ,125,1963258,-8891471,0351153736,1361256268,
01,消火栓,彦根市,1222,彦根市三津町　 ,100,1960449,-8897910,0351151648,1361255152,
01,消火栓,彦根市,1223,彦根市三津町　 ,100,1953823,-8907131,0351148660,1361252524,
01,消火栓,彦根市,1224,彦根市三津町　 ,75,1955931,-8913782,0351146500,1361253352,
01,消火栓,彦根市,1225,彦根市金沢町　 ,150,1831491,-8746217,0351240968,1361204284,
01,消火栓,彦根市,1226,彦根市金沢町　 ,75,1838407,-8745094,0351241328,1361207020,
01,消火栓,彦根市,1227,彦根市金沢町　 ,150,1839793,-8755074,0351238088,1361207560,
01,消火栓,彦根市,1228,彦根市金沢町　 ,150,1846546,-8763269,0351235424,1361210224,
01,消火栓,彦根市,1229,彦根市金沢町　 ,150,1855906,-8755152,0351238052,1361213932,
01,消火栓,彦根市,1230,彦根市金沢町　 ,75,1865653,-8758127,0351237080,1361217784,
01,消火栓,彦根市,1231,彦根市金沢町　 ,75,1866124,-8766112,0351234488,1361217964,
01,消火栓,彦根市,1232,彦根市金沢町　 ,150,1857033,-8772121,0351232543,1361214364,
01,消火栓,彦根市,1233,彦根市金沢町　 ,150,1864055,-8778207,0351230564,1361217136,
01,消火栓,彦根市,1234,彦根市金田町　 ,75,1717126,-8779940,0351230096,1361119032,
01,消火栓,彦根市,1235,彦根市金田町　 ,75,1720424,-8791248,0351226424,1361120328,
01,消火栓,彦根市,1236,彦根市金田町　 ,300,1728068,-8789126,0351227108,1361123352,
01,消火栓,彦根市,1237,彦根市稲部町　 ,75,1757832,-8786406,0351227972,1361135124,
01,消火栓,彦根市,1238,彦根市稲部町　 ,75,1767115,-8785168,0351228368,1361138796,
01,消火栓,彦根市,1239,彦根市稲部町　 ,200,1764218,-8793715,0351225596,1361137644,
01,消火栓,彦根市,1240,彦根市稲部町　 ,75,1754240,-8812258,0351219584,1361133684,
01,消火栓,彦根市,1241,彦根市稲部町　 ,200,1792112,-8811851,0351219692,1361148660,
01,消火栓,彦根市,1242,彦根市稲部町　 ,75,1791487,-8817842,0351217748,1361148408,
01,消火栓,彦根市,1243,彦根市稲部町　 ,200,1803871,-8819149,0351217316,1361153304,
01,消火栓,彦根市,1244,彦根市稲部町　 ,150,1817088,-8827219,0351214688,1361158524,
01,消火栓,彦根市,1245,彦根市稲部町　 ,75,1828650,-8827196,0351214688,1361203096,
01,消火栓,彦根市,1246,彦根市稲部町　 ,150,1828848,-8834960,0351212168,1361203168,
01,消火栓,彦根市,1247,彦根市稲部町　 ,100,1820949,-8845847,0351208640,1361200036,
01,消火栓,彦根市,1248,彦根市稲部町　 ,100,1814581,-8848521,0351207776,1361157516,
01,消火栓,彦根市,1249,彦根市稲部町　 ,100,1809212,-8849641,0351207416,1361155392,
01,消火栓,彦根市,1250,彦根市稲部町　 ,150,1800799,-8831023,0351213464,1361152080,
01,消火栓,彦根市,1251,彦根市稲部町　 ,100,1802765,-8857973,0351204716,1361152836,
01,消火栓,彦根市,1252,彦根市稲部町　 ,100,1799367,-8843228,0351209504,1361151504,
01,消火栓,彦根市,1253,彦根市稲部町　 ,100,1789520,-8836148,0351211808,1361147616,
01,消火栓,彦根市,1254,彦根市稲部町　 ,75,1784985,-8844698,0351209036,1361145816,
01,消火栓,彦根市,1255,彦根市稲部町　 ,75,1793736,-8850560,0351207128,1361149272,
01,消火栓,彦根市,1256,彦根市彦富町　 ,75,1793024,-8858437,0351204572,1361148984,
01,消火栓,彦根市,1257,彦根市彦富町　 ,75,1787578,-8867210,0351201728,1361146824,
01,消火栓,彦根市,1258,彦根市彦富町　 ,100,1781483,-8869662,0351200936,1361144412,
01,消火栓,彦根市,1259,彦根市彦富町　 ,100,1768681,-8887768,0351155068,1361139336,
01,消火栓,彦根市,1260,彦根市稲枝町　 ,100,1777345,-8895294,0351152620,1361142756,
01,消火栓,彦根市,1261,彦根市稲枝町　 ,100,1789377,-8901925,0351150460,1361147508,
01,消火栓,彦根市,1262,彦根市稲枝町　 ,100,1787978,-8885179,0351155896,1361146968,
01,消火栓,彦根市,1263,彦根市稲枝町　 ,75,1799722,-8884490,0351156112,1361151612,
01,消火栓,彦根市,1264,彦根市稲枝町　 ,100,1800067,-8874839,0351159244,1361151756,
01,消火栓,彦根市,1265,彦根市稲枝町　 ,100,1808369,-8867085,0351201755,1361155045,
01,消火栓,彦根市,1266,彦根市稲枝町　 ,100,1817776,-8858819,0351204432,1361158771,
01,消火栓,彦根市,1267,彦根市稲枝町　 ,150,1828459,-8848279,0351207846,1361203004,
01,消火栓,彦根市,1268,彦根市肥田町　 ,75,1842214,-8836363,0351211704,1361208452,
01,消火栓,彦根市,1269,彦根市金沢町　 ,150,1876333,-8812823,0351219321,1361221963,
01,消火栓,彦根市,1270,彦根市金沢町　 ,125,1885269,-8817805,0351217698,1361225492,
01,消火栓,彦根市,1271,彦根市金沢町　 ,75,1870824,-8837426,0351211340,1361219764,
01,消火栓,彦根市,1272,彦根市金沢町　 ,75,1856255,-8836568,0351211628,1361214004,
01,消火栓,彦根市,1273,彦根市肥田町　 ,75,1848554,-8845817,0351208632,1361210952,
01,消火栓,彦根市,1274,彦根市肥田町　 ,75,1859631,-8849949,0351207283,1361215328,
01,消火栓,彦根市,1275,彦根市肥田町　 ,100,1863315,-8860513,0351203852,1361216776,
01,消火栓,彦根市,1276,彦根市肥田町　 ,150,1851484,-8863199,0351202988,1361212096,
01,消火栓,彦根市,1277,彦根市肥田町　 ,100,1842731,-8857006,0351205004,1361208640,
01,消火栓,彦根市,1278,彦根市野良田町　 ,150,1833383,-8871444,0351200324,1361204932,
01,消火栓,彦根市,1279,彦根市野良田町　 ,150,1822310,-8888771,0351154708,1361200540,
01,消火栓,彦根市,1280,彦根市野良田町　 ,150,1811144,-8905210,0351149380,1361156112,
01,消火栓,彦根市,1281,彦根市野良田町　 ,100,1820757,-8931146,0351140956,1361159892,
01,消火栓,彦根市,1282,彦根市野良田町　 ,75,1831235,-8934896,0351139732,1361204032,
01,消火栓,彦根市,1283,彦根市野良田町　 ,75,1839786,-8930886,0351141028,1361207416,
01,消火栓,彦根市,1284,彦根市野良田町　 ,100,1838390,-8942338,0351137312,1361206855,
01,消火栓,彦根市,1285,彦根市肥田町　 ,100,1898572,-8914902,0351146176,1361230672,
01,消火栓,彦根市,1286,彦根市肥田町　 ,100,1907234,-8920652,0351144304,1361234092,
01,消火栓,彦根市,1287,彦根市肥田町　 ,75,1921382,-8913250,0351146697,1361239692,
01,消火栓,彦根市,1288,彦根市肥田町　 ,100,1917902,-8927950,0351141928,1361238304,
01,消火栓,彦根市,1289,彦根市肥田町　 ,100,1927478,-8935251,0351139552,1361242084,
01,消火栓,彦根市,1290,彦根市肥田町　 ,100,1934257,-8925076,0351142850,1361244773,
01,消火栓,彦根市,1291,彦根市肥田町　 ,100,1940278,-8917143,0351145420,1361247160,
01,消火栓,彦根市,1292,彦根市肥田町　 ,75,1948212,-8923227,0351143440,1361250292,
01,消火栓,彦根市,1293,彦根市肥田町　 ,75,1942940,-8930794,0351140988,1361248201,
01,消火栓,彦根市,1294,彦根市肥田町　 ,75,1937051,-8940999,0351137680,1361245864,
01,消火栓,彦根市,1295,彦根市田原町　 ,125,1662009,-8758191,0351237188,1361057252,
01,消火栓,彦根市,1296,彦根市田原町　 ,125,1665396,-8768612,0351233804,1361058584,
01,消火栓,彦根市,1297,彦根市出路町　 ,100,1670064,-8782247,0351229376,1361100420,
01,消火栓,彦根市,1298,彦根市出路町　 ,75,1661882,-8788251,0351227432,1361057180,
01,消火栓,彦根市,1299,彦根市出路町　 ,100,1674366,-8794884,0351225272,1361102112,
01,消火栓,彦根市,1300,彦根市彦富町　 ,100,1679224,-8809289,0351220594,1361104023,
01,消火栓,彦根市,1301,彦根市彦富町　 ,100,1682331,-8818939,0351217460,1361105244,
01,消火栓,彦根市,1302,彦根市彦富町　 ,150,1686905,-8830466,0351213716,1361107044,
01,消火栓,彦根市,1303,彦根市彦富町　 ,150,1683011,-8841788,0351210044,1361105496,
01,消火栓,彦根市,1304,彦根市彦富町　 ,75,1669543,-8845362,0351208892,1361100168,
01,消火栓,彦根市,1305,彦根市彦富町　 ,150,1676473,-8851006,0351207056,1361102904,
01,消火栓,彦根市,1306,彦根市彦富町　 ,75,1684400,-8854208,0351206012,1361106036,
01,消火栓,彦根市,1307,彦根市彦富町　 ,75,1690582,-8849427,0351207560,1361108484,
01,消火栓,彦根市,1308,彦根市彦富町　 ,75,1694502,-8852526,0351206552,1361110032,
01,消火栓,彦根市,1309,彦根市彦富町　 ,100,1696210,-8840765,0351210368,1361110716,
01,消火栓,彦根市,1310,彦根市彦富町　 ,100,1704870,-8846405,0351208532,1361114136,
01,消火栓,彦根市,1311,彦根市彦富町　 ,250,1713714,-8853266,0351206300,1361117628,
01,消火栓,彦根市,1312,彦根市彦富町　 ,100,1728290,-8860304,0351204007,1361123387,
01,消火栓,彦根市,1313,彦根市彦富町　 ,100,1744424,-8872669,0351159984,1361129757,
01,消火栓,彦根市,1314,彦根市稲枝町　 ,100,1769537,-8906179,0351149092,1361139660,
01,消火栓,彦根市,1315,彦根市稲枝町　 ,75,1764800,-8904968,0351149488,1361137788,
01,消火栓,彦根市,1316,彦根市稲枝町　 ,100,1760815,-8916179,0351145852,1361136204,
01,消火栓,彦根市,1317,彦根市稲枝町　 ,100,1757461,-8923507,0351143476,1361134872,
01,消火栓,彦根市,1318,彦根市服部町　 ,100,1761126,-8935257,0351139660,1361136312,
01,消火栓,彦根市,1319,彦根市服部町　 ,100,1760716,-8956111,0351132892,1361136134,
01,消火栓,彦根市,1320,彦根市服部町　 ,75,1764000,-8965970,0351129690,1361137425,
01,消火栓,彦根市,1321,彦根市服部町　 ,75,1757100,-8972502,0351127575,1361134692,
01,消火栓,彦根市,1322,彦根市服部町　 ,75,1745194,-8971972,0351127754,1361129985,
01,消火栓,彦根市,1323,彦根市服部町　 ,100,1752614,-8959898,0351131668,1361132928,
01,消火栓,彦根市,1324,彦根市上稲葉町　 ,100,1712265,-8921634,0351144112,1361117004,
01,消火栓,彦根市,1325,彦根市上稲葉町　 ,100,1702997,-8915292,0351146176,1361113344,
01,消火栓,彦根市,1326,彦根市上稲葉町　 ,100,1688794,-8915762,0351146032,1361107728,
01,消火栓,彦根市,1327,彦根市下稲葉町　 ,75,1658985,-8903401,0351150062,1361055951,
01,消火栓,彦根市,1328,彦根市下稲葉町　 ,75,1649543,-8911508,0351147436,1361052212,
01,消火栓,彦根市,1329,彦根市下稲葉町　 ,75,1646158,-8902641,0351150316,1361050880,
01,消火栓,彦根市,1330,彦根市下稲葉町　 ,75,1651876,-8892536,0351153592,1361053148,
01,消火栓,彦根市,1331,彦根市本庄町　 ,150,1576128,-8842424,0351209900,1361023232,
01,消火栓,彦根市,1332,彦根市本庄町　 ,150,1562000,-8833020,0351212960,1361017652,
01,消火栓,彦根市,1333,彦根市本庄町　 ,150,1551060,-8824387,0351215768,1361013332,
01,消火栓,彦根市,1334,彦根市本庄町　 ,150,1542313,-8820076,0351217172,1361009876,
01,消火栓,彦根市,1335,彦根市本庄町　 ,100,1528835,-8817658,0351217964,1361004548,
01,消火栓,彦根市,1336,彦根市本庄町　 ,200,1526897,-8802244,0351222968,1361003792,
01,消火栓,彦根市,1337,彦根市本庄町　 ,75,1520178,-8813236,0351219404,1361001128,
01,消火栓,彦根市,1338,彦根市本庄町　 ,75,1513551,-8824229,0351215840,1360958500,
01,消火栓,彦根市,1339,彦根市本庄町　 ,200,1514438,-8801044,0351223364,1360958866,
01,消火栓,彦根市,1340,彦根市本庄町　 ,100,1508207,-8813056,0351219469,1360956394,
01,消火栓,彦根市,1341,彦根市本庄町　 ,100,1502259,-8822473,0351216416,1360954036,
01,消火栓,彦根市,1342,彦根市本庄町　 ,100,1495448,-8832911,0351213032,1360951336,
01,消火栓,彦根市,1343,彦根市本庄町　 ,100,1486790,-8827601,0351214760,1360947916,
01,消火栓,彦根市,1344,彦根市本庄町　 ,75,1491690,-8817720,0351217964,1360949860,
01,消火栓,彦根市,1345,彦根市本庄町　 ,150,1486748,-8801534,0351223220,1360947916,
01,消火栓,彦根市,1346,彦根市本庄町　 ,150,1481308,-8815408,0351218720,1360945756,
01,消火栓,彦根市,1347,彦根市本庄町　 ,150,1477219,-8820517,0351217064,1360944136,
01,消火栓,彦根市,1348,彦根市田附町　 ,150,1465947,-8830629,0351213788,1360939672,
01,消火栓,彦根市,1349,彦根市田附町　 ,150,1457119,-8832529,0351213176,1360936180,
01,消火栓,彦根市,1350,彦根市田附町　 ,150,1440988,-8822129,0351216560,1360929808,
01,消火栓,彦根市,1351,彦根市田附町　 ,150,1423875,-8823820,0351216020,1360923040,
01,消火栓,彦根市,1352,彦根市田附町　 ,150,1414583,-8820396,0351217136,1360919368,
01,消火栓,彦根市,1353,彦根市鳥居本町　 ,125,2650606,-8030505,0351632592,1361729040,
01,消火栓,彦根市,1354,彦根市平田町　 ,100,2267608,-8264821,0351516884,1361457228,
01,消火栓,彦根市,1355,彦根市小泉町　 ,100,2247412,-8339301,0351452728,1361449164,
01,消火栓,彦根市,1356,彦根市船町　 ,75,2405125,-8074453,0351618552,1361551840,
01,消火栓,彦根市,1357,彦根市本町２丁目　 ,75,2318306,-8103006,0351609359,1361517452,
01,消火栓,彦根市,1358,彦根市大薮町　 ,75,2199564,-8158059,0351551588,1361430408,
01,消火栓,彦根市,1359,彦根市長曽根南町　 ,150,2223642,-8182847,0351543524,1361439912,
01,消火栓,彦根市,1360,彦根市長曽根南町　 ,100,2233649,-8182601,0351543596,1361443872,
01,消火栓,彦根市,1361,彦根市芹川町　 ,100,2359132,-8227316,0351528980,1361533480,
01,消火栓,彦根市,1362,彦根市松原町　 ,250,2393365,-8030337,0351632880,1361547232,
01,消火栓,彦根市,1363,彦根市松原町　 ,100,2386146,-8017932,0351636912,1361544388,
01,消火栓,彦根市,1364,彦根市鳥居本町　 ,75,2654564,-8015630,0351637416,1361730624,
01,消火栓,彦根市,1365,彦根市甲田町　 ,150,2634733,-7859284,0351728176,1361722956,
01,消火栓,彦根市,1366,彦根市蓮台寺町　 ,200,2101950,-8471872,0351409816,1361351492,
01,消火栓,彦根市,1367,彦根市蓮台寺町　 ,200,2113981,-8479276,0351407404,1361356244,
01,消火栓,彦根市,1368,彦根市甘呂町　 ,100,2074252,-8418138,0351427276,1361340584,
01,消火栓,彦根市,1369,彦根市甘呂町　 ,100,2083864,-8403252,0351432100,1361344400,
01,消火栓,彦根市,1370,彦根市戸賀町　 ,100,2196141,-8284592,0351510525,1361428932,
01,消火栓,彦根市,1371,彦根市戸賀町　 ,100,2228389,-8305282,0351503784,1361441671,
01,消火栓,彦根市,1372,彦根市大薮町　 ,200,2163521,-8189094,0351541544,1361416116,
01,消火栓,彦根市,1373,彦根市大薮町　 ,100,2169735,-8200282,0351537908,1361418564,
01,消火栓,彦根市,1374,彦根市後三条町　 ,75,2270266,-8164096,0351549572,1361458380,
01,消火栓,彦根市,1374,彦根市後三条町,75,2270296,-8164207,0351549536,1361458392,
01,消火栓,彦根市,1375,彦根市尾末町　 ,150,2376425,-8056781,0351624312,1361540500,
01,消火栓,彦根市,1376,彦根市旭町　 ,100,2417934,-8101706,0351609696,1361556880,
01,消火栓,彦根市,1377,彦根市堀町　 ,100,2179691,-8480672,0351406900,1361422236,
01,消火栓,彦根市,1378,彦根市堀町　 ,100,2191975,-8479755,0351407188,1361427096,
01,消火栓,彦根市,1379,彦根市堀町　 ,100,2192085,-8487852,0351404560,1361427132,
01,消火栓,彦根市,1380,彦根市堀町　 ,150,2196288,-8494830,0351402292,1361428788,
01,消火栓,彦根市,1381,彦根市堀町　 ,150,2197599,-8509913,0351357396,1361429292,
01,消火栓,彦根市,1382,彦根市堀町　 ,75,2203745,-8519092,0351354412,1361431714,
01,消火栓,彦根市,1383,彦根市小泉町　 ,100,2323724,-8378093,0351440076,1361519316,
01,消火栓,彦根市,1384,彦根市小泉町　 ,100,2317180,-8388922,0351436567,1361516716,
01,消火栓,彦根市,1385,彦根市高宮町　 ,75,2400619,-8450052,0351416656,1361549662,
01,消火栓,彦根市,1386,彦根市西今町　 ,100,2171948,-8288572,0351509252,1361419356,
01,消火栓,彦根市,1387,彦根市野瀬町　 ,100,2156577,-8315395,0351500559,1361413249,
01,消火栓,彦根市,1388,彦根市葛篭町　 ,100,2197901,-8634927,0351316823,1361429291,
01,消火栓,彦根市,1389,彦根市宇尾町　 ,75,2195047,-8470874,0351410068,1361428320,
01,消火栓,彦根市,1390,彦根市堀町　 ,100,2206753,-8494139,0351402508,1361432928,
01,消火栓,彦根市,1391,彦根市犬方町　 ,100,2275325,-8511162,0351356928,1361500036,
01,消火栓,彦根市,1392,彦根市松原町　 ,100,2373860,-8023926,0351634977,1361539519,
01,消火栓,彦根市,1393,彦根市松原町　 ,200,2399041,-8009912,0351639504,1361549500,
01,消火栓,彦根市,1394,彦根市松原町　 ,100,2386029,-8007949,0351640152,1361544352,
01,消火栓,彦根市,1395,彦根市平田町　 ,200,2231160,-8243282,0351523904,1361442828,
01,消火栓,彦根市,1396,彦根市大薮町　 ,100,2184470,-8199138,0351538268,1361424396,
01,消火栓,彦根市,1397,彦根市森堂町　 ,150,2187692,-8579330,0351334875,1361425307,
01,消火栓,彦根市,1398,彦根市高宮町　 ,75,2410941,-8438084,0351420532,1361553758,
01,消火栓,彦根市,1399,彦根市正法寺町　 ,150,2504546,-8302131,0351504572,1361630936,
01,消火栓,彦根市,1400,彦根市正法寺町　 ,100,2514494,-8295906,0351506584,1361634879,
01,消火栓,彦根市,1401,彦根市地蔵町　 ,250,2510779,-8282141,0351511054,1361633424,
01,消火栓,彦根市,1402,彦根市正法寺町　 ,100,2521410,-8280343,0351511628,1361637632,
01,消火栓,彦根市,1403,彦根市平田町　 ,100,2208634,-8258534,0351518972,1361433900,
01,消火栓,彦根市,1404,彦根市平田町　 ,100,2218651,-8262170,0351517784,1361437860,
01,消火栓,彦根市,1405,彦根市戸賀町　 ,150,2219972,-8318183,0351459604,1361438328,
01,消火栓,彦根市,1406,彦根市戸賀町　 ,150,2234490,-8331106,0351455398,1361444060,
01,消火栓,彦根市,1407,彦根市中薮町　 ,200,2217809,-8141598,0351556916,1361437644,
01,消火栓,彦根市,1408,彦根市中薮町　 ,200,2227014,-8148342,0351554720,1361441280,
01,消火栓,彦根市,1409,彦根市中薮町　 ,200,2244599,-8159058,0351551228,1361448228,
01,消火栓,彦根市,1410,彦根市田附町　 ,75,1456546,-8816003,0351218540,1360935964,
01,消火栓,彦根市,1411,彦根市西今町　 ,150,2261752,-8397057,0351433972,1361454780,
01,消火栓,彦根市,1412,彦根市平田町　 ,200,2221544,-8217461,0351532292,1361439048,
01,消火栓,彦根市,1413,彦根市松原町　 ,100,2359405,-7948786,0351659376,1361533876,
01,消火栓,彦根市,1414,彦根市松原町　 ,150,2383157,-7980223,0351649153,1361543244,
01,消火栓,彦根市,1415,彦根市川瀬馬場町　 ,200,2083139,-8602068,0351327575,1361343932,
01,消火栓,彦根市,1416,彦根市川瀬馬場町　 ,200,2066477,-8591782,0351330926,1361337351,
01,消火栓,彦根市,1417,彦根市川瀬馬場町　 ,200,2052146,-8582619,0351333910,1361331691,
01,消火栓,彦根市,1418,彦根市川瀬馬場町　 ,150,2036125,-8580394,0351334644,1361325356,
01,消火栓,彦根市,1419,彦根市清崎町　 ,150,2009510,-8584153,0351333444,1361314826,
01,消火栓,彦根市,1420,彦根市清崎町　 ,150,2014318,-8597303,0351329172,1361316716,
01,消火栓,彦根市,1421,彦根市清崎町　 ,150,2028235,-8593390,0351330432,1361322224,
01,消火栓,彦根市,1422,彦根市清崎町　 ,150,2029722,-8606808,0351326076,1361322800,
01,消火栓,彦根市,1423,彦根市清崎町　 ,100,2044646,-8605665,0351326436,1361328704,
01,消火栓,彦根市,1424,彦根市清崎町　 ,150,2049137,-8619299,0351322008,1361330468,
01,消火栓,彦根市,1425,彦根市松原町　 ,100,2406000,-8027197,0351633888,1361552236,
01,消火栓,彦根市,1426,彦根市松原町　 ,100,2407149,-8014438,0351638028,1361552704,
01,消火栓,彦根市,1427,彦根市船町　 ,150,2384524,-8058313,0351623808,1361543704,
01,消火栓,彦根市,1428,彦根市犬方町　 ,150,2226595,-8511291,0351356926,1361440760,
01,消火栓,彦根市,1429,彦根市高宮町　 ,150,2373860,-8569476,0351337920,1361538952,
01,消火栓,彦根市,1430,彦根市外町　 ,150,2455726,-8207882,0351535204,1361611722,
01,消火栓,彦根市,1431,彦根市外町　 ,100,2469329,-8209403,0351534698,1361617103,
01,消火栓,彦根市,1432,彦根市西今町　 ,150,2202733,-8338635,0351452980,1361431488,
01,消火栓,彦根市,1433,彦根市西今町　 ,100,2212370,-8335062,0351454132,1361435304,
01,消火栓,彦根市,1434,彦根市駅東町,200,2436501,-8105317,0351608508,1361604224,
01,消火栓,彦根市,1435,彦根市駅東町,0,2427011,-8128193,0351601092,1361600444,
01,消火栓,彦根市,1436,彦根市鳥居本町　 ,100,2622821,-8016166,0351637272,1361718060,
01,消火栓,彦根市,1437,彦根市芹町　 ,75,2389965,-8223575,0351530168,1361545684,
01,消火栓,彦根市,1438,彦根市野田山町　 ,100,2553560,-8356014,0351447040,1361650268,
01,消火栓,彦根市,1439,彦根市野田山町　 ,100,2556427,-8367251,0351443391,1361651390,
01,消火栓,彦根市,1440,彦根市戸賀町　 ,100,2178121,-8291109,0351508424,1361421796,
01,消火栓,彦根市,1441,彦根市平田町　 ,100,2219056,-8241648,0351524444,1361438040,
01,消火栓,彦根市,1442,彦根市中薮町　 ,200,2201309,-8127773,0351601416,1361431128,
01,消火栓,彦根市,1443,彦根市中薮町　 ,100,2209782,-8132966,0351559724,1361434476,
01,消火栓,彦根市,1444,彦根市中薮町　 ,100,2214301,-8126685,0351601759,1361436270,
01,消火栓,彦根市,1445,彦根市宇尾町　 ,75,2206332,-8470736,0351410104,1361432784,
01,消火栓,彦根市,1446,彦根市西今町　 ,100,2267056,-8407470,0351430588,1361456868,
01,消火栓,彦根市,1447,彦根市西今町　 ,100,2273498,-8399911,0351433036,1361459424,
01,消火栓,彦根市,1448,彦根市西今町　 ,150,2229875,-8385822,0351437644,1361442180,
01,消火栓,彦根市,1449,彦根市西今町　 ,100,2244172,-8390334,0351436168,1361447832,
01,消火栓,彦根市,1450,彦根市清崎町　 ,100,2030516,-8617859,0351322489,1361323105,
01,消火栓,彦根市,1451,彦根市清崎町　 ,150,2030142,-8631765,0351317976,1361322944,
01,消火栓,彦根市,1452,彦根市清崎町　 ,100,2042421,-8627744,0351319272,1361327804,
01,消火栓,彦根市,1453,彦根市薩摩町　 ,100,1489736,-8544250,0351346720,1360949266,
01,消火栓,彦根市,1454,彦根市薩摩町　 ,100,1498508,-8536854,0351349116,1360952740,
01,消火栓,彦根市,1455,彦根市松原町　 ,100,2364482,-7956993,0351656708,1361535877,
01,消火栓,彦根市,1456,彦根市和田町　 ,100,2323913,-8259243,0351518648,1361519512,
01,消火栓,彦根市,1457,彦根市金沢町　 ,150,1861984,-8745046,0351241328,1361216344,
01,消火栓,彦根市,1458,彦根市外町　 ,150,2462402,-8198873,0351538122,1361614373,
01,消火栓,彦根市,1459,彦根市蓮台寺町　 ,200,2092837,-8466125,0351411688,1361347892,
01,消火栓,彦根市,1460,彦根市蓮台寺町　 ,200,2096870,-8478539,0351407656,1361349476,
01,消火栓,彦根市,1461,彦根市蓮台寺町　 ,150,2081194,-8468814,0351410824,1361343284,
01,消火栓,彦根市,1462,彦根市日夏町　 ,150,2075118,-8478145,0351407800,1361340872,
01,消火栓,彦根市,1463,彦根市日夏町　 ,150,2065144,-8494252,0351402580,1361336912,
01,消火栓,彦根市,1464,彦根市日夏町　 ,100,2086409,-8480671,0351406972,1361345336,
01,消火栓,彦根市,1465,彦根市日夏町　 ,100,2077331,-8490453,0351403804,1361341736,
01,消火栓,彦根市,1466,彦根市日夏町　 ,200,2087076,-8493758,0351402724,1361345588,
01,消火栓,彦根市,1467,彦根市日夏町　 ,100,2074617,-8497780,0351401428,1361340656,
01,消火栓,彦根市,1468,彦根市西今町　 ,100,2244744,-8358779,0351446409,1361448089,
01,消火栓,彦根市,1469,彦根市高宮町　 ,125,2481709,-8567523,0351338460,1361621612,
01,消火栓,彦根市,1470,彦根市平田町　 ,100,2258676,-8258854,0351518828,1361453700,
01,消火栓,彦根市,1471,彦根市芹川町　 ,75,2362633,-8244057,0351523544,1361534848,
01,消火栓,彦根市,1472,彦根市金剛寺町　 ,100,2194162,-8555954,0351342456,1361427888,
01,消火栓,彦根市,1473,彦根市原町　 ,100,2472930,-8209758,0351534580,1361618527,
01,消火栓,彦根市,1474,彦根市原町　 ,200,2483543,-8211303,0351534069,1361622725,
01,消火栓,彦根市,1475,彦根市原町　 ,150,2492365,-8217835,0351531941,1361626209,
01,消火栓,彦根市,1476,彦根市中山町　 ,75,2786242,-7950732,0351658350,1361822818,
01,消火栓,彦根市,1477,彦根市中山町　 ,75,2792433,-7944124,0351700488,1361825277,
01,消火栓,彦根市,1478,彦根市中山町　 ,75,2794796,-7948354,0351659113,1361826207,
01,消火栓,彦根市,1479,彦根市中山町　 ,75,2680320,-7867248,0351725548,1361740992,
01,消火栓,彦根市,1480,彦根市中山町　 ,75,2685303,-7860910,0351727600,1361742972,
01,消火栓,彦根市,1481,彦根市中山町　 ,75,2694112,-7856669,0351728968,1361746464,
01,消火栓,彦根市,1482,彦根市肥田町　 ,150,1867947,-8874858,0351159193,1361218596,
01,消火栓,彦根市,1483,彦根市肥田町　 ,100,1882088,-8856606,0351205108,1361224202,
01,消火栓,彦根市,1484,彦根市日夏町　 ,150,2049364,-8518580,0351354696,1361330648,
01,消火栓,彦根市,1485,彦根市日夏町　 ,150,2058161,-8505028,0351359088,1361334140,
01,消火栓,彦根市,1486,彦根市日夏町　 ,100,2069902,-8505334,0351358980,1361338784,
01,消火栓,彦根市,1487,彦根市日夏町　 ,100,2062192,-8516554,0351355344,1361335724,
01,消火栓,彦根市,1488,彦根市日夏町　 ,200,2072203,-8516642,0351355308,1361339684,
01,消火栓,彦根市,1489,彦根市日夏町　 ,100,2053213,-8530218,0351350916,1361332159,
01,消火栓,彦根市,1490,彦根市日夏町　 ,200,2063859,-8529307,0351351204,1361336372,
01,消火栓,彦根市,1491,彦根市高宮町　 ,150,2444110,-8564076,0351339612,1361606744,
01,消火栓,彦根市,1492,彦根市高宮町　 ,150,2463623,-8577223,0351335328,1361614448,
01,消火栓,彦根市,1493,彦根市東沼波町　 ,75,2344495,-8406940,0351430696,1361527504,
01,消火栓,彦根市,1494,彦根市日夏町　 ,200,2037009,-8488104,0351404596,1361325788,
01,消火栓,彦根市,1495,彦根市日夏町　 ,200,2042359,-8479440,0351407404,1361327912,
01,消火栓,彦根市,1496,彦根市日夏町　 ,200,2047891,-8471219,0351410068,1361330108,
01,消火栓,彦根市,1497,彦根市日夏町　 ,200,2053059,-8462556,0351412876,1361332159,
01,消火栓,彦根市,1498,彦根市原町　 ,100,2486148,-8235175,0351526319,1361623730,
01,消火栓,彦根市,1499,彦根市原町　 ,0,2491900,-8244471,0351523297,1361625995,
01,消火栓,彦根市,1500,彦根市原町　 ,100,2492302,-8255883,0351519593,1361626142,
01,消火栓,彦根市,1501,彦根市原町　 ,250,2492247,-8267040,0351515972,1361626108,
01,消火栓,彦根市,1502,彦根市高宮町　 ,100,2382189,-8414273,0351428284,1361542408,
01,消火栓,彦根市,1503,彦根市大堀町　 ,100,2390364,-8408594,0351430120,1361545648,
01,消火栓,彦根市,1504,彦根市原町　 ,250,2515571,-8274924,0351513392,1361635328,
01,消火栓,彦根市,1505,彦根市原町　 ,250,2507907,-8267070,0351515948,1361632304,
01,消火栓,彦根市,1506,彦根市原町　 ,100,2514627,-8258892,0351518596,1361634972,
01,消火栓,彦根市,1507,彦根市原町　 ,150,2502340,-8261206,0351517856,1361630108,
01,消火栓,彦根市,1508,彦根市原町　 ,150,2508186,-8276752,0351512805,1361632404,
01,消火栓,彦根市,1509,彦根市原町　 ,150,2500824,-8272192,0351514292,1361629496,
01,消火栓,彦根市,1510,彦根市正法寺町　 ,150,2519851,-8374078,0351441208,1361636912,
01,消火栓,彦根市,1511,彦根市正法寺町　 ,150,2526370,-8366509,0351443659,1361639499,
01,消火栓,彦根市,1512,彦根市正法寺町　 ,150,2531764,-8371272,0351442108,1361641628,
01,消火栓,彦根市,1513,彦根市西今町　 ,75,2282660,-8407611,0351430530,1361503041,
01,消火栓,彦根市,1514,彦根市正法寺町　 ,200,2504891,-8360920,0351445492,1361631008,
01,消火栓,彦根市,1515,彦根市高宮町　 ,100,2322833,-8582365,0351333780,1361518756,
01,消火栓,彦根市,1516,彦根市高宮町　 ,75,2330586,-8588557,0351331764,1361521816,
01,消火栓,彦根市,1517,彦根市高宮町　 ,100,2331425,-8596319,0351329244,1361522140,
01,消火栓,彦根市,1518,彦根市高宮町　 ,100,2355976,-8447397,0351417556,1361532003,
01,消火栓,彦根市,1519,彦根市肥田町　 ,150,1898170,-8896823,0351152044,1361230528,
01,消火栓,彦根市,1520,彦根市鳥居本町　 ,100,2567021,-8033853,0351631584,1361655956,
01,消火栓,彦根市,1521,彦根市鳥居本町　 ,100,2567980,-8019319,0351636300,1361656352,
01,消火栓,彦根市,1522,彦根市高宮町　 ,150,2342356,-8599619,0351328164,1361526460,
01,消火栓,彦根市,1523,彦根市平田町　 ,75,2246237,-8232708,0351527324,1361448804,
01,消火栓,彦根市,1524,彦根市後三条町　 ,75,2296048,-8206496,0351535790,1361508540,
01,消火栓,彦根市,1525,彦根市三津町　 ,150,1995242,-8820743,0351216668,1361308976,
01,消火栓,彦根市,1526,彦根市日夏町　 ,200,2078551,-8506867,0351358476,1361342204,
01,消火栓,彦根市,1527,彦根市高宮町　 ,150,2308864,-8458611,0351413956,1361513356,
01,消火栓,彦根市,1528,彦根市堀町　 ,100,2193441,-8521348,0351353688,1361427636,
01,消火栓,彦根市,1529,彦根市堀町　 ,75,2198984,-8531181,0351350493,1361429819,
01,消火栓,彦根市,1530,彦根市堀町　 ,75,2203045,-8525194,0351352432,1361431432,
01,消火栓,彦根市,1531,彦根市金剛寺町　 ,75,2208879,-8582096,0351333960,1361433684,
01,消火栓,彦根市,1532,彦根市森堂町　 ,150,2176653,-8568948,0351338253,1361420950,
01,消火栓,彦根市,1533,彦根市肥田町　 ,75,1927969,-8909072,0351148048,1361242300,
01,消火栓,彦根市,1534,彦根市後三条町　 ,75,2301402,-8208719,0351535064,1361510656,
01,消火栓,彦根市,1535,彦根市高宮町　 ,150,2339398,-8582433,0351333744,1361525308,
01,消火栓,彦根市,1536,彦根市日夏町　 ,200,2044196,-8527466,0351351816,1361328596,
01,消火栓,彦根市,1537,彦根市日夏町　 ,200,2058416,-8537195,0351348648,1361334212,
01,消火栓,彦根市,1538,彦根市日夏町　 ,100,2047772,-8538883,0351348108,1361330000,
01,消火栓,彦根市,1539,彦根市松原町　 ,75,2413818,-7991459,0351645480,1361555368,
01,消火栓,彦根市,1540,彦根市犬方町　 ,75,2301953,-8532170,0351350088,1361510548,
01,消火栓,彦根市,1541,彦根市開出今町　 ,200,2128162,-8240979,0351524732,1361402076,
01,消火栓,彦根市,1542,彦根市石寺町　 ,150,1715605,-8410238,0351430084,1361118708,
01,消火栓,彦根市,1543,彦根市高宮町　 ,100,2314360,-8436745,0351421048,1361515552,
01,消火栓,彦根市,1544,彦根市外町　 ,75,2462343,-8211598,0351533992,1361614336,
01,消火栓,彦根市,1545,彦根市平田町　 ,150,2212804,-8252201,0351521024,1361435556,
01,消火栓,彦根市,1546,彦根市平田町　 ,150,2222190,-8258168,0351519080,1361439264,
01,消火栓,彦根市,1547,彦根市平田町　 ,150,2230209,-8263251,0351517424,1361442432,
01,消火栓,彦根市,1548,彦根市彦富町　 ,75,1780906,-8853913,0351206048,1361144196,
01,消火栓,彦根市,1549,彦根市彦富町　 ,75,1790196,-8855780,0351205436,1361147868,
01,消火栓,彦根市,1550,彦根市和田町　 ,100,2303783,-8250310,0351521564,1361511556,
01,消火栓,彦根市,1551,彦根市大薮町　 ,150,2207034,-8236686,0351526064,1361433288,
01,消火栓,彦根市,1552,彦根市松原町　 ,200,2396973,-8018902,0351636588,1361548672,
01,消火栓,彦根市,1553,彦根市大薮町　 ,100,2193527,-8182033,0351543812,1361427996,
01,消火栓,彦根市,1554,彦根市中薮町　 ,100,2216195,-8151030,0351553856,1361436996,
01,消火栓,彦根市,1555,彦根市広野町　 ,150,2242211,-8480187,0351407008,1361446968,
01,消火栓,彦根市,1556,彦根市鳥居本町　 ,100,2667754,-8015813,0351637344,1361735844,
01,消火栓,彦根市,1557,彦根市栄町２丁目　 ,75,2246638,-8086286,0351614844,1361449107,
01,消火栓,彦根市,1558,彦根市栄町２丁目　 ,75,2234201,-8074671,0351618624,1361444196,
01,消火栓,彦根市,1559,彦根市馬場２丁目　 ,200,2288845,-7992561,0351645228,1361505904,
01,消火栓,彦根市,1560,彦根市古沢町　 ,75,2436146,-8007483,0351640260,1361604188,
01,消火栓,彦根市,1561,彦根市里根町　 ,100,2475159,-8169991,0351547484,1361619452,
01,消火栓,彦根市,1562,彦根市芹川町　 ,75,2412656,-8244703,0351523292,1361554640,
01,消火栓,彦根市,1563,彦根市平田町　 ,75,2235022,-8222641,0351530600,1361444376,
01,消火栓,彦根市,1564,彦根市平田町　 ,75,2238774,-8231505,0351527720,1361445852,
01,消火栓,彦根市,1565,彦根市平田町　 ,75,2228167,-8247061,0351522680,1361441640,
01,消火栓,彦根市,1566,彦根市高宮町　 ,150,2392820,-8442752,0351419032,1361546584,
01,消火栓,彦根市,1567,彦根市高宮町　 ,75,2377600,-8468637,0351410644,1361540536,
01,消火栓,彦根市,1568,彦根市高宮町　 ,75,2362598,-8487019,0351404691,1361534583,
01,消火栓,彦根市,1569,彦根市八坂町　 ,200,2007078,-8211610,0351534354,1361314192,
01,消火栓,彦根市,1570,彦根市堀町　 ,75,2198409,-8519158,0351354395,1361429603,
01,消火栓,彦根市,1571,彦根市堀町　 ,75,2220885,-8504642,0351359088,1361438508,
01,消火栓,彦根市,1572,彦根市南川瀬町　 ,100,2090824,-8658470,0351309264,1361346920,
01,消火栓,彦根市,1573,彦根市南川瀬町　 ,100,2098212,-8664664,0351307248,1361349836,
01,消火栓,彦根市,1574,彦根市南川瀬町　 ,100,2092111,-8663680,0351307572,1361347424,
01,消火栓,彦根市,1575,彦根市南川瀬町　 ,100,2093682,-8674103,0351304188,1361348036,
01,消火栓,彦根市,1576,彦根市極楽寺町　 ,150,2119338,-8548820,0351344830,1361358299,
01,消火栓,彦根市,1577,彦根市極楽寺町　 ,150,2112925,-8559195,0351341467,1361355753,
01,消火栓,彦根市,1578,彦根市川瀬馬場町　 ,150,2106863,-8568950,0351338306,1361353346,
01,消火栓,彦根市,1579,彦根市川瀬馬場町　 ,150,2099837,-8580581,0351334536,1361350556,
01,消火栓,彦根市,1580,彦根市日夏町　 ,200,2038483,-8536685,0351348828,1361326328,
01,消火栓,彦根市,1581,彦根市日夏町　 ,200,2034947,-8542461,0351346956,1361324924,
01,消火栓,彦根市,1582,彦根市日夏町　 ,200,2053520,-8545192,0351346056,1361332268,
01,消火栓,彦根市,1583,彦根市日夏町　 ,100,2044243,-8548208,0351345084,1361328596,
01,消火栓,彦根市,1584,彦根市日夏町　 ,200,2049624,-8553188,0351343464,1361330720,
01,消火栓,彦根市,1585,彦根市日夏町　 ,100,2038257,-8557428,0351342096,1361326220,
01,消火栓,彦根市,1586,彦根市日夏町　 ,200,2045093,-8561739,0351340692,1361328920,
01,消火栓,彦根市,1587,彦根市野良田町　 ,150,1815406,-8896438,0351152224,1361157804,
01,消火栓,彦根市,1588,彦根市野良田町　 ,75,1807566,-8891573,0351153808,1361154708,
01,消火栓,彦根市,1589,彦根市大堀町　 ,100,2422988,-8392658,0351435264,1361558571,
01,消火栓,彦根市,1590,彦根市大堀町　 ,100,2429284,-8398285,0351433432,1361601056,
01,消火栓,彦根市,1591,彦根市小泉町　 ,75,2291129,-8317078,0351459905,1361506482,
01,消火栓,彦根市,1592,彦根市西今町　 ,150,2191808,-8335999,0351453844,1361427168,
01,消火栓,彦根市,1593,彦根市西今町　 ,150,2187545,-8341778,0351451972,1361425476,
01,消火栓,彦根市,1594,彦根市里根町　 ,75,2457727,-8149851,0351554036,1361612576,
01,消火栓,彦根市,1595,彦根市高宮町　 ,75,2319219,-8450820,0351416476,1361517460,
01,消火栓,彦根市,1596,彦根市中薮町　 ,75,2225300,-8132955,0351559715,1361440617,
01,消火栓,彦根市,1597,彦根市松原町　 ,100,2427875,-7890374,0351718275,1361601039,
01,消火栓,彦根市,1598,彦根市鳥居本町　 ,100,2692285,-8057403,0351623823,1361745504,
01,消火栓,彦根市,1599,彦根市鳥居本町　 ,100,2684806,-8048391,0351626755,1361742555,
01,消火栓,彦根市,1600,彦根市地蔵町　 ,150,2497710,-8282098,0351511080,1361628253,
01,消火栓,彦根市,1601,彦根市地蔵町　 ,150,2492959,-8290516,0351508352,1361626364,
01,消火栓,彦根市,1602,彦根市日夏町　 ,150,2016446,-8571897,0351337416,1361317580,
01,消火栓,彦根市,1603,彦根市日夏町　 ,100,2020703,-8586379,0351332713,1361319251,
01,消火栓,彦根市,1604,彦根市犬方町　 ,100,2277972,-8550201,0351344256,1361501044,
01,消火栓,彦根市,1605,彦根市犬方町　 ,100,2289046,-8538526,0351348036,1361505436,
01,消火栓,彦根市,1606,彦根市正法寺町　 ,100,2469973,-8357626,0351446592,1361617197,
01,消火栓,彦根市,1607,彦根市宇尾町　 ,75,2215175,-8477037,0351408052,1361436276,
01,消火栓,彦根市,1608,彦根市広野町　 ,75,2220348,-8471367,0351409888,1361438328,
01,消火栓,彦根市,1609,彦根市大堀町　 ,75,2429994,-8391517,0351435628,1361601344,
01,消火栓,彦根市,1610,彦根市日夏町　 ,200,2059044,-8453003,0351415972,1361334536,
01,消火栓,彦根市,1611,彦根市平田町　 ,200,2199147,-8248352,0351522284,1361430156,
01,消火栓,彦根市,1612,彦根市駅東町,75,2446111,-8160420,0351550616,1361607968,
01,消火栓,彦根市,1613,彦根市日夏町　 ,100,2060033,-8487719,0351404704,1361334896,
01,消火栓,彦根市,1614,彦根市日夏町　 ,200,2065482,-8482715,0351406324,1361337056,
01,消火栓,彦根市,1615,彦根市日夏町　 ,150,2075644,-8469492,0351410608,1361341088,
01,消火栓,彦根市,1616,彦根市日夏町　 ,150,2062247,-8460982,0351413380,1361335796,
01,消火栓,彦根市,1617,彦根市日夏町　 ,150,2058803,-8467201,0351411364,1361334428,
01,消火栓,彦根市,1618,彦根市日夏町　 ,150,2054086,-8474089,0351409132,1361332555,
01,消火栓,彦根市,1619,彦根市日夏町　 ,100,2062824,-8474402,0351409024,1361336012,
01,消火栓,彦根市,1620,彦根市日夏町　 ,100,2058564,-8482066,0351406540,1361334320,
01,消火栓,彦根市,1621,彦根市日夏町　 ,100,2053575,-8489287,0351404200,1361332340,
01,消火栓,彦根市,1622,彦根市野田山町,200,2557596,-8409108,0351429805,1361651805,
01,消火栓,彦根市,1623,彦根市東沼波町　 ,75,2422166,-8322988,0351457876,1361558320,
01,消火栓,彦根市,1624,彦根市高宮町　 ,100,2327480,-8496635,0351401600,1361520682,
01,消火栓,彦根市,1625,彦根市高宮町　 ,100,2319635,-8506502,0351358404,1361517568,
01,消火栓,彦根市,1626,彦根市高宮町　 ,100,2350820,-8459612,0351413596,1361529952,
01,消火栓,彦根市,1627,彦根市高宮町　 ,100,2343481,-8472165,0351409528,1361527036,
01,消火栓,彦根市,1628,彦根市高宮町　 ,100,2336232,-8484275,0351405604,1361524156,
01,消火栓,彦根市,1629,彦根市彦富町　 ,100,1762752,-8882233,0351156868,1361136996,
01,消火栓,彦根市,1630,彦根市彦富町　 ,100,1769298,-8877451,0351158416,1361139588,
01,消火栓,彦根市,1631,彦根市原町　 ,150,2492007,-8209323,0351534704,1361626076,
01,消火栓,彦根市,1632,彦根市蓮台寺町　 ,300,2114064,-8518313,0351354734,1361356241,
01,消火栓,彦根市,1633,彦根市高宮町　 ,50,2398282,-8477678,0351407692,1361548708,
01,消火栓,彦根市,1634,彦根市西今町　 ,100,2262800,-8416022,0351427816,1361455176,
01,消火栓,彦根市,1635,彦根市正法寺町　 ,100,2512642,-8316038,0351500051,1361634124,
01,消火栓,彦根市,1636,彦根市正法寺町　 ,100,2504688,-8320544,0351458596,1361630972,
01,消火栓,彦根市,1637,彦根市正法寺町　 ,100,2510024,-8327597,0351456302,1361633075,
01,消火栓,彦根市,1638,彦根市中薮町　 ,75,2219036,-8122627,0351603072,1361438148,
01,消火栓,彦根市,1639,彦根市西今町　 ,150,2144280,-8246820,0351522824,1361408448,
01,消火栓,彦根市,1640,彦根市西今町　 ,150,2147614,-8233390,0351527180,1361409780,
01,消火栓,彦根市,1641,彦根市西今町　 ,150,2142518,-8232959,0351527324,1361407764,
01,消火栓,彦根市,1642,彦根市西今町　 ,200,2136140,-8228981,0351528620,1361405244,
01,消火栓,彦根市,1643,彦根市開出今町　 ,75,2131878,-8234759,0351526748,1361403552,
01,消火栓,彦根市,1644,彦根市開出今町　 ,100,2128217,-8225561,0351529736,1361402112,
01,消火栓,彦根市,1645,彦根市開出今町　 ,100,2123102,-8217254,0351532436,1361400096,
01,消火栓,彦根市,1646,彦根市開出今町　 ,75,2118024,-8224254,0351530168,1361358080,
01,消火栓,彦根市,1647,彦根市開出今町　 ,150,2118466,-8218596,0351532003,1361358260,
01,消火栓,彦根市,1648,彦根市開出今町　 ,100,2112724,-8214505,0351533336,1361355992,
01,消火栓,彦根市,1649,彦根市開出今町　 ,100,2119226,-8232681,0351527432,1361358548,
01,消火栓,彦根市,1650,彦根市西今町　 ,100,2137263,-8242067,0351524372,1361405676,
01,消火栓,彦根市,1651,彦根市地蔵町　 ,150,2487937,-8284318,0351510368,1361624384,
01,消火栓,彦根市,1652,彦根市地蔵町　 ,150,2489459,-8275107,0351513356,1361624996,
01,消火栓,彦根市,1653,彦根市日夏町　 ,100,2067268,-8467737,0351411184,1361337776,
01,消火栓,彦根市,1654,彦根市日夏町　 ,150,2048918,-8482531,0351406396,1361330504,
01,消火栓,彦根市,1655,彦根市八坂町　 ,200,1974935,-8276934,0351513176,1361301416,
01,消火栓,彦根市,1656,彦根市開出今町　 ,200,2057050,-8336649,0351453736,1361333852,
01,消火栓,彦根市,1657,彦根市開出今町　 ,200,2066710,-8343171,0351451612,1361337668,
01,消火栓,彦根市,1658,彦根市正法寺町　 ,75,2512514,-8320633,0351458560,1361634068,
01,消火栓,彦根市,1659,彦根市高宮町　 ,100,2390462,-8445864,0351418024,1361545648,
01,消火栓,彦根市,1660,彦根市小泉町　 ,150,2308559,-8342057,0351451784,1361513353,
01,消火栓,彦根市,1661,彦根市小泉町　 ,150,2300208,-8337211,0351453364,1361510054,
01,消火栓,彦根市,1662,彦根市小泉町　 ,75,2295157,-8328865,0351456076,1361508064,
01,消火栓,彦根市,1663,彦根市稲里町　 ,250,1793524,-8651455,0351311748,1361149344,
01,消火栓,彦根市,1664,彦根市東沼波町　 ,75,2413414,-8355870,0351447212,1361554823,
01,消火栓,彦根市,1665,彦根市金剛寺町　 ,100,2184128,-8546661,0351345480,1361423928,
01,消火栓,彦根市,1666,彦根市新海町　 ,100,1113356,-8730669,0351246394,1360720298,
01,消火栓,彦根市,1667,彦根市新海町　 ,100,1098838,-8736567,0351244485,1360714554,
01,消火栓,彦根市,1668,彦根市中薮町　 ,150,2232550,-8143004,0351556448,1361443476,
01,消火栓,彦根市,1669,彦根市中薮町　 ,150,2243295,-8147081,0351555116,1361447724,
01,消火栓,彦根市,1670,彦根市中薮町　 ,75,2250494,-8151944,0351553532,1361450568,
01,消火栓,彦根市,1671,彦根市後三条町　 ,100,2315024,-8198701,0351538304,1361516056,
01,消火栓,彦根市,1672,彦根市日夏町　 ,75,2025693,-8555682,0351342672,1361321252,
01,消火栓,彦根市,1673,彦根市竹ケ鼻町　 ,150,2266668,-8434314,0351421876,1361456688,
01,消火栓,彦根市,1674,彦根市西今町　 ,150,2275822,-8419539,0351426664,1361500324,
01,消火栓,彦根市,1675,彦根市清崎町　 ,150,2038557,-8639034,0351315611,1361326266,
01,消火栓,彦根市,1676,彦根市西今町　 ,150,2185064,-8331911,0351455176,1361424504,
01,消火栓,彦根市,1677,彦根市西今町　 ,100,2194005,-8341540,0351452044,1361428032,
01,消火栓,彦根市,1678,彦根市西今町　 ,75,2198480,-8348074,0351449920,1361429796,
01,消火栓,彦根市,1679,彦根市西今町　 ,100,2254747,-8361357,0351445564,1361452044,
01,消火栓,彦根市,1680,彦根市正法寺町　 ,200,2529615,-8383923,0351438004,1361640764,
01,消火栓,彦根市,1681,彦根市正法寺町　 ,100,2521887,-8386163,0351437284,1361637704,
01,消火栓,彦根市,1682,彦根市野田山町　 ,100,2515094,-8388980,0351436376,1361635014,
01,消火栓,彦根市,1683,彦根市正法寺町　 ,150,2521104,-8398921,0351433144,1361637380,
01,消火栓,彦根市,1684,彦根市正法寺町　 ,150,2525367,-8394251,0351434656,1361639072,
01,消火栓,彦根市,1685,彦根市高宮町　 ,100,2510251,-8587078,0351332088,1361632880,
01,消火栓,彦根市,1686,彦根市高宮町　 ,75,2505989,-8592857,0351330216,1361631188,
01,消火栓,彦根市,1687,彦根市仏生寺町　 ,100,2776614,-8100758,0351609669,1361818825,
01,消火栓,彦根市,1688,彦根市仏生寺町　 ,75,2753537,-8077673,0351617184,1361809720,
01,消火栓,彦根市,1689,彦根市鳥居本町　 ,100,2636931,-8026631,0351633863,1361723632,
01,消火栓,彦根市,1690,彦根市鳥居本町　 ,75,2631069,-8020440,0351635877,1361721320,
01,消火栓,彦根市,1691,彦根市松原町　 ,300,2415809,-7952192,0351658222,1361556198,
01,消火栓,彦根市,1692,彦根市松原町　 ,300,2410685,-7976160,0351650448,1361554144,
01,消火栓,彦根市,1693,彦根市松原町　 ,300,2397190,-8031990,0351632340,1361548744,
01,消火栓,彦根市,1694,彦根市正法寺町　 ,150,2554698,-8332061,0351454813,1361650745,
01,消火栓,彦根市,1695,彦根市正法寺町　 ,100,2562220,-8335102,0351453819,1361653718,
01,消火栓,彦根市,1696,彦根市正法寺町　 ,100,2557183,-8339449,0351452413,1361651720,
01,消火栓,彦根市,1697,彦根市正法寺町　 ,100,2531284,-8344924,0351450660,1361641468,
01,消火栓,彦根市,1698,彦根市正法寺町　 ,75,2523149,-8351876,0351448411,1361638241,
01,消火栓,彦根市,1699,彦根市栄町２丁目　 ,75,2225668,-8082124,0351616212,1361440812,
01,消火栓,彦根市,1700,彦根市後三条町　 ,75,2301339,-8219590,0351531536,1361510620,
01,消火栓,彦根市,1701,彦根市東沼波町　 ,75,2429054,-8312653,0351501224,1361601056,
01,消火栓,彦根市,1702,彦根市中薮町　 ,100,2208450,-8146169,0351555440,1361433936,
01,消火栓,彦根市,1703,彦根市中薮町　 ,75,2213929,-8154475,0351552740,1361436096,
01,消火栓,彦根市,1704,彦根市中薮町　 ,150,2215947,-8161125,0351550580,1361436888,
01,消火栓,彦根市,1705,彦根市西今町　 ,250,2177025,-8280684,0351511808,1361421372,
01,消火栓,彦根市,1706,彦根市高宮町　 ,100,2323762,-8483530,0351405856,1361519224,
01,消火栓,彦根市,1707,彦根市日夏町　 ,75,2014757,-8467523,0351411292,1361317004,
01,消火栓,彦根市,1708,彦根市東沼波町　 ,75,2417502,-8314126,0351500756,1361556484,
01,消火栓,彦根市,1709,彦根市安食中町　 ,100,2036350,-8801906,0351222752,1361325248,
01,消火栓,彦根市,1710,彦根市金沢町　 ,150,1894039,-8765769,0351234581,1361229003,
01,消火栓,彦根市,1711,彦根市金沢町　 ,100,1906479,-8778341,0351230492,1361233912,
01,消火栓,彦根市,1712,彦根市金沢町　 ,150,1888418,-8774280,0351231822,1361226773,
01,消火栓,彦根市,1713,彦根市海瀬町　 ,75,1927127,-8855942,0351205292,1361242012,
01,消火栓,彦根市,1714,彦根市金沢町　 ,100,1850233,-8830147,0351213716,1361211628,
01,消火栓,彦根市,1715,彦根市彦富町　 ,150,1705553,-8822556,0351216271,1361114424,
01,消火栓,彦根市,1716,彦根市金剛寺町　 ,250,2261399,-8573366,0351336751,1361454466,
01,消火栓,彦根市,1717,彦根市中薮町　 ,75,2227804,-8136693,0351558500,1361441604,
01,消火栓,彦根市,1718,彦根市松原町　 ,300,2419762,-7935537,0351703624,1361557780,
01,消火栓,彦根市,1719,彦根市松原町　 ,300,2422997,-7920775,0351708412,1361559076,
01,消火栓,彦根市,1720,彦根市正法寺町　 ,75,2500924,-8342486,0351451478,1361629459,
01,消火栓,彦根市,1721,彦根市西葛篭町　 ,100,2208251,-8623028,0351320676,1361433396,
01,消火栓,彦根市,1722,彦根市西葛篭町　 ,100,2183189,-8647825,0351312648,1361423460,
01,消火栓,彦根市,1723,彦根市肥田町　 ,75,1833357,-8858688,0351204464,1361204932,
01,消火栓,彦根市,1724,彦根市日夏町　 ,150,2015119,-8548384,0351345048,1361317076,
01,消火栓,彦根市,1725,彦根市日夏町　 ,100,2011192,-8542292,0351347028,1361315528,
01,消火栓,彦根市,1726,彦根市日夏町　 ,100,2015181,-8535074,0351349368,1361317112,
01,消火栓,彦根市,1727,彦根市日夏町　 ,150,2019110,-8542164,0351347064,1361318660,
01,消火栓,彦根市,1728,彦根市日夏町　 ,75,2023219,-8548145,0351345120,1361320280,
01,消火栓,彦根市,1729,彦根市日夏町　 ,150,2029942,-8542694,0351346884,1361322944,
01,消火栓,彦根市,1730,彦根市日夏町　 ,75,2021363,-8531954,0351350376,1361319560,
01,消火栓,彦根市,1731,彦根市日夏町　 ,100,2028738,-8533601,0351349836,1361322476,
01,消火栓,彦根市,1732,彦根市日夏町　 ,100,2035280,-8528706,0351351420,1361325068,
01,消火栓,彦根市,1733,彦根市日夏町　 ,150,2031902,-8523833,0351353004,1361323736,
01,消火栓,彦根市,1734,彦根市日夏町　 ,75,2039536,-8518935,0351354588,1361326760,
01,消火栓,彦根市,1735,彦根市日夏町　 ,75,2050252,-8508928,0351357828,1361331008,
01,消火栓,彦根市,1736,彦根市日夏町　 ,150,2041607,-8509169,0351357756,1361327588,
01,消火栓,彦根市,1737,彦根市日夏町　 ,100,2033515,-8512737,0351356604,1361324384,
01,消火栓,彦根市,1738,彦根市日夏町　 ,100,2035406,-8503859,0351359484,1361325140,
01,消火栓,彦根市,1739,彦根市日夏町　 ,150,2046684,-8500506,0351400564,1361329604,
01,消火栓,彦根市,1740,彦根市日夏町　 ,100,2041846,-8494083,0351402652,1361327696,
01,消火栓,彦根市,1741,彦根市日夏町　 ,150,2055325,-8498490,0351401212,1361333024,
01,消火栓,彦根市,1742,彦根市日夏町　 ,150,2048306,-8493514,0351402832,1361330252,
01,消火栓,彦根市,1743,彦根市日夏町　 ,150,2039464,-8487322,0351404848,1361326760,
01,消火栓,彦根市,1744,彦根市古沢町　 ,75,2450228,-8068231,0351620532,1361609696,
01,消火栓,彦根市,1745,彦根市中薮町　 ,100,2196260,-8108706,0351607608,1361429148,
01,消火栓,彦根市,1746,彦根市中薮町　 ,50,2205828,-8115671,0351605340,1361432928,
01,消火栓,彦根市,1747,彦根市中薮町　 ,200,2194202,-8123020,0351602964,1361428320,
01,消火栓,彦根市,1748,彦根市正法寺町　 ,75,2410314,-8314256,0351500720,1361553640,
01,消火栓,彦根市,1749,彦根市竹ケ鼻町　 ,100,2242678,-8448018,0351417448,1361447184,
01,消火栓,彦根市,1750,彦根市東沼波町　 ,100,2420816,-8371663,0351442080,1361557734,
01,消火栓,彦根市,1751,彦根市仏生寺町　 ,100,2760307,-8110000,0351606686,1361812360,
01,消火栓,彦根市,1752,彦根市仏生寺町　 ,100,2763668,-8088734,0351613584,1361813716,
01,消火栓,彦根市,1753,彦根市笹尾町　 ,75,2708069,-8234657,0351526280,1361751540,
01,消火栓,彦根市,1754,彦根市笹尾町　 ,100,2729071,-8229602,0351527900,1361759856,
01,消火栓,彦根市,1755,彦根市荘厳寺町　 ,100,2742226,-8069694,0351619785,1361805254,
01,消火栓,彦根市,1756,彦根市荘厳寺町　 ,75,2784947,-8054564,0351624653,1361822179,
01,消火栓,彦根市,1757,彦根市荘厳寺町　 ,75,2793752,-8050927,0351625824,1361825668,
01,消火栓,彦根市,1758,彦根市東沼波町　 ,100,2350396,-8366437,0351443836,1361529880,
01,消火栓,彦根市,1759,彦根市駅東町,150,2439561,-8093218,0351612432,1361605448,
01,消火栓,彦根市,1760,彦根市南三ツ谷町　 ,150,1412012,-8747746,0351240716,1360918396,
01,消火栓,彦根市,1761,彦根市高宮町　 ,75,2324327,-8531845,0351350175,1361519399,
01,消火栓,彦根市,1762,彦根市日夏町　 ,150,2024699,-8579097,0351335074,1361320838,
01,消火栓,彦根市,1763,彦根市上岡部町　 ,100,1647325,-8693440,0351258212,1361051492,
01,消火栓,彦根市,1764,彦根市清崎町　 ,100,1957606,-8677958,0351303036,1361254216,
01,消火栓,彦根市,1765,彦根市西葛篭町　 ,100,2260376,-8611252,0351324456,1361454024,
01,消火栓,彦根市,1766,彦根市野口町　 ,100,2165754,-8665282,0351306996,1361416548,
01,消火栓,彦根市,1767,彦根市南川瀬町　 ,150,2063069,-8655516,0351310244,1361335946,
01,消火栓,彦根市,1768,彦根市甘呂町　 ,100,2025512,-8434111,0351422128,1361321288,
01,消火栓,彦根市,1769,彦根市八坂町　 ,75,1956508,-8254789,0351520376,1361254144,
01,消火栓,彦根市,1770,彦根市東沼波町　 ,75,2382812,-8374672,0351441136,1361542696,
01,消火栓,彦根市,1771,彦根市東沼波町　 ,100,2422952,-8380310,0351439272,1361558570,
01,消火栓,彦根市,1772,彦根市野瀬町　 ,75,2165923,-8356028,0351447364,1361416908,
01,消火栓,彦根市,1773,彦根市小泉町　 ,100,2295092,-8338961,0351452800,1361508028,
01,消火栓,彦根市,1774,彦根市大薮町　 ,100,2136420,-8136014,0351558792,1361405442,
01,消火栓,彦根市,1775,彦根市大薮町　 ,100,2096426,-8169619,0351547916,1361349584,
01,消火栓,彦根市,1776,彦根市平田町　 ,100,2257457,-8280487,0351511808,1361453196,
01,消火栓,彦根市,1777,彦根市鳥居本町　 ,100,2633977,-8034247,0351631393,1361722455,
01,消火栓,彦根市,1778,彦根市善谷町　 ,75,2837965,-7962717,0351654407,1361843276,
01,消火栓,彦根市,1779,彦根市善谷町　 ,75,2829995,-7969130,0351652334,1361840113,
01,消火栓,彦根市,1780,彦根市宮田町　 ,75,2541388,-7878964,0351721876,1361645984,
01,消火栓,彦根市,1781,彦根市古沢町　 ,100,2437203,-8062165,0351622512,1361604548,
01,消火栓,彦根市,1782,彦根市後三条町　 ,75,2268250,-8194494,0351539708,1361457552,
01,消火栓,彦根市,1783,彦根市大薮町　 ,100,2173445,-8192287,0351540500,1361420040,
01,消火栓,彦根市,1784,彦根市大薮町　 ,100,2179005,-8196600,0351539096,1361422236,
01,消火栓,彦根市,1785,彦根市西今町　 ,75,2165547,-8245171,0351523343,1361416865,
01,消火栓,彦根市,1786,彦根市西今町　 ,75,2169858,-8251861,0351521168,1361418564,
01,消火栓,彦根市,1787,彦根市西今町　 ,100,2163960,-8296467,0351506696,1361416187,
01,消火栓,彦根市,1788,彦根市野瀬町　 ,100,2161354,-8348163,0351449920,1361415108,
01,消火栓,彦根市,1789,彦根市野瀬町　 ,100,2170560,-8354575,0351447832,1361418744,
01,消火栓,彦根市,1790,彦根市高宮町　 ,75,2351986,-8418123,0351427060,1361530456,
01,消火栓,彦根市,1791,彦根市高宮町　 ,100,2311827,-8442630,0351419140,1361514544,
01,消火栓,彦根市,1792,彦根市八坂町　 ,200,2014396,-8224047,0351530312,1361317076,
01,消火栓,彦根市,1793,彦根市川瀬馬場町　 ,100,2039235,-8587597,0351332304,1361326580,
01,消火栓,彦根市,1794,彦根市川瀬馬場町　 ,100,2037262,-8598256,0351328846,1361325790,
01,消火栓,彦根市,1795,彦根市南川瀬町　 ,100,2104272,-8648234,0351312576,1361352248,
01,消火栓,彦根市,1796,彦根市上稲葉町　 ,100,1705130,-8888001,0351155032,1361114208,
01,消火栓,彦根市,1797,彦根市中薮２丁目　 ,100,2209876,-8096693,0351611496,1361434548,
01,消火栓,彦根市,1798,彦根市鳥居本町　 ,100,2646898,-8007000,0351640224,1361727600,
01,消火栓,彦根市,1799,彦根市鳥居本町　 ,100,2643188,-8013445,0351638136,1361726124,
01,消火栓,彦根市,1800,彦根市鳥居本町　 ,75,2652547,-8019909,0351636029,1361729821,
01,消火栓,彦根市,1801,彦根市松原町　 ,75,2419800,-7943155,0351701152,1361557787,
01,消火栓,彦根市,1802,彦根市大薮町　 ,100,2216515,-8170441,0351547556,1361437104,
01,消火栓,彦根市,1803,彦根市大薮町　 ,100,2222081,-8176861,0351545468,1361439300,
01,消火栓,彦根市,1804,彦根市大薮町　 ,200,2164938,-8210832,0351534488,1361416656,
01,消火栓,彦根市,1805,彦根市西今町　 ,100,2163878,-8223923,0351530240,1361416224,
01,消火栓,彦根市,1806,彦根市西今町　 ,100,2154158,-8238471,0351525526,1361412364,
01,消火栓,彦根市,1807,彦根市西今町　 ,150,2149645,-8245745,0351523169,1361410572,
01,消火栓,彦根市,1808,彦根市開出今町　 ,200,2122083,-8247982,0351522464,1361359664,
01,消火栓,彦根市,1809,彦根市開出今町　 ,200,2115099,-8257538,0351519368,1361356892,
01,消火栓,彦根市,1810,彦根市開出今町　 ,150,2116849,-8266407,0351516488,1361357576,
01,消火栓,彦根市,1811,彦根市野瀬町　 ,150,2123867,-8271604,0351514796,1361400348,
01,消火栓,彦根市,1812,彦根市野瀬町　 ,150,2129623,-8281685,0351511520,1361402616,
01,消火栓,彦根市,1813,彦根市野瀬町　 ,150,2134098,-8288884,0351509180,1361404380,
01,消火栓,彦根市,1814,彦根市野瀬町　 ,150,2142120,-8295188,0351507128,1361407548,
01,消火栓,彦根市,1815,彦根市野瀬町　 ,150,2148866,-8300496,0351505400,1361410212,
01,消火栓,彦根市,1816,彦根市野瀬町　 ,75,2170885,-8370815,0351442561,1361418857,
01,消火栓,彦根市,1817,彦根市西今町　 ,100,2192859,-8356518,0351447184,1361427564,
01,消火栓,彦根市,1818,彦根市西今町　 ,100,2200768,-8353503,0351448156,1361430696,
01,消火栓,彦根市,1819,彦根市西今町　 ,100,2233055,-8347323,0351450136,1361443476,
01,消火栓,彦根市,1820,彦根市小泉町　 ,75,2287332,-8329107,0351456004,1361504968,
01,消火栓,彦根市,1821,彦根市八坂町　 ,200,1999094,-8239728,0351525234,1361311008,
01,消火栓,彦根市,1822,彦根市八坂町　 ,200,1992484,-8248043,0351522540,1361308385,
01,消火栓,彦根市,1823,彦根市正法寺町　 ,100,2490813,-8337221,0351453196,1361625464,
01,消火栓,彦根市,1824,彦根市東沼波町　 ,100,2435803,-8379716,0351439453,1361603655,
01,消火栓,彦根市,1825,彦根市東沼波町　 ,100,2429130,-8377784,0351440086,1361601017,
01,消火栓,彦根市,1826,彦根市高宮町　 ,100,2403826,-8457979,0351414081,1361550922,
01,消火栓,彦根市,1827,彦根市東沼波町　 ,100,2361474,-8357424,0351446752,1361534272,
01,消火栓,彦根市,1828,彦根市高宮町　 ,75,2341808,-8423474,0351425332,1361526424,
01,消火栓,彦根市,1829,彦根市高宮町　 ,100,2299613,-8456076,0351414786,1361509699,
01,消火栓,彦根市,1830,彦根市古沢町　 ,200,2476981,-8071708,0351619380,1361620280,
01,消火栓,彦根市,1831,彦根市古沢町　 ,150,2438710,-8081129,0351616356,1361605124,
01,消火栓,彦根市,1832,彦根市古沢町　 ,75,2430373,-8025579,0351634392,1361601884,
01,消火栓,彦根市,1833,彦根市馬場１丁目　 ,100,2296886,-8006961,0351640548,1361509072,
01,消火栓,彦根市,1834,彦根市馬場１丁目　 ,100,2291081,-8013520,0351638424,1361506768,
01,消火栓,彦根市,1835,彦根市芹川町　 ,75,2427202,-8214730,0351533007,1361600428,
01,消火栓,彦根市,1836,彦根市正法寺町　 ,75,2506707,-8293917,0351507236,1361631800,
01,消火栓,彦根市,1837,彦根市正法寺町　 ,150,2492952,-8329141,0351455816,1361626319,
01,消火栓,彦根市,1838,彦根市正法寺町　 ,100,2485678,-8323037,0351457804,1361623448,
01,消火栓,彦根市,1839,彦根市正法寺町　 ,100,2480809,-8339134,0351452584,1361621504,
01,消火栓,彦根市,1840,彦根市後三条町　 ,100,2317115,-8233526,0351527000,1361516848,
01,消火栓,彦根市,1841,彦根市後三条町　 ,75,2320499,-8240506,0351524732,1361518180,
01,消火栓,彦根市,1842,彦根市後三条町　 ,100,2318687,-8243616,0351523724,1361517460,
01,消火栓,彦根市,1843,彦根市高宮町　 ,75,2391686,-8426782,0351424216,1361546152,
01,消火栓,彦根市,1844,彦根市高宮町　 ,75,2382478,-8420595,0351426232,1361542516,
01,消火栓,彦根市,1845,彦根市野瀬町　 ,150,2158712,-8308459,0351502808,1361414100,
01,消火栓,彦根市,1846,彦根市野瀬町　 ,100,2155609,-8318281,0351459623,1361412863,
01,消火栓,彦根市,1847,彦根市野瀬町　 ,100,2163478,-8322868,0351458128,1361415972,
01,消火栓,彦根市,1848,彦根市西今町　 ,75,2171456,-8310869,0351502016,1361419140,
01,消火栓,彦根市,1849,彦根市戸賀町　 ,75,2235710,-8317146,0351459928,1361444556,
01,消火栓,彦根市,1850,彦根市高宮町　 ,150,2301349,-8473604,0351409096,1361510368,
01,消火栓,彦根市,1851,彦根市高宮町　 ,150,2307644,-8479689,0351407116,1361512852,
01,消火栓,彦根市,1852,彦根市高宮町　 ,150,2314848,-8485217,0351405316,1361515696,
01,消火栓,彦根市,1853,彦根市高宮町　 ,75,2320495,-8494338,0351402351,1361517921,
01,消火栓,彦根市,1854,彦根市高宮町　 ,75,2304659,-8486685,0351404848,1361511664,
01,消火栓,彦根市,1855,彦根市高宮町　 ,150,2313056,-8496092,0351401788,1361514976,
01,消火栓,彦根市,1856,彦根市高宮町　 ,100,2315532,-8503628,0351359340,1361515948,
01,消火栓,彦根市,1857,彦根市野瀬町　 ,100,2153004,-8321634,0351458537,1361411829,
01,消火栓,彦根市,1858,彦根市野瀬町　 ,100,2158745,-8328516,0351456299,1361414094,
01,消火栓,彦根市,1859,彦根市宇尾町　 ,75,2153680,-8398553,0351433572,1361412025,
01,消火栓,彦根市,1860,彦根市川瀬馬場町　 ,150,2090409,-8597020,0351329208,1361346812,
01,消火栓,彦根市,1861,彦根市肥田町　 ,75,1852093,-8849222,0351207524,1361212348,
01,消火栓,彦根市,1862,彦根市田原町　 ,100,1671752,-8759504,0351236756,1361101104,
01,消火栓,彦根市,1863,彦根市賀田山町　 ,75,1901674,-8658111,0351309516,1361232112,
01,消火栓,彦根市,1864,彦根市大薮町　 ,200,2159836,-8093709,0351612504,1361414748,
01,消火栓,彦根市,1865,彦根市川瀬馬場町　 ,300,2078624,-8574045,0351336674,1361342172,
01,消火栓,彦根市,1866,彦根市野瀬町　 ,100,2185228,-8361860,0351445456,1361424540,
01,消火栓,彦根市,1867,彦根市地蔵町　 ,100,2494343,-8297501,0351506084,1361626904,
01,消火栓,彦根市,1868,彦根市地蔵町　 ,100,2485355,-8304846,0351503708,1361623340,
01,消火栓,彦根市,1869,彦根市大薮町　 ,100,2178838,-8202479,0351537188,1361422164,
01,消火栓,彦根市,1870,彦根市松原町　 ,75,2425595,-7973679,0351651240,1361600048,
01,消火栓,彦根市,1871,彦根市松原町　 ,150,2414682,-7974485,0351650988,1361555728,
01,消火栓,彦根市,1872,彦根市宇尾町　 ,75,2189757,-8428292,0351423892,1361426268,
01,消火栓,彦根市,1873,彦根市大堀町　 ,100,2425510,-8433758,0351421923,1361559525,
01,消火栓,彦根市,1874,彦根市野田山町　 ,75,2534968,-8378140,0351439876,1361642888,
01,消火栓,彦根市,1875,彦根市大薮町　 ,75,2207399,-8200080,0351537944,1361433468,
01,消火栓,彦根市,1876,彦根市高宮町　 ,125,2477359,-8574412,0351336228,1361619884,
01,消火栓,彦根市,1877,彦根市西今町　 ,100,2160113,-8285827,0351510152,1361414676,
01,消火栓,彦根市,1878,彦根市高宮町　 ,50,2370376,-8490286,0351403624,1361537656,
01,消火栓,彦根市,1879,彦根市肥田町　 ,150,1855131,-8865521,0351202232,1361213536,
01,消火栓,彦根市,1880,彦根市松原町　 ,300,2405921,-7997359,0351643572,1361552236,
01,消火栓,彦根市,1881,彦根市松原町　 ,75,2359576,-7875132,0351723280,1361534020,
01,消火栓,彦根市,1882,彦根市松原町　 ,75,2340637,-7901692,0351714676,1361526496,
01,消火栓,彦根市,1883,彦根市松原町　 ,75,2294199,-7952060,0351658368,1361508064,
01,消火栓,彦根市,1884,彦根市外町　 ,75,2459361,-8181903,0351543632,1361613188,
01,消火栓,彦根市,1885,彦根市戸賀町　 ,150,2206280,-8306158,0351503518,1361432923,
01,消火栓,彦根市,1886,彦根市戸賀町　 ,150,2193074,-8296116,0351506787,1361427708,
01,消火栓,彦根市,1887,彦根市宮田町　 ,100,2551034,-7848654,0351731704,1361649836,
01,消火栓,彦根市,1888,彦根市宮田町　 ,100,2539362,-7860128,0351727991,1361645203,
01,消火栓,彦根市,1889,彦根市辻堂町　 ,300,2125947,-8498104,0351401284,1361400960,
01,消火栓,彦根市,1890,彦根市西今町　 ,150,2153698,-8228163,0351528872,1361412192,
01,消火栓,彦根市,1891,彦根市正法寺町　 ,100,2495513,-8358949,0351446140,1361627300,
01,消火栓,彦根市,1892,彦根市正法寺町　 ,100,2496301,-8317677,0351459534,1361627657,
01,消火栓,彦根市,1893,彦根市開出今町　 ,75,2103061,-8215063,0351533162,1361352168,
01,消火栓,彦根市,1894,彦根市正法寺町　 ,75,2506815,-8332851,0351454600,1361631800,
01,消火栓,彦根市,1895,彦根市松原町　 ,150,2422005,-7949787,0351658997,1361558653,
01,消火栓,彦根市,1896,彦根市松原町　 ,150,2418264,-7953511,0351657792,1361557168,
01,消火栓,彦根市,1897,彦根市松原町　 ,150,2421295,-7964484,0351654228,1361558356,
01,消火栓,彦根市,1898,彦根市西今町　 ,100,2241971,-8399924,0351433058,1361446952,
01,消火栓,彦根市,1899,彦根市正法寺町　 ,100,2563041,-8326141,0351456726,1361654053,
01,消火栓,彦根市,1900,彦根市正法寺町　 ,100,2567005,-8310886,0351501674,1361655638,
01,消火栓,彦根市,1901,彦根市川瀬馬場町　 ,100,2107610,-8588594,0351331930,1361353623,
01,消火栓,彦根市,1902,彦根市竹ケ鼻町　 ,100,2236093,-8434945,0351421696,1361444592,
01,消火栓,彦根市,1903,彦根市竹ケ鼻町　 ,100,2239435,-8424954,0351424936,1361445924,
01,消火栓,彦根市,1904,彦根市竹ケ鼻町　 ,100,2246146,-8413277,0351428720,1361448591,
01,消火栓,彦根市,1905,彦根市彦富町　 ,250,1683238,-8865746,0351202268,1361105568,
01,消火栓,彦根市,1906,彦根市西今町　 ,100,2160717,-8233692,0351527072,1361414964,
01,消火栓,彦根市,1907,彦根市川瀬馬場町　 ,100,2067936,-8613427,0351323900,1361337909,
01,消火栓,彦根市,1908,彦根市南川瀬町　 ,100,2060426,-8620382,0351321648,1361334932,
01,消火栓,彦根市,1909,彦根市川瀬馬場町　 ,100,2057676,-8611736,0351324456,1361333852,
01,消火栓,彦根市,1910,彦根市東沼波町　 ,75,2376850,-8362276,0351445164,1361540350,
01,消火栓,彦根市,1911,彦根市芹川町　 ,50,2405581,-8239899,0351524857,1361551846,
01,消火栓,彦根市,1912,彦根市後三条町　 ,150,2273076,-8160096,0351550868,1361459496,
01,消火栓,彦根市,1913,彦根市後三条町　 ,100,2278797,-8192027,0351540500,1361501728,
01,消火栓,彦根市,1914,彦根市堀町　 ,75,2156309,-8483612,0351405964,1361412984,
01,消火栓,彦根市,1915,彦根市野田山町　 ,100,2561456,-8398961,0351433095,1361653344,
01,消火栓,彦根市,1916,彦根市蓮台寺町　 ,150,2087455,-8539790,0351347784,1361345696,
01,消火栓,彦根市,1917,彦根市日夏町　 ,75,2031339,-8568980,0351338352,1361323473,
01,消火栓,彦根市,1918,彦根市高宮町　 ,150,2486782,-8558746,0351341304,1361623628,
01,消火栓,彦根市,1919,彦根市南川瀬町　 ,100,2113112,-8691806,0351258428,1361355704,
01,消火栓,彦根市,1920,彦根市東沼波町　 ,150,2372240,-8368488,0351443152,1361538520,
01,消火栓,彦根市,1921,彦根市大堀町　 ,75,2407519,-8421873,0351425796,1361552421,
01,消火栓,彦根市,1922,彦根市川瀬馬場町　 ,150,2170116,-8630180,0351318385,1361418307,
01,消火栓,彦根市,1923,彦根市稲部町　 ,200,1779766,-8829956,0351213824,1361143764,
01,消火栓,彦根市,1924,彦根市稲部町　 ,200,1763630,-8818895,0351217424,1361137392,
01,消火栓,彦根市,1925,彦根市楡町　 ,0,2035968,-8753323,0351238520,1361325140,
01,消火栓,彦根市,1926,彦根市楡町　 ,0,2045538,-8758404,0351236864,1361328920,
01,消火栓,彦根市,1927,彦根市南川瀬町　 ,0,2128431,-8703084,0351254756,1361401752,
01,消火栓,彦根市,1928,彦根市南川瀬町　 ,0,2141327,-8690297,0351258896,1361406864,
01,消火栓,彦根市,1929,彦根市南川瀬町　 ,0,2152224,-8679290,0351302460,1361411184,
01,消火栓,彦根市,1930,彦根市高宮町　 ,150,2364869,-8437945,0351420616,1361535532,
01,消火栓,彦根市,1931,彦根市高宮町　 ,100,2373386,-8423503,0351425296,1361538916,
01,消火栓,彦根市,1932,彦根市森堂町　 ,0,2249638,-8588047,0351331996,1361449800,
01,消火栓,彦根市,1933,彦根市森堂町　 ,0,2257225,-8594973,0351329742,1361452794,
01,消火栓,彦根市,1934,彦根市西今町　 ,75,2184345,-8373177,0351441784,1361424180,
01,消火栓,彦根市,1935,彦根市平田町　 ,0,2253620,-8253914,0351520436,1361451704,
01,消火栓,彦根市,1936,彦根市西今町　 ,150,2172478,-8244091,0351523688,1361419608,
01,消火栓,彦根市,1937,彦根市西今町　 ,150,2164459,-8238785,0351525416,1361416440,
01,消火栓,彦根市,1938,彦根市野瀬町　 ,150,2171392,-8321961,0351458416,1361419104,
01,消火栓,彦根市,1939,彦根市竹ケ鼻町　 ,100,2254250,-8417596,0351427312,1361451792,
01,消火栓,彦根市,1940,彦根市日夏町　 ,75,2068020,-8478273,0351407764,1361338064,
01,消火栓,彦根市,1941,彦根市小泉町　 ,0,2332818,-8394803,0351434645,1361522897,
01,消火栓,彦根市,1942,彦根市小泉町　 ,0,2337253,-8401009,0351432627,1361524645,
01,消火栓,彦根市,1943,彦根市小泉町　 ,0,2340364,-8393339,0351435114,1361525884,
01,消火栓,彦根市,1944,彦根市小泉町　 ,0,2341110,-8402343,0351432191,1361526170,
01,消火栓,彦根市,1945,彦根市小泉町　 ,0,2284642,-8322190,0351458251,1361503911,
01,消火栓,彦根市,1946,彦根市小泉町　 ,0,2276089,-8320474,0351458815,1361500529,
01,消火栓,彦根市,1947,彦根市小泉町　 ,0,2262548,-8333678,0351454541,1361455158,
01,消火栓,彦根市,1948,彦根市小泉町　 ,0,2262337,-8340151,0351452440,1361455068,
01,消火栓,彦根市,1949,彦根市西今町　 ,0,2234588,-8414983,0351428176,1361444016,
01,消火栓,彦根市,1950,彦根市大堀町　 ,0,2447259,-8426808,0351424159,1361608137,
01,消火栓,彦根市,1951,彦根市大堀町　 ,0,2453210,-8430380,0351422995,1361610487,
01,消火栓,彦根市,1952,彦根市南川瀬町　 ,150,2059109,-8662560,0351307960,1361334373,
01,消火栓,彦根市,1953,彦根市野田山町　 ,0,2569605,-8398563,0351433216,1361656568,
01,消火栓,彦根市,1955,彦根市辻堂町　 ,150,2139774,-8495521,0351402112,1361406432,
01,消火栓,彦根市,1956,彦根市蓮台寺町　 ,100,2117377,-8491580,0351403408,1361357576,
01,消火栓,彦根市,1957,彦根市野瀬町　 ,50,2158233,-8372775,0351441935,1361413850,
01,消火栓,彦根市,1958,彦根市野瀬町　 ,150,2179797,-8336139,0351453808,1361422416,
01,消火栓,彦根市,1959,彦根市大堀町　 ,75,2455542,-8400036,0351432841,1361611442,
01,消火栓,彦根市,1960,彦根市清崎町　 ,0,1837253,-8597118,0351329355,1361206683,
01,消火栓,彦根市,1961,彦根市稲里町　 ,0,1863815,-8627542,0351319463,1361217164,
01,消火栓,彦根市,1962,彦根市小泉町　 ,0,2324861,-8387357,0351437068,1361519757,
01,消火栓,彦根市,1963,彦根市小泉町　 ,0,2329583,-8388390,0351436729,1361521624,
01,消火栓,彦根市,1964,彦根市東沼波町　 ,0,2339485,-8379686,0351439546,1361525550,
01,消火栓,彦根市,1965,彦根市小泉町　 ,0,2326330,-8395874,0351434303,1361520329,
01,消火栓,彦根市,1966,彦根市小泉町　 ,0,2336294,-8387628,0351436971,1361524280,
01,消火栓,彦根市,1967,彦根市東沼波町　 ,0,2343364,-8386950,0351437185,1361527077,
01,消火栓,彦根市,1968,彦根市平田町　 ,0,2268412,-8259162,0351518720,1361457552,
01,消火栓,彦根市,1969,彦根市平田町　 ,0,2272585,-8253938,0351520412,1361459208,
01,消火栓,彦根市,1970,彦根市小泉町　 ,0,2332464,-8404447,0351431515,1361522747,
01,消火栓,彦根市,1971,彦根市原町　 ,0,2503244,-8247801,0351522206,1361630480,
01,消火栓,彦根市,1972,彦根市賀田山町　 ,0,1976764,-8697327,0351256736,1361301776,
01,消火栓,彦根市,1973,彦根市大堀町　 ,0,2473518,-8406694,0351430664,1361618547,
01,消火栓,彦根市,1974,彦根市大堀町　 ,0,2468243,-8413999,0351428298,1361616452,
01,消火栓,彦根市,1975,彦根市大堀町　 ,0,2445243,-8444608,0351418384,1361607320,
01,消火栓,彦根市,1976,彦根市高宮町　 ,0,2436268,-8457500,0351414208,1361603756,
01,消火栓,彦根市,1977,彦根市高宮町　 ,0,2423718,-8475308,0351408439,1361558773,
01,消火栓,彦根市,1978,彦根市高宮町　 ,0,2408695,-8458017,0351414064,1361552848,
01,消火栓,彦根市,1979,彦根市高宮町　 ,75,2396253,-8419303,0351426640,1361547967,
01,消火栓,彦根市,1980,彦根市高宮町　 ,75,2411291,-8430928,0351422854,1361553904,
01,消火栓,彦根市,1981,彦根市西今町　 ,100,2239992,-8403642,0351431852,1361446165,
01,消火栓,彦根市,1982,彦根市高宮町　 ,0,2440363,-8447951,0351417304,1361605386,
01,消火栓,彦根市,1983,彦根市竹ケ鼻町　 ,0,2254017,-8433459,0351422164,1361451684,
01,消火栓,彦根市,1984,彦根市高宮町　 ,0,2421697,-8459260,0351413650,1361557990,
01,消火栓,彦根市,1985,彦根市野田山町　 ,200,2541491,-8416138,0351427538,1361645427,
01,消火栓,彦根市,1986,彦根市稲部町　 ,100,1809475,-8844539,0351209072,1361155500,
01,消火栓,彦根市,1987,彦根市高宮町　 ,75,2402152,-8427087,0351424108,1361550292,
01,消火栓,彦根市,1988,彦根市高宮町　 ,75,2394685,-8425332,0351424684,1361547340,
01,消火栓,彦根市,1989,彦根市松原町　 ,200,2330397,-7916028,0351710032,1361522428,
01,消火栓,彦根市,1990,彦根市松原町　 ,200,2345643,-7973225,0351651456,1361528404,
01,消火栓,彦根市,1991,彦根市日夏町　 ,0,1981952,-8564338,0351339894,1361303943,
01,消火栓,彦根市,1992,彦根市馬場２丁目　 ,200,2266306,-7999939,0351642852,1361456976,
01,消火栓,彦根市,1993,彦根市後三条町　 ,150,2265057,-8154791,0351552596,1361456328,
01,消火栓,彦根市,1994,彦根市西葛篭町　 ,75,2218325,-8611024,0351324564,1361437392,
01,消火栓,彦根市,1995,彦根市西葛篭町　 ,75,2249339,-8638234,0351315708,1361449632,
01,消火栓,彦根市,1996,彦根市芹川町　 ,0,2426785,-8247103,0351522500,1361600228,
01,消火栓,彦根市,1997,彦根市野瀬町　 ,0,2163476,-8344438,0351451128,1361415951,
01,消火栓,彦根市,1998,彦根市長曽根南町　 ,0,2187229,-8098745,0351610848,1361425584,
01,消火栓,彦根市,1999,彦根市長曽根南町　 ,0,2190183,-8108043,0351607828,1361426744,
01,消火栓,彦根市,2000,彦根市岡町　 ,0,2350140,-8303101,0351504392,1361529844,
01,消火栓,彦根市,2001,彦根市岡町　 ,0,2357226,-8307425,0351502983,1361532643,
01,消火栓,彦根市,2002,彦根市野口町　 ,0,2174270,-8648623,0351312396,1361419932,
01,消火栓,彦根市,2003,彦根市野良田町　 ,100,1814991,-8916064,0351145855,1361157624,
01,消火栓,彦根市,2004,彦根市竹ケ鼻町　 ,0,2260559,-8429671,0351423388,1361454276,
01,消火栓,彦根市,2005,彦根市東沼波町　 ,75,2348821,-8393201,0351435151,1361529230,
01,消火栓,彦根市,2006,彦根市西今町　 ,0,2217661,-8404760,0351431508,1361437330,
01,消火栓,彦根市,2007,彦根市東沼波町　 ,200,2441738,-8292431,0351507776,1361606096,
01,消火栓,彦根市,2008,彦根市須越町　 ,0,1828390,-8341080,0351452458,1361203382,
01,消火栓,彦根市,2009,彦根市西今町　 ,100,2211417,-8391857,0351435700,1361434872,
01,消火栓,彦根市,2010,彦根市宇尾町　 ,75,2175268,-8402719,0351432203,1361420561,
01,消火栓,彦根市,2011,彦根市楡町　 ,150,2039132,-8703401,0351254720,1361326436,
01,消火栓,彦根市,2012,彦根市竹ケ鼻町　 ,0,2225636,-8438299,0351420616,1361440452,
01,消火栓,彦根市,2013,彦根市西今町　 ,0,2137593,-8266026,0351516596,1361405784,
01,消火栓,彦根市,2014,彦根市大薮町　 ,0,2174534,-8115303,0351605484,1361420544,
01,消火栓,彦根市,2015,彦根市大薮町　 ,0,2181546,-8118614,0351604404,1361423316,
01,消火栓,彦根市,2016,彦根市西今町　 ,100,2130441,-8263867,0351517302,1361402957,
01,消火栓,彦根市,2016,彦根市西沼波町　 ,0,2420381,-8250152,0351521516,1361557691,
01,消火栓,彦根市,2017,彦根市西沼波町　 ,0,2412444,-8255075,0351519926,1361554545,
01,消火栓,彦根市,2018,彦根市野良田町　 ,0,1815338,-8907863,0351148516,1361157768,
01,消火栓,彦根市,2019,彦根市川瀬馬場町　 ,0,2182114,-8633604,0351317264,1361423049,
01,消火栓,彦根市,2020,彦根市高宮町　 ,0,2380956,-8571522,0351337223,1361541789,
01,消火栓,彦根市,2021,彦根市西今町　 ,75,2194286,-8380101,0351439529,1361428106,
01,消火栓,彦根市,2022,彦根市岡町　 ,0,2340390,-8297691,0351506156,1361525992,
01,消火栓,彦根市,2023,彦根市岡町　 ,0,2333772,-8307025,0351503132,1361523364,
01,消火栓,彦根市,2024,彦根市南川瀬町　 ,0,2151424,-8687168,0351259904,1361410860,
01,消火栓,彦根市,2025,彦根市小泉町　 ,0,2289666,-8313750,0351500986,1361505907,
01,消火栓,彦根市,2026,彦根市小泉町　 ,0,2284993,-8307006,0351503179,1361504065,
01,消火栓,彦根市,2027,彦根市西葛篭町　 ,0,2225902,-8622945,0351320689,1361440378,
01,消火栓,彦根市,2028,彦根市西葛篭町　 ,0,2217278,-8629440,0351318588,1361436960,
01,消火栓,彦根市,2029,彦根市西葛篭町　 ,0,2227139,-8632284,0351317657,1361440858,
01,消火栓,彦根市,2030,彦根市稲部町　 ,150,1818096,-8830545,0351213608,1361158920,
01,消火栓,彦根市,2031,彦根市高宮町　 ,100,2384562,-8570329,0351337634,1361543184,
01,消火栓,彦根市,2032,彦根市大薮町　 ,0,2203263,-8222544,0351530657,1361431810,
01,消火栓,彦根市,2033,彦根市長曽根町　 ,100,2191306,-8084392,0351615503,1361427211,
01,消火栓,彦根市,2034,彦根市長曽根町　 ,100,2201948,-8072526,0351619346,1361431434,
01,消火栓,彦根市,2035,彦根市長曽根町　 ,150,2182080,-8075796,0351618300,1361423568,
01,消火栓,彦根市,2036,彦根市長曽根町　 ,150,2193334,-8065453,0351621648,1361428032,
01,消火栓,彦根市,2037,彦根市西今町　 ,0,2226602,-8350223,0351449200,1361440920,
01,消火栓,彦根市,2038,彦根市東沼波町　 ,150,2373987,-8383652,0351438229,1361539195,
01,消火栓,彦根市,2039,彦根市野良田町　 ,150,1818835,-8878101,0351158173,1361159175,
01,消火栓,彦根市,2040,彦根市駅東町,0,2437352,-8139797,0351557317,1361604524,
01,消火栓,彦根市,2041,彦根市後三条町　 ,150,2288500,-8179246,0351544640,1361505580,
01,消火栓,彦根市,2042,彦根市須越町　 ,75,1900440,-8312166,0351501793,1361231912,
01,消火栓,彦根市,2043,彦根市野田山町　 ,0,2560749,-8350939,0351448681,1361653118,
01,消火栓,彦根市,2044,彦根市野田山町　 ,0,2559480,-8357883,0351446428,1361652608,
01,消火栓,彦根市,2045,彦根市山之脇町　 ,100,2323913,-8294406,0351507236,1361519476,
01,消火栓,彦根市,2046,彦根市大堀町　 ,100,2444022,-8419424,0351426559,1361606864,
01,消火栓,彦根市,2047,彦根市大堀町　 ,100,2440275,-8424545,0351424900,1361605376,
01,消火栓,彦根市,2048,彦根市東沼波町　 ,150,2408226,-8384366,0351437968,1361552740,
01,消火栓,彦根市,2049,彦根市東沼波町　 ,150,2398359,-8369417,0351442828,1361548852,
01,消火栓,彦根市,2050,彦根市大薮町　 ,100,2167490,-8099125,0351610740,1361417772,
01,消火栓,彦根市,2051,彦根市大薮町　 ,100,2172611,-8110206,0351607140,1361419788,
01,消火栓,彦根市,2052,彦根市小泉町　 ,100,2351955,-8339543,0351452563,1361530525,
01,消火栓,彦根市,2053,彦根市芹川町　 ,100,2421316,-8216121,0351532560,1361558097,
01,消火栓,彦根市,2054,彦根市高宮町　 ,100,2386291,-8562553,0351340156,1361543876,
01,消火栓,彦根市,2055,彦根市駅東町,75,2435263,-8152130,0351553316,1361603684,
01,消火栓,彦根市,2056,彦根市駅東町,150,2430166,-8117424,0351604584,1361601704,
01,消火栓,彦根市,2057,彦根市駅東町,100,2444496,-8101635,0351609696,1361607392,
01,消火栓,彦根市,2058,彦根市極楽寺町　 ,150,2189101,-8610862,0351324640,1361425834,
01,消火栓,彦根市,2059,彦根市高宮町　 ,0,2401159,-8440394,0351419790,1361549886,
01,消火栓,彦根市,2060,彦根市甲田町　 ,100,2633681,-7810481,0351744016,1361722596,
01,消火栓,彦根市,2061,彦根市野瀬町　 ,75,2153371,-8281850,0351511448,1361412012,
01,消火栓,彦根市,2062,彦根市駅東町,0,2435115,-8131055,0351600156,1361603648,
01,消火栓,彦根市,2063,彦根市駅東町,0,2440630,-8118395,0351604260,1361605844,
01,消火栓,彦根市,2064,彦根市小泉町９４８番地 ,0,2306667,-8310756,0351501944,1361512636,
01,消火栓,彦根市,2065,彦根市野瀬町　 ,150,2180648,-8349337,0351449524,1361422740,
01,消火栓,彦根市,2066,彦根市犬方町　 ,250,2280156,-8586134,0351332592,1361501872,
01,消火栓,彦根市,2067,彦根市日夏町１４９４番地１号　 ,0,1998572,-8473992,0351409204,1361310596,
01,消火栓,彦根市,2068,彦根市本庄町　 ,0,1559063,-8819603,0351217316,1361016500,
01,消火栓,彦根市,2069,彦根市高宮町　 ,0,2323006,-8472662,0351409384,1361518936,
01,消火栓,彦根市,2070,彦根市地蔵町　 ,100,2464040,-8309411,0351502245,1361614902,
01,消火栓,彦根市,2071,彦根市地蔵町　 ,100,2476901,-8307643,0351502808,1361619992,
01,消火栓,彦根市,2072,彦根市地蔵町　 ,100,2477377,-8315517,0351500252,1361620172,
01,消火栓,彦根市,2073,彦根市地蔵町　 ,100,2468293,-8320977,0351458488,1361616572,
01,消火栓,彦根市,2074,彦根市里根町　 ,0,2478102,-8135925,0351558537,1361620654,
01,消火栓,彦根市,2075,彦根市里根町　 ,0,2479481,-8108941,0351607294,1361621229,
01,消火栓,彦根市,2076,彦根市里根町　 ,0,2464983,-8108234,0351607536,1361615492,
01,消火栓,彦根市,2077,彦根市野瀬町　 ,0,2172272,-8338360,0351453093,1361419437,
01,消火栓,彦根市,2078,彦根市高宮町　 ,100,2386093,-8567134,0351338670,1361543793,
01,消火栓,彦根市,2079,彦根市芹川町　 ,100,2372400,-8290841,0351508352,1361538664,
01,消火栓,彦根市,2080,彦根市大薮町　 ,75,2184385,-8126372,0351601884,1361424432,
01,消火栓,彦根市,2081,彦根市柳川町　 ,75,1458753,-8603805,0351327408,1360936972,
01,消火栓,彦根市,2082,彦根市松原町　 ,100,2397080,-7962133,0351655012,1361548774,
01,消火栓,彦根市,2083,彦根市松原町　 ,100,2408846,-7968844,0351652824,1361553424,
01,消火栓,彦根市,2084,彦根市松原町　 ,100,2409711,-7952203,0351658224,1361553784,
01,消火栓,彦根市,2085,彦根市松原町　 ,100,2413312,-7938438,0351702688,1361555224,
01,消火栓,彦根市,2086,彦根市里根町　 ,150,2485538,-8113159,0351605920,1361623621,
01,消火栓,彦根市,2087,彦根市里根町　 ,100,2489989,-8124906,0351602103,1361625370,
01,消火栓,彦根市,2088,彦根市東沼波町　 ,100,2399135,-8387496,0351436960,1361549140,
01,消火栓,彦根市,2089,彦根市東沼波町　 ,100,2406520,-8393133,0351435124,1361552056,
01,消火栓,彦根市,2090,彦根市大薮町　 ,100,2148197,-8134002,0351559436,1361410104,
01,消火栓,彦根市,2091,彦根市長曽根町　 ,150,2213431,-8062631,0351622548,1361435988,
01,消火栓,彦根市,2092,彦根市八坂町　 ,150,2073703,-8199346,0351538285,1361340566,
01,消火栓,彦根市,2093,彦根市八坂町　 ,150,2066036,-8207847,0351535532,1361337524,
01,消火栓,彦根市,2094,彦根市野良田町　 ,100,1825711,-8896981,0351152041,1361201878,
01,消火栓,彦根市,2095,彦根市西今町　 ,100,2134432,-8258753,0351518959,1361404540,
01,消火栓,彦根市,2096,彦根市正法寺町　 ,100,2494942,-8320967,0351458468,1361627116,
01,消火栓,彦根市,2097,彦根市芹川町　 ,100,2402237,-8215735,0351532702,1361550548,
01,消火栓,彦根市,2098,彦根市野田山町　 ,100,2577414,-8431511,0351422516,1361659620,
01,消火栓,彦根市,2099,彦根市高宮町　 ,300,2388250,-8469719,0351410284,1361544748,
01,消火栓,彦根市,2100,彦根市高宮町　 ,100,2347790,-8489125,0351404020,1361528723,
01,消火栓,彦根市,2101,彦根市大薮町　 ,100,2141495,-8223311,0351530456,1361407368,
01,消火栓,彦根市,2102,彦根市西今町　 ,100,2157625,-8250593,0351521589,1361413725,
01,消火栓,彦根市,2103,彦根市野田山町　 ,100,2558239,-8430168,0351422969,1361652036,
01,消火栓,彦根市,2104,彦根市南川瀬町　 ,100,2154735,-8663422,0351307608,1361412192,
01,消火栓,彦根市,2105,彦根市南川瀬町　 ,100,2145445,-8660782,0351308472,1361408520,
01,消火栓,彦根市,2107,彦根市太堂町　 ,100,1982399,-8776514,0351231032,1361303936,
01,消火栓,彦根市,2108,彦根市西今町　 ,100,2230448,-8405941,0351431114,1361442387,
01,消火栓,彦根市,2109,彦根市竹ケ鼻町　 ,100,2252855,-8442114,0351419356,1361451216,
01,消火栓,彦根市,2110,彦根市駅東町,100,2449448,-8149540,0351554144,1361609300,
01,消火栓,彦根市,2111,彦根市駅東町,100,2447504,-8137122,0351558176,1361608544,
01,消火栓,彦根市,2112,彦根市南川瀬町　 ,100,2045972,-8628818,0351318921,1361329208,
01,消火栓,彦根市,2113,彦根市高宮町　 ,100,2423642,-8452384,0351415879,1361558767,
01,消火栓,彦根市,2114,彦根市外町,100,2434101,-8181929,0351543646,1361603192,
01,消火栓,彦根市,2115,彦根市外町　 ,100,2436017,-8195499,0351539240,1361603936,
01,消火栓,彦根市,2116,彦根市高宮町　 ,100,2424811,-8494912,0351402076,1361559184,
01,消火栓,彦根市,2117,彦根市外町　 ,200,2423767,-8196458,0351538940,1361559088,
01,消火栓,彦根市,2118,彦根市大堀町　 ,150,2463192,-8420662,0351426140,1361614446,
01,消火栓,彦根市,2119,彦根市東沼波町　 ,100,2422060,-8385451,0351437604,1361558212,
01,消火栓,彦根市,2120,彦根市大堀町　 ,100,2432536,-8389514,0351436276,1361602352,
01,消火栓,彦根市,2121,彦根市野田山町　 ,100,2574147,-8391227,0351435593,1361658373,
01,消火栓,彦根市,2122,彦根市田附町　 ,150,1394991,-8808114,0351221132,1360911628,
01,消火栓,彦根市,2123,彦根市高宮町８８番地２ ,100,2486143,-8591470,0351330684,1361623340,
01,消火栓,彦根市,2124,彦根市日夏町１２８番地 ,100,2043830,-8445938,0351418276,1361328524,
01,消火栓,彦根市,2125,彦根市西沼波町　 ,100,2417638,-8259900,0351518355,1361556595,
01,消火栓,彦根市,2126,彦根市大堀町　 ,100,2447159,-8379380,0351439552,1361608148,
01,消火栓,彦根市,2127,彦根市高宮町　 ,100,2429207,-8466752,0351411211,1361600953,
01,消火栓,彦根市,2128,彦根市西今町　 ,100,2158185,-8240243,0351524948,1361413956,
01,消火栓,彦根市,2129,彦根市金剛寺町　 ,100,2209716,-8538966,0351347957,1361434057,
01,消火栓,彦根市,2130,彦根市野田山町　 ,100,2563946,-8421225,0351425866,1361654304,
01,消火栓,彦根市,2131,彦根市高宮町　 ,100,2412439,-8478331,0351407468,1361554308,
01,消火栓,彦根市,2132,彦根市金田町　 ,300,1735282,-8800759,0351223328,1361126196,
01,消火栓,彦根市,2133,彦根市極楽寺町　 ,250,2165963,-8562456,0351340368,1361416728,
01,消火栓,彦根市,2134,彦根市松原町　 ,150,2371836,-7972380,0351651708,1361538772,
01,消火栓,彦根市,2135,彦根市野良田町　 ,150,1809178,-8920977,0351144264,1361155322,
01,消火栓,彦根市,2136,彦根市肥田町　 ,150,1907290,-8903903,0351149740,1361234128,
01,消火栓,彦根市,2137,彦根市川瀬馬場町　 ,100,2129568,-8644514,0351313764,1361402256,
01,消火栓,彦根市,2138,彦根市大堀町　 ,100,2408997,-8400669,0351432676,1361553028,
01,消火栓,彦根市,2139,彦根市東沼波町　 ,100,2375151,-8333317,0351454564,1361539708,
01,消火栓,彦根市,2140,彦根市大薮町　 ,200,2135854,-8191084,0351540920,1361405166,
01,消火栓,彦根市,2141,彦根市須越町　 ,150,1878563,-8312302,0351501764,1361223256,
01,消火栓,彦根市,2142,彦根市南川瀬町　 ,150,2096825,-8647032,0351312972,1361349304,
01,消火栓,彦根市,2143,彦根市甘呂町　 ,100,2058384,-8403089,0351432171,1361334320,
01,消火栓,彦根市,2144,彦根市野口町　 ,150,2181397,-8679464,0351302381,1361422721,
01,消火栓,彦根市,2145,彦根市芹町　 ,100,2395136,-8224387,0351529900,1361547729,
01,消火栓,彦根市,2146,彦根市高宮町　 ,100,2336245,-8524318,0351352608,1361524120,
01,消火栓,彦根市,2147,彦根市西沼波町　 ,100,2416054,-8272071,0351514406,1361555956,
01,消火栓,彦根市,2148,彦根市大堀町　 ,100,2433453,-8426507,0351424269,1361602676,
01,消火栓,彦根市,2149,彦根市大堀町　 ,100,2432625,-8435233,0351421438,1361602339,
01,消火栓,彦根市,2150,彦根市彦富町　 ,150,1778850,-8873550,0351159676,1361143368,
01,消火栓,彦根市,2151,彦根市高宮町　 ,100,2415869,-8486284,0351404884,1361555656,
01,消火栓,彦根市,2152,彦根市松原町　 ,100,2419706,-8016401,0351637380,1361557672,
01,消火栓,彦根市,2153,彦根市鳥居本町　 ,100,2591625,-7985863,0351647136,1361705748,
01,消火栓,彦根市,2154,彦根市川瀬馬場町　 ,150,2080255,-8614347,0351323592,1361342780,
01,消火栓,彦根市,2155,彦根市楡町　 ,150,2032606,-8715506,0351250796,1361323844,
01,消火栓,彦根市,2156,彦根市金沢町　 ,200,1834786,-8755084,0351238088,1361205580,
01,消火栓,彦根市,2157,彦根市原町　 ,100,2508329,-8262839,0351517321,1361632476,
01,消火栓,彦根市,2158,彦根市野良田町　 ,100,1805704,-8907458,0351148654,1361153959,
01,消火栓,彦根市,2159,彦根市高宮町　 ,100,2420417,-8479196,0351407180,1361557463,
01,消火栓,彦根市,2160,彦根市平田町　 ,100,2247119,-8294378,0351507308,1361449092,
01,消火栓,彦根市,2161,彦根市安食中町　 ,100,2005402,-8804415,0351221960,1361313008,
01,消火栓,彦根市,2162,彦根市西沼波町　 ,100,2421222,-8310456,0351501944,1361557960,
01,消火栓,彦根市,2163,彦根市西今町　 ,100,2240967,-8381912,0351438904,1361446572,
01,消火栓,彦根市,2164,彦根市高宮町　 ,100,2327071,-8468566,0351410710,1361520548,
01,消火栓,彦根市,2165,彦根市川瀬馬場町　 ,100,2196843,-8633964,0351317136,1361428874,
01,消火栓,彦根市,2166,彦根市新海町　 ,150,1246786,-8699354,0351256501,1360813082,
01,消火栓,彦根市,2167,彦根市鳥居本町　 ,150,2626063,-8005064,0351640872,1361719356,
01,消火栓,彦根市,2168,彦根市高宮町　 ,150,2314349,-8465462,0351411728,1361515519,
01,消火栓,彦根市,2169,彦根市高宮町　 ,100,2415365,-8469002,0351410493,1361555475,
01,消火栓,彦根市,2170,彦根市駅東町,200,2426211,-8146032,0351555303,1361600109,
01,消火栓,彦根市,2171,彦根市高宮町　 ,100,2504143,-8573075,0351336638,1361630479,
01,消火栓,彦根市,2172,彦根市大薮町　 ,100,2152120,-8214966,0351533156,1361411580,
01,消火栓,彦根市,2173,彦根市正法寺町　 ,100,2561323,-8314100,0351500636,1361653386,
01,消火栓,彦根市,2174,彦根市東沼波町　 ,200,2421260,-8358375,0351446392,1361557924,
01,消火栓,彦根市,2175,彦根市西今町　 ,100,2167784,-8297456,0351506372,1361417700,
01,消火栓,彦根市,2176,彦根市彦富町　 ,300,1738696,-8832791,0351212930,1361127522,
01,消火栓,彦根市,2177,彦根市新海町　 ,150,1264203,-8747634,0351240823,1360819944,
01,消火栓,彦根市,2178,彦根市安食中町,100,2044828,-8806878,0351221132,1361328596,
01,消火栓,彦根市,2179,彦根市長曽根町　 ,200,2175444,-8077809,0351617652,1361420940,
01,消火栓,彦根市,2180,彦根市高宮町　 ,150,2349829,-8463386,0351412372,1361529556,
01,消火栓,彦根市,2181,彦根市開出今町　 ,200,2070938,-8311098,0351502018,1361339370,
01,消火栓,彦根市,2182,彦根市日夏町　 ,250,1985563,-8434754,0351421948,1361305484,
01,消火栓,彦根市,2183,彦根市金沢町　 ,150,1888529,-8810495,0351220069,1361226787,
01,消火栓,彦根市,2184,彦根市高宮町　 ,100,2357955,-8473680,0351409024,1361532759,
01,消火栓,彦根市,2185,彦根市安清町,0,2393255,-8157210,0351551704,1361547056,
01,消火栓,彦根市,2186,彦根市大薮町　 ,0,2103861,-8158953,0351551372,1361352536,
01,消火栓,彦根市,2187,彦根市金剛寺町　 ,100,2170274,-8544261,0351346270,1361418451,
01,消火栓,彦根市,2188,彦根市芹川町　 ,250,2417822,-8222372,0351530534,1361556708,
01,消火栓,彦根市,2189,彦根市松原町　 ,250,2335475,-7980351,0351649152,1361524372,
01,消火栓,彦根市,2190,彦根市本庄町　 ,150,1533196,-8812771,0351219548,1361006276,
01,消火栓,彦根市,2191,彦根市高宮町　 ,100,2335942,-8449370,0351416933,1361524077,
01,消火栓,彦根市,2192,彦根市大堀町　 ,100,2462849,-8403576,0351431686,1361614329,
01,消火栓,彦根市,2193,彦根市大堀町　 ,100,2467201,-8404800,0351431285,1361616049,
01,消火栓,彦根市,2194,彦根市高宮町,100,2414350,-8448700,0351417083,1361555095,
01,消火栓,彦根市,2195,彦根市芹町１０－１０,100,2391054,-8237802,0351525550,1361546100,
01,消火栓,彦根市,2196,彦根市甘呂町,250,2009098,-8398659,0351433646,1361314826,
01,消火栓,彦根市,2197,彦根市高宮町,100,2369924,-8477807,0351407675,1361537490,
01,消火栓,彦根市,2198,彦根市薩摩町,150,1539909,-8514952,0351356202,1361009131,
01,消火栓,彦根市,2199,彦根市稲里町３７６－２,250,1791525,-8694963,0351257629,1361148520,
01,消火栓,彦根市,2200,彦根市高宮町,100,2325803,-8510072,0351357240,1361520004,
01,消火栓,彦根市,2201,彦根市高宮町,100,2341076,-8460463,0351413328,1361526097,
01,消火栓,彦根市,2202,彦根市野瀬町,0,2174709,-8346913,0351450316,1361420393,
01,消火栓,彦根市,2203,彦根市東沼波町,100,2374197,-8394989,0351434549,1361539267,
01,消火栓,彦根市,2204,彦根市八坂町,150,2063912,-8202794,0351537173,1361336688,
01,消火栓,彦根市,2205,彦根市長曽根町,150,2205266,-8084538,0351615445,1361432736,
01,消火栓,彦根市,2206,彦根市松原町,300,2402141,-8014716,0351637942,1361550722,
01,消火栓,彦根市,2207,彦根市金沢町,100,1817608,-8735747,0351244375,1361158802,
01,消火栓,彦根市,2208,彦根市彦富町,250,1700292,-8856771,0351205171,1361112318,
01,消火栓,彦根市,2209,彦根市八坂町,150,2048281,-8183091,0351543580,1361330521,
01,消火栓,彦根市,2210,彦根市野瀬町,100,2153648,-8367564,0351443630,1361412041,
01,消火栓,彦根市,2211,彦根市西今町,100,2179362,-8397704,0351433828,1361422185,
01,消火栓,彦根市,2212,彦根市高宮町７７５番１,150,2427496,-8471717,0351409602,1361600271,
01,消火栓,彦根市,2213,彦根市松原町,100,2412671,-7886336,0351719598,1361555025,
01,消火栓,彦根市,2214,彦根市外町,100,2461633,-8188036,0351541640,1361614080,
01,消火栓,彦根市,2215,彦根市南川瀬町,100,2122423,-8688740,0351259416,1361359389,
01,消火栓,彦根市,2216,彦根市東沼波町,100,2381208,-8403359,0351431827,1361542032,
01,消火栓,彦根市,2217,彦根市東沼波町,100,2385798,-8382929,0351438454,1361543869,
01,消火栓,彦根市,2218,彦根市極楽寺町,100,2206588,-8605183,0351326469,1361432756,
01,消火栓,彦根市,2219,彦根市東沼波町,100,2382517,-8361583,0351445384,1361542593,
01,消火栓,彦根市,2220,彦根市石寺町,150,1703996,-8416875,0351427937,1361114111,
01,消火栓,彦根市,2221,彦根市甘呂町,200,2073492,-8452762,0351416040,1361340252,
01,消火栓,彦根市,2222,彦根市三津屋町,100,1781762,-8379984,0351439862,1361144904,
01,消火栓,彦根市,2223,彦根市日夏町,100,1956101,-8508580,0351358009,1361253766,
01,消火栓,彦根市,2224,彦根市外町３１１番地,200,2426167,-8170937,0351547220,1361600065,
01,消火栓,彦根市,2225,彦根市正法寺町１１０番地,150,2573202,-8331342,0351455029,1361658067,
01,消火栓,彦根市,2226,彦根市大堀町,100,2392056,-8396433,0351434066,1361546330,
01,消火栓,彦根市,2227,彦根市長曽根南町,100,2167167,-8087267,0351614589,1361417656,
